model,t0_s,t_s,T9,T_K,rho_g_cm3,eta,eta10,baryon_sum,Y_n,X_n,Y_H1,X_H1,Y_H2,X_H2,Y_H3,X_H3,Y_He3,X_He3,Y_He4,X_He4,Y_Li7,X_Li7,Y_Be7,X_Be7,D/H,T/H,He3/H,Li7/H,Be7/H,Li7_plus_Be7_over_H
t0_10s,10.0,10.0,3.1476891268922293,3147689126.8922296,0.0028973038472805404,2.758681061090506e-09,27.58681061090506,1.0,0.125,0.125,0.875,0.875,1.0000000000000002e-27,2.0000000000000004e-27,1.0441793614477258e-55,3.1325380843431773e-55,4.0442959033691835e-55,1.2132887710107551e-54,9.45714901855498e-85,3.782859607421992e-84,0.0,0.0,0.0,0.0,1.142857142857143e-27,1.1933478416545437e-55,4.6220524609933524e-55,0.0,0.0,0.0
t0_10s,10.0,10.132636445976988,3.131853672690873,3131853672.6908727,0.0028345834145453003,2.7401087886457384e-09,27.401087886457383,1.0000000000000009,0.0005654253903384848,0.0005654253903384848,0.750606778619504,0.750606778619504,0.00033991730421974154,0.0006798346084394831,4.258183577081075e-05,0.00012774550731243226,7.6259196384052125e-06,2.287775891521564e-05,0.061999331206900564,0.24799732482760226,1.7528795488009774e-09,1.2270156841606841e-08,1.4539032706015476e-10,1.0177322894210834e-09,0.0004528566939468738,5.672988438650412e-05,1.0159673287830682e-05,2.3352833983524995e-09,1.9369706109975823e-10,2.5289804594522576e-09
t0_10s,10.0,10.26703213463412,3.116097883793062,3116097883.793062,0.0027732207450581877,2.7216615503372564e-09,27.216615503372562,1.000000000000001,6.030735371214236e-06,6.030735371214236e-06,0.7500075453076285,0.7500075453076285,4.550527798369059e-05,9.101055596738118e-05,3.682096628876611e-06,1.1046289886629833e-05,8.591131681707145e-06,2.5773395045121438e-05,0.06246463570240727,0.24985854280962908,1.8478666769666163e-10,1.2935066738766314e-09,7.087566646727551e-09,4.961296652709286e-08,6.067309358204632e-05,4.909412781129203e-06,1.1454727003024143e-05,2.463797449142571e-10,9.449993791489742e-09,9.696373536404e-09
t0_10s,10.0,10.403210399941054,3.100421359417078,3100421359.417078,0.0027131864461483043,2.7033385043975637e-09,27.03338504397564,1.0000000000000018,2.557905856485904e-07,2.557905856485904e-07,0.749998992172072,0.749998992172072,1.2215176393216285e-05,2.443035278643257e-05,4.323801674330137e-07,1.2971405022990412e-06,8.095137707405472e-06,2.4285413122216417e-05,0.062487628899680084,0.24995051559872034,2.430763767475578e-11,1.7015346372329047e-10,3.190886561986087e-08,2.2336205933902612e-07,1.6286923743510526e-05,5.765076646047184e-07,1.0793531447237209e-05,3.241022711825043e-11,4.2545211330817405e-08,4.257762155793565e-08
t0_10s,10.0,10.541194885360959,3.0848237007974566,3084823700.7974567,0.002654451761433225,2.685138814726205e-09,26.851388147262053,1.0000000000000016,2.6065793058795614e-08,2.6065793058795614e-08,0.7499988048567944,0.7499988048567944,4.478032620615953e-06,8.956065241231907e-06,6.721954430194975e-08,2.0165863290584926e-07,7.655756923159662e-06,2.2967270769478987e-05,0.06249214948708623,0.24996859794834492,4.108713874614073e-12,2.8760997122298514e-11,6.372938064738613e-08,4.461056645317029e-07,5.970719675308008e-06,8.962620189079465e-08,1.0207692163751462e-05,5.478293895946402e-12,8.497264293581734e-08,8.497812122971328e-08
t0_10s,10.0,10.681009547955467,3.0693045111748565,3069304511.1748567,0.002596988557044708,2.6670616508515913e-09,26.670616508515913,1.0000000000000013,3.903630612846846e-09,3.903630612846846e-09,0.7499989613863289,0.7499989613863289,1.8500926557921827e-06,3.7001853115843654e-06,1.208682727736923e-08,3.626048183210769e-08,7.387667857398502e-06,2.2163003572195505e-05,0.06249361232363089,0.24997444929452356,8.096783294815188e-13,5.667748306370632e-12,9.799435496670273e-08,6.859604847669191e-07,2.4667936237836856e-06,1.6115792020601525e-08,9.850237450653041e-06,1.079572600987175e-12,1.306593208950129e-07,1.3066040046761388e-07
t0_10s,10.0,10.822678662544178,3.0538633957859562,3053863395.7859564,0.0025407693081526033,2.6491061878931337e-09,26.491061878931337,1.000000000000001,7.00034763443051e-10,7.00034763443051e-10,0.7499990988298867,0.7499990988298867,8.079093893296039e-07,1.6158187786592078e-06,2.351932689248754e-09,7.055798067746262e-09,7.202139945806953e-06,2.1606419837420857e-05,0.06249418479830759,0.24997673919323035,1.735925818979493e-13,1.215148073285645e-12,1.3314017428920755e-07,9.319812200244529e-07,1.077213813443331e-06,3.135914020320996e-09,9.602864799495616e-06,2.314570539735051e-13,1.7752044568710361e-07,1.7752067714415758e-07
t0_10s,10.0,10.966226825919263,3.0384999618534216,3038499961.8534217,0.0024857670857804746,2.6312716065235755e-09,26.312716065235755,1.0000000000000007,1.3803395759853036e-10,1.3803395759853036e-10,0.7499992096700929,0.7499992096700929,3.6413716089698957e-07,7.282743217939791e-07,4.814666466924373e-10,1.4443999400773119e-09,7.0538787659263155e-06,2.1161636297778948e-05,0.062494430483993405,0.24997772193597362,3.91187133270301e-14,2.738309932892107e-13,1.681286581273895e-07,1.1769006068917266e-06,4.855167261538382e-07,6.419562053995006e-10,9.405181598830153e-06,5.215833939910084e-14,2.2417178039606916e-07,2.2417183255440856e-07
t0_10s,10.0,11.111678961116002,3.0232138185759063,3023213818.5759063,0.0024319555439066367,2.6135570929316247e-09,26.13557092931625,1.0000000000000009,2.8843769177701083e-11,2.8843769177701083e-11,0.7499993051790524,0.7499993051790524,1.677522327145519e-07,3.355044654291038e-07,1.0242680747042445e-10,3.0728042241127337e-10,6.923728713855422e-06,2.0771186141566267e-05,0.06249454295588946,0.24997817182355783,9.115389344073891e-15,6.380772540851723e-14,2.0228151364721506e-07,1.4159705955305055e-06,2.2366985083339948e-07,1.3656920314875679e-10,9.231646837596034e-06,1.2153863718443995e-14,2.697089347288435e-07,2.6970894688270726e-07
t0_10s,10.0,11.259060321739973,3.0080045771181143,3008004577.1181145,0.002379308906844436,2.595961838784813e-09,25.95961838784813,1.0000000000000007,6.283034014567628e-12,6.283034014567628e-12,0.7499993921138302,0.7499993921138302,7.864995130750914e-08,1.572999026150183e-07,2.2518064895911373e-11,6.755419468773412e-11,6.8037545164580624e-06,2.0411263549374186e-05,0.06249459817990889,0.24997839271963557,2.1801183308412187e-15,1.526082831588853e-14,2.352184614859935e-07,1.6465292304019546e-06,1.0486668673935692e-07,3.0024110862870836e-11,9.07168004134253e-06,2.9068267971480356e-15,3.136248695122856e-07,3.136248724191124e-07
t0_10s,10.0,11.408396496351585,2.992871850600914,2992871850.600914,0.002327801956895723,2.5784850411926068e-09,25.78485041192607,1.0000000000000007,1.4158123907990642e-12,1.4158123907990642e-12,0.7499994736846549,0.7499994736846549,3.745003875556341e-08,7.490007751112682e-08,5.1014525625511456e-12,1.5304357687653437e-11,6.690612281670407e-06,2.007183684501122e-05,0.06249462804714745,0.2499785121885898,5.334760573343318e-16,3.7343324013403224e-15,2.667675870605448e-07,1.8673731094238134e-06,4.9933420048384814e-08,6.801941523356461e-12,8.920822635781668e-06,7.113019089379219e-16,3.556903656877898e-07,3.556903663990917e-07
t0_10s,10.0,11.559713412908827,2.9778152540914893,2977815254.0914893,0.002277410022271578,2.561125902669769e-09,25.61125902669769,1.0000000000000007,3.287756220226576e-13,3.287756220226576e-13,0.7499995513547366,0.7499995513547366,1.8090167599497993e-08,3.6180335198995986e-08,1.1890381906265782e-12,3.5671145718797345e-12,6.582820529841681e-06,1.974846158952504e-05,0.062494646452409416,0.24997858580963767,1.3339173473528433e-16,9.337421431469903e-16,2.96884257857188e-07,2.078189805000316e-06,2.41202378945713e-08,1.5853852025361867e-12,8.777099290194272e-06,1.7785575270590046e-16,3.958459139354431e-07,3.9584591411329885e-07
t0_10s,10.0,11.713037343268903,2.9628344045935515,2962834404.5935516,0.0022281089652745638,2.5438836310999876e-09,25.438836310999875,1.0000000000000007,7.85110004199183e-14,7.85110004199183e-14,0.7499996258089984,0.7499996258089984,8.858635724976899e-09,1.7717271449953797e-08,2.8481138233467235e-13,8.54434147004017e-13,6.479655534327911e-06,1.9438966602983733e-05,0.06249465958733367,0.24997863834933468,3.4066190135744837e-17,2.3846333095021385e-16,3.2559383717497677e-07,2.279156860224837e-06,1.1811520192988628e-08,3.7974869924429133e-13,8.639545022890556e-06,4.542160950946986e-17,4.341253328276932e-07,4.3412533287311483e-07
t0_10s,10.0,11.868394907749597,2.9479289210375987,2947928921.0375986,0.00217987517073677,2.5267574396997023e-09,25.267574396997023,1.0000000000000009,1.9253866650070413e-14,1.9253866650070413e-14,0.7499996973959219,0.7499996973959219,4.395488815848102e-09,8.790977631696205e-09,7.00498561565784e-14,2.101495684697352e-13,6.38070586229544e-06,1.914211758688632e-05,0.062494670250275844,0.24997868100110338,8.884518625970164e-18,6.219163038179115e-17,3.529563116586378e-07,2.4706941816104646e-06,5.860654119074586e-09,9.339984589300355e-14,8.507611248977732e-06,1.184602961416938e-17,4.7060860542229465e-07,4.706086054341407e-07
t0_10s,10.0,12.02581307975112,2.9330984242712184,2933098424.2712183,0.002132685534708176,2.5097465469822248e-09,25.097465469822247,1.000000000000001,4.844428011708293e-15,4.844428011708293e-15,0.7499997663192349,0.7499997663192349,2.2089552345610787e-09,4.417910469122157e-09,1.767877080500171e-14,5.3036312415005133e-14,6.285692567445735e-06,1.8857077702337206e-05,0.06249467971537682,0.24997871886150727,2.366230923410034e-18,1.6563616463870237e-17,3.790462268933326e-07,2.653323588253328e-06,2.9452745637534563e-09,2.357170175100668e-14,8.38092603454259e-06,3.1549755475561783e-18,5.0539512665927e-07,5.053951266624249e-07
t0_10s,10.0,12.1853191904393,2.9183425370494462,2918342537.049446,0.0020865174533898677,2.4928501767220637e-09,24.928501767220638,1.0000000000000009,1.2495737583224076e-15,1.2495737583224076e-15,0.7499998327196851,0.7499998327196851,1.1239601973088638e-09,2.2479203946177276e-09,4.576235723495364e-15,1.3728707170486092e-14,6.194396323732485e-06,1.8583188971197456e-05,0.06249468856234651,0.24997875424938604,6.436827527107184e-19,4.505779268975029e-18,4.039420032974234e-07,2.827594023081964e-06,1.4986139306632988e-09,6.101648992241506e-15,8.259196940444735e-06,8.582438617040292e-19,5.385894578571168e-07,5.38589457857975e-07
t0_10s,10.0,12.346940933490806,2.903660884025171,2903660884.0251713,0.002041348812306856,2.47606755791952e-09,24.7606755791952,1.0000000000000007,3.302032305454365e-16,3.302032305454365e-16,0.7499998967097523,0.7499998967097523,5.78837663910805e-10,1.15767532782161e-09,1.215391479331928e-15,3.646174437995784e-15,6.106627672281048e-06,1.8319883016843142e-05,0.06249469705136771,0.24997878820547084,1.7900612589454695e-19,1.2530428812618287e-18,4.277205830506245e-07,2.9940440813543712e-06,7.717836581713737e-10,1.6205221956214228e-15,8.142171351050591e-06,2.3867486739644415e-19,5.702941892752701e-07,5.702941892755088e-07
t0_10s,10.0,12.51070636990141,2.8890530917395805,2889053091.7395806,0.0019971579757152333,2.459397924765497e-09,24.59397924765497,1.0000000000000009,8.933973491188217e-17,8.933973491188217e-17,0.7499999583883553,0.7499999583883553,3.0162714897471505e-10,6.032542979494301e-10,3.3210005788411363e-16,9.963001736523408e-16,6.022214689934511e-06,1.8066644069803532e-05,0.062494705294897916,0.24997882117959166,5.106943628998242e-20,3.5748605402987695e-19,4.5045496122598597e-07,3.1531847285819017e-06,4.021695542795355e-10,4.4280010174633886e-16,8.029620032080275e-06,6.809258549790252e-20,6.006066482909552e-07,6.006066482910233e-07
t0_10s,10.0,12.67664393285795,2.8745187886126704,2874518788.6126704,0.001953923776238684,2.442840516606545e-09,24.42840516606545,1.0000000000000007,2.4737739546167664e-17,2.4737739546167664e-17,0.7500000178470715,0.7500000178470715,1.5898791983037578e-10,3.1797583966075157e-10,9.435797134805858e-17,2.8307391404417577e-16,5.940997714676089e-06,1.782299314402827e-05,0.06249471333731759,0.24997885334927036,1.5131039687654697e-20,1.0591727781358288e-19,4.72213219781322e-07,3.305492538469254e-06,2.119838880627789e-10,1.2581062547027647e-16,7.92133009773806e-06,2.0174719103460058e-20,6.296176113926553e-07,6.296176113926755e-07
t0_10s,10.0,12.844782432674947,2.8600576049337874,2860057604.9337873,0.0019116255047293331,2.426394577910173e-09,24.26394577910173,1.0000000000000004,7.009800048660351e-18,7.009800048660351e-18,0.7500000751727529,0.7500000751727529,8.47452884007493e-11,1.694905768014986e-10,2.8838013654974097e-17,8.65140409649223e-17,5.8628269366559714e-06,1.7588480809967915e-05,0.06249472119218325,0.249978884768733,4.8389072820565864e-21,3.3872350974396104e-20,4.93058316266575e-07,3.451408213866025e-06,1.1299370654226842e-10,3.845068101937407e-17,7.817101798697213e-06,6.4518757294017685e-21,6.574110224629049e-07,6.574110224629114e-07
t0_10s,10.0,13.015151061796713,2.845669172852221,2845669172.852221,0.0018702429003480603,2.4100593582303582e-09,24.10059358230358,1.0000000000000002,2.0351118206637984e-18,2.0351118206637984e-18,0.7500001304486151,0.7500001304486151,4.566746506108008e-11,9.133493012216016e-11,1.0335102022160625e-17,3.1005306066481875e-17,5.787561157079295e-06,1.7362683471237885e-05,0.062494728859736,0.249978915438944,1.8402589144161887e-21,1.288181240091332e-20,5.130482335772869e-07,3.5913376350410083e-06,6.088994282409515e-11,1.378013363274837e-17,7.716746867253803e-06,2.4536781257830336e-21,6.840641924560804e-07,6.840641924560828e-07
t0_10s,10.0,13.187779399865748,2.8313531263678575,2831353126.3678575,0.0018297561408595973,2.3938341121733063e-09,23.938341121733064,1.0000000000000004,6.08343142408738e-19,6.08343142408738e-19,0.7500001837546897,0.7500001837546897,2.487281330667437e-11,4.974562661334874e-11,4.960639854105313e-18,1.488191956231594e-17,5.715067028325723e-06,1.714520108497717e-05,0.06249473633511636,0.24997894534046544,9.569827632084011e-22,6.698879342458808e-21,5.322362878125241e-07,3.7256540146876684e-06,3.3163742950241436e-11,6.614184851623771e-18,7.620087504131878e-06,1.2759767049889302e-21,7.096482098817833e-07,7.096482098817846e-07
t0_10s,10.0,13.362697418858424,2.8171091013218605,2817109101.3218603,0.00179014583313768,2.3777180993634425e-09,23.777180993634424,1.0000000000000004,1.9025801576073217e-19,1.9025801576073217e-19,0.7500002351680157,0.7500002351680157,1.3688633626457725e-11,2.737726725291545e-11,3.3343625511120664e-18,1.0003087653336198e-17,5.645218497624271e-06,1.6935655492872813e-05,0.062494743612166885,0.24997897444866754,6.991608224172705e-22,4.894125756920894e-21,5.506714924230363e-07,3.854700446961254e-06,1.825150577904977e-11,4.4458153407979924e-18,7.5269556367000665e-06,9.322141375870955e-22,7.342284263413256e-07,7.342284263413265e-07
t0_10s,10.0,13.53993548828875,2.80293673538741,2802936735.38741,0.0017513930038757534,2.361710584409616e-09,23.617105844096162,1.0,6.508650663866214e-20,6.508650663866214e-20,0.7500002847627333,0.7500002847627333,7.610393041282903e-12,1.5220786082565807e-11,2.802473235234771e-18,8.407419705704312e-18,5.577896343568301e-06,1.6733689030704902e-05,0.06249475068512859,0.24997900274051435,6.297168556882279e-22,4.408017989817595e-21,5.683989287145931e-07,3.978792501002151e-06,1.0147186868989647e-11,3.7366295615758985e-18,7.437192300977458e-06,8.396221554601706e-22,7.578649505371977e-07,7.578649505371986e-07
t0_10s,10.0,13.719524380481182,2.788835668060487,2788835668.0604873,0.0017134790904987807,2.345810836871563e-09,23.45810836871563,1.0,2.6752529961644392e-20,2.6752529961644392e-20,0.7500003326101444,0.7500003326101444,4.273306098062346e-12,8.546612196124692e-12,2.5979335100650224e-18,7.793800530195067e-18,5.512987761122285e-06,1.6538963283366854e-05,0.06249475754933173,0.24997903019732692,6.1796793433421605e-22,4.325775540339513e-21,5.854600998098864e-07,4.098220698669205e-06,5.6977389372487674e-12,3.4639098105779736e-18,7.35064708829666e-06,8.239568803703988e-22,7.806131202267249e-07,7.806131202267258e-07
t0_10s,10.0,13.901495275913344,2.774805540650707,2774805540.6507072,0.0016763859322717837,2.3300181312265504e-09,23.300181312265504,0.9999999999999999,1.468840265595726e-20,1.468840265595726e-20,0.7500003787787688,0.7500003787787688,2.422883026030978e-12,4.845766052061956e-12,2.4943317699497706e-18,7.482995309849312e-18,5.4503859779890836e-06,1.635115793396725e-05,0.062494764201410515,0.24997905680564206,6.2410759711961945e-22,4.368753179837336e-21,6.018932584729867e-07,4.213252809310907e-06,3.23050906984364e-12,3.3257740136229126e-18,7.267177633781983e-06,8.321430425620031e-22,8.025239393252761e-07,8.025239393252769e-07
t0_10s,10.0,14.085879768629649,2.760845996272184,2760845996.272184,0.0016400957616008514,2.3143317468362926e-09,23.143317468362927,1.0,1.0730281349271712e-20,1.0730281349271712e-20,0.7500004233344039,0.7500004233344039,1.3868110641112154e-12,2.7736221282224308e-12,2.4234155893189215e-18,7.270246767956765e-18,5.389989895340061e-06,1.6169969686020184e-05,0.06249477063929855,0.2499790825571942,6.357919789188392e-22,4.4505438524318746e-21,6.177337060217777e-07,4.324135942152444e-06,1.8490803751091695e-12,3.231218961910358e-18,7.18664913731231e-06,8.477221600651786e-22,8.236444764596456e-07,8.236444764596465e-07
t0_10s,10.0,14.27270987172667,2.746956679834467,2746956679.834467,0.0016045911955224984,2.298750967914053e-09,22.98750967914053,1.0,9.32287939808519e-21,9.32287939808519e-21,0.7500004663401925,0.7500004663401925,8.011739030564648e-13,1.6023478061129296e-12,2.3641530736334736e-18,7.09245922090042e-18,5.331703750313393e-06,1.599511125094018e-05,0.062494776862129044,0.24997910744851617,6.4913020647643185e-22,4.543911445335023e-21,6.330140625795465e-07,4.431098438056825e-06,1.0682312065297578e-12,3.152202138179896e-18,7.108933913509045e-06,8.65506403808012e-22,8.440182253065665e-07,8.440182253065673e-07
t0_10s,10.0,14.462018022911321,2.733137238033498,2733137238.033498,0.0015698552273772208,2.283275083491989e-09,22.83275083491989,1.0,8.734265944837007e-21,8.734265944837007e-21,0.7500005078566961,0.7500005078566961,4.670595055913265e-13,9.34119011182653e-13,2.3098950447496626e-18,6.929685134248987e-18,5.275436798535471e-06,1.582631039560641e-05,0.06249478287010006,0.24997913148040024,6.628802373599678e-22,4.6401616615197745e-21,6.477645105412209e-07,4.534351573788546e-06,6.227455857677477e-13,3.079857974164223e-18,7.033910968422247e-06,8.838397179947315e-22,8.636854292170564e-07,8.636854292170572e-07
t0_10s,10.0,14.653837090132734,2.7193873193426286,2719387319.3426285,0.001535871218663325,2.267903387388702e-09,22.679033873887022,0.9999999999999999,8.414374240410062e-21,8.414374240410062e-21,0.7500005479419759,0.7500005479419759,2.747056373614923e-13,5.494112747229846e-13,2.258461142880366e-18,6.7753834286410975e-18,5.221103015833251e-06,1.5663309047499752e-05,0.06249478866433316,0.24997915465733264,6.766446257548456e-22,4.736512380283919e-21,6.620130134929403e-07,4.634091094450582e-06,3.6627391555285237e-13,3.011279323832031e-18,6.961465601805379e-06,9.021921752078433e-22,8.826833731115583e-07,8.826833731115593e-07
t0_10s,10.0,14.848200377288824,2.705706574003677,2705706574.0036774,0.0015026228910671076,2.252635178177032e-09,22.52635178177032,1.0,8.185370622867971e-21,8.185370622867971e-21,0.7500005866516742,0.7500005866516742,1.6297808844458602e-13,3.2595617688917204e-13,2.2090881964760857e-18,6.627264589428257e-18,5.1686208182045134e-06,1.550586245461354e-05,0.06249479424673857,0.2499791769869543,6.902993827265733e-22,4.832095679086013e-21,6.757855130078975e-07,4.730498591055283e-06,2.173039479504815e-13,2.9454486246982916e-18,6.891489033734579e-06,9.203984570310368e-22,9.010466458764989e-07,9.010466458764999e-07
t0_10s,10.0,15.045141630008603,2.6920946540180313,2692094654.018031,0.0014700943186655396,2.237469759152031e-09,22.37469759152031,1.0000000000000002,7.988798204483362e-21,7.988798204483362e-21,0.7500006240391006,0.7500006240391006,9.751617316397361e-14,1.9503234632794722e-13,2.161472768940412e-18,6.484418306821236e-18,5.117912799144576e-06,1.5353738397433726e-05,0.0624947996198919,0.2499791984795676,7.038103885865212e-22,4.9266727201056485e-21,6.891061056291504e-07,4.823742739404053e-06,1.300214560340015e-13,2.881961293978504e-18,6.8238780543704696e-06,9.384130706400968e-22,9.188073763432288e-07,9.188073763432298e-07
t0_10s,10.0,15.244695041511081,2.678551213137797,2678551213.137797,0.0014382699202977725,2.2224064382991763e-09,22.224064382991763,0.9999999999999998,7.805168573366786e-21,7.805168573366786e-21,0.7500006601553196,0.7500006601553196,5.88345092979365e-14,1.17669018595873e-13,2.115465108708832e-18,6.346395326126496e-18,5.068905483402323e-06,1.520671645020697e-05,0.06249480478692428,0.2499792191476971,7.171728420244271e-22,5.02020989417099e-21,7.019972021799612e-07,4.913980415259728e-06,7.844594334857292e-14,2.8206176622174367e-18,6.758534695626255e-06,9.562296143524806e-22,9.359954457034513e-07,9.359954457034523e-07
t0_10s,10.0,15.446895258541987,2.665075906856992,2665075906.8569922,0.0014071344521017699,2.2074445282627947e-09,22.074445282627945,0.9999999999999999,7.627924464343274e-21,7.627924464343274e-21,0.7500006950492377,0.7500006950492377,3.578657336673238e-14,7.157314673346476e-14,2.070969410953957e-18,6.212908232861872e-18,5.021529096253584e-06,1.5064587288760751e-05,0.06249480975142566,0.24997923900570265,7.303924045933808e-22,5.112746832153666e-21,7.144796713221172e-07,5.00135769925482e-06,4.771538693625209e-14,2.7612899889619404e-18,6.695365923526137e-06,9.738556369543503e-22,9.526386789217727e-07,9.526386789217737e-07
t0_10s,10.0,15.651777387389169,2.6516683924027804,2651668392.4027805,0.0013766730002125155,2.1925833463147066e-09,21.925833463147065,0.9999999999999998,7.45486270252278e-21,7.45486270252278e-21,0.7500007287676886,0.7500007287676886,2.1941549666975276e-14,4.388309933395055e-14,2.027910625858359e-18,6.0837318775750776e-18,4.975717347459905e-06,1.4927152042379715e-05,0.06249481451736037,0.2499792580694415,7.434763994283592e-22,5.204334795998514e-21,7.265729690563494e-07,5.086010783394446e-06,2.9255371128808105e-14,2.703878207145717e-18,6.6342833501447496e-06,9.913009026670556e-22,9.687630174042193e-07,9.687630174042204e-07
t0_10s,10.0,15.85937699997779,2.6383283287267534,2638328328.726753,0.001346870973618275,2.177822214323059e-09,21.77822214323059,0.9999999999999996,7.285261119657215e-21,7.285261119657215e-21,0.7500007613555205,0.7500007613555205,1.3558223397313628e-14,2.7116446794627256e-14,1.9862231219260054e-18,5.958669365778016e-18,4.931407228682276e-06,1.4794221686046828e-05,0.06249481908899385,0.2499792763559754,7.564337148807946e-22,5.2950360041655624e-21,7.38295255793282e-07,5.168066790552974e-06,1.807761284509772e-14,2.6482948075095118e-18,6.575202963486935e-06,1.0085772626599037e-21,9.843926750939792e-07,9.843926750939803e-07
t0_10s,10.0,16.069730140046417,2.6250553764962565,2625055376.4962564,0.0013177140971715167,2.1631604587213825e-09,21.631604587213825,0.9999999999999994,7.118901476598507e-21,7.118901476598507e-21,0.7500007928556787,0.7500007928556787,8.442265161715753e-15,1.6884530323431505e-14,1.945846662560123e-18,5.837539987680369e-18,4.888538824019789e-06,1.4665616472059367e-05,0.06249482347082916,0.24997929388331663,7.69272734207666e-22,5.384909139453662e-21,7.496635021801876e-07,5.247644515261313e-06,1.125634164941514e-14,2.5944594740375947e-18,6.518044874867862e-06,1.0256958946384683e-21,9.99550279574763e-07,9.99550279574764e-07
t0_10s,10.0,16.282873329404925,2.611849198085756,2611849198.0857563,0.0012891884047511303,2.1485974104778677e-09,21.485974104778677,0.9999999999999997,6.955732711249327e-21,6.955732711249327e-21,0.7500008233092873,0.7500008233092873,5.2962731115296666e-15,1.0592546223059333e-14,1.906724874940711e-18,5.7201746248221335e-18,4.847055132805601e-06,1.4541165398416804e-05,0.06249482766755225,0.249979310670209,7.820014957935865e-22,5.4740104705551054e-21,7.606935849065588e-07,5.324855094345912e-06,7.0616897300999035e-15,2.542297042458593e-18,6.462733082636577e-06,1.0426675164743154e-21,1.0142569998124682e-06,1.0142569998124693e-06
t0_10s,10.0,16.4988435742755,2.598709457568251,2598709457.5682507,0.001261280232572662,2.134132405064831e-09,21.34132405064831,0.9999999999999998,6.79575396807282e-21,6.79575396807282e-21,0.7500008527557283,0.7500008527557283,3.3471370816776183e-15,6.694274163355237e-15,1.8688045886098756e-18,5.606413765829627e-18,4.806901903068089e-06,1.4420705709204267e-05,0.0624948316839848,0.2499793267359392,7.946276082541199e-22,5.56239325777884e-21,7.714003737646471e-07,5.39980261635253e-06,4.4628443679486924e-15,2.491736618356268e-18,6.4091952501201685e-06,1.0595022730099834e-21,1.0285326622367037e-06,1.0285326622367047e-06
t0_10s,10.0,16.71767837171772,2.585635820706727,2585635820.706727,0.001233976212643369,2.119764782428378e-09,21.19764782428378,0.9999999999999997,6.638974134665562e-21,6.638974134665562e-21,0.7500008812327185,0.7500008812327185,2.130627294878711e-15,4.261254589757422e-15,1.8320354874573797e-18,5.496106462372139e-18,4.7680274759595746e-06,1.4304082427878724e-05,0.06249483552504373,0.24997934210017492,8.071582349081122e-22,5.650107644356785e-21,7.817978105972208e-07,5.472584674180545e-06,2.840833055258233e-15,2.4427111131472334e-18,6.357362498191651e-06,1.0762097153558654e-21,1.0423958560051825e-06,1.0423958560051836e-06
t0_10s,10.0,16.93941571613881,2.5726279549456597,2572627954.9456596,0.001207263266358972,2.1054938869583073e-09,21.054938869583072,0.9999999999999996,6.485398360381272e-21,6.485398360381272e-21,0.7500009087763839,0.7500009087763839,1.365886538533516e-15,2.731773077067032e-15,1.7963698811030164e-18,5.389109643309049e-18,4.730382639908769e-06,1.4191147919726306e-05,0.06249483919570635,0.2499793567828254,8.196001266891253e-22,5.737200886823877e-21,7.918989811191745e-07,5.543292867834221e-06,1.8211798446510432e-15,2.3951569392546057e-18,6.3071692108031205e-06,1.092798844772457e-21,1.0558640287665073e-06,1.0558640287665084e-06
t0_10s,10.0,17.164094105890353,2.5596855294025453,2559685529.4025455,0.0011811285982389994,2.0913190674581765e-09,20.913190674581767,0.9999999999999999,6.335024124444999e-21,6.335024124444999e-21,0.750000935421331,0.750000935421331,8.81740850435531e-16,1.763481700871062e-15,1.7617625264124335e-18,5.285287579237301e-18,4.693920493959279e-06,1.4081761481877838e-05,0.06249484270098078,0.24997937080392313,8.3195964622635255e-22,5.823717523584468e-21,8.017161803089788e-07,5.612013262162851e-06,1.175653000939515e-15,2.3490137721264593e-18,6.258552852767253e-06,1.1092781447785519e-21,1.0689535738493387e-06,1.0689535738493397e-06
t0_10s,10.0,17.39175254995234,2.5468082148594955,2546808214.8594956,0.001155559689797776,2.0772396771155955e-09,20.772396771155954,0.9999999999999997,6.187840669849267e-21,6.187840669849267e-21,0.7500009612007134,0.7500009612007134,5.731084470665001e-16,1.1462168941330001e-15,1.7281704738343849e-18,5.184511421503155e-18,4.6585963196768145e-06,1.3975788959030444e-05,0.06249484604588052,0.24997938418352209,8.4424280250479625e-22,5.909699617533574e-21,8.112609720200473e-07,5.678826804140331e-06,7.641436167614807e-16,2.3042243453497337e-18,6.21145379896399e-06,1.1256556273650724e-21,1.0816799097447285e-06,1.0816799097447296e-06
t0_10s,10.0,17.622430574706033,2.533995683754854,2533995683.754854,0.0011305442935480704,2.063255073472714e-09,20.63255073472714,0.9999999999999998,6.043829569839011e-21,6.043829569839011e-21,0.7500009861463005,0.7500009861463005,3.7502295917348823e-16,7.500459183469765e-16,1.6955529288329322e-18,5.0866587864987966e-18,4.624367461057702e-06,1.3873102383173107e-05,0.06249484923540288,0.24997939694161153,8.564552764254885e-22,5.99518693497842e-21,8.205442433858848e-07,5.7438097037011935e-06,5.000299547610643e-16,2.2607342658909328e-18,6.165815174215838e-06,1.1419388670755993e-21,1.094057552646769e-06,1.09405755264677e-06
t0_10s,10.0,17.85616823079656,2.521247610174871,2521247610.174871,0.0011060704271345608,2.049364618396896e-09,20.49364618396896,0.9999999999999997,5.9029656228851015e-21,5.9029656228851015e-21,0.7500010102885386,0.7500010102885386,2.4703974566992584e-16,4.940794913398517e-16,1.6638711243907953e-18,4.991613373172386e-18,4.591193211902709e-06,1.3773579635708126e-05,0.062494852274510806,0.24997940909804323,8.68602447777405e-22,6.0802171344418345e-21,8.295762545318347e-07,5.807033781722844e-06,3.2938588386019013e-16,2.2184918440985497e-18,6.121582703117154e-06,1.1581350369691346e-21,1.1061001827353302e-06,1.1061001827353312e-06
t0_10s,10.0,18.093006100086555,2.5085636698454072,2508563669.845407,0.0010821263675942932,2.0355676780516094e-09,20.355676780516095,0.9999999999999998,5.7652177876319555e-21,5.7652177876319555e-21,0.750001033656611,0.750001033656611,1.6380819247148563e-16,3.2761638494297127e-16,1.6330882026724916e-18,4.899264608017475e-18,4.559034710153639e-06,1.3677104130460917e-05,0.06249485516811744,0.24997942067246975,8.806894186560212e-22,6.164825930592148e-21,8.383666840509169e-07,5.868566788356418e-06,2.1841062227986935e-16,2.177447935918717e-18,6.0787045691473e-06,1.1742509398450324e-21,1.117820704810874e-06,1.1178207048108753e-06
t0_10s,10.0,18.332985302702113,2.4959435401236876,2495943540.1236877,0.0010587006457413936,2.0218636228675e-09,20.218636228675,0.9999999999999999,5.630550059489998e-21,5.630550059489998e-21,0.7500010562784958,0.7500010562784958,1.0933220671847664e-16,2.1866441343695328e-16,1.6031691047676906e-18,4.809507314303072e-18,4.527854838727756e-06,1.3583564516183267e-05,0.06249485792107329,0.24997943168429315,8.927210361401607e-22,6.249047252981125e-21,8.469246706506326e-07,5.928472694554428e-06,1.457760703177978e-16,2.1375557958846266e-18,6.037131282447741e-06,1.1902930384789606e-21,1.129231303823853e-06,1.1292313038238542e-06
t0_10s,10.0,18.57614750417198,2.4833868999900974,2483386899.9900975,0.0010357820406733398,2.0082518275136676e-09,20.082518275136675,0.9999999999999998,5.498922260420968e-21,5.498922260420968e-21,0.7500010781810214,0.7500010781810214,7.345221779012602e-17,1.4690443558025203e-16,1.5740804677621118e-18,4.7222414032863355e-18,4.497618132424279e-06,1.3492854397272837e-05,0.06249486053815544,0.24997944215262177,9.047019119842169e-22,6.332913383889518e-21,8.552588513317832e-07,5.986811959322482e-06,9.793614959630429e-17,2.098770939876155e-18,5.996815555695411e-06,1.2062674818793483e-21,1.1403434957800911e-06,1.1403434957800924e-06
t0_10s,10.0,18.82253492266175,2.470893430040011,2470893430.040011,0.0010133595743961484,1.994731670869119e-09,19.94731670869119,0.9999999999999999,5.370290738611038e-21,5.370290738611038e-21,0.7500010993899182,0.7500010993899182,4.967399435090891e-17,9.934798870181782e-17,1.5457905285388847e-18,4.637371585616654e-18,4.4682906904871015e-06,1.3404872071461305e-05,0.062494863024058774,0.2499794520962351,9.166364412852076e-22,6.4164550889964536e-21,8.633773964286086e-07,6.0436417750002605e-06,6.623189538164115e-17,2.0610510168535678e-18,5.957712187517849e-06,1.2221801301769257e-21,1.1511681744612313e-06,1.1511681744612326e-06
t0_10s,10.0,19.072190336303713,2.45846281247567,2458462812.47567,0.0009914225065659364,1.981302535994445e-09,19.813025359944447,0.9999999999999999,5.244608983725559e-21,5.244608983725559e-21,0.7500011199298688,0.7500011199298688,3.3820014707205675e-17,6.764002941441135e-17,1.518269033800412e-18,4.554807101401236e-18,4.439840094450801e-06,1.3319520283352404e-05,0.06249486538338874,0.24997946153355496,9.285288193646405e-22,6.4997017355524836e-21,8.712880418004777e-07,6.099016292603344e-06,4.5093285607850986e-17,2.0243556888853478e-18,5.919777952952873e-06,1.2380365771339987e-21,1.161715654347223e-06,1.1617156543472243e-06
t0_10s,10.0,19.325157090624103,2.4460947310980994,2446094731.098099,0.0009699603293442981,1.9679638101036566e-09,19.679638101036566,0.9999999999999998,5.121828165830304e-21,5.121828165830304e-21,0.7500011398245557,0.7500011398245557,2.318634991841745e-17,4.63726998368349e-17,1.4914871558610071e-18,4.474461467583021e-18,4.412235330919854e-06,1.3236705992759562e-05,0.062494867620655564,0.24997947048262226,9.403830573278993e-22,6.5826814012952954e-21,8.789981184364616e-07,6.152986829055231e-06,3.0915086240857345e-17,1.988646518870496e-18,5.88297150048597e-06,1.2538421708904052e-21,1.171995710089296e-06,1.1719957100892972e-06
t0_10s,10.0,19.58147910606885,2.433788871299064,2433788871.2990637,0.0009489627623650538,1.9547148845362155e-09,19.547148845362155,0.9999999999999999,5.001897606514631e-21,5.001897606514631e-21,0.7500011590967065,0.7500011590967065,1.6012239769260435e-17,3.202447953852087e-17,1.4654174137932252e-18,4.3962522413796755e-18,4.385446718965047e-06,1.3156340156895141e-05,0.06249486974026965,0.2499794789610786,9.522029962997304e-22,6.665420974098113e-21,8.865145797045556e-07,6.205602057931889e-06,2.134962003064823e-17,1.9538868653991927e-18,5.847253255244076e-06,1.2696020329442606e-21,1.1820176128424448e-06,1.182017612842446e-06
t0_10s,10.0,19.841200885629004,2.421544920053066,2421544920.0530663,0.0009284197478099776,1.941555154729283e-09,19.41555154729283,1.0,4.884765190010925e-21,4.884765190010925e-21,0.7500011777681369,0.7500011777681369,1.1144241414364918e-17,2.2288482828729836e-17,1.4400335995431549e-18,4.3201007986294644e-18,4.359445841818644e-06,1.3078337525455931e-05,0.06249487174653809,0.24997948698615235,9.639923205586511e-22,6.747946243910558e-21,8.938440264613447e-07,6.256908185229413e-06,1.485896521859885e-17,1.9200417842388265e-18,5.8125853279211355e-06,1.28532107566459e-21,1.191790163745152e-06,1.1917901637451533e-06
t0_10s,10.0,20.104367522567536,2.4093625659093805,2409362565.9093804,0.0009083214455910912,1.928484020190112e-09,19.28484020190112,0.9999999999999999,4.7703777214942376e-21,4.7703777214942376e-21,0.7500011958597923,0.7500011958597923,7.822317310838426e-18,1.5644634621676852e-17,1.4153107086651e-18,4.2459321259952996e-18,4.3342054825914815e-06,1.3002616447774444e-05,0.06249487364366209,0.24997949457464835,9.757545695643737e-22,6.830281986950616e-21,9.009927302104041e-07,6.306949111472829e-06,1.0429739784442631e-17,1.887077935979295e-18,5.778931429066324e-06,1.3010040183279715e-21,1.2013217247974077e-06,1.201321724797409e-06
t0_10s,10.0,20.371024708248395,2.397241498984137,2397241498.984137,0.0008886582286372852,1.9155008844686526e-09,19.155008844686527,0.9999999999999999,4.658681238815453e-21,4.658681238815453e-21,0.7500012133917868,0.7500012133917868,5.5427703258513254e-18,1.1085540651702651e-17,1.3912248753602607e-18,4.1736746260807824e-18,4.309699563750091e-06,1.2929098691250272e-05,0.062494875435735106,0.24997950174294042,9.874931490780097e-22,6.912452043546068e-21,9.079666544805536e-07,6.355766581363875e-06,7.390348477950908e-18,1.8549634994170474e-18,5.746256788385732e-06,1.3166554019455453e-21,1.2106202473651847e-06,1.210620247365186e-06
t0_10s,10.0,20.641218740069544,2.3851814109524336,2385181410.9524336,0.0008694206782829513,1.902605155130341e-09,19.026051551303407,0.9999999999999999,4.549621283364306e-21,4.549621283364306e-21,0.7500012303834404,0.7500012303834404,3.969905911528178e-18,7.939811823056356e-18,1.36775331151961e-18,4.103259934558829e-18,4.2859030901199355e-06,1.2857709270359807e-05,0.06249487712674178,0.24997950850696712,9.992113413704405e-22,6.994479389593083e-21,9.14771474575623e-07,6.403400322029361e-06,5.293199198484717e-18,1.8236680902781214e-18,5.714528078745624e-06,1.332279602874239e-21,1.2196932985135817e-06,1.219693298513583e-06
t0_10s,10.0,20.914996529501188,2.373181995040496,2373181995.040496,0.000850599579756452,1.8897962437290593e-09,18.89796243729059,1.0,4.443143134867394e-21,4.443143134867394e-21,0.7500012468533142,0.7500012468533142,2.87875195494404e-18,5.75750390988808e-18,1.3448742494889059e-18,4.034622748466717e-18,4.262792095172455e-06,1.2788376285517365e-05,0.06249487872055736,0.24997951488222944,1.0109123146509805e-21,7.076386202556864e-21,9.214125958397615e-07,6.449888170878331e-06,3.838329558813478e-18,1.7931626849040924e-18,5.683713344554179e-06,1.347880845388375e-21,1.2285480853606796e-06,1.2285480853606808e-06
t0_10s,10.0,21.192405610230587,2.361242946017872,2361242946.017872,0.0008321859177662492,1.8770735657802845e-09,18.770735657802845,1.0,4.339192014501775e-21,4.339192014501775e-21,0.7500012628192442,0.7500012628192442,2.11771277703699e-18,4.23542555407398e-18,1.3225668882957352e-18,3.9677006648872055e-18,4.240343590380834e-06,1.2721030771142503e-05,0.06249488022094768,0.24997952088379072,1.022599131767583e-21,7.158193922373081e-21,9.278951705653999e-07,6.495266193957799e-06,2.8236122817667503e-18,1.7634195485541248e-18,5.6537819342349406e-06,1.3634632132799982e-21,1.237191477621591e-06,1.2371914776215923e-06
t0_10s,10.0,21.473494146414968,2.349363960189668,2349363960.189668,0.0008141708721825885,1.864436540734422e-09,18.64436540734422,1.0,4.237713260105788e-21,4.237713260105788e-21,0.750001278298374,0.750001278298374,1.58409231975717e-18,3.16818463951434e-18,1.3008113431336208e-18,3.9024340294008626e-18,4.218535517473055e-06,1.2655606552419165e-05,0.062494881631569514,0.24997952652627806,1.0342747582392203e-21,7.239923307674542e-21,9.342241136512702e-07,6.539568795558891e-06,2.112119493117675e-18,1.734412168049822e-18,5.624704436563358e-06,1.3790306605687589e-21,1.2456300284859069e-06,1.2456300284859084e-06
t0_10s,10.0,21.758310941043785,2.3375447353888275,2337544735.3888273,0.0007965458138126664,1.8518845919503124e-09,18.518845919503125,1.0000000000000002,4.138652476874279e-21,4.138652476874279e-21,0.7500012933071847,0.7500012933071847,1.2079538328960643e-18,2.4159076657921287e-18,1.2795885978478911e-18,3.838765793543673e-18,4.19734670337603e-06,1.259204011012809e-05,0.06249488295597136,0.24997953182388544,1.0459420696789812e-21,7.321594487752868e-21,9.404041171205172e-07,6.58282881984362e-06,1.6106023331899935e-18,1.7061151884224801e-18,5.59645262059153e-06,1.3945870213994223e-21,1.2538699939752605e-06,1.253869993975262e-06
t0_10s,10.0,22.046905444412012,2.3257849709684386,2325784970.9684386,0.0007793023002672481,1.8394171466689153e-09,18.39417146668915,1.0000000000000002,4.041955666437861e-21,4.041955666437861e-21,0.7500013078615239,0.7500013078615239,9.414236002171998e-19,1.8828472004343996e-18,1.258880460245929e-18,3.776641380737787e-18,4.176756817691493e-06,1.253027045307448e-05,0.06249488419759451,0.24997953679037804,1.0576038586630108e-21,7.403227010641075e-21,9.464396635898736e-07,6.625077645129115e-06,1.2552292780681645e-18,1.6785043533262236e-18,5.568999378948638e-06,1.4101360192004904e-21,1.2619173509022987e-06,1.2619173509023001e-06
t0_10s,10.0,22.339327762705768,2.314084367794091,2314084367.794091,0.0007624320719167734,1.8270336359871789e-09,18.270336359871788,1.0000000000000004,3.947569336927253e-21,3.947569336927253e-21,0.750001321976634,0.750001321976634,7.515626156782888e-19,1.5031252313565776e-18,1.2386695200177777e-18,3.716008560053333e-18,4.156746332522845e-06,1.2470238997568536e-05,0.06249488535977432,0.24997954143909729,1.069262841090225e-21,7.484839887631575e-21,9.523350387810566e-07,6.666345271467397e-06,1.0020817212662239e-18,1.6515564489316566e-18,5.542318674276079e-06,1.4256812751638555e-21,1.269777813552609e-06,1.2697778135526104e-06
t0_10s,10.0,22.63562866670179,2.3024426282362658,2302442628.2362657,0.0007459270479350021,1.814733494832082e-09,18.14733494832082,1.0000000000000004,3.855440596356466e-21,3.855440596356466e-21,0.7500013356671776,0.7500013356671776,6.155955993990236e-19,1.2311911987980472e-18,1.218939109146904e-18,3.656817327440712e-18,4.137296484551064e-06,1.2411889453653193e-05,0.06249488644574177,0.24997954578296708,1.0809216620740637e-21,7.566451634518445e-21,9.580943431399668e-07,6.706660401979768e-06,8.207926707909247e-19,1.625249251139765e-18,5.51638548866137e-06,1.4412263161005036e-21,1.2774568491770433e-06,1.2774568491770448e-06
t0_10s,10.0,22.93585960058241,2.2908594561627624,2290859456.1627626,0.0007297793224282968,1.802516161934834e-09,18.02516161934834,1.0000000000000004,3.7655172313096014e-21,3.7655172313096014e-21,0.7500013489472637,0.7500013489472637,5.176971392261529e-19,1.0353942784523058e-18,1.1996732645893864e-18,3.599019793768159e-18,4.118389239178859e-06,1.2355167717536578e-05,0.062494887458625206,0.24997954983450082,1.0925829014034484e-21,7.648080309824138e-21,9.637215026457083e-07,6.746050518519958e-06,6.902616107995224e-19,1.599561475820414e-18,5.491175775829763e-06,1.4567745817218167e-21,1.2849596924037964e-06,1.2849596924037978e-06
t0_10s,10.0,23.240072690867255,2.2793345569311705,2279334556.9311705,0.0007139811606487183,1.7903810798052902e-09,17.903810798052902,1.0000000000000007,3.677747772699182e-21,3.677747772699182e-21,0.7500013618304702,0.7500013618304702,4.468175494088223e-19,8.936350988176445e-19,1.1808566930967877e-18,3.542570079290363e-18,4.100007256623866e-06,1.2300021769871598e-05,0.06249488840145214,0.24997955360580856,1.1042490784671811e-21,7.729743549270268e-21,9.692202788712397e-07,6.784541952098678e-06,5.95755650787499e-19,1.5744727319091293e-18,5.466666415934627e-06,1.4723294312054662e-21,1.2922913586526549e-06,1.2922913586526563e-06
t0_10s,10.0,23.548320755463607,2.2678676373813706,2267867637.3813705,0.0006985249952890758,1.7783276947064857e-09,17.783276947064856,1.0000000000000007,3.5920815501739445e-21,3.5920815501739445e-21,0.7500013743298675,0.7500013743298675,3.9520514419537983e-19,7.904102883907597e-19,1.1624747380648663e-18,3.4874242141945986e-18,4.082133859856331e-06,1.2246401579568994e-05,0.0624948892771513,0.2499795571086052,1.1159226576931831e-21,7.811458603852282e-21,9.745942783505185e-07,6.82215994845363e-06,5.269392266760831e-19,1.5499634772050215e-18,5.442835172807186e-06,1.48789415044775e-21,1.2994566566245652e-06,1.2994566566245666e-06
t0_10s,10.0,23.860657312836693,2.256458405828079,2256458405.828079,0.0006834034228581979,1.766355456629382e-09,17.663554566293822,1.0000000000000009,3.5084687366026685e-21,3.5084687366026685e-21,0.7500013864580404,0.7500013864580404,3.5739639893967014e-19,7.147927978793403e-19,1.1445133482437573e-18,3.4335400447312718e-18,4.064753004249397e-06,1.219425901274819e-05,0.062494890088554654,0.24997956035421862,1.1276060513924555e-21,7.893242359747189e-21,9.798469613108062e-07,6.858928729175643e-06,4.765276510054359e-19,1.5260149766506975e-18,5.419660653489744e-06,1.503471955855565e-21,1.3064601999447433e-06,1.3064601999447448e-06
t0_10s,10.0,24.177136591301633,2.245106572053428,2245106572.053428,0.0006686092001346672,1.7544638192677744e-09,17.544638192677745,1.0000000000000009,3.426860383858191e-21,3.426860383858191e-21,0.7500013982271073,0.7500013982271073,3.2952304733797753e-19,6.5904609467595505e-19,1.1269590482313448e-18,3.3808771446940343e-18,4.0478492488711e-06,1.21435477466133e-05,0.0624948908383996,0.2499795633535984,1.1393016255596397e-21,7.975111378917478e-21,9.849816498108125e-07,6.894871548675687e-06,4.393632440111731e-19,1.5026092629897888e-18,5.397122269957921e-06,1.5190660020805037e-21,1.3133064180135713e-06,1.3133064180135728e-06
t0_10s,10.0,24.49781353843868,2.233811847299584,2233811847.299584,0.0006541352406973198,1.7426522399933468e-09,17.426522399933468,1.000000000000001,3.347208450844206e-21,3.347208450844206e-21,0.7500014096487415,0.7500014096487415,3.0883359000424274e-19,6.176671800084855e-19,1.109798910562728e-18,3.329396731688184e-18,4.031407729256392e-06,1.2094223187769176e-05,0.06249489152933111,0.24997956611732444,1.151011702410914e-21,8.057081916876398e-21,9.900015353453796e-07,6.930010747417657e-06,4.117773460571001e-19,1.4797290995526202e-18,5.375200202816255e-06,1.534679385402733e-21,1.3199995661462032e-06,1.3199995661462046e-06
t0_10s,10.0,24.82274383063323,2.2225739442614,2222573944.2613997,0.0006399746115308563,1.730920179830926e-09,17.30920179830926,1.000000000000001,3.2694658249847054e-21,3.2694658249847054e-21,0.7500014207341884,0.7500014207341884,2.933624529120691e-19,5.867249058241382e-19,1.0930205294282227e-18,3.279061588284668e-18,4.015414131663822e-06,1.2046242394991465e-05,0.06249489216390402,0.24997956865561607,1.162738564643445e-21,8.139169952504115e-21,9.949096859341256e-07,6.964367801538879e-06,3.911491962573776e-19,1.4573579452132869e-18,5.353875366973396e-06,1.5503151494102793e-21,1.3265437350241185e-06,1.32654373502412e-06
t0_10s,10.0,25.15198388274247,2.2113925770791107,2211392577.0791106,0.000626120529704934,1.7192671034338804e-09,17.192671034338805,1.0000000000000009,3.193586337740491e-21,3.193586337740491e-21,0.7500014314942846,0.7500014314942846,2.8169911090881657e-19,5.633982218176331e-19,1.0766119957314076e-18,3.2298359871942226e-18,3.9998546686109555e-06,1.1999564005832866e-05,0.062494892744585306,0.24997957097834123,1.1744844591528602e-21,8.221391214070021e-21,9.997090527612196e-07,6.997963369328537e-06,3.7559809765638197e-19,1.4354799211334732e-18,5.333129379022307e-06,1.5659762899556685e-21,1.3329428595481793e-06,1.3329428595481808e-06
t0_10s,10.0,25.485590857890216,2.20026746133106,2200267461.3310604,0.0006125663591251478,1.7076924790596944e-09,17.076924790596944,1.000000000000001,3.1195247750879423e-21,3.1195247750879423e-21,0.7500014419394739,0.7500014419394739,2.728271084220485e-19,5.45654216844097e-19,1.0605618736147237e-18,3.1816856208441714e-18,3.984716055737651e-06,1.1954148167212953e-05,0.062494893273756326,0.2499795730950253,1.1862515979324488e-21,8.303761185527142e-21,1.004402476369444e-06,7.030817334586108e-06,3.637687785193165e-19,1.4140797794630272e-18,5.312944526390954e-06,1.5816657563548802e-21,1.3392007270974027e-06,1.3392007270974041e-06
t0_10s,10.0,25.823622677391626,2.1891983140264655,2189198314.0264654,0.0005993056073543448,1.6961957785457013e-09,16.961957785457013,1.0000000000000009,3.0472368836762435e-21,3.0472368836762435e-21,0.7500014520798236,0.7500014520798236,2.660108740015477e-19,5.320217480030954e-19,1.0448591782000309e-18,3.1345775346000926e-18,3.969985489847599e-06,1.1909956469542796e-05,0.06249489375371515,0.2499795750148606,1.1980421623870514e-21,8.386295136709359e-21,1.0089926924584845e-06,7.062948847209391e-06,3.5468047863624116e-19,1.3931428736604968e-18,5.293303738064055e-06,1.5973864571392087e-21,1.345320985260034e-06,1.3453209852600358e-06
t0_10s,10.0,26.166138030809623,2.1781848535982173,2178184853.5982175,0.0005863319225027532,1.6847764772849867e-09,16.847764772849867,1.0000000000000009,2.9766793728009615e-21,2.9766793728009615e-21,0.7500014619250407,0.7500014619250407,2.607156915551508e-19,5.214313831103016e-19,1.0294933544913284e-18,3.088480063473985e-18,3.955650627977243e-06,1.1866951883931728e-05,0.062494894186678765,0.24997957674671506,1.2098583077628994e-21,8.469008154340297e-21,1.0134823373357659e-06,7.094376361350361e-06,3.4762024448054764e-19,1.372655130363228e-18,5.274190556674665e-06,1.6131412659617181e-21,1.3513071491013425e-06,1.3513071491013442e-06
t0_10s,10.0,26.513196386144617,2.167226799895723,2167226799.895723,0.0005736390901854332,1.6734340542024484e-09,16.734340542024484,1.000000000000001,2.9078099136625913e-21,2.9078099136625913e-21,0.7500014714844853,0.7500014714844853,2.565515023795962e-19,5.131030047591924e-19,1.0144542575663664e-18,3.0433627726990993e-18,3.941699567740962e-06,1.1825098703222886e-05,0.06249489457478543,0.24997957829914172,1.2217021640537881e-21,8.551915148376516e-21,1.0178739529717734e-06,7.1251176708024135e-06,3.420679987091243e-19,1.3526030229760044e-18,5.255589112297496e-06,1.62893302280549e-21,1.357162607904069e-06,1.3571626079040708e-06
t0_10s,10.0,26.864858000159433,2.1563238741777737,2156323874.1777735,0.000561221030545589,1.662167991731018e-09,16.62167991731018,1.0000000000000009,2.840587134959921e-21,2.840587134959921e-21,0.7500014807671856,0.7500014807671856,2.5323240440930584e-19,5.064648088186117e-19,9.99732133556374e-19,2.999196400669122e-18,3.92812082842333e-06,1.1784362485269988e-05,0.062494894920096855,0.24997957968038742,1.2335758348645271e-21,8.63503084405169e-21,1.0221699917958281e-06,7.155189942570797e-06,3.3764253925241767e-19,1.3329735463105162e-18,5.237484097238324e-06,1.6447645324682392e-21,1.3628906315628044e-06,1.362890631562806e-06
t0_10s,10.0,27.2211839288412,2.1454757991054594,2145475799.1054595,0.0005490717953423228,1.6509777757880377e-09,16.50977775788038,1.0000000000000009,2.7749706163559887e-21,2.7749706163559887e-21,0.7500014897818517,0.7500014897818517,2.505479927134087e-19,5.010959854268174e-19,9.853176017974342e-19,2.9559528053923027e-18,3.914903333078285e-06,1.1744709999234855e-05,0.06249489522460045,0.2499795808984018,1.2454814087080839e-21,8.718369860956587e-21,1.0263728211792983e-06,7.184609748255087e-06,3.3406332670923636e-19,1.3137541927870404e-18,5.219860742165978e-06,1.6606385796251545e-21,1.368494376561616e-06,1.3684943765616176e-06
t0_10s,10.0,27.582236038001927,2.134682298735111,2134682298.735111,0.0005371855651014357,1.639862895751826e-09,16.39862895751826,1.0000000000000009,2.7109208806278946e-21,2.7109208806278946e-21,0.7500014985368865,0.7500014985368865,2.483429743231396e-19,4.966859486462792e-19,9.712016380895479e-19,2.9136049142686436e-18,3.9020363917720075e-06,1.1706109175316022e-05,0.0624948954902115,0.249979581960846,1.2574209525662122e-21,8.801946667963485e-21,1.0304847275831937e-06,7.213393093082356e-06,3.311233041635391e-19,1.2949329301130488e-18,5.2027047937692864e-06,1.676557920243102e-21,1.3739768915041875e-06,1.3739768915041892e-06
t0_10s,10.0,27.94807701401984,2.123943098511281,2123943098.511281,0.0005255566463278966,1.628822844438344e-09,16.288228444383442,1.0000000000000009,2.6483993826003287e-21,2.6483993826003287e-21,0.7500015070404,0.7500015070404,2.4650213965870123e-19,4.930042793174025e-19,9.573755584205502e-19,2.8721266752616507e-18,3.88950968531864e-06,1.1668529055955921e-05,0.06249489571877532,0.24997958287510127,1.2693965135755178e-21,8.885775595028624e-21,1.034507920530197e-06,7.2415554437113794e-06,3.286688591219364e-19,1.2764981795816306e-18,5.186002493071158e-06,1.692525283828716e-21,1.379341122409867e-06,1.3793411224098686e-06
t0_10s,10.0,28.318770374722906,2.113257925259763,2113257925.259763,0.0005141794687786703,1.6178571180780763e-09,16.178571180780764,1.0000000000000009,2.5873684968178686e-21,2.5873684968178686e-21,0.7500015153002197,0.7500015153002197,2.4493960697960666e-19,4.898792139592133e-19,9.438310036116964e-19,2.8314930108350895e-18,3.87731324963675e-06,1.1631939748910248e-05,0.06249489591206938,0.24997958364827752,1.281410127477864e-21,8.969870892345049e-21,1.0384445363763891e-06,7.269111754634724e-06,3.265854828060704e-19,1.2584387955988173e-18,5.169740554570335e-06,1.708543384695597e-21,1.3845899177426433e-06,1.384589917742645e-06
t0_10s,10.0,28.694380480417074,2.102626507180639,2102626507.1806393,0.0005030485827945703,1.6069652162930324e-09,16.069652162930325,1.0000000000000009,2.5277915057899475e-21,2.5277915057899475e-21,0.7500015233239025,0.7500015233239025,2.435912998183268e-19,4.871825996366536e-19,9.305599253394781e-19,2.7916797760184344e-18,3.865437461687761e-06,1.1596312385063282e-05,0.062494896071805424,0.2499795842872217,1.2934638186541209e-21,9.054246730578847e-21,1.0422966416670405e-06,7.296076491669284e-06,3.247877400818655e-19,1.240744047045886e-18,5.1539061474924475e-06,1.724614922009317e-21,1.3897260328855422e-06,1.389726032885544e-06
t0_10s,10.0,29.074972545060476,2.0920485738413666,2092048573.8413665,0.000492158656689878,1.5961466420739226e-09,15.961466420739226,1.000000000000001,2.4696325856131932e-21,2.4696325856131932e-21,0.750001531118744,0.750001531118744,2.4240915390028584e-19,4.848183078005717e-19,9.17554572298599e-19,2.752663716895797e-18,3.853873025580153e-06,1.1561619076740458e-05,0.06249489619963136,0.24997958479852544,1.3055595946928117e-21,9.138917162849682e-21,1.046066236411094e-06,7.3224636548776585e-06,3.2321154536670725e-19,1.2234035988298897e-18,5.138486877262106e-06,1.7407425725456407e-21,1.3947521345066102e-06,1.3947521345066119e-06
t0_10s,10.0,29.460612647585997,2.0815238561699028,2081523856.1699028,0.00048150447419847053,1.585400901757467e-09,15.85400901757467,1.0000000000000009,2.4128567879029996e-21,2.4128567879029996e-21,0.75000153869179,0.75000153869179,2.413568380098324e-19,4.827136760196648e-19,9.048074763804002e-19,2.7144224291412007e-18,3.842610958525128e-06,1.1527832875575383e-05,0.062494896297133486,0.24997958518853394,1.3176994579015958e-21,9.22389620531117e-21,1.0497552573486946e-06,7.348286801440862e-06,3.218084571277353e-19,1.2064074934547927e-18,5.123470766776964e-06,1.756929006039145e-21,1.3996708049156245e-06,1.3996708049156262e-06
t0_10s,10.0,29.851367743374066,2.071052086447854,2071052086.447854,0.0004710809319752304,1.5747275050038803e-09,15.747275050038802,1.0000000000000009,2.3574300269544317e-21,2.3574300269544317e-21,0.7500015460498463,0.7500015460498463,2.4040689824559526e-19,4.808137964911905e-19,8.923114412032647e-19,2.676934323609794e-18,3.83164257891572e-06,1.1494927736747158e-05,0.06249489636583827,0.24997958546335308,1.329885404039903e-21,9.30919782827932e-21,1.0533655806949484e-06,7.373559064864639e-06,3.2054187022918145e-19,1.1897461357285793e-18,5.108846240513034e-06,1.7731768834934065e-21,1.4044845457224433e-06,1.404484545722445e-06
t0_10s,10.0,30.247305675877378,2.060632998303674,2060632998.303674,0.0004608830371515521,1.5641259647744921e-09,15.64125964774492,1.0000000000000009,2.3033190637486723e-21,2.3033190637486723e-21,0.7500015531994866,0.7500015531994866,2.395385254634559e-19,4.790770509269118e-19,8.80059530357013e-19,2.6401785910710388e-18,3.820959494314504e-06,1.1462878482943514e-05,0.06249489640721431,0.24997958562885725,1.3421194075565674e-21,9.394835852895972e-21,1.056899024873268e-06,7.398293174112876e-06,3.19384039195107e-19,1.1734102770890308e-18,5.094602108508167e-06,1.7894888374978984e-21,1.4091957814814716e-06,1.4091957814814733e-06
t0_10s,10.0,30.648495188400176,2.0502663267058785,2050266326.7058785,0.0004509059049437547,1.55359579730952e-09,15.5359579730952,1.0000000000000009,2.2504914886835904e-21,2.2504914886835904e-21,0.7500015601470624,0.7500015601470624,2.3873586477173407e-19,4.774717295434681e-19,8.68045056205352e-19,2.604135168616056e-18,3.810553590343955e-06,1.1431660771031866e-05,0.06249489642267408,0.2499795856906963,1.3544034610500757e-21,9.48082422735053e-21,1.0603573530148881e-06,7.422501471104217e-06,3.1831382420714175e-19,1.1573910006735763e-18,5.080727551549054e-06,1.805867524841549e-21,1.413806863024352e-06,1.4138068630243538e-06
t0_10s,10.0,31.055005936033403,2.0399518079563124,2039951807.9563124,0.000441144756313281,1.5431365221060003e-09,15.431365221060004,1.0000000000000009,2.1989157024133717e-21,2.1989157024133717e-21,0.7500015668987112,0.7500015668987112,2.379867313385067e-19,4.759734626770134e-19,8.562615686220117e-19,2.568784705866035e-18,3.800417019020688e-06,1.1401251057062063e-05,0.06249489641357592,0.24997958565430367,1.3667395317664988e-21,9.567176722365491e-21,1.063742275559587e-06,7.446195928917109e-06,3.1731497885076705e-19,1.141679706300735e-18,5.06721210561676e-06,1.8223155685101107e-21,1.4183200709275945e-06,1.4183200709275964e-06
t0_10s,10.0,31.466908497748378,2.0296891796834373,2029689179.6834373,0.00043159491567753915,1.5327476618958612e-09,15.327476618958611,1.0000000000000009,2.14856089843152e-21,2.14856089843152e-21,0.7500015734603653,0.7500015734603653,2.3728170870183333e-19,4.7456341740366665e-19,8.447028447772729e-19,2.5341085343318186e-18,3.7905421878372635e-06,1.1371626563511791e-05,0.06249489638122586,0.24997958552490343,1.379129592864489e-21,9.653907150051423e-21,1.0670554526629059e-06,7.469388168640341e-06,3.16374947864523e-19,1.1262680968520823e-18,5.054045647329004e-06,1.8388355993727402e-21,1.4227376187222034e-06,1.4227376187222053e-06
t0_10s,10.0,31.884274388650827,2.019478180835657,2019478180.835657,0.00042225180867030065,1.5224287426241422e-09,15.224287426241423,1.0000000000000009,2.0993970492227106e-21,2.0993970492227106e-21,0.7500015798377586,0.7500015798377586,2.3661355869309823e-19,4.732271173861965e-19,8.33362880809639e-19,2.500088642428917e-18,3.780921751015366e-06,1.1342765253046097e-05,0.06249489632687913,0.24997958530751652,1.3915756155981333e-21,9.741029309186933e-21,1.0702984960887663e-06,7.4920894726213645e-06,3.1548408037258107e-19,1.1111481671677454e-18,5.041218382277622e-06,1.8554302457591633e-21,1.4270616554171722e-06,1.427061655417174e-06
t0_10s,10.0,32.30717607239739,2.009318551674681,2009318551.674681,0.0004131109599505859,1.5121792934273629e-09,15.121792934273628,1.0000000000000009,2.0513948873629615e-21,2.0513948873629615e-21,0.7500015860364345,0.7500015860364345,2.3597668058164355e-19,4.719533611632871e-19,8.222358821720648e-19,2.4667076465161944e-18,3.7715486000413665e-06,1.13146458001241e-05,0.06249489625174188,0.24997958500696751,1.404079566621049e-21,9.828556966347343e-21,1.0734729712494771e-06,7.51431079874634e-06,3.146349087456196e-19,1.096312191174648e-18,5.028720832409209e-06,1.872102129865149e-21,1.4312942682194922e-06,1.4312942682194941e-06
t0_10s,10.0,32.73568697377695,1.9992100337689132,1999210033.7689133,0.00040416799105897613,1.5019988466120399e-09,15.019988466120399,1.0000000000000009,2.0045258900350533e-21,2.0045258900350533e-21,0.7500015920617514,0.7500015920617514,2.3536670724044384e-19,4.707334144808877e-19,8.113162553059536e-19,2.4339487659178606e-18,3.762415855386925e-06,1.1287247566160774e-05,0.06249489615697264,0.24997958462789055,1.416643414240255e-21,9.916503899681785e-21,1.0765803989611857e-06,7.5360627927282995e-06,3.1382161015608206e-19,1.0817527107851176e-18,5.016543824985835e-06,1.888853876090993e-21,1.4354374848747594e-06,1.4354374848747613e-06
t0_10s,10.0,33.169881491458646,1.989152369986881,1989152369.986881,0.0003954186183203363,1.49188693763334e-09,14.9188693763334,1.0000000000000009,1.9587622527545366e-21,1.9587622527545366e-21,0.7500015979188926,0.7500015979188926,2.3478017108246097e-19,4.6956034216492195e-19,8.005985972955971e-19,2.4017957918867915e-18,3.7535168554092486e-06,1.1260550566227746e-05,0.06249489604368433,0.2499795841747373,1.4292691307905042e-21,1.000488391553353e-20,1.0796222578281538e-06,7.557355804797077e-06,3.1303956116084273e-19,1.0674625221027545e-18,5.004678477785276e-06,1.905688114207284e-21,1.4394932768462013e-06,1.4394932768462032e-06
t0_10s,10.0,33.609835010909144,1.9791453044906937,1979145304.4906938,0.00038685865079193896,1.4818431050738902e-09,14.818431050738901,1.0000000000000009,1.9140768760948254e-21,1.9140768760948254e-21,0.7500016036128716,0.7500016036128716,2.342143173411116e-19,4.684286346822232e-19,7.90077688716436e-19,2.370233066149308e-18,3.7448451484368827e-06,1.1234535445310648e-05,0.062494895912945714,0.24997958365178286,1.4419586839823258e-21,1.009371078787628e-20,1.0825999858905794e-06,7.578199901234056e-06,3.1228508874229824e-19,1.0534346658867285e-18,4.9931161885486575e-06,1.922607467818991e-21,1.4434635615117765e-06,1.4434635615117785e-06
t0_10s,10.0,34.05562391748114,1.9691885827295341,1969188582.7295341,0.00037848398825600366,1.471866890622716e-09,14.71866890622716,1.0000000000000009,1.870443353970676e-21,1.870443353970676e-21,0.750001609148538,0.750001609148538,2.3366696693283194e-19,4.673339338656639e-19,7.797484874657665e-19,2.3392454623972994e-18,3.736394485897349e-06,1.1209183457692047e-05,0.06249489576578278,0.24997958306313112,1.454714050839877e-21,1.018299835587914e-20,1.0855149820257553e-06,7.598604874180287e-06,3.115552874587955e-19,1.039662419326006e-18,4.981848625817222e-06,1.9396145729492304e-21,1.4473502040323873e-06,1.4473502040323892e-06
t0_10s,10.0,34.50732560967549,1.9592819514331854,1959281951.4331853,0.0003702906192556975,1.4619578390543281e-09,14.619578390543282,1.000000000000001,1.8278359580910557e-21,1.8278359580910557e-21,0.7500016145305832,0.7500016145305832,2.331363963908417e-19,4.662727927816834e-19,7.696061223970914e-19,2.308818367191274e-18,3.728158815388037e-06,1.118447644616411e-05,0.06249489560318005,0.2499795824127202,1.4675372119649756e-21,1.0272760483754829e-20,1.088368607354187e-06,7.618580251479309e-06,3.108478593566214e-19,1.026139287551772e-18,4.970867719693438e-06,1.956712070391327e-21,1.4511550192267032e-06,1.4511550192267052e-06
t0_10s,10.0,34.9650185125793,1.9494251586055857,1949425158.6055858,0.00036227461917365,1.4521154982079564e-09,14.521154982079564,1.000000000000001,1.7862296145696973e-21,1.7862296145696973e-21,0.750001619763546,0.750001619763546,2.32621219573151e-19,4.65242439146302e-19,7.596458849221692e-19,2.2789376547665078e-18,3.720132273259509e-06,1.1160396819778527e-05,0.06249489542608201,0.24997958170432805,1.4804301462234996e-21,1.0363011023564497e-20,1.0911621867510407e-06,7.638135307257285e-06,3.1016095624765424e-19,1.0128589924401281e-18,4.960165651952005e-06,1.973902598624036e-21,1.4548797735864261e-06,1.454879773586428e-06
t0_10s,10.0,35.42878209148211,1.9396179535184206,1939617953.5184207,0.00035443214835206404,1.4423394189669115e-09,14.423394189669114,1.000000000000001,1.7455998916617276e-21,1.7455998916617276e-21,0.7500016248518172,0.7500016248518172,2.3212030692341746e-19,4.642406138468349e-19,7.498632229221585e-19,2.2495896687664755e-18,3.712309178680465e-06,1.1136927536041394e-05,0.062494895235394414,0.24997958094157766,1.493394839823558e-21,1.0453763878764906e-20,1.0938970100123294e-06,7.657279070086306e-06,3.0949307205738256e-19,9.998154644935789e-19,4.949734848126403e-06,1.9911888059157446e-21,1.4585261868312057e-06,1.4585261868312076e-06
t0_10s,10.0,35.898696865672854,1.9298600867047446,1929860086.7047446,0.0003467594502535236,1.4326291552380929e-09,14.326291552380928,1.000000000000001,1.7059229768194658e-21,1.7059229768194658e-21,0.7500016297996471,0.7500016297996471,2.3163272360337297e-19,4.632654472067459e-19,7.402537333815864e-19,2.2207612001447594e-18,3.704684025316472e-06,1.1114052075949417e-05,0.06249489503198576,0.24997958012794305,1.5064332957684154e-21,1.0545033070378908e-20,1.0965743335648318e-06,7.676020334953823e-06,3.0884296033496695e-19,9.870028330196233e-19,4.939567966413791e-06,2.008573362928343e-21,1.4620959341885256e-06,1.4620959341885275e-06
t0_10s,10.0,36.37484442241967,1.9201513099526348,1920151309.9526348,0.00033925284966161484,1.422984263931635e-09,14.22984263931635,1.0000000000000009,1.6671756705991128e-21,1.6671756705991128e-21,0.7500016346111481,0.7500016346111481,2.3115769212368365e-19,4.623153842473673e-19,7.308131581732965e-19,2.1924394745198894e-18,3.697251476467734e-06,1.1091754429403202e-05,0.06249489481668847,0.24997957926675388,1.5195475107989563e-21,1.0636832575592695e-20,1.099195381377669e-06,7.694367669643682e-06,3.0820958442781465e-19,9.744154205106496e-19,4.929657891191985e-06,2.0260589319739193e-21,1.4655906476091438e-06,1.465590647609146e-06
t0_10s,10.0,36.85730743113521,1.9104913762988787,1910491376.2988787,0.0003319087509205004,1.4134043049406855e-09,14.134043049406856,1.000000000000001,1.6293353289632051e-21,1.6293353289632051e-21,0.7500016392903095,0.7500016392903095,2.3069452548795255e-19,4.613890509759051e-19,7.2153736884557e-19,2.1646121065367102e-18,3.6900063478071335e-06,1.10700190434214e-05,0.06249489459030178,0.24997957836120713,1.532739490458058e-21,1.0729176433206405e-20,1.101761348724347e-06,7.712329441070428e-06,3.075920283404283e-19,9.62047722360082e-19,4.919997710003419e-06,2.0436481871005185e-21,1.469011920783121e-06,1.4690119207831231e-06
t0_10s,10.0,37.34616965772992,1.9008800400226886,1900880040.0226886,0.00032472363621260177,1.4038888411213234e-09,14.038888411213234,1.000000000000001,1.5923799215090081e-21,1.5923799215090081e-21,0.7500016438409874,0.7500016438409874,2.3024268151768367e-19,4.604853630353673e-19,7.124223779105586e-19,2.137267133731676e-18,3.682943619348515e-06,1.1048830858045545e-05,0.06249489435359025,0.249979577414361,1.5460112580068809e-21,1.0822078806048167e-20,1.1042733992307014e-06,7.72991379461491e-06,3.0698956916752953e-19,9.498944219135654e-19,4.910580729512853e-06,2.0613438259805475e-21,1.4723613052037862e-06,1.4723613052037883e-06
t0_10s,10.0,37.84151597915542,1.891317056639456,1891317056.639456,0.0003176940638735689,1.3944374382726099e-09,13.944374382726098,1.000000000000001,1.5562879891034042e-21,1.5562879891034042e-21,0.7500016482669156,0.7500016482669156,2.298016962747823e-19,4.596033925495646e-19,7.03464328083684e-19,2.110392984251052e-18,3.6760584227410878e-06,1.1028175268223263e-05,0.06249489410728603,0.24997957642914412,1.5593648465897527e-21,1.0915553926128269e-20,1.1067326675780004e-06,7.747128673046002e-06,3.0640158832424185e-19,9.379503761214808e-19,4.901400458566496e-06,2.0791485594639592e-21,1.4756403137718557e-06,1.4756403137718578e-06
t0_10s,10.0,38.343432398141076,1.881802182894529,1881802182.894529,0.00031081666674372696,1.3850496651167863e-09,13.850496651167862,1.000000000000001,1.5210386028472169e-21,1.5210386028472169e-21,0.7500016525717129,0.7500016525717129,2.293711729095599e-19,4.587423458191198e-19,6.946594819091575e-19,2.0839784457274725e-18,3.66934603145203e-06,1.100803809435609e-05,0.062494893852090685,0.24997957540836274,1.5728022968322492e-21,1.1009616077825744e-20,1.109140261567273e-06,7.76398183097091e-06,3.0582755667678766e-19,9.262106017062892e-19,4.892450595102093e-06,2.0970651083756947e-21,1.4788504235478605e-06,1.4788504235478626e-06
t0_10s,10.0,38.852006058125916,1.8723351767570262,1872335176.7570262,0.00030408815055520594,1.3757250932795786e-09,13.757250932795786,1.0000000000000009,1.4866113694100628e-21,1.4866113694100628e-21,0.7500016567588808,0.7500016567588808,2.2895076648138226e-19,4.579015329627645e-19,6.860042219025263e-19,2.058012665707579e-18,3.6628018639804944e-06,1.0988405591941482e-05,0.062494893588675035,0.24997957435470014,1.5863256453725225e-21,1.1104279517607657e-20,1.1114972611643201e-06,7.780480828150241e-06,3.0526701430339377e-19,9.146702753525662e-19,4.883725030434239e-06,2.115096188224172e-21,1.4819930744788436e-06,1.4819930744788458e-06
t0_10s,10.0,39.36732525838852,1.86291579741368,1862915797.41368,0.0002975052923539913,1.3664632972706573e-09,13.664632972706572,1.0000000000000009,1.4529864093967863e-21,1.4529864093967863e-21,0.7500016608318102,0.7500016608318102,2.2854016478755386e-19,4.570803295751077e-19,6.774950419907388e-19,2.0324851259722163e-18,3.656421475387242e-06,1.0969264426161727e-05,0.062494893317680725,0.2499795732707229,1.5999369408476755e-21,1.1199558585933728e-20,1.113804720234619e-06,7.796633041642333e-06,3.0471954493285394e-19,9.0332472229374e-19,4.8752178379605e-06,2.1332445305164006e-21,1.4850696717115572e-06,1.4850696717115593e-06
t0_10s,10.0,39.889479469377825,1.8535438052627093,1853543805.2627094,0.0002910649389561307,1.3572638544642244e-09,13.572638544642244,1.0000000000000009,1.420144421385193e-21,1.420144421385193e-21,0.7500016647937738,0.7500016647937738,2.2813911104469215e-19,4.562782220893843e-19,6.691285615607466e-19,2.00738568468224e-18,3.6502005682332824e-06,1.0950601704699847e-05,0.06249489303971901,0.24997957215887603,1.613638275945705e-21,1.1295467931619935e-20,1.116063663760915e-06,7.812445646326405e-06,3.041848061862943e-19,8.921694350435012e-19,4.86692328774626e-06,2.151512925493843e-21,1.4880815818826166e-06,1.4880815818826187e-06
t0_10s,10.0,40.41855934824684,1.844218961907729,1844218961.907729,0.0002847640054373629,1.348126345079728e-09,13.481263450797279,1.0000000000000009,1.388066392535438e-21,1.388066392535438e-21,0.7500016686479744,0.7500016686479744,2.2774731304002196e-19,4.554946260800439e-19,6.609014606379379e-19,1.9827043819138137e-18,3.6441349288910457e-06,1.0932404786673137e-05,0.06249489275538052,0.24997957102152207,1.6274317483632503e-21,1.1392022238542753e-20,1.1182751025354545e-06,7.827925717748181e-06,3.0366240844581227e-19,8.811999869671529e-19,4.858835761606126e-06,2.16990417007607e-21,1.491030152708014e-06,1.491030152708016e-06
t0_10s,10.0,40.95465675459298,1.8349410301516802,1834941030.1516802,0.0002785994736554389,1.3390503521627017e-09,13.390503521627018,1.0000000000000009,1.3567340641016161e-21,1.3567340641016161e-21,0.7500016723974711,0.7500016723974711,2.2736457409726387e-19,4.547291481945277e-19,6.52810579634808e-19,1.958431738904424e-18,3.6382205243588176e-06,1.0914661573076453e-05,0.06249489246522121,0.24997956986088485,1.6413194286563812e-21,1.1489236000594669e-20,1.1204400102523586e-06,7.843080071766511e-06,3.0315208947530146e-19,8.704121652796053e-19,4.850949882190003e-06,2.1884210249954577e-21,1.493916682439836e-06,1.4939166824398381e-06
t0_10s,10.0,41.49786476640666,1.8257097739908006,1825709773.9908006,0.0002725683908044357,1.3300354615657445e-09,13.300354615657445,1.0000000000000007,1.326129288212956e-21,1.326129288212956e-21,0.7500016760452904,0.7500016760452904,2.2699063642676493e-19,4.539812728535299e-19,6.448527796152742e-19,1.9345583388458227e-18,3.632453358068947e-06,1.0897360074206841e-05,0.06249489216978404,0.24997956867913615,1.6553034297563772e-21,1.158712400829464e-20,1.122559357136128e-06,7.857915499952897e-06,3.0265350555437643e-19,8.598017847313896e-19,4.843260320727062e-06,2.2070663074843824e-21,1.4967424647039588e-06,1.496742464703961e-06
t0_10s,10.0,42.04827769623162,1.8165249586086205,1816524958.6086204,0.00026666786800036446,1.3210812619296198e-09,13.210812619296199,1.0000000000000007,1.2962347426031452e-21,1.2962347426031452e-21,0.7500016795943012,0.7500016795943012,2.2662533062467665e-19,4.532506612493533e-19,6.370250939671736e-19,1.911075281901521e-18,3.6268296330142814e-06,1.0880488899042845e-05,0.06249489186957519,0.24997956747830077,1.6693858842610786e-21,1.1685701189827549e-20,1.1246340713797029e-06,7.87243849965792e-06,3.0216643081021525e-19,8.493648898383267e-19,4.835762014527946e-06,2.2258428609974586e-21,1.499508737084498e-06,1.4995087370845003e-06
t0_10s,10.0,42.605991107539815,1.8073863503699885,1807386350.3699884,0.00026089507889739657,1.312187344664483e-09,13.12187344664483,1.0000000000000009,1.267033211541023e-21,1.267033211541023e-21,0.7500016830473476,0.7500016830473476,2.2626845632880716e-19,4.525369126576143e-19,6.293245754394409e-19,1.887973726318323e-18,3.621345578281816e-06,1.0864036734845447e-05,0.06249489156508991,0.24997956626035964,1.6835689410113363e-21,1.1784982587079354e-20,1.1266650798185773e-06,7.886655558730041e-06,3.016905980923283e-19,8.390975509313779e-19,4.828449935695945e-06,2.2447535506464358e-21,1.5022167353555804e-06,1.5022167353555828e-06
t0_10s,10.0,43.17110183132292,1.7982937168151314,1798293716.8151314,0.0002552472583340482,1.303353303931243e-09,13.03353303931243,1.0000000000000007,1.2385082645153668e-21,1.2385082645153668e-21,0.7500016864071277,0.7500016864071277,2.2591986021084126e-19,4.518397204216825e-19,6.217484385659655e-19,1.8652453156978967e-18,3.6159976076796665e-06,1.0847992823038999e-05,0.062494891256789614,0.24997956502715846,1.6978547733029655e-21,1.1884983413120758e-20,1.1286532702153092e-06,7.900572891507165e-06,3.0122580296200013e-19,8.289960540548148e-19,4.821319302629906e-06,2.2638012741498146e-21,1.5048676431943858e-06,1.5048676431943882e-06
t0_10s,10.0,43.74370798290465,1.7892468266537356,1789246826.6537356,0.00024972170100866735,1.2945787366230412e-09,12.945787366230412,1.0000000000000009,1.2106436483232452e-21,1.2106436483232452e-21,0.7500016896763025,0.7500016896763025,2.2557938924289923e-19,4.511587784857985e-19,6.142939329274402e-19,1.8428817987823207e-18,3.610782178734672e-06,1.0832346536204016e-05,0.06249489094512261,0.24997956378049044,1.7122455797002378e-21,1.1985719057901665e-20,1.1305995245287222e-06,7.914196671701056e-06,3.007718413811285e-19,8.19056731982253e-19,4.814365392020743e-06,2.2829889629171843e-21,1.507462636539771e-06,1.5074626365397734e-06
t0_10s,10.0,44.323908978975425,1.7802454497590696,1780245449.7590697,0.0002443157601835982,1.2858632423468521e-09,12.85863242346852,1.0000000000000007,1.183423651493577e-21,1.183423651493577e-21,0.750001692857414,0.750001692857414,2.252468965277143e-19,4.504937930554286e-19,6.069584221200607e-19,1.820875266360182e-18,3.6056958981590798e-06,1.081708769447724e-05,0.0624948906305094,0.2499795625220376,1.7267435300710004e-21,1.2087204710497003e-20,1.1325046935274922e-06,7.927532854692445e-06,3.0032851748580907e-19,8.092760695080886e-19,4.807583679473873e-06,2.3023195100964646e-21,1.5100028497439639e-06,1.5100028497439662e-06
t0_10s,10.0,44.91180555485329,1.7712893571621284,1771289357.1621284,0.00023902684641739539,1.277206423405216e-09,12.77206423405216,1.0000000000000009,1.1568328225805604e-21,1.1568328225805604e-21,0.7500016959529533,0.7500016959529533,2.2492224296154705e-19,4.498444859230941e-19,5.997393202014439e-19,1.7992179606043316e-18,3.6007354350934777e-06,1.0802206305280433e-05,0.062494890313355124,0.2499795612534205,1.7413508211777037e-21,1.2189455748243926e-20,1.1343696174019306e-06,7.940587321813513e-06,2.9989564580352115e-19,7.996506187088206e-19,4.800969723832928e-06,2.321795844694912e-21,1.5124894030547475e-06,1.5124894030547498e-06
t0_10s,10.0,45.50749978197385,1.7623783210458057,1762378321.0458057,0.00023385242632448325,1.2686078847780952e-09,12.686078847780951,1.0000000000000009,1.1308561201330069e-21,1.1308561201330069e-21,0.7500016989653185,0.7500016989653185,2.2460528767888937e-19,4.492105753577787e-19,5.926341194261477e-19,1.777902358278443e-18,3.5958975745706804e-06,1.0787692723712041e-05,0.062494889994042534,0.24997955997617013,1.7560696285439595e-21,1.2292487399807717e-20,1.1361951126327777e-06,7.953365788429445e-06,2.9947303851277744e-19,7.901770359236908e-19,4.794519238465034e-06,2.3414208674014796e-21,1.514923385107315e-06,1.5149233851073173e-06
t0_10s,10.0,46.11109508561179,1.7535121147391053,1753512114.7391052,0.00022879002136166776,1.2600672341048464e-09,12.600672341048464,1.0000000000000007,1.1054789462073395e-21,1.1054789462073395e-21,0.750001701896839,0.750001701896839,2.2429589972007386e-19,4.485917994401477e-19,5.856403914510896e-19,1.756921174353269e-18,3.591179187671094e-06,1.0773537563013282e-05,0.062494889672936434,0.24997955869174573,1.770902229828538e-21,1.2396315608799766e-20,1.1379819790038315e-06,7.96587385302682e-06,2.9906052099989136e-19,7.80852083361863e-19,4.7882280514678785e-06,2.3611976150850408e-21,1.5173058622743742e-06,1.5173058622743766e-06
t0_10s,10.0,46.72269626283804,1.7446905127113694,1744690512.7113695,0.00022383720664091364,1.2515840816663139e-09,12.51584081666314,1.0000000000000007,1.0806870558197014e-21,1.0806870558197014e-21,0.7500017047497819,0.7500017047497819,2.23993948165226e-19,4.47987896330452e-19,5.787557657743843e-19,1.736267297323153e-18,3.5865772219564136e-06,1.0759731665869242e-05,0.062494889350385156,0.24997955740154063,1.7858509783950553e-21,1.2500956848765388e-20,1.1397310017574268e-06,7.978117012301987e-06,2.986579187042723e-19,7.716726003542495e-19,4.782092092914615e-06,2.3811292255540366e-21,1.5196378815401062e-06,1.5196378815401086e-06
t0_10s,10.0,47.34240950071456,1.7359132905665446,1735913290.5665445,0.00021899160976782668,1.2431580403670521e-09,12.431580403670521,1.0000000000000007,1.056466489144723e-21,1.056466489144723e-21,0.7500017075263439,0.7500017075263439,2.2369930632203073e-19,4.473986126440615e-19,5.71977936477318e-19,1.715933809431954e-18,3.582088713236361e-06,1.0746266139709083e-05,0.0624948890267194,0.2499795561068776,1.8009181748845538e-21,1.2606427224191876e-20,1.1414429485015948e-06,7.990100639511164e-06,2.982650627021049e-19,7.626355123427866e-19,4.7761074105428485e-06,2.401218766320337e-21,1.521920466376407e-06,1.5219204663764093e-06
t0_10s,10.0,47.970342394730736,1.7271802250374741,1727180225.0374742,0.00021425090970527815,1.2347887257176535e-09,12.347887257176534,1.0000000000000007,1.0328036229647588e-21,1.0328036229647588e-21,0.7500017102286575,0.7500017102286575,2.234118578646994e-19,4.468237157293988e-19,5.6530466538411505e-19,1.6959139961523453e-18,3.5777107770237556e-06,1.0733132331071267e-05,0.06249488870225351,0.24997955480901404,1.8161061388802645e-21,1.2712742972161851e-20,1.143118571164113e-06,8.001829998148791e-06,2.978817978916161e-19,7.537378350934257e-19,4.770270158361369e-06,2.4214693301520303e-21,1.5241546193482728e-06,1.5241546193482751e-06
t0_10s,10.0,48.6066039674844,1.7184910939802165,1718491093.9802165,0.0002096128356616296,1.2264757558172134e-09,12.264757558172134,1.0000000000000007,1.0096852035070733e-21,1.0096852035070733e-21,0.7500017128587941,0.7500017128587941,2.231314878113129e-19,4.462629756226258e-19,5.587337828847589e-19,1.6762013486542767e-18,3.573440604671338e-06,1.0720321814014014e-05,0.06249488837728644,0.24997955350914575,1.831417151308547e-21,1.281992005915983e-20,1.144758606662269e-06,8.013310246635883e-06,2.9750797096289136e-19,7.449766757932111e-19,4.764576591499231e-06,2.4418839582748466e-21,1.5263413230068148e-06,1.5263413230068173e-06
t0_10s,10.0,49.251304687610194,1.7098456763683987,1709845676.3683987,0.00020507516600302677,1.2182187513358981e-09,12.182187513358981,1.0000000000000007,9.870983381467465e-22,9.870983381467465e-22,0.7500017154187604,0.7500017154187604,2.2285809235599455e-19,4.457161847119891e-19,5.522631992457184e-19,1.656789597737155e-18,3.5692754700206096e-06,1.0707826410061828e-05,0.06249488805210095,0.2499795522084038,1.846853387709756e-21,1.2927973713968292e-20,1.1463637752104732e-06,8.024546426473313e-06,2.971434435074094e-19,7.363492481312052e-19,4.759023075070861e-06,2.462465551400203e-21,1.5284815376327583e-06,1.5284815376327608e-06
t0_10s,10.0,49.904556488959635,1.701243752287588,1701243752.2875881,0.00020063572718923654,1.2100173354976382e-09,12.100173354976382,1.0000000000000007,9.650304863944423e-22,9.650304863944423e-22,0.750001717910502,0.750001717910502,2.225915671442459e-19,4.451831342884918e-19,5.458908766327021e-19,1.6376726298981065e-18,3.565212721778589e-06,1.0695638165335766e-05,0.0624948877269651,0.2499795509078604,1.8624171710527957e-21,1.303692019736957e-20,1.1479347818598862e-06,8.035543473019202e-06,2.967880763851902e-19,7.278528349955641e-19,4.753606074011723e-06,2.4832172068105035e-21,1.53057620328927e-06,1.5305762032892725e-06
t0_10s,10.0,50.0,1.7,1700000000.0,0.00019999999999999985,1.2088326550782666e-09,12.088326550782666,1.0000000000000007,9.618728278346116e-22,9.618728278346116e-22,0.7500017182662736,0.7500017182662736,2.225534831104672e-19,4.451069662209344e-19,5.449748769855231e-19,1.634924630956569e-18,3.5646319361778455e-06,1.0693895808533537e-05,0.06249488767983701,0.24997955071934805,1.864684776720227e-21,1.3052793437041588e-20,1.1481597957866618e-06,8.037118570506631e-06,2.967372976490354e-19,7.266315045854872e-19,4.752831692729925e-06,2.486240672928974e-21,1.5308762204449108e-06,1.5308762204449133e-06
t0_10s,10.0,50.566472790034986,1.6926851029297043,1692685102.9297044,0.0001962923927325243,1.2018711340629306e-09,12.018711340629306,1.0000000000000009,9.434694522226645e-22,9.434694522226645e-22,0.7500017203359098,0.7500017203359098,2.223318119405705e-19,4.44663623881141e-19,5.396148384264784e-19,1.6188445152794354e-18,3.561249778079857e-06,1.068374933423957e-05,0.062494887402132944,0.24997954960853178,1.8781108389513907e-21,1.3146775872659735e-20,1.1494723178588739e-06,8.046306225012116e-06,2.9644173594827593e-19,7.194848008945852e-19,4.7483221458276775e-06,2.5041420413145517e-21,1.5326262416358854e-06,1.532626241635888e-06
t0_10s,10.0,51.23716851368122,1.6841695105874492,1684169510.5874493,0.00019204308217906737,1.1937797753117672e-09,11.937797753117671,1.0000000000000009,9.22403335426772e-22,9.22403335426772e-22,0.750001722696809,0.750001722696809,2.2207872779541824e-19,4.441574555908365e-19,5.334331496132141e-19,1.6002994488396425e-18,3.557384139772092e-06,1.0672152419316276e-05,0.06249488707784353,0.24997954831137412,1.893937148383094e-21,1.3257560038681658e-20,1.1509770569086242e-06,8.05683939836037e-06,2.961042902633364e-19,7.112425658105541e-19,4.743167958309047e-06,2.5252437308717028e-21,1.5346325509360343e-06,1.5346325509360369e-06
t0_10s,10.0,51.916760107039096,1.6756967586487719,1675696758.6487718,0.00018788576011242046,1.1857428900266746e-09,11.857428900266747,1.0000000000000007,9.018204589742494e-22,9.018204589742494e-22,0.7500017249949854,0.7500017249949854,2.218322143220955e-19,4.43664428644191e-19,5.273439007869056e-19,1.582031702360717e-18,3.553613356328587e-06,1.066084006898576e-05,0.0624948867543249,0.2499795470172996,1.9098991122259807e-21,1.3369293785581866e-20,1.152449663806459e-06,8.067147646645213e-06,2.95775605480879e-19,7.031235838696658e-19,4.7381402440805675e-06,2.5465262926411944e-21,1.5365960175813787e-06,1.5365960175813813e-06
t0_10s,10.0,52.60536556176283,1.6672666315913576,1667266631.5913575,0.00018381843517855084,1.177760111475855e-09,11.77760111475855,1.0000000000000007,8.817093976851993e-22,8.817093976851993e-22,0.750001727232156,0.750001727232156,2.2159217857908937e-19,4.431843571581787e-19,5.213452551882744e-19,1.564035765564823e-18,3.549935065772907e-06,1.0649805197318722e-05,0.06249488643179002,0.24997954572716008,1.9259994572206106e-21,1.3481996200544274e-20,1.1538907839169564e-06,8.077235487418694e-06,2.9545555767833266e-19,6.951254060604275e-19,4.733235853834318e-06,2.567993362266532e-21,1.5385175020534058e-06,1.5385175020534083e-06
t0_10s,10.0,53.30310443450608,1.6588789149771435,1658878914.9771435,0.00017983915913198263,1.1698310753964666e-09,11.698310753964666,1.0000000000000009,8.620588331155376e-22,8.620588331155376e-22,0.7500017294100062,0.7500017294100062,2.2135852424106297e-19,4.427170484821259e-19,5.154353827942758e-19,1.5463061483828274e-18,3.5463469431099703e-06,1.0639040829329912e-05,0.06249488611044276,0.24997954444177103,1.9422410451081116e-21,1.359568731575678e-20,1.1553010563148705e-06,8.087107394204094e-06,2.9514401842139234e-19,6.872455923531622e-19,4.7284516875710776e-06,2.589648755391522e-21,1.5403978564472054e-06,1.540397856447208e-06
t0_10s,10.0,54.0100978676794,1.650533395446867,1650533395.446867,0.00017594602590258808,1.1619554199779913e-09,11.619554199779913,1.0000000000000007,8.42857878943775e-22,8.42857878943775e-22,0.7500017315301556,0.7500017315301556,2.211311646518514e-19,4.422623293037028e-19,5.096125752417004e-19,1.5288377257251013e-18,3.5428467489606763e-06,1.062854024688203e-05,0.062494885790472715,0.24997954316189086,1.958624805879956e-21,1.3710373641159694e-20,1.1566811010564419e-06,8.096767707395093e-06,2.9484087216798684e-19,6.794818649311481e-19,4.723784759446556e-06,2.6114937119997902e-21,1.5422379074999972e-06,1.5422379074999997e-06
t0_10s,10.0,54.72646861048324,1.6422298607146384,1642229860.7146385,0.00017213717068258273,1.1541327858457305e-09,11.541327858457304,1.0000000000000007,8.240958198769639e-22,8.240958198769639e-22,0.7500017335941916,0.7500017335941916,2.209100130658727e-19,4.418200261317454e-19,5.038751484764953e-19,1.511625445429486e-18,3.5394322828608535e-06,1.061829684858256e-05,0.06249488547206073,0.24997954188824292,1.9751514268239e-21,1.38260599877673e-20,1.1580315310753918e-06,8.106220717527742e-06,2.9454600325684305e-19,6.718319783899731e-19,4.719232135503246e-06,2.633529148470753e-21,1.5440384724523524e-06,1.544038472452355e-06
t0_10s,10.0,55.452341040219814,1.6339680995625376,1633968099.5625377,0.00016841076903328204,1.146362816044404e-09,11.46362816044404,1.0000000000000007,8.05762609444537e-22,8.05762609444537e-22,0.7500017356036449,0.7500017356036449,2.2069498657521003e-19,4.413899731504201e-19,4.982215105113834e-19,1.4946645315341502e-18,3.5361014173859466e-06,1.060830425215784e-05,0.06249488515537524,0.24997954062150096,1.9918207420255302e-21,1.394274519417871e-20,1.159352943223714e-06,8.115470602565998e-06,2.9425930114359257e-19,6.642938100808338e-19,4.714790979170051e-06,2.6557548435836584e-21,1.5458003471026631e-06,1.5458003471026659e-06
t0_10s,10.0,56.187841183887656,1.6257479018352465,1625747901.8352466,0.00016476503601119792,1.1386451560218582e-09,11.386451560218582,1.0000000000000004,7.8784905851635625e-22,7.8784905851635625e-22,0.7500017375600286,0.7500017375600286,2.2048600205844283e-19,4.409720041168857e-19,4.926500545566472e-19,1.4779501636699416e-18,3.532852042438359e-06,1.0598556127315076e-05,0.06249488484057598,0.2499795393623039,2.008647709352632e-21,1.4060533965468426e-20,1.160645934389535e-06,8.124521540726744e-06,2.9398065499921004e-19,6.568652176185345e-19,4.710458476978657e-06,2.678190741113935e-21,1.547524327297494e-06,1.5475243272974967e-06
t0_10s,10.0,56.93309674006269,1.6175690584346967,1617569058.4346967,0.00016119822531305195,1.1309794536128993e-09,11.309794536128994,1.0000000000000007,7.703436433517622e-22,7.703436433517622e-22,0.7500017394649119,0.7500017394649119,2.2028296704134556e-19,4.405659340826911e-19,4.871589785739223e-19,1.4614769357217668e-18,3.52968195059422e-06,1.058904585178266e-05,0.062494884527808915,0.24997953811123566,2.0256259296441376e-21,1.4179381507508965e-20,1.1619111430470543e-06,8.13337800132938e-06,2.9370994152427736e-19,6.495437982870352e-19,4.706231685692447e-06,2.7008283088640817e-21,1.5492112643312252e-06,1.549211264331228e-06
t0_10s,10.0,57.68823710106929,1.6094313613147577,1609431361.3147578,0.00015770862843929735,1.1233653590232073e-09,11.233653590232073,1.0000000000000007,7.532387012271052e-22,7.532387012271052e-22,0.7500017413193867,0.7500017413193867,2.2008583314450566e-19,4.401716662890113e-19,4.817472432007006e-19,1.4452417296021018e-18,3.5265896466212556e-06,1.0579768939863766e-05,0.06249488421721697,0.24997953686886787,2.0427596893198713e-21,1.4299317825239098e-20,1.163148972337604e-06,8.142042806363227e-06,2.934470962125174e-19,6.423281662696162e-19,4.702108611664496e-06,2.7236732620464228e-21,1.5508616957227562e-06,1.550861695722759e-06
t0_10s,10.0,58.453393375445664,1.60133460347594,1601334603.47594,0.00015429457387574914,1.1158025248133883e-09,11.158025248133882,1.0000000000000007,7.365235424499767e-22,7.365235424499767e-22,0.7500017431249573,0.7500017431249573,2.1989451037110215e-19,4.397890207422043e-19,4.764130829604688e-19,1.4292392488814066e-18,3.5235730026739203e-06,1.057071900802176e-05,0.062494883908929134,0.24997953563571654,2.0600517802539723e-21,1.4420362461777806e-20,1.164360045547722e-06,8.150520318834054e-06,2.931919990677484e-19,6.352159675995499e-19,4.698086417762979e-06,2.7467293231487177e-21,1.5524764525163628e-06,1.5524764525163656e-06
t0_10s,10.0,59.22869841070706,1.5932785789601298,1593278578.9601297,0.0001509544262929298,1.1082906058831131e-09,11.082906058831131,1.0000000000000007,7.201891325388519e-22,7.201891325388519e-22,0.750001744882992,0.750001744882992,2.1970891969325463e-19,4.394178393865093e-19,4.711549950662918e-19,1.4134649851988753e-18,3.520630087841525e-06,1.0561890263524575e-05,0.06249488360306629,0.24997953441226517,2.0775049817967853e-21,1.4542534872577496e-20,1.1655449257169684e-06,8.15881448001878e-06,2.9294454471906793e-19,6.282051985623004e-19,4.694162529436221e-06,2.770000197960736e-21,1.5540562854274499e-06,1.5540562854274526e-06
t0_10s,10.0,60.014286816410944,1.5852630828453544,1585263082.8453546,0.0001476865857627489,1.1008292594553738e-09,11.008292594553737,1.0000000000000007,7.042268011243046e-22,7.042268011243046e-22,0.7500017465947674,0.7500017465947674,2.195289895851408e-19,4.390579791702816e-19,4.659716091247734e-19,1.39791482737432e-18,3.5177591008035694e-06,1.0553277302410708e-05,0.06249488329974234,0.24997953319896937,2.095122062703798e-21,1.4665854438926588e-20,1.1667041373703745e-06,8.166928961592622e-06,2.9270463779833603e-19,6.212940319678242e-19,4.6903345449197284e-06,2.7934895781460243e-21,1.5556018938189955e-06,1.5556018938189982e-06
t0_10s,10.0,60.810294987528216,1.577287911240564,1577287911.240564,0.000144489486992137,1.0934181450608384e-09,10.934181450608383,1.0000000000000007,6.886278803224298e-22,6.886278803224298e-22,0.7500017482615254,0.7500017482615254,2.1935465016295787e-19,4.387093003259157e-19,4.608615729031613e-19,1.382584718709484e-18,3.514958284032712e-06,1.0544874852098137e-05,0.06249488299906261,0.24997953199625045,2.112905822340328e-21,1.4790340756382296e-20,1.1678381961134073e-06,8.17486737279385e-06,2.924721851267858e-19,6.144806648403425e-19,4.686600120840047e-06,2.8172011961811563e-21,1.557113965161295e-06,1.5571139651612978e-06
t0_10s,10.0,61.61686112812399,1.5693528612804482,1569352861.2804482,0.00014136159857327274,1.0860569245223195e-09,10.860569245223195,1.0000000000000009,6.733837564513506e-22,6.733837564513506e-22,0.7500017498845012,0.7500017498845012,2.1918583075881793e-19,4.383716615176359e-19,4.558235231471828e-19,1.3674705694415485e-18,3.512225883274609e-06,1.0536677649823827e-05,0.062494882701125486,0.24997953080450194,2.1308591135968554e-21,1.4916013795177987e-20,1.1689476211133542e-06,8.182633347793479e-06,2.9224709248021373e-19,6.077632795088527e-19,4.682956918187838e-06,2.841138855909341e-21,1.5585931916737126e-06,1.5585931916737154e-06
t0_10s,10.0,62.4341252753532,1.561457731120275,1561457731.120275,0.00013830142225003907,1.0787452619393365e-09,10.787452619393365,1.0000000000000007,6.584862235119895e-22,6.584862235119895e-22,0.7500017514648797,0.7500017514648797,2.190224636294427e-19,4.380449272588854e-19,4.508561544742443e-19,1.3525684634227327e-18,3.5095602112120827e-06,1.0528680633636249e-05,0.06249488240602147,0.24997952962408587,2.1489848227888777e-21,1.5042893759522143e-20,1.1700329144859345e-06,8.190230401401541e-06,2.92029269533911e-19,6.011401354645456e-19,4.679402687203491e-06,2.8653064057404513e-21,1.5600402428403176e-06,1.5600402428403206e-06
t0_10s,10.0,63.262229323773695,1.5536023199307585,1553602319.9307585,0.00013530749220036083,1.071482823672797e-09,10.71482823672797,1.0000000000000007,6.439273267616401e-22,6.439273267616401e-22,0.7500017530037915,0.7500017530037915,2.188644845078467e-19,4.377289690156934e-19,4.459582209784998e-19,1.3378746629354994e-18,3.506959655655355e-06,1.0520878966966064e-05,0.06249488211383336,0.24997952845533344,2.1672858467846112e-21,1.5171000927492278e-20,1.1710945584032688e-06,8.197661908822882e-06,2.918186305982411e-19,5.946095715008887e-19,4.675935278297445e-06,2.8897077081547233e-21,1.5614557615538648e-06,1.5614557615538678e-06
t0_10s,10.0,64.10131704998233,1.5457864278929463,1545786427.8929462,0.00013237837433407548,1.0642692783297647e-09,10.642692783297647,1.0000000000000009,6.296991812383244e-22,6.296991812383244e-22,0.7500017545023409,0.7500017545023409,2.187118300743555e-19,4.37423660148711e-19,4.411284928378079e-19,1.3233854785134236e-18,3.5044226359560752e-06,1.0513267907868225e-05,0.06249488182463763,0.24997952729855052,2.185765125404655e-21,1.5300355877832585e-20,1.1721330287909866e-06,8.204931201536905e-06,2.9161509124666037e-19,5.881699478563434e-19,4.672552583935505e-06,2.9143466829021037e-21,1.562840382378503e-06,1.562840382378506e-06
t0_10s,10.0,64.95153413757774,1.53800985619314,1538009856.1931398,0.00012951266560600586,1.057104296748339e-09,10.571042967483391,1.0000000000000009,6.157940032689552e-22,6.157940032689552e-22,0.7500017559616136,0.7500017559616136,2.185644373765558e-19,4.371288747531116e-19,4.36365747570287e-19,1.3090972427108611e-18,3.501947594137693e-06,1.050584278241308e-05,0.06249488153850476,0.24997952615401903,2.204425645540173e-21,1.5430979518781212e-20,1.173148797977847e-06,8.212041585844928e-06,2.9141856754231694e-19,5.81819634556457e-19,4.669252526812656e-06,2.939227312493118e-21,1.5641947350825813e-06,1.5641947350825843e-06
t0_10s,10.0,65.81302820245385,1.5302724070178377,1530272407.0178378,0.00012670899334390367,1.0499875519826418e-09,10.499875519826418,1.0000000000000007,6.022042834911749e-22,6.022042834911749e-22,0.7500017573826688,0.7500017573826688,2.184222444604101e-19,4.368444889208202e-19,4.31668790023491e-19,1.2950063700704731e-18,3.4995330054070356e-06,1.0498599016221106e-05,0.06249488125549931,0.24997952502199725,2.2232704373612653e-21,1.5562893061528857e-20,1.174142331188318e-06,8.218996318318225e-06,2.9122897687953793e-19,5.755570380660365e-19,4.666033073868506e-06,2.964353637143412e-21,1.5655194399621153e-06,1.5655194399621182e-06
t0_10s,10.0,66.68594881842954,1.5225738835486993,1522573883.5486994,0.00012396601459093774,1.0429187192878856e-09,10.429187192878857,1.0000000000000009,5.889226870195541e-22,5.889226870195541e-22,0.7500017587665349,0.7500017587665349,2.182851909772509e-19,4.365703819545018e-19,4.270364577974867e-19,1.28110937339246e-18,3.497177387069316e-06,1.0491532161207948e-05,0.06249488097567978,0.24997952390271913,2.2423025662403842e-21,1.569611796368269e-20,1.1751140836529554e-06,8.225798585570688e-06,2.9104623879315467e-19,5.6938060851990245e-19,4.662892248173966e-06,2.9897297440050164e-21,1.5668151039879788e-06,1.5668151039879818e-06
t0_10s,10.0,67.57044754321753,1.5149140899575444,1514914089.9575443,0.00012128241546242223,1.0358974761055707e-09,10.358974761055707,1.0000000000000007,5.759421437269438e-22,5.759421437269438e-22,0.7500017601142014,0.7500017601142014,2.181532186236925e-19,4.36306437247385e-19,4.2246763180327124e-19,1.2674028954098136e-18,3.4948793059994845e-06,1.0484637917998454e-05,0.062494880699098705,0.24997952279639482,2.2615251324160503e-21,1.583067592691235e-20,1.1760644980582263e-06,8.232451486407585e-06,2.9087027554505297e-19,5.632888538007469e-19,4.659828138893068e-06,3.0153597667180033e-21,1.568082317405694e-06,1.568082317405697e-06
t0_10s,10.0,68.46667794473818,1.5072928314013676,1507292831.4013677,0.00011865691051646421,1.028923502048752e-09,10.289235020487519,1.0000000000000004,5.632556694975532e-22,5.632556694975532e-22,0.7500017614266352,0.7500017614266352,2.180262702157839e-19,4.360525404315678e-19,4.179612148161685e-19,1.2538836444485055e-18,3.492637359975472e-06,1.0477912079926415e-05,0.06249488042580357,0.24997952170321427,2.2809412795358508e-21,1.5966588956750956e-20,1.1769940101541555e-06,8.238958071079089e-06,2.9070101088970727e-19,5.572803109437141e-19,4.656838876393919e-06,3.041247896801068e-21,1.569321661212243e-06,1.569321661212246e-06
t0_10s,10.0,69.37479562778233,1.4997099140173829,1499709914.0173829,0.00011608824213823895,1.0219964788874289e-09,10.21996478887429,1.0000000000000004,5.50856398689146e-22,5.50856398689146e-22,0.7500017627047787,0.7500017627047787,2.179042896036662e-19,4.358085792073324e-19,4.1351612791034566e-19,1.240548383731037e-18,3.4904501781629287e-06,1.0471350534488787e-05,0.062494880155836846,0.24997952062334738,2.300554191445206e-21,1.6103879340116442e-20,1.177903048569928e-06,8.245321339989495e-06,2.9053836996039076e-19,5.513535413824314e-19,4.653922632895019e-06,3.0673983793698995e-21,1.5705337069102103e-06,1.5705337069102133e-06
t0_10s,10.0,70.2949582610272,1.4921651449180944,1492165144.9180944,0.00011357517993759409,1.0151160905340219e-09,10.151160905340218,1.0000000000000004,5.387377018477042e-22,5.387377018477042e-22,0.7500017639495373,0.7500017639495373,2.1778722269726823e-19,4.355744453945365e-19,4.0913133095772314e-19,1.2273939928731694e-18,3.4883164390292147e-06,1.0464949317087644e-05,0.06249487988923575,0.249979519556943,2.320367089917333e-21,1.6242569629421328e-20,1.1787920290096655e-06,8.25154420306766e-06,2.9038228063677153e-19,5.455071582808316e-19,4.651077646350603e-06,3.093815510110527e-21,1.5717190087688629e-06,1.571719008768866e-06
t0_10s,10.0,71.22732560441155,1.484658332186387,1484658332.186387,0.00011111652015969233,1.0082820230289462e-09,10.082820230289462,1.0000000000000004,5.268930526309537e-22,5.268930526309537e-22,0.7500017651618031,0.7500017651618031,2.1767501563516534e-19,4.353500312703307e-19,4.048057896818446e-19,1.2144173690455337e-18,3.486234838082272e-06,1.0458704514246816e-05,0.06249487962603336,0.24997951850413344,2.3403832452415013e-21,1.6382682716690507e-20,1.1796613642554469e-06,8.257629549788128e-06,2.9023267110338706e-19,5.397397826050623e-19,4.648302177435759e-06,3.120503649396871e-21,1.5728781171614315e-06,1.5728781171614347e-06
t0_10s,10.0,72.17205953687304,1.4771892848706467,1477189284.8706467,0.00010871108510841478,1.0014939645262881e-09,10.014939645262881,1.0000000000000004,5.1531610173686e-22,5.1531610173686e-22,0.7500017663424439,0.7500017663424439,2.1756761557882547e-19,4.351352311576509e-19,4.005384934402372e-19,1.2016154803207116e-18,3.4842041017768194e-06,1.0452612305330458e-05,0.06249487936625831,0.24997951746503325,2.360605973840359e-21,1.6524241816882513e-20,1.1805114597209224e-06,8.263580218046457e-06,2.9008947090864063e-19,5.340500668332493e-19,4.645594528088037e-06,3.1474672191138925e-21,1.5740115726366326e-06,1.5740115726366358e-06
t0_10s,10.0,73.12932408445405,1.4697578129799016,1469757812.9799016,0.0001063577225822451,9.94751605279576e-10,9.947516052795761,1.0000000000000007,5.040006989185979e-22,5.040006989185979e-22,0.7500017674922972,0.7500017674922972,2.1746497141724514e-19,4.349299428344903e-19,3.963284660619463e-19,1.1889853981858388e-18,3.4822229984660283e-06,1.0446668995398085e-05,0.06249487910993481,0.24997951643973923,2.3810386354181804e-21,1.6667270447927262e-20,1.181342709827114e-06,8.269398968789797e-06,2.8995261190431604e-19,5.2843670940551045e-19,4.642953056109688e-06,3.1747106988552992e-21,1.5751199010864288e-06,1.575119901086432e-06
t0_10s,10.0,74.09928544878024,1.4623637274789902,1462363727.4789903,0.00010405530532236574,9.880546376276414e-10,9.880546376276413,1.0000000000000007,4.929408715664306e-22,4.929408715664306e-22,0.7500017686121738,0.7500017686121738,2.173670333914836e-19,4.347340667829672e-19,3.921747601788554e-19,1.1765242805365662e-18,3.4802903316903066e-06,1.044087099507092e-05,0.062494878857083005,0.24997951542833202,2.401684634904752e-21,1.6811792444333264e-20,1.1821554999563331e-06,8.275088499694333e-06,2.898220277449561e-19,5.228984471657281e-19,4.64037616621937e-06,3.2022386285153737e-21,1.5762036163512386e-06,1.5762036163512417e-06
t0_10s,10.0,75.08211203591625,1.4550068402837537,1455006840.2837536,0.00010180273047270264,9.814027559805899e-10,9.814027559805899,1.0000000000000007,4.821306358842079e-22,4.821306358842079e-22,0.7500017697028734,0.7500017697028734,2.172737519182221e-19,4.345475038364442e-19,3.8807643014543507e-19,1.1642292904363052e-18,3.4784049189792403e-06,1.0435214756937722e-05,0.06249487860771951,0.24997951443087804,2.4225474203620926e-21,1.6957831942534647e-20,1.1829502131902458e-06,8.28065149233172e-06,2.896976523192725e-19,5.174340192546192e-19,4.6378622817880455e-06,3.230055605497875e-21,1.5772632292039694e-06,1.5772632292039726e-06
t0_10s,10.0,76.07797448560527,1.4476869642562495,1447686964.2562494,9.95989190516568e-05,9.74795656805844e-10,9.74795656805844,1.0000000000000004,4.715642585235435e-22,4.715642585235435e-22,0.7500017707651633,0.7500017707651633,2.1718507925142763e-19,4.343701585028553e-19,3.840325689098905e-19,1.1520977067296716e-18,3.476565621494059e-06,1.0429696864482177e-05,0.062494878361857055,0.24997951344742822,2.4436304856496768e-21,1.7105413399547738e-20,1.1837272206494577e-06,8.286090544546204e-06,2.8957942196570027e-19,5.120422162711624e-19,4.635409884362291e-06,3.2581662882697566e-21,1.5782992344695415e-06,1.5782992344695446e-06
t0_10s,10.0,77.08704570089513,1.4404039131999928,1440403913.199993,9.744281543527377e-05,9.68233038614301e-10,9.68233038614301,1.0000000000000007,4.612361217766155e-22,4.612361217766155e-22,0.7500017717997927,0.7500017717997927,2.1710096847084767e-19,4.342019369416953e-19,3.8004228664840394e-19,1.1401268599452119e-18,3.474771325642455e-06,1.0424313976927364e-05,0.06249487811950508,0.24997951247802033,2.464937373398366e-21,1.7254561613788564e-20,1.1844868872496888e-06,8.291408210747822e-06,2.8946727412372185e-19,5.06721851784976e-19,4.633017489150704e-06,3.2865754003263378e-21,1.5793121186997392e-06,1.5793121186997426e-06
t0_10s,10.0,78.10950087815839,1.4331575018552185,1433157501.8552184,9.533338685160018e-05,9.617146019465754e-10,9.617146019465753,1.0000000000000004,4.511407099790017e-22,4.511407099790017e-22,0.7500017728074945,0.7500017728074945,2.170213730873976e-19,4.340427461747952e-19,3.7610470072275817e-19,1.1283141021682745e-18,3.4730209373540065e-06,1.0419062812062019e-05,0.062494877880669805,0.24997951152267922,2.4864716861394176e-21,1.7405301802975922e-20,1.1852295735356549e-06,8.296607014749585e-06,2.8936114680771723e-19,5.014717489465111e-19,4.630683637391133e-06,3.3152877450299428e-21,1.5803023626183773e-06,1.5803023626183807e-06
t0_10s,10.0,79.14551753750993,1.4259475458941717,1425947545.8941717,9.326962288598756e-05,9.552400493593312e-10,9.552400493593312,1.0000000000000004,4.412726400257123e-22,4.412726400257123e-22,0.7500017737889814,0.7500017737889814,2.169462476567772e-19,4.338924953135544e-19,3.722189500097767e-19,1.11665685002933e-18,3.471313391486522e-06,1.0413940174459566e-05,0.06249487764535425,0.249979510581417,2.5082370727522094e-21,1.7557659509265465e-20,1.18595563253118e-06,8.30168942771826e-06,2.892609794251189e-19,4.962907595929277e-19,4.628406908892461e-06,3.3443081875402612e-21,1.58127043692147e-06,1.5812704369214733e-06
t0_10s,10.0,80.19527555362836,1.4187738619164156,1418773861.9164157,9.125053499710335e-05,9.488090854117109e-10,9.48809085411711,1.0000000000000004,4.316267465565291e-22,4.316267465565291e-22,0.7500017747449345,0.7500017747449345,2.1687554860889465e-19,4.337510972177893e-19,3.6838420726100575e-19,1.1051526217830173e-18,3.4696476660617683e-06,1.0408942998185305e-05,0.062494877413558525,0.2499795096542341,2.5302372296130143e-21,1.77116606072911e-20,1.1866654048175292e-06,8.306657833722704e-06,2.8916671388231197e-19,4.911777807276366e-19,4.6261859410156045e-06,3.3736416563460986e-21,1.5822167957150478e-06,1.5822167957150511e-06
t0_10s,10.0,81.25895718698622,1.4116362674441685,1411636267.4441686,8.927515604342113e-05,9.424214166518527e-10,9.424214166518528,1.0000000000000004,4.221979218343804e-22,4.221979218343804e-22,0.7500017756760221,0.7500017756760221,2.1680923273959754e-19,4.336184654791951e-19,3.64599659499517e-19,1.093798978498551e-18,3.468022755820738e-06,1.0404068267462213e-05,0.062494877185279865,0.24997950874111946,2.5524758910664112e-21,1.7867331237464878e-20,1.1873592273385917e-06,8.311514591370142e-06,2.8907829257360653e-19,4.861317283827511e-19,4.624019393413834e-06,3.403293130560537e-21,1.583141888255335e-06,1.5831418882553383e-06
t0_10s,10.0,82.33674711549405,1.40453458091766,1404534580.91766,8.734253981996044e-05,9.36076751603505e-10,9.36076751603505,1.0000000000000007,4.129811255344206e-22,4.129811255344206e-22,0.7500017765829031,0.7500017765829031,2.1674725695659608e-19,4.3349451391319215e-19,3.608644970151468e-19,1.0825934910454404e-18,3.466437667878271e-06,1.0399313003634813e-05,0.06249487696051316,0.24997950784205264,2.574956854468152e-21,1.8024697981277065e-20,1.1880374344628459e-06,8.316262041239921e-06,2.889956580424679e-19,4.811515229461032e-19,4.6219059422389255e-06,3.433267673311336e-21,1.5840461603646927e-06,1.5840461603646961e-06
t0_10s,10.0,83.42883246656457,1.3974686216905166,1397468621.6905165,8.545176060505526e-05,9.297748007527163e-10,9.297748007527163,1.0000000000000007,4.0397150489809485e-22,4.0397150489809485e-22,0.75000177746621,0.75000177746621,2.1668957961943781e-19,4.3337915923887563e-19,3.5717793954956044e-19,1.0715338186486814e-18,3.4648914448591925e-06,1.0394674334577577e-05,0.0624948767392505,0.249979506957002,2.5976839910723733e-21,1.8183787937506613e-20,1.1887003505760946e-06,8.320902454032662e-06,2.889187547681517e-19,4.762361240745892e-19,4.619844310989379e-06,3.463570446257252e-21,1.5849300445553269e-06,1.5849300445553303e-06
t0_10s,10.0,84.53540284960205,1.390438210025162,1390438210.025162,8.360191271693411e-05,9.235152765346341e-10,9.235152765346342,1.0000000000000007,3.951642121113722e-22,3.951642121113722e-22,0.7500017783265742,0.7500017783265742,2.1663615854439979e-19,4.3327231708879958e-19,3.535392007660876e-19,1.0606176022982628e-18,3.463383129912811e-06,1.0390149389738432e-05,0.062494876521481946,0.24997950608592778,2.6206612243778893e-21,1.8344628570645226e-20,1.1893483012583173e-06,8.325438108808222e-06,2.8884752650555667e-19,4.713844833207122e-19,4.617833223863032e-06,3.494206680716391e-21,1.5857939749316673e-06,1.5857939749316709e-06
t0_10s,10.0,85.65665038892243,1.3834431670882479,1383443167.0882478,8.179211007989914e-05,9.172978933203788e-10,9.172978933203789,1.0000000000000004,3.8655462747650555e-22,3.8655462747650555e-22,0.7500017791645974,0.7500017791645974,2.1658695340791394e-19,4.331739068158279e-19,3.4994752883909756e-19,1.0498425865172927e-18,3.4619118081517996e-06,1.03857354244554e-05,0.06249487630719511,0.24997950522878043,2.6438925271382317e-21,1.8507247689967622e-20,1.1899815997374515e-06,8.32987119816216e-06,2.887819194897952e-19,4.665955982516371e-19,4.615871461008946e-06,3.525181673679731e-21,1.5866383691288485e-06,1.586638369128852e-06
t0_10s,10.0,86.79276975711043,1.3764833149461033,1376483314.9461033,8.002148579989662e-05,9.111223674040107e-10,9.111223674040106,1.0000000000000004,3.781382662374214e-22,3.781382662374214e-22,0.7500017799808657,0.7500017799808657,2.1654192463497046e-19,4.330838492699409e-19,3.4640219228217142e-19,1.0392065768465143e-18,3.460476586237502e-06,1.0381429758712505e-05,0.0624948760963755,0.249979504385502,2.6673819169397923e-21,1.8671673418578545e-20,1.1906005534442168e-06,8.334203874109518e-06,2.8872188095406246e-19,4.618684935534539e-19,4.613957831307796e-06,3.556500781915269e-21,1.5874636370524237e-06,1.5874636370524273e-06
t0_10s,10.0,87.94395820881867,1.3695584765602102,1369558476.5602102,7.828919174927514e-05,9.04988416989582e-10,9.04988416989582,1.0000000000000004,3.6991077367871363e-22,3.6991077367871363e-22,0.7500017807759469,0.7500017807759469,2.1650103356743507e-19,4.3300206713487014e-19,3.4290247830946828e-19,1.0287074349284048e-18,3.459076595534608e-06,1.0377229786603825e-05,0.062494875889006686,0.24997950355602674,2.6911334635134217e-21,1.8837934244593952e-20,1.1912054628946125e-06,8.338438240262288e-06,2.886673593540598e-19,4.572022188463388e-19,4.612091176578101e-06,3.5881694317168056e-21,1.5882701793883731e-06,1.5882701793883767e-06
t0_10s,10.0,89.11041561501533,1.3626684757826997,1362668475.7826996,7.659439816053379e-05,8.98895762178284e-10,8.98895762178284,1.0000000000000004,3.618677962836602e-22,3.618677962836602e-22,0.7500017815503925,0.7500017815503925,2.1646424238639452e-19,4.3292848477278904e-19,3.3944768809349927e-19,1.0183430642804978e-18,3.457710990796388e-06,1.0373132972389163e-05,0.06249487568507029,0.24997950274028116,2.715151305750408e-21,1.9006059140252855e-20,1.1917966220704013e-06,8.342576354492809e-06,2.88618304264455e-19,4.525958423615982e-19,4.610270369823201e-06,3.6201931415918606e-21,1.5890583881104084e-06,1.589058388110412e-06
t0_10s,10.0,90.29234449768613,1.3558131373518696,1355813137.3518696,7.49362932288631e-05,8.92844124955666e-10,8.92844124955666,1.0000000000000007,3.540050696699448e-22,3.540050696699448e-22,0.750001782304738,0.750001782304738,2.1643151401904089e-19,4.3286302803808177e-19,3.3603713647879945e-19,1.0081114094363982e-18,3.456378948483535e-06,1.0369136845450606e-05,0.06249487548454624,0.24997950193818497,2.73943965724559e-21,1.917607760071913e-20,1.1923743188755602e-06,8.346620232128922e-06,2.8857466625472795e-19,4.480484505598975e-19,4.6084943129897145e-06,3.652577529652471e-21,1.5898286470885732e-06,1.5898286470885768e-06
t0_10s,10.0,91.48995006499638,1.3489922868877295,1348992286.8877296,7.331408272329245e-05,8.868332291789604e-10,8.868332291789605,1.0000000000000004,3.4631831643867363e-22,3.4631831643867363e-22,0.7500017830395087,0.7500017830395087,2.1640281163392169e-19,4.3280562326784337e-19,3.326701390803882e-19,9.980104172411645e-19,3.455079658894382e-06,1.0365238976683145e-05,0.062494875287412856,0.24997950114965142,2.764002833109143e-21,1.9348019831764e-20,1.1929388376644116e-06,8.350571863650882e-06,2.8853639621617004e-19,4.435591309292444e-19,4.60676192647448e-06,3.685328349364125e-21,1.590581335460065e-06,1.5905813354600685e-06
t0_10s,10.0,92.70344024691977,1.3422057508875604,1342205750.8875604,7.172698960625245e-05,8.808628005644702e-10,8.808628005644701,1.0000000000000007,3.3880355679222874e-22,3.3880355679222874e-22,0.7500017837552146,0.7500017837552146,2.1637809900367958e-19,4.3275619800735915e-19,3.293460305428231e-19,9.880380916284692e-19,3.4538123341580415e-06,1.0361437002474124e-05,0.062494875093646894,0.24997950037458758,2.788845176329152e-21,1.9521916234304065e-20,1.1934904565471079e-06,8.354433195829755e-06,2.8850344584553815e-19,4.39126996330338e-19,4.605072159782084e-06,3.71845139136279e-21,1.5913168240365666e-06,1.5913168240365704e-06
t0_10s,10.0,93.93302573133887,1.3354533567215068,1335453356.7215068,7.017425366137638e-05,8.749325666750625e-10,8.749325666750625,1.0000000000000004,3.3145691292232664e-22,3.3145691292232664e-22,0.7500017844523554,0.7500017844523554,2.1635734008028146e-19,4.327146801605629e-19,3.260641522051139e-19,9.781924566153416e-19,3.4525761997624325e-06,1.0357728599287297e-05,0.06249487490322374,0.24997949961289495,2.8139710616402794e-21,1.9697797431481956e-20,1.1940294501127778e-06,8.358206150789444e-06,2.8847576707869255e-19,4.347511685498228e-19,4.60342398022889e-06,3.751952488613098e-21,1.59203547893509e-06,1.5920354789350938e-06
t0_10s,10.0,95.17892000062587,1.3287349326281814,1328734932.6281815,6.86551311293557e-05,8.690422569077322e-10,8.690422569077322,1.0000000000000004,3.2427477486108432e-22,3.2427477486108432e-22,0.7500017851314148,0.7500017851314148,2.163404995728139e-19,4.326809991456278e-19,3.2282387211524523e-19,9.684716163457356e-19,3.451370504279584e-06,1.035411151283875e-05,0.0624948747161174,0.2499794988644696,2.839384801973978e-21,1.9875693613817847e-20,1.194556086176585e-06,8.361892603236096e-06,2.884533128609912e-19,4.304308049862578e-19,4.601816385910118e-06,3.785837391675625e-21,1.5927376572407434e-06,1.5927376572407472e-06
t0_10s,10.0,96.44133936870698,1.322050307710297,1322050307.7102969,6.716889435168051e-05,8.63191602481255e-10,8.63191602481255,1.0000000000000007,3.1725322848939167e-22,3.1725322848939167e-22,0.750001785792863,0.750001785792863,2.1632754312360698e-19,4.3265508624721397e-19,3.1962456908299723e-19,9.588737072489918e-19,3.4501945152205963e-06,1.0350583545661788e-05,0.062494874532300564,0.24997949812920225,2.8650908738987018e-21,2.0055636117290913e-20,1.1950706270862691e-06,8.365494389603883e-06,2.8843603738212e-19,4.2616507738725806e-19,4.600248400173114e-06,3.82011206929311e-21,1.5934237087487764e-06,1.5934237087487802e-06
t0_10s,10.0,97.72050301861952,1.3153993119303218,1315399311.9303217,6.571483142209205e-05,8.573803364239239e-10,8.57380336423924,1.0000000000000004,3.103886068265896e-22,3.103886068265896e-22,0.7500017864371601,0.7500017864371601,2.1631843653349421e-19,4.3263687306698843e-19,3.164656355568567e-19,9.4939690667057e-19,3.4490475135008195e-06,1.0347142540502458e-05,0.06249487435174472,0.2499794974069789,2.8910938440839576e-21,2.0237656908587702e-20,1.1955733315516969e-06,8.369013320861879e-06,2.88423895043107e-19,4.219531756853651e-19,4.598719064237592e-06,3.854782610342745e-21,1.5940939784039696e-06,1.5940939784039734e-06
t0_10s,10.0,99.01663304056692,1.3087817761061487,1308781776.1061487,6.429224584557892e-05,8.516081935613629e-10,8.516081935613629,1.0000000000000004,3.036770913857495e-22,3.036770913857495e-22,0.7500017870647511,0.7500017870647511,2.1631314669383973e-19,4.3262629338767946e-19,3.1334647357975216e-19,9.400394207392564e-19,3.447928802896893e-06,1.0343786408690679e-05,0.06249487417442042,0.24997949669768169,2.9173987011553706e-21,2.0421790908087593e-20,1.1960644512880981e-06,8.372451159016688e-06,2.8841684169902443e-19,4.177943026057077e-19,4.59722744980502e-06,3.889855666308563e-21,1.5947488018249701e-06,1.594748801824974e-06
t0_10s,10.0,100.32995447047772,1.3021975319067982,1302197531.9067981,6.290045620475817e-05,8.458749105044345e-10,8.458749105044346,1.0000000000000002,2.9711521679049527e-22,2.9711521679049527e-22,0.7500017876760728,0.7500017876760728,2.1631164022504981e-19,4.3262328045009963e-19,3.1026648804133757e-19,9.307994641240127e-19,3.446837696463367e-06,1.03405130893901e-05,0.0624948740002969,0.2499794960011876,2.944010431749341e-21,2.060807302224539e-20,1.1965442357742543e-06,8.37580965041978e-06,2.8841483284367213e-19,4.1368766466906377e-19,4.595772640947441e-06,3.925337886022299e-21,1.5953885116485136e-06,1.5953885116485176e-06
t0_10s,10.0,101.6606953290775,1.2956464118481315,1295646411.8481314,6.153879583347549e-05,8.401802256372122e-10,8.401802256372122,1.0000000000000002,2.906996466728462e-22,2.906996466728462e-22,0.7500017882715424,0.7500017882715424,2.163138852197087e-19,4.326277704394174e-19,3.0722511125130136e-19,9.21675333753904e-19,3.4457735383200946e-06,1.0337320614960284e-05,0.06249487382934312,0.24997949531737249,2.9709339777228223e-21,2.0796537844059755e-20,1.1970129243440017e-06,8.379090470408013e-06,2.884178259337577e-19,4.0963250495619986e-19,4.5943537631573394e-06,3.961235858609951e-21,1.5960134269848118e-06,1.5960134269848158e-06
t0_10s,10.0,103.00908666147728,1.2891282492885936,1289128249.2885935,6.0206612497473644e-05,8.345238791050501e-10,8.3452387910505,1.0000000000000004,2.8442728288622074e-22,2.8442728288622074e-22,0.7500017888515712,0.7500017888515712,2.1631984932133274e-19,4.326396986426655e-19,3.0422177416908865e-19,9.126653225072659e-19,3.4447356788157455e-06,1.0334207036447237e-05,0.06249487366152678,0.2499794946461071,2.9981736757299258e-21,2.098721573010948e-20,1.197470755079342e-06,8.382295285555395e-06,2.884257778272359e-19,4.056280647475836e-19,4.592969950232311e-06,3.9975553662623035e-21,1.596623865274976e-06,1.59662386527498e-06
t0_10s,10.0,104.37536257728863,1.2826428784249724,1282642878.4249723,5.890326808197202e-05,8.289056128027185e-10,8.289056128027184,1.0000000000000002,2.782948171254129e-22,2.782948171254129e-22,0.7500017894165617,0.7500017894165617,2.1632950061091114e-19,4.326590012218223e-19,3.0125591702099947e-19,9.037677510629985e-19,3.443723480838324e-06,1.0331170442514972e-05,0.06249487349681462,0.24997949398725847,3.0257336592590796e-21,2.118013561481356e-20,1.1979179625121218e-06,8.385425737584853e-06,2.8843864596536134e-19,4.0167359767948183e-19,4.591620352689093e-06,4.034301920283212e-21,1.5972201392266025e-06,1.5972201392266065e-06
t0_10s,10.0,105.7597602912697,1.2761901342881814,1276190134.2881813,5.7628138286010584e-05,8.233251703626328e-10,8.233251703626328,1.0000000000000002,2.722990644013091e-22,2.722990644013091e-22,0.7500017899668988,0.7500017899668988,2.1634280834971797e-19,4.3268561669943593e-19,2.9832700324727345e-19,8.949810097418204e-19,3.442736333880038e-06,1.0328209001640115e-05,0.06249487333517325,0.249979493340693,3.0536183350788128e-21,2.137532834555169e-20,1.1983547724080186e-06,8.38848340685613e-06,2.884563893631057e-19,3.9776838834003325e-19,4.590304156516723e-06,4.071481396349179e-21,1.5978025498591248e-06,1.5978025498591288e-06
t0_10s,10.0,107.16252016451098,1.269769852739064,1269769852.739064,5.638061232341006e-05,8.177822971431507e-10,8.177822971431507,1.0000000000000002,2.6643658274724444e-22,2.6643658274724444e-22,0.7500017905029636,0.7500017905029636,2.1635974173353593e-19,4.3271948346707186e-19,2.9543449657719724e-19,8.863034897315916e-19,3.4417736316691137e-06,1.032532089500734e-05,0.06249487317656815,0.2499794927062726,3.081833404508421e-21,2.1572833831558948e-20,1.1987814098770976e-06,8.391469869139683e-06,2.884789669481209e-19,3.939117217027895e-19,4.589020553352284e-06,4.1091013962002584e-21,1.5983713973178319e-06,1.598371397317836e-06
t0_10s,10.0,108.58388574616686,1.263381870464218,1263381870.464218,5.51600926302058e-05,8.122767402169539e-10,8.12276740216954,1.0000000000000002,2.6070427781950836e-22,2.6070427781950836e-22,0.7500017910251271,0.7500017910251271,2.1638027010844333e-19,4.3276054021688665e-19,2.9257787010503883e-19,8.777336103151165e-19,3.4408347822998043e-06,1.0322504346899412e-05,0.06249487302096415,0.2499794920838566,3.11038646880431e-21,2.1772705281630168e-20,1.1991980956602752e-06,8.394386669621926e-06,2.885063378484572e-19,3.901028952279351e-19,4.5877687539875845e-06,4.147172054819938e-21,1.5989269759225133e-06,1.5989269759225175e-06
t0_10s,10.0,110.0241038157411,1.2570260249718415,1257026024.9718416,5.396599457841544e-05,8.0680824835951e-10,8.0680824835951,1.0000000000000004,2.5509927245928145e-22,2.5509927245928145e-22,0.7500017915337474,0.7500017915337474,2.1640436348790255e-19,4.328087269758051e-19,2.897566139832422e-19,8.692698419497267e-19,3.439919213799997e-06,1.031975764139999e-05,0.06249487286832592,0.24997949147330367,3.1392848457202175e-21,2.1974993920041522e-20,1.1996050439879817e-06,8.397235307915872e-06,2.8853846208201376e-19,3.863412291198563e-19,4.586547995792638e-06,4.1857031291890735e-21,1.5994695713123556e-06,1.5994695713123599e-06
t0_10s,10.0,111.48342442593336,1.2507021545875994,1250702154.5875993,5.279774619600196e-05,8.013765720376028e-10,8.013765720376028,1.0000000000000004,2.496190560783741e-22,2.496190560783741e-22,0.7500017920291745,0.7500017920291745,2.1643199174351956e-19,4.3286398348703912e-19,2.869702236906809e-19,8.609106710720428e-19,3.43902636467817e-06,1.031707909403451e-05,0.06249487271861741,0.24997949087446963,3.1685344171119215e-21,2.217974091978345e-20,1.200002466029796e-06,8.400017262208572e-06,2.885752994775518e-19,3.826260506848469e-19,4.585357530111601e-06,4.224702461762475e-21,1.599999465045434e-06,1.5999994650454382e-06
t0_10s,10.0,112.96210094605343,1.2444100984505102,1244410098.4505103,5.165478789289988e-05,7.959814633979484e-10,7.959814633979485,1.0000000000000002,2.4426099580108296e-22,2.4426099580108296e-22,0.7500017925117498,0.7500017925117498,2.1646312517985765e-19,4.329262503597153e-19,2.842182032672235e-19,8.526546098016705e-19,3.438155686304697e-06,1.0314467058914092e-05,0.06249487257180219,0.24997949028720876,3.1981346966641286e-21,2.23869428766489e-20,1.2003905689760205e-06,8.402733982832143e-06,2.8861681044111163e-19,3.7895669864385135e-19,4.584196625437843e-06,4.2641694041204916e-21,1.6005169333741487e-06,1.600516933374153e-06
t0_10s,10.0,114.4603901060112,1.2381496965088563,1238149696.5088563,5.053657219297229e-05,7.906226762558902e-10,7.9062267625589016,1.0000000000000004,2.390221041377632e-22,2.390221041377632e-22,0.7500017929818044,0.7500017929818044,2.1649773499596537e-19,4.3299546999193075e-19,2.815000686179497e-19,8.445002058538491e-19,3.4373066460371677e-06,1.0311919938111504e-05,0.06249487242784356,0.24997948971137424,3.228081255338745e-21,2.2596568787371216e-20,1.2007695548162542e-06,8.40538688371378e-06,2.886629565713822e-19,3.7533252753807635e-19,4.583064571581043e-06,4.304098050892341e-21,1.601022245616666e-06,1.6010222456166702e-06
t0_10s,10.0,115.97855204089137,1.2319207895161104,1231920789.5161104,4.9442563471769635e-05,7.852999660841558e-10,7.852999660841558,1.0000000000000004,2.338989648127939e-22,2.338989648127939e-22,0.7500017934396613,0.7500017934396613,2.1653579290756789e-19,4.3307158581513577e-19,2.788153408033766e-19,8.364460224101298e-19,3.4364787212884505e-06,1.0309436163865352e-05,0.062494872286704396,0.24997948914681759,3.258374003250245e-21,2.2808618022751714e-20,1.2011396225113548e-06,8.407977357579484e-06,2.8871370015595633e-19,3.7175289878264498e-19,4.58196067175794e-06,4.344488282230202e-21,1.6015156670528523e-06,1.6015156670528568e-06
t0_10s,10.0,117.51685033611743,1.2257232190268854,1225723219.0268855,4.837223769996642e-05,7.800130900017074e-10,7.8001309000170735,1.0000000000000004,2.2888900755522058e-22,2.2888900755522058e-22,0.7500017938856246,0.7500017938856246,2.1657727208188332e-19,4.3315454416376663e-19,2.761635872210758e-19,8.284907616632274e-19,3.435671422278119e-06,1.0307014266834357e-05,0.062494872148350415,0.24997948859340166,3.2890772573501573e-21,2.3023540801451102e-20,1.2015009581755187e-06,8.410506707228631e-06,2.8876900541775425e-19,3.6821723557529355e-19,4.580884272927565e-06,4.38542585386368e-21,1.6019974458337733e-06,1.6019974458337777e-06
t0_10s,10.0,119.0755520732166,1.2195568273929052,1219556827.3929052,4.7325082192351475e-05,7.74761806762654e-10,7.747618067626539,1.0000000000000004,2.239904150138749e-22,2.239904150138749e-22,0.7500017943200251,0.7500017943200251,2.1662213953967207e-19,4.3324427907934415e-19,2.7354426502024183e-19,8.206327950607255e-19,3.434884208457093e-06,1.030465262537128e-05,0.06249487201273736,0.24997948805094944,3.320137684925625e-21,2.3240963794479374e-20,1.2018537714822963e-06,8.412976400376074e-06,2.888288283844286e-19,3.647248141162723e-19,4.579834654357414e-06,4.4268396556781106e-21,1.6024678615228303e-06,1.6024678615228348e-06
t0_10s,10.0,120.6549278761906,1.213421457758992,1213421457.758992,4.630059536225213e-05,7.695458767452468e-10,7.695458767452468,1.0000000000000004,2.192004098415274e-22,2.192004098415274e-22,0.7500017947431424,0.7500017947431424,2.166703706720171e-19,4.333407413440342e-19,2.7095698958409573e-19,8.128709687522872e-19,3.434116627425811e-06,1.0302349882277433e-05,0.06249487187983223,0.2499794875193289,3.3515788457659497e-21,2.3461051920361647e-20,1.2021982352458172e-06,8.41538764672072e-06,2.888931362440559e-19,3.61275121584065e-19,4.5788112128477145e-06,4.468761100650146e-21,1.6029271445377555e-06,1.60292714453776e-06
t0_10s,10.0,122.25525195850132,1.2073169540590802,1207316954.0590801,4.529828648127458e-05,7.64365061940939e-10,7.6436506194093905,1.0000000000000004,2.1451644060258875e-22,2.1451644060258875e-22,0.7500017951552748,0.7500017951552748,2.1672193644405683e-19,4.3344387288811367e-19,2.6840129425467594e-19,8.052038827640278e-19,3.433368192084546e-06,1.0300104576253638e-05,0.06249487174959542,0.24997948699838168,3.3834067776288753e-21,2.3683847443402126e-20,1.202534538236132e-06,8.417741767652924e-06,2.8896189028346036e-19,3.5786753576917526e-19,4.577813298931808e-06,4.511198239103414e-21,1.6033755465707496e-06,1.603375546570754e-06
t0_10s,10.0,123.87680217068107,1.2012431610122423,1201243161.0122423,4.431767544424532e-05,7.592191259435315e-10,7.592191259435316,1.0000000000000004,2.0993613205386874e-22,2.0993613205386874e-22,0.7500017955567034,0.7500017955567034,2.1677680958988372e-19,4.3355361917976745e-19,2.658767494900889e-19,7.976302484702667e-19,3.4326384429500913e-06,1.0297915328850274e-05,0.062494871621989266,0.24997948648795706,3.415627474987116e-21,2.3909392324909812e-20,1.2028628587189697e-06,8.420040011032787e-06,2.8903505414807295e-19,3.545014839500974e-19,4.57684029996508e-06,4.5541590636483745e-21,1.6038133053083178e-06,1.6038133053083224e-06
t0_10s,10.0,125.51986004857238,1.1951999241187434,1195199924.1187434,4.3358292539241496e-05,7.541078339383848e-10,7.541078339383848,1.0000000000000002,2.0545711424719477e-22,2.0545711424719477e-22,0.7500017959477052,0.7500017959477052,2.1683496261028474e-19,4.3366992522056948e-19,2.633829247920076e-19,7.901487743760227e-19,3.4319269263894668e-06,1.02957807791684e-05,0.06249487149697544,0.24997948598790176,3.4482470759316276e-21,2.4137729531521395e-20,1.2031833734495442e-06,8.42228361414681e-06,2.8911259117225344e-19,3.51176392130096e-19,4.575891611103238e-06,4.597651758386004e-21,1.6042406564229582e-06,1.6042406564229629e-06
t0_10s,10.0,127.1847108622095,1.1891870896561059,1189187089.6561058,4.241967822259849e-05,7.490309526916989e-10,7.490309526916989,1.0000000000000004,2.010771027607678e-22,2.010771027607678e-22,0.7500017963285475,0.7500017963285475,2.16896368565448e-19,4.33792737130896e-19,2.6091940348133613e-19,7.827582104440083e-19,3.431233203777972e-06,1.0293699611333915e-05,0.06249487137451606,0.24997948549806423,3.4812718028208355e-21,2.4368902619745848e-20,1.2034962539140801e-06,8.424473777398562e-06,2.8919446543623196e-19,3.478917047380473e-19,4.5749666475130394e-06,4.64168461977366e-21,1.604657828561885e-06,1.6046578285618897e-06
t0_10s,10.0,128.871643665347,1.1832045046752035,1183204504.6752036,4.15013828987896e-05,7.439882505398748e-10,7.4398825053987485,1.0000000000000004,1.9679379025880117e-22,1.9679379025880117e-22,0.7500017966995007,0.7500017966995007,2.1696099917058917e-19,4.339219983411783e-19,2.584857510087655e-19,7.754572530262964e-19,3.4305568292641707e-06,1.0291670487792511e-05,0.062494871254571274,0.2499794850182851,3.514707993298555e-21,2.4602955953089885e-20,1.2038016752762903e-06,8.426611726934033e-06,2.8928063922694546e-19,3.4464684237594117e-19,4.574064814725603e-06,4.6862660979821286e-21,1.6050650552756091e-06,1.6050650552756138e-06
t0_10s,10.0,130.5809513456454,1.1772520169963705,1177252016.9963706,4.060296670506999e-05,7.389794973789454e-10,7.389794973789454,1.0000000000000004,1.926050542656167e-22,1.926050542656167e-22,0.7500017970608144,0.7500017970608144,2.1702882838996727e-19,4.340576567799345e-19,2.5608157569511066e-19,7.682447270853319e-19,3.4298973913363732e-06,1.028969217400912e-05,0.06249487113710381,0.24997948454841523,3.54856206364063e-21,2.4839934445484412e-20,1.2040997995612157e-06,8.42869859692851e-06,2.8937107783005665e-19,3.4144128280581454e-19,4.573185564058399e-06,4.7314047480247475e-21,1.605462552596498e-06,1.6054625525965026e-06
t0_10s,10.0,132.31293067552352,1.1713294752055274,1171329475.2055275,3.972399930078236e-05,7.340044646540686e-10,7.340044646540686,1.0000000000000002,1.8850878481754676e-22,1.8850878481754676e-22,0.750001797412732,0.750001797412732,2.1709983028188717e-19,4.341996605637743e-19,2.5370649054118763e-19,7.611194716235629e-19,3.429254487319261e-06,1.0287763461957782e-05,0.062494871022076334,0.24997948408830534,3.5828405277677466e-21,2.5079883694374226e-20,1.2043907858790245e-06,8.430735501153172e-06,2.894657466566249e-19,3.3827451002970186e-19,4.572328358610739e-06,4.777109255107666e-21,1.605850532670442e-06,1.6058505326704468e-06
t0_10s,10.0,134.06788236368357,1.1654367286503333,1165436728.6503334,3.8864059661224704e-05,7.29062925349107e-10,7.29062925349107,1.0000000000000007,1.845028720336366e-22,1.845028720336366e-22,0.7500017977554945,0.7500017977554945,2.1717397856009673e-19,4.343479571201935e-19,2.513601057097336e-19,7.540803171292008e-19,3.428627718476249e-06,1.0285883155428746e-05,0.062494870909451015,0.24997948363780406,3.61755000665707e-21,2.5322850046599487e-20,1.2046747923747055e-06,8.432723546622939e-06,2.8956461065830254e-19,3.3514600426555063e-19,4.571492666733586e-06,4.82338844717865e-21,1.6062292063564326e-06,1.6062292063564374e-06
t0_10s,10.0,135.84611110732152,1.1595736274363508,1159573627.4363508,3.8022735875979275e-05,7.241546539762611e-10,7.241546539762611,1.0000000000000007,1.8058523665842607e-22,1.8058523665842607e-22,0.7500017980893375,0.7500017980893375,2.172512468061044e-19,4.345024936122088e-19,2.490420321555775e-19,7.471260964667325e-19,3.4280166926417944e-06,1.0284050077925383e-05,0.062494870799189785,0.24997948319675914,3.652697231583864e-21,2.5568880621087048e-20,1.2049519751367614e-06,8.434663825957329e-06,2.896676346104256e-19,3.3205524678743834e-19,4.570677965539306e-06,4.8702512992492424e-21,1.6065987817714962e-06,1.606598781771501e-06
t0_10s,10.0,137.6479256450286,1.1537400224232348,1153740022.4232347,3.719962495160814e-05,7.192794265657835e-10,7.1927942656578345,1.0000000000000004,1.7675387964569322e-22,1.7675387964569322e-22,0.7500017984144917,0.7500017984144917,2.17331608644625e-19,4.3466321728925e-19,2.467518871607022e-19,7.402556614821066e-19,3.4274210261890165e-06,1.028226307856705e-05,0.06249487069125466,0.24997948276501863,3.6882890418911576e-21,2.5818023293238102e-20,1.2052224873734802e-06,8.436557411614362e-06,2.897747833459404e-19,3.290017273056374e-19,4.569883743525156e-06,4.917706930420997e-21,1.6069594631923921e-06,1.606959463192397e-06
t0_10s,10.0,139.47363881039468,1.1479357652209383,1147935765.2209382,3.63943326186195e-05,7.144370206557588e-10,7.144370206557588,1.0000000000000004,1.730068696840448e-22,1.730068696840448e-22,0.750001798731181,0.750001798731181,2.1741503788039413e-19,4.348300757607883e-19,2.4448929661548636e-19,7.334678898464591e-19,3.4268403452904002e-06,1.02805210358712e-05,0.06249487058560785,0.2499794823424314,3.724332380835023e-21,2.6070326665845164e-20,1.205486478874358e-06,8.438405352120506e-06,2.898860219378234e-19,3.2598494700826353e-19,4.569109502254226e-06,4.96576459834587e-21,1.607311450337513e-06,1.607311450337518e-06
t0_10s,10.0,141.32356758632366,1.1421607081859368,1142160708.185937,3.560647314261293e-05,7.096272152819526e-10,7.096272152819527,1.0000000000000002,1.6934231122966049e-22,1.6934231122966049e-22,0.7500017990396232,0.7500017990396232,2.1750150853853615e-19,4.350030170770723e-19,2.42253894765045e-19,7.267616842951351e-19,3.426274285998782e-06,1.0278822857996346e-05,0.06249487048221189,0.24997948192884756,3.7608342982224825e-21,2.6325840087557378e-20,1.2057440959474067e-06,8.440208671631848e-06,2.9000131575290447e-19,3.230044182230642e-19,4.568354756463417e-06,5.014433702743418e-21,1.6076549382832964e-06,1.6076549382833015e-06
t0_10s,10.0,143.19803316006747,1.1364147044174755,1136414704.4174755,3.48356691395131e-05,7.048497909677304e-10,7.0484979096773035,1.0000000000000002,1.6575833353565957e-22,1.6575833353565957e-22,0.7500017993400299,0.7500017993400299,2.1759099480727886e-19,4.351819896145577e-19,2.4004532254939807e-19,7.201359676481942e-19,3.4257224934908457e-06,1.0277167480472538e-05,0.06249487038102952,0.24997948152411809,3.797801958874129e-21,2.6584613712118902e-20,1.2059954816953389e-06,8.441968371867371e-06,2.9012063037548685e-19,3.2005966220431454e-19,4.567619033054771e-06,5.0637237966842685e-21,1.6079901178324696e-06,1.6079901178324747e-06
t0_10s,10.0,145.09736097899201,1.1306976077538298,1130697607.7538297,3.408155139480278e-05,7.001045297140371e-10,7.0010452971403705,1.0000000000000004,1.6225310592236992e-22,1.6225310592236992e-22,0.7500017996326074,0.7500017996326074,2.1768347097706405e-19,4.353669419541281e-19,2.3786322663393005e-19,7.135896799017901e-19,3.4251846214986706e-06,1.0275553864496012e-05,0.06249487028202374,0.24997948112809495,3.835242645763289e-21,2.6846698520343024e-20,1.2062407762174536e-06,8.443685433522175e-06,2.90243931526161e-19,3.1715020784009944e-19,4.566901870337533e-06,5.113644590775655e-21,1.608317175783228e-06,1.608317175783233e-06
t0_10s,10.0,147.0218808070815,1.1250092727685863,1125009272.7685864,3.3343758686669284e-05,6.953912149894528e-10,6.953912149894528,1.0000000000000004,1.5882485465745599e-22,1.5882485465745599e-22,0.7500017999175567,0.7500017999175567,2.177789113610982e-19,4.355578227221964e-19,2.3570725856039985e-19,7.0712177568119955e-19,3.4246603314988844e-06,1.0273980994496652e-05,0.0624948701851577,0.2499794807406308,3.873163754180772e-21,2.7112146279265403e-20,1.2064801169094547e-06,8.445360818366184e-06,2.9037118495587256e-19,3.142755905203291e-19,4.566202816947022e-06,5.1642059453811e-21,1.6086362953289927e-06,1.6086362953289978e-06
t0_10s,10.0,148.97192678219193,1.1193495547669496,1119349554.7669497,3.262193761298028e-05,6.907096317203171e-10,6.9070963172031705,1.0000000000000004,1.5547185787586828e-22,1.5547185787586828e-22,0.7500018001950739,0.7500018001950739,2.178772903259509e-19,4.357545806519018e-19,2.3357707557099223e-19,7.007312267129767e-19,3.424149292887572e-06,1.0272447878662716e-05,0.06249487009039482,0.24997948036157927,3.911572784423216e-21,2.738100949096251e-20,1.2067136383689783e-06,8.446995468582848e-06,2.9050235648671974e-19,3.1143535323547135e-19,4.56552143207784e-06,5.215417860871566e-21,1.6089476559324451e-06,1.6089476559324504e-06
t0_10s,10.0,150.94783747406527,1.1137183097820544,1113718309.7820544,3.1915742422003475e-05,6.860595662809058e-10,6.860595662809057,1.0000000000000004,1.52192420072612e-22,1.52192420072612e-22,0.7500018004653498,0.7500018004653498,2.1797858231924006e-19,4.359571646384801e-19,2.3147234077929875e-19,6.944170223378963e-19,3.4236511829382614e-06,1.0270953548814785e-05,0.062494869997698765,0.24997947999079506,3.950477356983086e-21,2.76533414988816e-20,1.2069414723886748e-06,8.448590306720723e-06,2.9063741204886707e-19,3.086290468045254e-19,4.564857285427856e-06,5.267290497878743e-21,1.6092514333163066e-06,1.6092514333163119e-06
t0_10s,10.0,152.94995594311243,1.108115394571308,1108115394.5713081,3.1224834846792335e-05,6.814408064836883e-10,6.814408064836883,1.0000000000000004,1.4898486994328624e-22,1.4898486994328624e-22,0.7500018007285705,0.7500018007285705,2.1808276186418477e-19,4.361655237283695e-19,2.2939272293032565e-19,6.88178168790977e-19,3.423165686638232e-06,1.0269497059914697e-05,0.0624948699070335,0.249979479628134,3.989885240101437e-21,2.792919668071006e-20,1.2071637479992888e-06,8.450146235995022e-06,2.9077631767328254e-19,3.0585622955503287e-19,4.564209956979948e-06,5.31983421403197e-21,1.6095477995207741e-06,1.6095477995207794e-06
t0_10s,10.0,154.9786297999755,1.1025406666127446,1102540666.6127446,3.0548883943156376e-05,6.768531415696464e-10,6.768531415696463,1.0000000000000002,1.4584758311837157e-22,1.4584758311837157e-22,0.7500018009849171,0.7500018009849171,2.1818980352678e-19,4.3637960705356e-19,2.273378961080579e-19,6.820136883241737e-19,3.422692496471357e-06,1.0268077489414071e-05,0.06249486981836328,0.24997947927345313,4.029804337328703e-21,2.820863036130092e-20,1.2073805915352809e-06,8.451664140746966e-06,2.909190394479705e-19,3.031164669331638e-19,4.5635790367124585e-06,5.373059547372666e-21,1.609836922991018e-06,1.6098369229910234e-06
t0_10s,10.0,157.0342112658808,1.0969939841014007,1096993984.1014006,2.9887565931139107e-05,6.722963621986519e-10,6.722963621986519,1.0000000000000004,1.427789899646178e-22,1.427789899646178e-22,0.7500018012345662,0.7500018012345662,2.1829968189688453e-19,4.365993637937691e-19,2.253075395813891e-19,6.759226187441673e-19,3.422231312211466e-06,1.0266693936634398e-05,0.062494869731652664,0.24997947892661065,4.07024262526677e-21,2.849169837686739e-20,1.2075921266971864e-06,8.453144886880305e-06,2.9106554349275543e-19,3.004093312982901e-19,4.562964124323682e-06,5.426977133343957e-21,1.6101189686603257e-06,1.6101189686603313e-06
t0_10s,10.0,159.11705723379148,1.0914752059457087,1091475205.9457088,2.9240564039927833e-05,6.677702604399195e-10,6.677702604399196,1.0000000000000004,1.397775530137897e-22,1.397775530137897e-22,0.7500018014776897,0.7500018014776897,2.1841237159884436e-19,4.368247431976887e-19,2.233013377453043e-19,6.699040132359129e-19,3.421781840744509e-06,1.0265345522233527e-05,0.06249486964686654,0.24997947858746616,4.111208150233849e-21,2.877845705163694e-20,1.2077984746033095e-06,8.454589322223166e-06,2.9121579597344673e-19,2.9773440184456258e-19,4.562364828994743e-06,5.48159770034385e-21,1.610394098019027e-06,1.6103940980190325e-06
t0_10s,10.0,161.22752933037214,1.085984191763907,1085984191.763907,2.8607568356120616e-05,6.632746297625188e-10,6.632746297625188,1.0000000000000002,1.368417504903023e-22,1.368417504903023e-22,0.7500018017144553,0.7500018017144553,2.185278472987851e-19,4.370556945975702e-19,2.2131898005204236e-19,6.63956940156127e-19,3.4213437959075703e-06,1.0264031387722711e-05,0.06249486956397011,0.24997947825588043,4.152709179009413e-21,2.906896425306589e-20,1.207999753835508e-06,8.455998276848556e-06,2.9136976311156147e-19,2.950912645091273e-19,4.561780769174956e-06,5.5369322707180035e-21,1.6106624691755395e-06,1.610662469175545e-06
t0_10s,10.0,163.36599397877518,1.0805208018804677,1080520801.8804677,2.7988275675277704e-05,6.588092650259433e-10,6.5880926502594335,1.0000000000000002,1.3397009491027184e-22,1.3397009491027184e-22,0.7500018019450262,0.7500018019450262,2.186460836808308e-19,4.372921673616616e-19,2.1936016088898405e-19,6.580804826669522e-19,3.4209168983240183e-06,1.0262750694972055e-05,0.062494869482928914,0.24997947793171565,4.1947543098093234e-21,2.9363280168665264e-20,1.2081960804874432e-06,8.457372563412103e-06,2.9152741115261636e-19,2.9247951180931e-19,4.5612115723620165e-06,5.592992308726201e-21,1.6109242369207025e-06,1.610924236920708e-06
t0_10s,10.0,165.5328224622594,1.075084897322547,1075084897.3225472,2.7382389356687306e-05,6.543739624707561e-10,6.543739624707561,1.0000000000000002,1.3116115371812644e-22,1.3116115371812644e-22,0.7500018021695616,0.7500018021695616,2.187670554166984e-19,4.375341108333968e-19,2.174245793761067e-19,6.5227373812832e-19,3.4205008751960098e-06,1.026150262558803e-05,0.062494869403708866,0.24997947761483547,4.2373521537850736e-21,2.9661465076495514e-20,1.2083875682313312e-06,8.458712977619319e-06,2.9168870632558723e-19,2.898987425725558e-19,4.560656874825346e-06,5.6497892958757e-21,1.6111795528167772e-06,1.611179552816783e-06
t0_10s,10.0,167.72839098865288,1.069676339816447,1069676339.816447,2.67896191812746e-05,6.499685197092916e-10,6.499685197092917,1.0000000000000002,1.2841352615679473e-22,1.2841352615679473e-22,0.7500018023882163,0.7500018023882163,2.188907371902949e-19,4.377814743805898e-19,2.1551193928527054e-19,6.465358178558116e-19,3.420095460305554e-06,1.0260286380916662e-05,0.06249486932627621,0.24997947730510484,4.280510631212765e-21,2.9963574418489357e-20,1.2085743282991994e-06,8.460020298094396e-06,2.918536148757047e-19,2.873485618288116e-19,4.560116321607508e-06,5.707333792508788e-21,1.611428565172456e-06,1.6114285651724617e-06
t0_10s,10.0,169.95308075567036,1.064294991784101,1064294991.7841009,2.620968121258728e-05,6.45592735716418e-10,6.455927357164181,1.0000000000000002,1.2572583246170295e-22,1.2572583246170295e-22,0.7500018026011418,0.7500018026011418,2.190171036924877e-19,4.380342073849754e-19,2.1362194927419038e-19,6.408658478225711e-19,3.4197003937078537e-06,1.0259101181123561e-05,0.062494869250597565,0.24997947700239026,4.3242391814038434e-21,3.0269674269826907e-20,1.208756469592114e-06,8.461295287144799e-06,2.920221030574817e-19,2.8482858112248646e-19,4.559589566115328e-06,5.765638384343345e-21,1.6116714191884982e-06,1.611671419188504e-06
t0_10s,10.0,172.20727801709748,1.058940716339572,1058940716.3395721,2.5642297660789927e-05,6.412464108203641e-10,6.412464108203641,1.0000000000000002,1.2309672244543462e-22,1.2309672244543462e-22,0.7500018028084847,0.7500018028084847,2.1914612960893613e-19,4.382922592178723e-19,2.1175432262733834e-19,6.352629678820151e-19,3.4193154216319492e-06,1.0257946264895847e-05,0.06249486917663994,0.24997947670655976,4.368546872577142e-21,3.0579828108039996e-20,1.208934098704595e-06,8.462538690932166e-06,2.9219413711848874e-19,2.8233841816699e-19,4.559076269987423e-06,5.824715162308302e-21,1.6119082569902836e-06,1.6119082569902896e-06
t0_10s,10.0,174.4913741498533,1.0536133772855714,1053613377.2855713,2.5087196749603082e-05,6.369293466936111e-10,6.369293466936111,1.0000000000000002,1.2052488171246025e-22,1.2052488171246025e-22,0.7500018030103887,0.7500018030103887,2.192777896057928e-19,4.385555792115856e-19,2.0990877695222665e-19,6.2972633085668e-19,3.4189402963363856e-06,1.0256820889009157e-05,0.062494869104370694,0.24997947641748278,4.41344221622944e-21,3.089409551360608e-20,1.2091073199682918e-06,8.463751239778042e-06,2.9236968328028865e-19,2.7987769643977657e-19,4.558576102901753e-06,5.884575475038301e-21,1.612139217686046e-06,1.6121392176860518e-06
t0_10s,10.0,176.805765721941,1.0483128391099938,1048312839.1099938,2.4544112586122575e-05,6.326413463438403e-10,6.326413463438403,1.0000000000000002,1.1800902768733626e-22,1.1800902768733626e-22,0.7500018032069935,0.7500018032069935,2.194120583270492e-19,4.388241166540984e-19,2.0808503411904892e-19,6.242551023571468e-19,3.4185747759686227e-06,1.0255724327905868e-05,0.06249486903375759,0.24997947613503035,4.458934728278455e-21,3.1212543097949185e-20,1.2092762354948422e-06,8.464933648463896e-06,2.92548707734898e-19,2.774460451018668e-19,4.558088742388167e-06,5.9452320103926874e-21,1.6123644374240167e-06,1.6123644374240227e-06
t0_10s,10.0,179.15085456130092,1.0430389669824718,1043038966.9824718,2.4012785033457023e-05,6.283822141049445e-10,6.283822141049445,1.0000000000000002,1.1554790500656816e-22,1.1554790500656816e-22,0.7500018033984354,0.7500018033984354,2.195489103935211e-19,4.390978207870422e-19,2.0628282026871358e-19,6.188484608061407e-19,3.418218624427983e-06,1.0254655873283949e-05,0.062494868964768774,0.2499794758590751,4.505034173727141e-21,3.153523921608999e-20,1.2094409452179483e-06,8.466086616525638e-06,2.9273117664343355e-19,2.750430990085589e-19,4.557613873645672e-06,6.006697788343664e-21,1.612584049448529e-06,1.612584049448535e-06
t0_10s,10.0,181.52704782557615,1.0377916267509446,1037791626.7509446,2.349295958612243e-05,6.241517556280982e-10,6.241517556280982,1.0000000000000002,1.1314028605567636e-22,1.1314028605567636e-22,0.7500018035848469,0.7500018035848469,2.1968832039289593e-19,4.393766407857919e-19,2.045018656867564e-19,6.135055970602692e-19,3.4178716111908877e-06,1.0253614833572663e-05,0.062494868897372796,0.24997947558949118,4.5517493803740815e-21,3.186224566261857e-20,1.2096015469520281e-06,8.467210828664197e-06,2.929170561228428e-19,2.726684985413123e-19,4.55715118930941e-06,6.068984579260611e-21,1.612798184178216e-06,1.612798184178222e-06
t0_10s,10.0,183.934758072804,1.0325706849382468,1032570684.9382467,2.2984387248134386e-05,6.199497778728929e-10,6.199497778728929,1.0000000000000002,1.1078497232509073e-22,1.1078497232509073e-22,0.7500018037663574,0.7500018037663574,2.1983026287614803e-19,4.396605257522961e-19,2.0274190475355327e-19,6.082257142606598e-19,3.4175335112117604e-06,1.025260053363528e-05,0.062494868831538576,0.2499794753261543,4.599090094594428e-21,3.2193630662161e-20,1.209758136419762e-06,8.468306954938334e-06,2.931063122411238e-19,2.7032188954136434e-19,4.55670038931853e-06,6.1321053782787295e-21,1.6130069692427423e-06,1.6130069692427485e-06
t0_10s,10.0,186.3744033330453,1.0273760087387116,1027376008.7387116,2.2486824413739083e-05,6.157760890985268e-10,6.1577608909852675,1.0000000000000002,1.0848079332895569e-22,1.0848079332895569e-22,0.7500018039430928,0.7500018039430928,2.199747123610763e-19,4.399494247221526e-19,2.0100267598435634e-19,6.030080279530691e-19,3.417204104871499e-06,1.0251612314614496e-05,0.062494868767235486,0.24997947506894194,4.647067133099599e-21,3.252946993169719e-20,1.2099108072599682e-06,8.469375650819776e-06,2.9329891102204217e-19,2.6800292336311184e-19,4.556261180847484e-06,6.196074607644811e-21,1.6132105294933017e-06,1.6132105294933078e-06
t0_10s,10.0,188.84640718096293,1.0222074660147942,1022207466.0147942,2.2000032750726362e-05,6.116304988550544e-10,6.116304988550544,1.0000000000000002,1.0622660454429739e-22,1.0622660454429739e-22,0.7500018041151763,0.7500018041151763,2.2012164331847836e-19,4.402432866369567e-19,1.992839217774369e-19,5.978517653323107e-19,3.4168831777488433e-06,1.025064953324653e-05,0.06249486870443327,0.24997947481773308,4.695689623630159e-21,3.286982736541111e-20,1.2100596511108395e-06,8.470417557775876e-06,2.934948184266964e-19,2.6571125653830197e-19,4.555833278001181e-06,6.2609044376499276e-21,1.6134089871136004e-06,1.6134089871136068e-06
t0_10s,10.0,191.35119880936364,1.017064925293708,1017064925.2937081,2.1523779086268494e-05,6.075128179746922e-10,6.075128179746922,1.0000000000000002,1.0402128752276656e-22,1.0402128752276656e-22,0.7500018042827268,0.7500018042827268,2.202710301711636e-19,4.405420603423272e-19,1.9758538840486294e-19,5.927561652145889e-19,3.4165705205354813e-06,1.0249711561606444e-05,0.0624948686431021,0.2499794745724084,4.744966528816938e-21,3.321476570171857e-20,1.2102047576332074e-06,8.471433303432452e-06,2.936940003522024e-19,2.6344655076373597e-19,4.555416401701806e-06,6.326606818439382e-21,1.6136024616508773e-06,1.6136024616508837e-06
t0_10s,10.0,193.88921310371478,1.0119482557640849,1011948255.7640848,2.1057835295231327e-05,6.034228585631998e-10,6.034228585631998,1.0000000000000002,1.0186374912986252e-22,1.0186374912986252e-22,0.7500018044458615,0.7500018044458615,2.20422847278832e-19,4.40845694557664e-19,1.9590682575015224e-19,5.877204772504567e-19,3.41626592881211e-06,1.024879778643633e-05,0.062494868583212515,0.24997947433285006,4.794910858959123e-21,3.3564376012713855e-20,1.2103462145934753e-06,8.472423502154328e-06,2.9389642261153134e-19,2.612084725514733e-19,4.555010279390216e-06,6.3931990970366265e-21,1.6137910701264768e-06,1.6137910701264831e-06
t0_10s,10.0,196.46089071764985,1.006857327272644,1006857327.272644,2.0601978190901724e-05,5.993604339912891e-10,5.993604339912891,1.0000000000000002,9.975292140173916e-23,9.975292140173916e-23,0.750001804604694,0.750001804604694,2.2057706895804566e-19,4.411541379160913e-19,1.9424798760997085e-19,5.827439628299125e-19,3.4159692031627694e-06,1.0247907609488308e-05,0.06249486852473552,0.24997947409894208,4.845532202197153e-21,3.391872541538007e-20,1.210484107803058e-06,8.473388754621405e-06,2.941020509601386e-19,2.589966936310957e-19,4.554614645178402e-06,6.460694057597773e-21,1.6139749269551048e-06,1.6139749269551114e-06
t0_10s,10.0,199.06667814947602,1.0017920103208813,1001792010.3208812,2.015598941808172e-05,5.953253588861227e-10,5.953253588861227,1.0000000000000004,9.768776197194425e-23,9.768776197194425e-23,0.750001804759335,0.750001804759335,2.207336694617076e-19,4.414673389234152e-19,1.9260863146117301e-19,5.77825894383519e-19,3.4156801488917484e-06,1.0247040446675245e-05,0.062494868467642524,0.2499794738705701,4.896838228252731e-21,3.4277867597769117e-20,1.2106185212274233e-06,8.474329648591963e-06,2.9431085106860235e-19,2.568108906390944e-19,4.5542292394720195e-06,6.52910192639344e-21,1.6141541440902181e-06,1.6141541440902247e-06
t0_10s,10.0,200.0,1.0,1000000000.0,1.9999999999999998e-05,5.938994834399529e-10,5.938994834399529,1.0000000000000004,9.696554232107761e-23,9.696554232107761e-23,0.7500018048132336,0.7500018048132336,2.2078982905108124e-19,4.415796581021625e-19,1.9203138014347374e-19,5.760941404304212e-19,3.4155793644912584e-06,1.0246738093473776e-05,0.06249486844770596,0.24997947379082383,4.915222092281991e-21,3.440655464597394e-20,1.2106654070691574e-06,8.474657849484102e-06,2.9438573031975917e-19,2.56041224049179e-19,4.5540948602674495e-06,6.553613685644378e-21,1.6142166582794273e-06,1.6142166582794339e-06
t0_10s,10.0,201.70702781969507,0.9951730525279525,995173052.5279526,1.9758288355532184e-05,5.953007755805731e-10,5.953007755805731,1.0000000000000016,9.55492127239711e-23,9.55492127239711e-23,0.7500018049097062,0.7500018049097062,2.2089376063883223e-19,4.417875212776645e-19,1.909724090355282e-19,5.729172271065847e-19,3.415398911318411e-06,1.0246196733955234e-05,0.062494868411960294,0.24997947364784118,4.962558337145061e-21,3.4737908360015424e-20,1.2107493886025645e-06,8.475245720217952e-06,2.945243053987396e-19,2.546292659369262e-19,4.553854256030218e-06,6.61672852606336e-21,1.614328633180194e-06,1.6143286331802005e-06
t0_10s,10.0,204.38239814955378,0.9877355310823928,987735531.0823928,1.9389308870638444e-05,5.974798331504752e-10,5.974798331504752,1.0000000000000018,9.313370009596198e-23,9.313370009596198e-23,0.750001805055332,0.750001805055332,2.210610332846621e-19,4.421220665693242e-19,1.8928763956466104e-19,5.678629186939832e-19,3.4151263433837916e-06,1.0245379030151376e-05,0.0624948683578309,0.2499794734313236,5.041278625829539e-21,3.528895038080677e-20,1.2108763308482248e-06,8.476134315937573e-06,2.94747334999218e-19,2.523829119993867e-19,4.553490832107848e-06,6.7216886570794515e-21,1.614497888786936e-06,1.6144978887869429e-06
t0_10s,10.0,207.09325364063497,0.9803535946681123,980353594.6681124,1.9027219955303296e-05,5.996668670108303e-10,5.996668670108303,1.0000000000000016,9.065026595985421e-23,9.065026595985421e-23,0.750001805196296,0.750001805196296,2.2123542012781416e-19,4.424708402556283e-19,1.8755994267683238e-19,5.626798280304972e-19,3.414862304930613e-06,1.0244586914791838e-05,0.06249486830523854,0.24997947322095415,5.121614139963923e-21,3.5851298979747463e-20,1.2109994052371849e-06,8.476995836660294e-06,2.9497985017504162e-19,2.5007932164608965e-19,4.553138780828467e-06,6.828802416846791e-21,1.614661987273795e-06,1.6146619872738017e-06
t0_10s,10.0,209.84006495550537,0.9730268278650388,973026827.8650388,1.8671892930424545e-05,6.018619063583006e-10,6.018619063583006,1.0000000000000016,8.817707760137435e-23,8.817707760137435e-23,0.7500018053327413,0.7500018053327413,2.2141666585901096e-19,4.428333317180219e-19,1.857985488658631e-19,5.573956465975893e-19,3.4146065468428403e-06,1.024381964052852e-05,0.062494868254148565,0.24997947301659426,5.203598955902956e-21,3.642519269132069e-20,1.2111187179126286e-06,8.4778310253884e-06,2.952215105146028e-19,2.4773080217244654e-19,4.552797770037282e-06,6.938115240395133e-21,1.6148210701643724e-06,1.6148210701643794e-06
t0_10s,10.0,212.62330899943314,0.9657548183577803,965754818.3577803,1.8323201519939588e-05,6.040649804964221e-10,6.040649804964222,1.0000000000000016,8.573946246636729e-23,8.573946246636729e-23,0.7500018054648069,0.7500018054648069,2.216045763689287e-19,4.432091527378574e-19,1.8401141338611092e-19,5.520342401583328e-19,3.4143588267427363e-06,1.0243076480228209e-05,0.0624948682045267,0.2499794728181068,5.287272787019765e-21,3.701090950913836e-20,1.2112343725271201e-06,8.47864060768984e-06,2.9547205720603733e-19,2.4534796055867023e-19,4.552467476563897e-06,7.049680078760645e-21,1.6149752756614614e-06,1.6149752756614683e-06
t0_10s,10.0,215.44346900318823,0.9585371569124244,958537156.9124243,1.798102180594944e-05,6.062761188359949e-10,6.062761188359949,1.0000000000000016,8.334667054817113e-23,8.334667054817113e-23,0.750001805592627,0.750001805592627,2.217989851263485e-19,4.43597970252697e-19,1.8220539141015664e-19,5.466161742304699e-19,3.4141189088771175e-06,1.0242356726631352e-05,0.06249486815633903,0.2499794726253561,5.372675955415487e-21,3.760873168790841e-20,1.2113464702623106e-06,8.479425291836175e-06,2.957312682082014e-19,2.4293993701279676e-19,4.552147586070666e-06,7.163550694614893e-21,1.615124738673321e-06,1.6151247386733283e-06
t0_10s,10.0,218.30103460694198,0.951373437353507,951373437.353507,1.764523218468069e-05,6.084953508954715e-10,6.084953508954715,1.0000000000000016,8.100280411145354e-23,8.100280411145354e-23,0.7500018057163322,0.7500018057163322,2.219997419142831e-19,4.439994838285662e-19,1.803863902197607e-19,5.411591706592821e-19,3.4138865639553296e-06,1.024165969186599e-05,0.06249486810955208,0.2499794724382083,5.459849580696695e-21,3.821894706487686e-20,1.2114551098711624e-06,8.480185769098136e-06,2.959989432322093e-19,2.4051460789147346e-19,4.5518377928366475e-06,7.279781913967463e-21,1.615269590869975e-06,1.6152695908699823e-06
t0_10s,10.0,221.19650194527856,0.9442632565411564,944263256.5411564,1.731571332327026e-05,6.1072270630136e-10,6.1072270630136005,1.0000000000000016,7.871010231260677e-23,7.871010231260677e-23,0.7500018058360494,0.7500018058360494,2.222067083094422e-19,4.444134166188844e-19,1.7855950373832096e-19,5.356785112149628e-19,3.413661568940872e-06,1.0240984706822616e-05,0.062494868064132784,0.24997947225653114,5.548835717833146e-21,3.8841850024832027e-20,1.2115603877408721e-06,8.480922714186105e-06,2.962748977140685e-19,2.380787650761392e-19,4.551537799479778e-06,7.398429809975849e-21,1.6154099607671073e-06,1.6154099607671147e-06
t0_10s,10.0,224.13037373333484,0.9372062143484059,937206214.3484058,1.6992348117356643e-05,6.129582147886098e-10,6.129582147886098,1.0000000000000016,7.646991783579047e-23,7.646991783579047e-23,0.7500018059519011,0.7500018059519011,2.224197554402684e-19,4.448395108805368e-19,1.767291239072928e-19,5.301873717218784e-19,3.4134437068938562e-06,1.0240331120681569e-05,0.062494868020048513,0.24997947208019405,5.639677388695208e-21,3.9477741720866454e-20,1.2116623979358753e-06,8.481636785551127e-06,2.965589598254015e-19,2.356382644745615e-19,4.551247316746816e-06,7.519551744995251e-21,1.6155459737834034e-06,1.615545973783411e-06
t0_10s,10.0,227.1031593540831,0.930201913638674,930201913.638674,1.6675021649463393e-05,6.152019062010147e-10,6.1520190620101465,1.0000000000000013,7.428303031354803e-23,7.428303031354803e-23,0.7500018060640068,0.7500018060640068,2.2263876268821804e-19,4.452775253764361e-19,1.7489902606466172e-19,5.246970781939852e-19,3.4132327669752503e-06,1.0239698300925752e-05,0.06249486797726712,0.24997947190906847,5.732418619641075e-21,4.0126930337487524e-20,1.2117612321739805e-06,8.482328625217863e-06,2.9685096874182404e-19,2.331981398585265e-19,4.550966063518996e-06,7.643206420694749e-21,1.6156777522087276e-06,1.6156777522087352e-06
t0_10s,10.0,230.11537494677012,0.9232499602434191,923249960.243419,1.636362114815997e-05,6.174538104916118e-10,6.1745381049161185,1.0000000000000016,7.214985629929897e-23,7.214985629929897e-23,0.750001806172482,0.750001806172482,2.228636161793834e-19,4.457272323587668e-19,1.730724679145597e-19,5.1921740374367915e-19,3.4130285440444717e-06,1.0239085632133415e-05,0.06249486793575687,0.24997947174302748,5.827104467967154e-21,4.078973127577008e-20,1.2118569799750208e-06,8.482998859825145e-06,2.9715077263177983e-19,2.307627348230109e-19,4.550693766275489e-06,7.769453913324394e-21,1.6158054154023242e-06,1.615805415402332e-06
t0_10s,10.0,233.16754349653044,0.9163499629399553,916349962.9399554,1.6058035947984753e-05,6.197139577230744e-10,6.197139577230744,1.0000000000000013,7.007050014881611e-23,7.007050014881611e-23,0.7500018062774386,0.7500018062774386,2.2309420800893195e-19,4.461884160178639e-19,1.712522509164376e-19,5.137567527493128e-19,3.412830838657564e-06,1.0238492515972692e-05,0.06249486789548656,0.24997947158194625,5.92378106147439e-21,4.146646743032073e-20,1.2119497286417242e-06,8.48364810049207e-06,2.9745822762246197e-19,2.2833578463821515e-19,4.550430159090975e-06,7.898355726470186e-21,1.6159290797673134e-06,1.6159290797673212e-06
t0_10s,10.0,236.26019492518702,0.9095015334294383,909501533.4294382,1.575815745011712e-05,6.219823780681235e-10,6.219823780681235,1.0000000000000013,6.80448106361595e-23,6.80448106361595e-23,0.7500018063789857,0.7500018063789857,2.233304353488909e-19,4.466608706977818e-19,1.694407843418015e-19,5.083223530254045e-19,3.4126394568237867e-06,1.023791837047136e-05,0.062494867856425426,0.2499794714257017,6.02249562277287e-21,4.2157469359410094e-20,1.2120395633443086e-06,8.48427694341016e-06,2.9777319661019474e-19,2.259205016583398e-19,4.550174983311087e-06,8.029974823460124e-21,1.61604885886348e-06,1.616048858863488e-06
t0_10s,10.0,239.39386618325767,0.902704286315012,902704286.315012,1.5463879083783294e-05,6.242591018099203e-10,6.242591018099203,1.0000000000000013,6.6072431971652e-23,6.6072431971652e-23,0.7500018064772288,0.7500018064772288,2.2357219985199157e-19,4.471443997039831e-19,1.6764013206394534e-19,5.02920396191836e-19,3.4124542099945596e-06,1.0237362629983679e-05,0.062494867818543194,0.24997947127417278,6.123296504074567e-21,4.2863075528521973e-20,1.2121265671069738e-06,8.484885969748817e-06,2.980955484655617e-19,2.2351963770774617e-19,4.5499279875376764e-06,8.164375673754434e-21,1.616164863389267e-06,1.6161648633892752e-06
t0_10s,10.0,242.56910134318136,0.8959578390801205,895957839.0801204,1.5175096268383433e-05,6.265441593424797e-10,6.265441593424797,1.0000000000000013,6.415284303549819e-23,6.415284303549819e-23,0.7500018065722702,0.7500018065722702,2.238194069262855e-19,4.47638813852571e-19,1.6585206324194438e-19,4.975561897258331e-19,3.41227491477948e-06,1.0236824744338441e-05,0.0624948677818101,0.2499794711272404,6.226233219772843e-21,4.35836325384099e-20,1.2122108209120284e-06,8.485475746384198e-06,2.9842515706622937e-19,2.211355516594517e-19,4.549688927250168e-06,8.30162429638479e-21,1.6162772013206073e-06,1.6162772013206156e-06
t0_10s,10.0,245.7864516937804,0.8892618120669813,889261812.0669813,1.4891706376325666e-05,6.2883758117107e-10,6.288375811710701,1.0000000000000013,6.228538341872236e-23,6.228538341872236e-23,0.7500018066642092,0.7500018066642092,2.2407196531595914e-19,4.481439306319183e-19,1.6407808654027635e-19,4.922342596208291e-19,3.412101392932673e-06,1.023630417879802e-05,0.06249486774619685,0.2499794709847874,6.3313564722938805e-21,4.4319495306057165e-20,1.2122924036893352e-06,8.486046825825347e-06,2.9876190073803464e-19,2.18770255061182e-19,4.549457564787359e-06,8.441788294422809e-21,1.616385977896854e-06,1.6163859778968626e-06
t0_10s,10.0,249.04647583597634,0.8826158284552218,882615828.4552218,1.4613608696554358e-05,6.311393979126201e-10,6.311393979126201,1.000000000000001,6.046928195582667e-23,6.046928195582667e-23,0.7500018067531422,0.7500018067531422,2.2432978658907434e-19,4.486595731781487e-19,1.6231948620694357e-19,4.869584586208307e-19,3.411933471140255e-06,1.0235800413420765e-05,0.062494867711674694,0.24997947084669878,6.4387181938861654e-21,4.5071027357203156e-20,1.2123713923920422e-06,8.486599746744295e-06,2.991056615719739e-19,2.1642546023941762e-19,4.549233669064039e-06,8.584936910699235e-21,1.6164912957217525e-06,1.6164912957217612e-06
t0_10s,10.0,252.34973977977427,0.8760195142406728,876019514.2406728,1.4340704398759578e-05,6.334496402961339e-10,6.3344964029613395,1.000000000000001,5.870367818732837e-23,5.870367818732837e-23,0.7500018068391628,0.7500018068391628,2.2459278476923306e-19,4.491855695384661e-19,1.6057735003825092e-19,4.817320501147528e-19,3.4117709809188604e-06,1.023531294275658e-05,0.062494867678215354,0.24997947071286142,6.548371569125484e-21,4.583860098387839e-20,1.212447862025565e-06,8.487135034178955e-06,2.9945632493309014e-19,2.1410261758567546e-19,4.549017015435686e-06,8.731141057810513e-21,1.6165932548020824e-06,1.616593254802091e-06
t0_10s,10.0,255.69681704253486,0.8694724982143215,869472498.2143215,1.4072896498254567e-05,6.35768339163093e-10,6.35768339163093,1.0000000000000016,5.698764051869318e-23,5.698764051869318e-23,0.7500018069223617,0.7500018069223617,2.248608760124228e-19,4.497217520248456e-19,1.5885259405123293e-19,4.765577821536988e-19,3.4116137585174527e-06,1.0234841275552358e-05,0.06249486764579109,0.24997947058316436,6.6603710718758455e-21,4.662259750313092e-20,1.2125218856757732e-06,8.487653199730413e-06,2.998137790296015e-19,2.1180294845299879e-19,4.548807385567558e-06,8.880473367399914e-21,1.6166919525852427e-06,1.6166919525852516e-06
t0_10s,10.0,259.08828874854976,0.8629744119414209,862974411.9414209,1.381008982150949e-05,6.380955254678744e-10,6.380955254678744,1.0000000000000013,5.532018240981414e-23,5.532018240981414e-23,0.7500018070028266,0.7500018070028266,2.2513397828097806e-19,4.502679565619561e-19,1.5714598528218417e-19,4.714379558465525e-19,3.411461644743572e-06,1.0234384934230716e-05,0.06249486761437463,0.24997947045749852,6.774772509691465e-21,4.742340756784026e-20,1.2125935345709515e-06,8.48815474199666e-06,3.0017791447818416e-19,2.095274755539248e-19,4.548604567203016e-06,9.033008249360034e-21,1.6167874840418638e-06,1.616787484041873e-06
t0_10s,10.0,262.52474372993663,0.8565248897407548,856524889.7407548,1.3552190972328554e-05,6.404312302781618e-10,6.4043123027816184,1.0000000000000013,5.370027521114821e-23,5.370027521114821e-23,0.750001807080643,0.750001807080643,2.254120111031216e-19,4.508240222062432e-19,1.5545816014283725e-19,4.663744804285117e-19,3.411314484869831e-06,1.0233943454609493e-05,0.062494867583939254,0.24997947033575701,6.891633028734438e-21,4.824143120114106e-20,1.2126628781097211e-06,8.488640146768048e-06,3.0054862398336125e-19,2.0727704743532944e-19,4.548408354038851e-06,9.188821898389671e-21,1.6168799417030351e-06,1.6168799417030442e-06
t0_10s,10.0,266.0067786288724,0.8501235686640638,850123568.6640638,1.3299108298659038e-05,6.427754847753574e-10,6.427754847753573,1.0000000000000016,5.2126860030792115e-23,5.2126860030792115e-23,0.7500018071558937,0.7500018071558937,2.256948953606453e-19,4.513897907212906e-19,1.5378964057461255e-19,4.613689217238376e-19,3.411172128536376e-06,1.0233516385609128e-05,0.062494867554458745,0.24997947021783498,7.011011187306259e-21,4.9077078311143814e-20,1.2127299838913102e-06,8.489109887239171e-06,3.009258020544114e-19,2.050523600173755e-19,4.548218545595234e-06,9.347992392035618e-21,1.6169694157006676e-06,1.616969415700677e-06
t0_10s,10.0,269.53499800118465,0.8437700884756146,843770088.4756147,1.3050751860019893e-05,6.451283202550043e-10,6.451283202550043,1.0000000000000018,5.0598856605051884e-23,5.0598856605051884e-23,0.7500018072286588,0.7500018072286588,2.259825530724424e-19,4.519651061448848e-19,1.5214084898039094e-19,4.564225469411728e-19,3.411034429600098e-06,1.0233103288800295e-05,0.062494867525907404,0.24997947010362961,7.13296696091179e-21,4.9930768726382525e-20,1.2127949177699753e-06,8.489564424389828e-06,3.0130934471674596e-19,2.0285397650249473e-19,4.548034947014667e-06,9.510599697444604e-21,1.6170559938400537e-06,1.6170559938400632e-06
t0_10s,10.0,273.1100144213137,0.8374640916319325,837464091.6319325,1.280703339553874e-05,6.474897681271967e-10,6.474897681271967,1.0000000000000016,4.911517118121268e-23,4.911517118121268e-23,0.7500018072990163,0.7500018072990163,2.262749072338495e-19,4.52549814467699e-19,1.505121204758747e-19,4.515363614276241e-19,3.4109012460439427e-06,1.0232703738131828e-05,0.062494867498260005,0.24997946999304002,7.2575617930376e-21,5.08029325512632e-20,1.2128577438837857e-06,8.4900042071865e-06,3.0169914929769833e-19,2.0068234371049643e-19,4.5478573689410575e-06,9.676725739067587e-21,1.617139761638247e-06,1.6171397616382568e-06
t0_10s,10.0,276.7324485886703,0.8312052232616766,831205223.2616765,1.2567866292585731e-05,6.498598599170068e-10,6.498598599170068,1.0000000000000016,4.767470358031874e-23,4.767470358031874e-23,0.7500018073670417,0.7500018073670417,2.265718816650528e-19,4.531437633301056e-19,1.4890371382403843e-19,4.467111414721153e-19,3.410772439863765e-06,1.0232317319591294e-05,0.062494867471491876,0.2499794698859675,7.384858628674645e-21,5.169401040072251e-20,1.2129185246939257e-06,8.49042967285748e-06,3.0209511422439985e-19,1.985378066578002e-19,4.547685627368861e-06,9.84645444335654e-21,1.6172208023764645e-06,1.6172208023764742e-06
t0_10s,10.0,280.4029294354016,0.8249931311456711,824993131.1456711,1.2333165555993169e-05,6.522386272649018e-10,6.522386272649018,1.0000000000000016,4.627635275568912e-23,4.627635275568912e-23,0.7500018074328083,0.7500018074328083,2.268734008895501e-19,4.537468017791002e-19,1.4731582084573838e-19,4.419474625372151e-19,3.4106478769823202e-06,1.023194363094696e-05,0.06249486744557884,0.24997946978231536,7.514921950945433e-21,5.2604453656618035e-20,1.2129773210126107e-06,8.490841247088275e-06,3.024971388617292e-19,1.9642062110488475e-19,4.5475195435284015e-06,1.0019871787600572e-20,1.617299197137308e-06,1.617299197137318e-06
t0_10s,10.0,284.1220942355862,0.8188274656970859,818827465.6970859,1.2102847777849955e-05,6.546261019271644e-10,6.546261019271644,1.0000000000000016,4.491902135311154e-23,4.491902135311154e-23,0.750001807496387,0.750001807496387,2.2717939001842264e-19,4.543587800368453e-19,1.4574857483386765e-19,4.37245724501603e-19,3.410527427145981e-06,1.0231582281437943e-05,0.06249486742049722,0.2499794696819889,7.64781782452631e-21,5.3534724771684166e-20,1.2130341920392661e-06,8.491239344274864e-06,3.0290512335800875e-19,1.9433096477513458e-19,4.547358943748159e-06,1.0197065857822151e-20,1.617375024853003e-06,1.6173750248530132e-06
t0_10s,10.0,287.8905887158811,0.8127078799417589,812707879.9417589,1.1876831107860014e-05,6.570223157763208e-10,6.570223157763208,1.0000000000000016,4.3601619413041273e-23,4.3601619413041273e-23,0.7500018075578471,0.7500018075578471,2.27489774605768e-19,4.54979549211536e-19,1.4420205847726304e-19,4.326061754317891e-19,3.410410963732499e-06,1.0231232891197496e-05,0.06249486739622382,0.24997946958489528,7.783613927031731e-21,5.448529748922211e-20,1.2130891954368896e-06,8.491624368058227e-06,3.0331896845224857e-19,1.922689479200233e-19,4.5472036591984565e-06,1.0378126890622709e-20,1.6174483624072133e-06,1.6174483624072236e-06
t0_10s,10.0,291.70906716763074,0.8066340294986751,806634029.4986751,1.1655035224254484e-05,6.594273008015633e-10,6.594273008015633,1.0000000000000018,4.232306863847609e-23,4.232306863847609e-23,0.7500018076172552,0.7500018076172552,2.278044806153444e-19,4.556089612306888e-19,1.4267630941755038e-19,4.280289282526511e-19,3.410298363764542e-06,1.0230895091293626e-05,0.06249486737273599,0.24997946949094396,7.922379605210566e-21,5.545665723647397e-20,1.2131423873175412e-06,8.491996711222788e-06,3.037385754296725e-19,1.902346207282232e-19,4.547053525909504e-06,1.0563147348110868e-20,1.6175192846156956e-06,1.6175192846157062e-06
t0_10s,10.0,295.57819256046827,0.8006055725605832,800605572.5605832,1.1437381305246884e-05,6.618410891091793e-10,6.618410891091793,1.0000000000000018,4.108230354861225e-23,4.108230354861225e-23,0.7500018076746762,0.7500018076746762,2.281234343371871e-19,4.562468686743742e-19,1.4117132607444797e-19,4.235139782233439e-19,3.4101895078058313e-06,1.0230568523417493e-05,0.06249486735001153,0.24997946940004612,8.064185881814962e-21,5.644930117270473e-20,1.2131938222804722e-06,8.492356755963305e-06,3.041638460105403e-19,1.882279810926576e-19,4.5469083846329195e-06,1.0752221927060895e-20,1.617587864277138e-06,1.6175878642771488e-06
t0_10s,10.0,299.4986366574207,0.7946221698747606,794622169.8747606,1.1223792001021468e-05,6.642637129229801e-10,6.642637129229802,1.0000000000000016,3.987827486696289e-23,3.987827486696289e-23,0.750001807730173,0.750001807730173,2.284465622941544e-19,4.568931245883088e-19,1.3968707293365015e-19,4.1906121880095044e-19,3.4100842798151748e-06,1.0230252839445524e-05,0.06249486732802874,0.24997946931211495,8.209105578834497e-21,5.746373905184148e-20,1.2132435534694979e-06,8.492704874286485e-06,3.045946822255424e-19,1.8624898166099508e-19,4.546768080647101e-06,1.094544772322452e-20,1.6176541722496549e-06,1.617654172249666e-06
t0_10s,10.0,303.47108013153996,0.7886834847239241,788683484.7239242,1.1014191406244653e-05,6.666952045847269e-10,6.666952045847269,1.0000000000000016,3.870995070370272e-23,3.870995070370272e-23,0.7500018077838065,0.7500018077838065,2.2877379120105327e-19,4.575475824021065e-19,1.382234846264861e-19,4.146704538794583e-19,3.4099825670921393e-06,1.0229947701276418e-05,0.06249486730676641,0.24997946922706565,8.357213202220184e-21,5.850049241554129e-20,1.2132916325901435e-06,8.493041428131004e-06,3.0503098636130085e-19,1.8429753527518167e-19,4.546632463684796e-06,1.1142924077629972e-20,1.6177182774736506e-06,1.6177182774736618e-06
t0_10s,10.0,307.49621268408464,0.7827891829072783,782789182.9072783,1.0808505033089818e-05,6.691355965545692e-10,6.691355965545692,1.0000000000000016,3.757631801796791e-23,3.757631801796791e-23,0.7500018078356361,0.7500018078356361,2.291050479030806e-19,4.582100958061612e-19,1.3678046989345607e-19,4.103414096803682e-19,3.4098842601705592e-06,1.0229652780511677e-05,0.06249486728620384,0.24997946914481536,8.508585203714687e-21,5.956009642600281e-20,1.213338109950464e-06,8.493366769653248e-06,3.0547266087829117e-19,1.8237352025614275e-19,4.546501387791108e-06,1.1344752925688088e-20,1.6177802470262428e-06,1.6177802470262542e-06
t0_10s,10.0,311.5747331642646,0.7769389327217094,776938932.7217095,1.0606659784765754e-05,6.715849214114714e-10,6.715849214114714,1.0000000000000016,3.6476384063226835e-23,3.6476384063226835e-23,0.7500018078857189,0.7500018078857189,2.2944025933272256e-19,4.588805186654451e-19,1.3535791494465244e-19,4.060737448339573e-19,3.4097892527367763e-06,1.0229367758210328e-05,0.062494867266320746,0.24997946906528298,8.663299851011188e-21,6.064309895707832e-20,1.2133830344912177e-06,8.493681241438523e-06,3.059196083533753e-19,1.8047678488433394e-19,4.5463747112144845e-06,1.1551038624071229e-20,1.6178401461614959e-06,1.6178401461615075e-06
t0_10s,10.0,315.70734969057816,0.7711324049431196,771132404.9431196,1.040858392953965e-05,6.740432118536531e-10,6.740432118536531,1.0000000000000013,3.540917703069963e-23,3.540917703069963e-23,0.7500018079341106,0.7500018079341106,2.297793524858945e-19,4.59558704971789e-19,1.3395568637053016e-19,4.0186705911159046e-19,3.409697441579895e-06,1.0229092324739684e-05,0.06249486724709736,0.24997946898838944,8.821437331355501e-21,6.175006131948851e-20,1.2134264538020547e-06,8.493985176614383e-06,3.0637173144798753e-19,1.786071512807586e-19,4.54625229634039e-06,1.1761888088849093e-20,1.6178980383320048e-06,1.6178980383320167e-06
t0_10s,10.0,319.8947797737556,0.7653692728078979,765369272.8078979,1.021420707524501e-05,6.765105006990245e-10,6.765105006990245,1.0000000000000016,3.4373746475417227e-23,3.4373746475417227e-23,0.7500018079808655,0.7500018079808655,2.301222543683454e-19,4.602445087366908e-19,1.3257363386015165e-19,3.9772090158045493e-19,3.4096087264675758e-06,1.0228826179402727e-05,0.06249486722851437,0.24997946891405748,8.983079823247954e-21,6.288155876273568e-20,1.2134684141716683e-06,8.494278899201678e-06,3.068289328366745e-19,1.767644190312858e-19,4.5461340095256996e-06,1.1977410891090993e-20,1.6179539852557623e-06,1.6179539852557744e-06
t0_10s,10.0,324.1377504413337,0.7596492119945341,759649211.994534,1.0023460144265705e-05,6.789868208856196e-10,6.789868208856197,1.0000000000000016,3.336916386506814e-23,3.336916386506814e-23,0.7500018080260354,0.7500018080260354,2.3046889195379622e-19,4.6093778390759245e-19,1.312115925144967e-19,3.9363477754349013e-19,3.409523010037964e-06,1.0228569030113892e-05,0.06249486721055289,0.24997946884221156,9.148311521091789e-21,6.403818064764252e-20,1.213508960631159e-06,8.494562724418112e-06,3.0729111515127945e-19,1.7494836827105601e-19,4.546019720954601e-06,1.2197719289730321e-20,1.6180080469739792e-06,1.6180080469739915e-06
t0_10s,10.0,328.4369983638853,0.7539719006053641,753971900.6053641,9.836275348987194e-06,6.814722054720443e-10,6.814722054720443,1.0000000000000016,3.239452328370177e-23,3.239452328370177e-23,0.7500018080696714,0.7500018080696714,2.3081919219384274e-19,4.616383843876855e-19,1.2986938484051147e-19,3.896081545215344e-19,3.4094401978006155e-06,1.0228320593401846e-05,0.06249486719319453,0.24997946877277813,9.317218683787357e-21,6.522053078651149e-20,1.2135481369483616e-06,8.49483695863853e-06,3.0775818099414606e-19,1.7315876234320656e-19,4.54590930463983e-06,1.2422928296356631e-20,1.6180602818435193e-06,1.6180602818435318e-06
t0_10s,10.0,332.79326998291873,0.7483370191484594,748337019.1484594,9.652586167706179e-06,6.839666876379087e-10,6.839666876379088,1.0000000000000016,3.144894103410088e-23,3.144894103410088e-23,0.7500018081118225,0.7500018081118225,2.311730819733737e-19,4.623461639467474e-19,1.285468226098465e-19,3.856404678295395e-19,3.4093601980092684e-06,1.0228080594027806e-05,0.062494867176421325,0.2499794687056853,9.489889708326609e-21,6.642922795828626e-20,1.2135859856805442e-06,8.49510189976381e-06,3.082300328786763e-19,1.7139535027718313e-19,4.545802638253034e-06,1.2653155773341418e-20,1.6181107466071643e-06,1.618110746607177e-06
t0_10s,10.0,337.2073216404781,0.7427442505196422,742744250.5196422,9.472327320990065e-06,6.864703006842788e-10,6.864703006842787,1.0000000000000016,3.053155603086703e-23,3.053155603086703e-23,0.7500018081525363,0.7500018081525363,2.315304880985812e-19,4.630609761971624e-19,1.2724370844777242e-19,3.8173112534331726e-19,3.4092829216012167e-06,1.022784876480365e-05,0.06249486716021576,0.24997946864086304,9.666415140264624e-21,6.766490598185236e-20,1.2136225481972909e-06,8.495357837381036e-06,3.0870657321334384e-19,1.696578689072886e-19,4.545699603043934e-06,1.2888522447800095e-20,1.6181594964241245e-06,1.6181594964241374e-06
t0_10s,10.0,341.6799197104595,0.7371932799846448,737193279.9846448,9.295434748478074e-06,6.889830780341156e-10,6.889830780341156,1.0000000000000016,2.964152954302146e-23,2.964152954302146e-23,0.7500018081918592,0.7500018081918592,2.3189133728162276e-19,4.637826745632455e-19,1.259598372556528e-19,3.778795117669584e-19,3.4092082821244563e-06,1.0227624846373369e-05,0.06249486714456072,0.24997946857824288,9.84688779882582e-21,6.892821459178073e-20,1.2136578647092236e-06,8.495605052964564e-06,3.0918770428124386e-19,1.6794604476930912e-19,4.545600083743186e-06,1.3129152078399884e-20,1.6182065849083335e-06,1.6182065849083467e-06
t0_10s,10.0,346.2118407316695,0.7316837951613967,731683795.1613967,9.121845586115394e-06,6.915050532327191e-10,6.915050532327191,1.0000000000000016,2.8778045188478633e-23,2.8778045188478633e-23,0.7500018082298362,0.7500018082298362,2.322555561275611e-19,4.645111122551222e-19,1.2469499746692684e-19,3.740849924007805e-19,3.4091361956653632e-06,1.022740858699609e-05,0.06249486712943957,0.2499794685177583,1.0031402734859346e-20,7.021981914401542e-20,1.2136919742967847e-06,8.495843820077493e-06,3.0967332822267934e-19,1.662595957751536e-19,4.545503968465956e-06,1.3375171399300476e-20,1.6182520641668263e-06,1.6182520641668397e-06
t0_10s,10.0,350.80387154264935,0.7262154860024445,726215486.0024445,8.951498143812662e-06,6.940362599481864e-10,6.9403625994818645,1.0000000000000013,2.794030864962652e-23,2.794030864962652e-23,0.7500018082665104,0.7500018082665104,2.3262307112566463e-19,4.652461422513293e-19,1.23448972157941e-19,3.7034691647382303e-19,3.409066580782041e-06,1.0227199742346122e-05,0.06249486711483605,0.2499794684593442,1.0220057392124615e-20,7.154040174487231e-20,1.213724914936727e-06,8.49607440455709e-06,3.1016334702356194e-19,1.6459823269395888e-19,4.545411148623046e-06,1.362671033520089e-20,1.6182959848350583e-06,1.6182959848350719e-06
t0_10s,10.0,355.45680941828766,0.7207880447775039,720788044.777504,8.784331883522401e-06,6.965767319718477e-10,6.965767319718477,1.0000000000000016,2.712754746406624e-23,2.712754746406624e-23,0.7500018083019242,0.7500018083019242,2.329938086415423e-19,4.659876172830846e-19,1.2222154003301272e-19,3.666646200990382e-19,3.4089993584361804e-06,1.022699807530854e-05,0.06249486710073434,0.24997946840293736,1.0412951581470296e-20,7.289066107029207e-20,1.2137567235295455e-06,8.496297064706819e-06,3.1065766250492456e-19,1.629616604655047e-19,4.545321518830042e-06,1.388390196691154e-20,1.6183383961134797e-06,1.6183383961134937e-06
t0_10s,10.0,360.17146220824367,0.7154011660561422,715401166.0561422,8.620287397725117e-06,6.99126503218727e-10,6.99126503218727,1.0000000000000016,2.633901069206922e-23,2.633901069206922e-23,0.7500018083361182,0.7500018083361182,2.333676949122941e-19,4.667353898245882e-19,1.2101247629566222e-19,3.6303742888698667e-19,3.4089344519284208e-06,1.0226803355785263e-05,0.062494867087119,0.249979468348476,1.0610187593237969e-20,7.427131315266579e-20,1.2137874359255692e-06,8.496512051478985e-06,3.111561763164561e-19,1.6134957936185361e-19,4.545234976821129e-06,1.414688268122541e-20,1.618379345802327e-06,1.6183793458023411e-06
t0_10s,10.0,364.94864847720754,0.7100545466905906,710054546.6905906,8.459306388317081e-06,7.016856077279934e-10,7.016856077279934,1.0000000000000016,2.55739685854711e-23,2.55739685854711e-23,0.7500018083691323,0.7500018083691323,2.3374465604315124e-19,4.674893120863025e-19,1.1982155342045856e-19,3.5946466026137567e-19,3.4088717868343677e-06,1.0226615360503103e-05,0.06249486707397501,0.24997946829590004,1.0811870236871836e-20,7.568309165810286e-20,1.2138170869509957e-06,8.49671960865697e-06,3.116587899320209e-19,1.5976168601647606e-19,4.545151423363776e-06,1.441579222373088e-20,1.6184188803363326e-06,1.618418880336347e-06
t0_10s,10.0,369.78919764702,0.704747885798685,704747885.798685,8.301331645892297e-06,7.042540796634098e-10,7.042540796634098,1.0000000000000016,2.483171220757796e-23,2.483171220757796e-23,0.7500018084010048,0.7500018084010048,2.341246180062159e-19,4.682492360124318e-19,1.1864854183606777e-19,3.559456255082033e-19,3.4088112909428124e-06,1.0226433872828437e-05,0.062494867061287734,0.24997946824515094,1.1018106898325351e-20,7.712674828827746e-20,1.213845710433145e-06,8.496919973032016e-06,3.1216540464797926e-19,1.581976743349794e-19,4.545070762176372e-06,1.4690773775353724e-20,1.6184570448183987e-06,1.6184570448184133e-06
t0_10s,10.0,374.6939501406781,0.6994808847469327,699480884.7469327,8.146307029411511e-06,7.068319533137982e-10,7.068319533137982,1.0000000000000016,2.4111553037118254e-23,2.4111553037118254e-23,0.7500018084317727,0.7500018084317727,2.345075066406791e-19,4.690150132813582e-19,1.1749321052977414e-19,3.524796315893224e-19,3.4087528941951194e-06,1.0226258682585359e-05,0.062494867049042925,0.2499794681961717,1.1229007635117752e-20,7.860305344582427e-20,1.2138733392254036e-06,8.497113374577825e-06,3.1267592158347724e-19,1.5665723630113412e-19,4.544992899847403e-06,1.4971974079098838e-20,1.6184938830528555e-06,1.6184938830528705e-06
t0_10s,10.0,379.6637575282518,0.6942532471337067,694253247.1337067,7.994177446250685e-06,7.094192630934879e-10,7.094192630934879,1.0000000000000016,2.3412822548402497e-23,2.3412822548402497e-23,0.7500018084614722,0.7500018084614722,2.348932476546764e-19,4.697864953093528e-19,1.1635532758221544e-19,3.490659827466463e-19,3.40869652862633e-06,1.022608958587899e-05,0.0624948670372267,0.2499794681489068,1.1444685192937917e-20,8.011279635056541e-20,1.2139000052315816e-06,8.49730003662107e-06,3.131902416829211e-19,1.5514006268985236e-19,4.544917745756923e-06,1.525954346218864e-20,1.618529437577936e-06,1.6185294375779513e-06
t0_10s,10.0,384.69948267473325,0.6890646787725663,689064678.7725663,7.844888832622327e-06,7.120160435427821e-10,7.120160435427821,1.0000000000000016,2.2734871780041535e-23,2.2734871780041535e-23,0.7500018084901384,0.7500018084901384,2.3528176662854627e-19,4.705635332570925e-19,1.1523466064018365e-19,3.4570398192055094e-19,3.408642128307714e-06,1.0225926384923143e-05,0.06249486702582556,0.24997946810330224,1.1665255129386213e-20,8.16567859057035e-20,1.2139257394298055e-06,8.497480176008639e-06,3.1370826572032183e-19,1.5364584369758734e-19,4.544845211999957e-06,1.5553636001051853e-20,1.6185637496976343e-06,1.6185637496976497e-06
t0_10s,10.0,389.80199988984975,0.6839148876757013,683914887.6757013,7.698388134362254e-06,7.146223293284188e-10,7.146223293284188,1.0000000000000016,2.2077070889087827e-23,2.2077070889087827e-23,0.7500018085178048,0.7500018085178048,2.356729890193864e-19,4.713459780387728e-19,1.1413097733411403e-19,3.4239293200234205e-19,3.408589629290708e-06,1.0225768887872124e-05,0.06249486701482637,0.2499794680593055,1.1890835838818214e-20,8.323585087172751e-20,1.2139505718959606e-06,8.497654003271725e-06,3.142298943053703e-19,1.5217426949898427e-19,4.544775213311754e-06,1.5854409554448334e-20,1.6185968595129619e-06,1.6185968595129778e-06
t0_10s,10.0,394.9721950798612,0.6788035840375004,678803584.0375004,7.5546232880751516e-06,7.172381552440236e-10,7.172381552440236,1.0000000000000016,2.143880870249565e-23,2.143880870249565e-23,0.7500018085445047,0.7500018085445047,2.3606684016687975e-19,4.721336803337595e-19,1.1304404564673319e-19,3.3913213694019953e-19,3.408538969552353e-06,1.0225616908657059e-05,0.062494867004216345,0.24997946801686538,1.2121548645130791e-20,8.485084051591554e-20,1.2139745318266144e-06,8.4978217227863e-06,3.14755027891205e-19,1.507250307384095e-19,4.544707666995035e-06,1.6162025887183585e-20,1.6186288059525096e-06,1.6186288059525256e-06
t0_10s,10.0,400.21096590137324,0.6737304802182432,673730480.2182432,7.413543202632453e-06,7.198635562105903e-10,7.198635562105903,1.0000000000000016,2.0819492260163316e-23,2.0819492260163316e-23,0.7500018085702695,0.7500018085702695,2.3646324530023514e-19,4.729264906004703e-19,1.1197363423787049e-19,3.3592090271361146e-19,3.4084900889420613e-06,1.0225470266826183e-05,0.06249486699398306,0.24997946797593223,1.2357517874823079e-20,8.650262512376155e-20,1.2139976475615026e-06,8.497983532930517e-06,3.152835667836664e-19,1.4929781896303174e-19,4.544642492849018e-06,1.6476650767523147e-20,1.6186596268024334e-06,1.61865962680245e-06
t0_10s,10.0,405.51922191719063,0.6686952907279115,668695290.7279115,7.275097741015385e-06,7.22498567276932e-10,7.2249856727693205,1.0000000000000016,2.021854635753806e-23,2.021854635753806e-23,0.7500018085951303,0.7500018085951303,2.368621295461955e-19,4.73724259092391e-19,1.1091951273034196e-19,3.3275853819102585e-19,3.4084429291297185e-06,1.0225328787389155e-05,0.062494866984114404,0.24997946793645762,1.2598870920643965e-20,8.819209644450776e-20,1.2140199466055494e-06,8.498139626238847e-06,3.158154111519744e-19,1.4789232700399937e-19,4.544579613100214e-06,1.6798454052055693e-20,1.6186893587358103e-06,1.618689358735827e-06
t0_10s,10.0,410.89788475423546,0.6636977322101243,663697732.2101243,7.139237702497431e-06,7.251432236201601e-10,7.251432236201601,1.0000000000000016,1.963541308815622e-23,1.963541308815622e-23,0.7500018086191168,0.7500018086191168,2.372634179380656e-19,4.745268358761312e-19,1.0988145196129999e-19,3.2964435588389996e-19,3.4083974335551705e-06,1.0225192300665512e-05,0.062494866974598634,0.24997946789839454,1.2845738328607312e-20,8.992016830025118e-20,1.2140414556504055e-06,8.498290189552838e-06,3.163504610407656e-19,1.4650824931157268e-19,4.544518952335089e-06,1.7127609801713067e-20,1.618718037341358e-06,1.6187180373413752e-06
t0_10s,10.0,416.3478882635621,0.6587375234261916,658737523.4261917,7.005914805159317e-06,7.277975605461478e-10,7.277975605461478,1.0000000000000016,1.9069551387452686e-23,1.9069551387452686e-23,0.7500018086422581,0.7500018086422581,2.376670354256297e-19,4.753340708512594e-19,1.0885922420241324e-19,3.2657767260723972e-19,3.408353547378907e-06,1.0225060642136721e-05,0.06249486696542429,0.24997946786169717,1.3098253873340921e-20,9.168777711338645e-20,1.2140622005955695e-06,8.498435404168986e-06,3.1688861638331604e-19,1.4514528224869627e-19,4.544460437434293e-06,1.7464296382235302e-20,1.6187456971515953e-06,1.6187456971516127e-06
t0_10s,10.0,421.8701786824927,0.6538143852392886,653814385.2392886,6.875081668730609e-06,7.304616134900026e-10,7.3046161349000265,1.0000000000000018,1.8520436580278273e-23,1.8520436580278273e-23,0.7500018086645821,0.7500018086645821,2.38072906885962e-19,4.76145813771924e-19,1.0785260335258797e-19,3.235578100577639e-19,3.408311217434057e-06,1.0224933652302171e-05,0.06249486695658031,0.24997946782632124,1.3356554633260169e-20,9.349588243282118e-20,1.2140822065690384e-06,8.498575445983269e-06,3.17429777015956e-19,1.4380312434796021e-19,4.544403997508666e-06,1.780869656440192e-20,1.6187723716703778e-06,1.6187723716703956e-06
t0_10s,10.0,427.4657147989048,0.6489280405987464,648928040.5987464,6.746691797751725e-06,7.331354180165382e-10,7.331354180165382,1.0000000000000016,1.79875599326916e-23,1.79875599326916e-23,0.750001808686116,0.750001808686116,2.384809571350404e-19,4.769619142700808e-19,1.0686136510602376e-19,3.205840953180713e-19,3.4082703921796004e-06,1.0224811176538801e-05,0.062494866948055866,0.24997946779222346,1.3620781082101673e-20,9.534546757471171e-20,1.214101497947522e-06,8.498710485632653e-06,3.179738426935545e-19,1.4248147653567383e-19,4.544349563836851e-06,1.8160997646076502e-20,1.6187980933998479e-06,1.618798093399866e-06
t0_10s,10.0,433.13546811769857,0.6440782145244593,644078214.5244594,6.620699565050342e-06,7.358190098207545e-10,7.358190098207545,1.0000000000000016,1.747042820914182e-23,1.747042820914182e-23,0.7500018087068862,0.7500018087068862,2.388911109401092e-19,4.777822218802184e-19,1.058852870981859e-19,3.1765586129455767e-19,3.4082310216547578e-06,1.0224693064964274e-05,0.06249486693984048,0.24997946775936192,1.389107716431998e-20,9.723754015023987e-20,1.2141200983762321e-06,8.498840688633626e-06,3.185207131060027e-19,1.4118004232649486e-19,4.544297069804473e-06,1.8521391552735383e-20,1.618822893866822e-06,1.6188228938668404e-06
t0_10s,10.0,438.88042302946945,0.6392646340914133,639264634.0914134,6.497060195526489e-06,7.385124247283085e-10,7.385124247283085,1.0000000000000018,1.6968563236613714e-23,1.6968563236613714e-23,0.750001808726918,0.750001808726918,2.3930329303275286e-19,4.786065860655057e-19,1.0492414903218492e-19,3.1477244709655476e-19,3.4081930574345566e-06,1.022457917230367e-05,0.06249486693192398,0.24997946772769591,1.4167590385807044e-20,9.917313270064931e-20,1.214138030788236e-06,8.498966215517652e-06,3.1907028789564585e-19,1.3989852799193539e-19,4.544246450844905e-06,1.8890074958426644e-20,1.6188468036485948e-06,1.6188468036486137e-06
t0_10s,10.0,444.7015769814203,0.6344870284143251,634487028.4143251,6.375729750240334e-06,7.412156986959957e-10,7.412156986959957,1.0000000000000016,1.6481501475197302e-23,1.6481501475197302e-23,0.750001808746236,0.750001808746236,2.3971742812262257e-19,4.794348562452451e-19,1.0397773278751807e-19,3.119331983625542e-19,3.4081564525865337e-06,1.02244693577596e-05,0.062494866924296455,0.24997946769718582,1.445047190103664e-20,1.0115330330725647e-19,1.2141553174233909e-06,8.499087221963736e-06,3.1962246667558536e-19,1.3863664270534988e-19,4.5441976443815316e-06,1.926724940196241e-20,1.618869852398185e-06,1.6188698523982044e-06
t0_10s,10.0,450.5999406505383,0.6297451286323991,629745128.6323991,6.256665110797177e-06,7.439288678122267e-10,7.439288678122267,1.0000000000000016,1.6008793596820328e-23,1.6008793596820328e-23,0.7500018087648646,0.7500018087648646,2.40133440911785e-19,4.8026688182357e-19,1.0304582251318568e-19,3.0913746753955704e-19,3.4081211616285578e-06,1.0224363484885673e-05,0.0624948669169483,0.2499794676677932,1.4739876602370043e-20,1.031791362165903e-19,1.2141719798468583e-06,8.499203858928009e-06,3.2017714904880987e-19,1.373940986660899e-19,4.544150589771509e-06,1.9653121405992754e-20,1.6188920688690195e-06,1.6188920688690392e-06
t0_10s,10.0,456.5765381190711,0.6250386678941965,625038667.8941965,6.139823964024047e-06,7.466519682975126e-10,7.466519682975125,1.0000000000000016,1.555000407197722e-23,1.555000407197722e-23,0.7500018087828266,0.7500018087828266,2.405512561096358e-19,4.811025122192716e-19,1.021282047067095e-19,3.0638461412012853e-19,3.4080871404877313e-06,1.0224261421463194e-05,0.06249486690987019,0.24997946763948076,1.5035963212464217e-20,1.0525174248724952e-19,1.214188038967214e-06,8.499316272770498e-06,3.207342346280804e-19,1.3617061120486195e-19,4.544105228250976e-06,2.0047902600216378e-20,1.6189134809390824e-06,1.6189134809391025e-06
t0_10s,10.0,462.63240705232994,0.6203673813426186,620367381.3426186,6.02516478693246e-06,7.493850365049472e-10,7.4938503650494726,1.0000000000000018,1.5104710765039864e-23,1.5104710765039864e-23,0.7500018088001447,0.7500018088001447,2.409707984483457e-19,4.819415968966914e-19,1.0122466828062076e-19,3.0367400484186227e-19,3.4080543464603533e-06,1.022416303938106e-05,0.06249486690305308,0.24997946761221232,1.533889437847916e-20,1.0737226064935413e-19,1.2142035150541492e-06,8.499424605379044e-06,3.2129362305652513e-19,1.349658988723778e-19,4.544061502881666e-06,2.045180984699007e-20,1.6189341156345156e-06,1.6189341156345362e-06
t0_10s,10.0,468.76859887884973,0.6157310061000006,615731006.1000006,5.912646831961944e-06,7.521281089206923e-10,7.521281089206923,1.0000000000000018,1.4672504538297868e-23,1.4672504538297868e-23,0.7500018088168402,0.7500018088168402,2.413919926988006e-19,4.827839853976012e-19,1.0033500461772939e-19,3.010050138531882e-19,3.408022738172918e-06,1.0224068214518753e-05,0.06249486689648817,0.24997946758595269,1.564883676788323e-20,1.0954185737518262e-19,1.214218427755778e-06,8.499528994290447e-06,3.2185521402889253e-19,1.3377968351304663e-19,4.544019358498907e-06,2.0865065369068826e-20,1.6189539991526946e-06,1.6189539991527156e-06
t0_10s,10.0,474.98617897294037,0.6111292812533201,611129281.2533201,5.802230112499245e-06,7.548812221644661e-10,7.548812221644661,1.0000000000000018,1.425298886511261e-23,1.425298886511261e-23,0.7500018088329345,0.7500018088329345,2.418147636869983e-19,4.836295273739966e-19,9.945900761636457e-20,2.983770228490937e-19,3.40799227554412e-06,1.0223976826632359e-05,0.06249486689016694,0.24997946756066777,1.5965961166692785e-20,1.117617281668495e-19,1.2142327961155498e-06,8.499629572808848e-06,3.2241890731341337e-19,1.3261169032529548e-19,4.5439787416609575e-06,2.1287896880591733e-20,1.618973156884778e-06,1.6189731568847993e-06
t0_10s,10.0,481.2862268396567,0.6065619478395132,606561947.8395132,5.693875388667832e-06,7.576444129900274e-10,7.576444129900274,1.0000000000000016,1.384577945227736e-23,1.384577945227736e-23,0.7500018088484476,0.7500018088484476,2.422390363108669e-19,4.844780726217338e-19,9.859647372666876e-20,2.9578942118000626e-19,3.4079629197478565e-06,1.0223888759243569e-05,0.06249486688408114,0.24997946753632455,1.6290442579736104e-20,1.1403309805815273e-19,1.21424663858878e-06,8.49972647012146e-06,3.2298460277422613e-19,1.3146164790996137e-19,4.543939600599685e-06,2.172053772076689e-20,1.6189916134377511e-06,1.618991613437773e-06
t0_10s,10.0,487.6698363022251,0.6020287488309017,602028748.8309017,5.587544153382902e-06,7.604177182856737e-10,7.604177182856737,1.0000000000000016,1.3450503871477194e-23,1.3450503871477194e-23,0.7500018088633997,0.7500018088633997,2.426647355574709e-19,4.853294711149418e-19,9.77472019788636e-20,2.932416059365908e-19,3.4079346331771842e-06,1.0223803899531553e-05,0.06249486687822273,0.2499794675128909,1.6622460332873852e-20,1.1635722233011695e-19,1.2142599730587984e-06,8.499819811411588e-06,3.235522003943169e-19,1.3032928830797874e-19,4.543901885172496e-06,2.2163226990164973e-20,1.6190093926559523e-06,1.6190093926559746e-06
t0_10s,10.0,494.1381156919556,0.5975294291207279,597529429.1207279,5.483198618666642e-06,7.632011750747259e-10,7.632011750747259,1.0000000000000018,1.3066801200091489e-23,1.3066801200091489e-23,0.7500018088778099,0.7500018088778099,2.4309178652057326e-19,4.861835730411465e-19,9.691099400437231e-20,2.907329820131169e-19,3.407907379409212e-06,1.0223722138227636e-05,0.06249486687258392,0.24997946749033567,1.6962198177366625e-20,1.1873538724156638e-19,1.2142728168527255e-06,8.499909717969078e-06,3.24121600298937e-19,1.29214347028543e-19,4.543865546815538e-06,2.2616209689875698e-20,1.6190265176421122e-06,1.6190265176421349e-06
t0_10s,10.0,500.6921880406701,0.5930637355087988,593063735.5087987,5.380801702219211e-06,7.659948205160274e-10,7.6599482051602745,1.0000000000000016,1.2694321671316185e-23,1.2694321671316185e-23,0.7500018088916961,0.7500018088916961,2.435201144185238e-19,4.870402288370476e-19,9.608765405057005e-20,2.8826296215171014e-19,3.4078811231709226e-06,1.0223643369512767e-05,0.062494866867157176,0.2499794674686287,1.7309844396293775e-20,1.2116891077405642e-19,1.214285186756885e-06,8.499996307298194e-06,3.246927027794533e-19,1.281165630687773e-19,4.543830538498124e-06,2.307973686339922e-20,1.6190430107779028e-06,1.619043010777926e-06
t0_10s,10.0,507.33319127568603,0.5886314166872373,588631416.6872373,5.280317014240442e-06,7.687986919044416e-10,7.687986919044416,1.0000000000000018,1.233272633351908e-23,1.233272633351908e-23,0.7500018089050767,0.7500018089050767,2.4394964461244176e-19,4.878992892248835e-19,9.527698898983341e-20,2.858309669695002e-19,3.4078558303058895e-06,1.0223567490917668e-05,0.0624948668619352,0.2499794674477408,1.7665591913022458e-20,1.236591433911572e-19,1.2142970990318492e-06,8.500079693222944e-06,3.2526540831759115e-19,1.270356789257985e-19,4.5437968146783515e-06,2.3554065741271147e-20,1.6190588937439958e-06,1.6190588937440193e-06
t0_10s,10.0,514.0622784173834,0.5842322232263406,584232223.2263407,5.181708844497613e-06,7.716128266713437e-10,7.716128266713437,1.0000000000000016,1.1981686718710153e-23,1.1981686718710153e-23,0.7500018089179689,0.7500018089179689,2.4438030262466547e-19,4.887606052493309e-19,9.447880832351791e-20,2.8343642497055373e-19,3.4078314677418587e-06,1.0223494403225576e-05,0.0624948668569109,0.2499794674276436,1.802963840171804e-20,1.2620746881202627e-19,1.2143085694271352e-06,8.500159985989947e-06,3.2583961761003496e-19,1.2597144060202059e-19,4.543764331259885e-06,2.4039459888409448e-20,1.6190741875396592e-06,1.6190741875396834e-06
t0_10s,10.0,520.8806177793947,0.5798659075605427,579865907.5605427,5.084942149634759e-06,7.744372623851247e-10,7.744372623851247,1.0000000000000016,1.1640884520207856e-23,1.1640884520207856e-23,0.7500018089303894,0.7500018089303894,2.4481201415743717e-19,4.896240283148743e-19,9.369292418138235e-20,2.8107877254414703e-19,3.4078080034591877e-06,1.0223424010377563e-05,0.062494866852077384,0.24997946740830954,1.8402186399881597e-20,1.288153047991712e-19,1.2143196131955533e-06,8.500237292368873e-06,3.2641523159334024e-19,1.2492359760438706e-19,4.543733045549867e-06,2.4536189354164046e-20,1.6190889125018885e-06,1.619088912501913e-06
t0_10s,10.0,527.7893931714501,0.5755322239744821,575532223.974482,4.989982540718972e-06,7.772720367516927e-10,7.772720367516927,1.0000000000000016,1.1310011279248163e-23,1.1310011279248163e-23,0.7500018089423544,0.7500018089423544,2.4524470511180576e-19,4.904894102236115e-19,9.291915131705306e-20,2.7875745395115914e-19,3.4077854064601295e-06,1.0223356219380389e-05,0.06249486684742802,0.24997946738971208,1.8783443422881882e-20,1.3148410396017318e-19,1.2143302451072076e-06,8.500311715750453e-06,3.269921514691379e-19,1.238919029383233e-19,4.5437029162179714e-06,2.5044530825025772e-20,1.6191030883240734e-06,1.6191030883240984e-06
t0_10s,10.0,534.7898041049111,0.5712309285891751,571230928.5891751,4.896796271019272e-06,7.801171876149762e-10,7.801171876149762,1.0000000000000018,1.0988768080403525e-23,1.0988768080403525e-23,0.7500018089538798,0.7500018089538798,2.456783016067098e-19,4.913566032134196e-19,9.215730709985855e-20,2.7647192129957565e-19,3.407763646738914e-06,1.0223290940216743e-05,0.06249486684295634,0.24997946737182536,1.9173622080452833e-20,1.3421535456316983e-19,1.2143404794631654e-06,8.500383356242158e-06,3.2757027872957757e-19,1.2287611309684938e-19,4.5436739032565046e-06,2.5564767779955962e-20,1.6191167340742232e-06,1.6191167340742488e-06
t0_10s,10.0,541.883066001032,0.5669617793482901,566961779.3482901,4.805350224013668e-06,7.829727529574288e-10,7.829727529574288,1.0000000000000016,1.0676865255763088e-23,1.0676865255763088e-23,0.7500018089649806,0.7500018089649806,2.461127299982232e-19,4.922254599964464e-19,9.140721150352108e-20,2.7422163451056325e-19,3.4077426952526335e-06,1.02232280857579e-05,0.06249486683865612,0.24997946735462448,1.9572940195119102e-20,1.370105813658337e-19,1.2143503301087959e-06,8.500452310761572e-06,3.281495151829891e-19,1.2187598804550231e-19,4.543645967941591e-06,2.6097190648286836e-20,1.6191298682127537e-06,1.6191298682127798e-06
t0_10s,10.0,549.0704104019813,0.5627245360045279,562724536.0045279,4.715611901620257e-06,7.858387709005332e-10,7.858387709005331,1.0000000000000016,1.0374022097652767e-23,1.0374022097652767e-23,0.7500018089756716,0.7500018089756716,2.465479168989374e-19,4.930958337978748e-19,9.066868709203793e-20,2.720060612761138e-19,3.4077225238928965e-06,1.022316757167869e-05,0.06249486683452129,0.24997946733808515,1.9981620922503276e-20,1.3987134645752294e-19,1.2143598104467805e-06,8.500518673127465e-06,3.287297629797249e-19,1.2089129120351098e-19,4.543619072795377e-06,2.664209697013069e-20,1.6191425086098315e-06,1.6191425086098581e-06
t0_10s,10.0,556.3530851846657,0.5585189601061004,558518960.1061003,4.6275494126480635e-06,7.887152797053196e-10,7.887152797053196,1.0000000000000018,1.0079966579746526e-23,1.0079966579746526e-23,0.7500018089859671,0.7500018089859671,2.4698378919745684e-19,4.939675783949137e-19,8.994155900308498e-20,2.6982467700925495e-19,3.4077031054582467e-06,1.0223109316374739e-05,0.06249486683054601,0.24997946732218404,2.0399892873463072e-20,1.427992501142415e-19,1.2143689334498107e-06,8.500582534148675e-06,3.293109246381538e-19,1.1992178942166769e-19,4.543593181549255e-06,2.719979155922911e-20,1.619154672562306e-06,1.619154672562333e-06
t0_10s,10.0,563.7323547773881,0.5543448149833113,554344814.9833113,4.5411314614634855e-06,7.916023177728623e-10,7.916023177728624,1.0000000000000016,9.794435086405012e-24,9.794435086405012e-24,0.7500018089958808,0.7500018089958808,2.4742027407798133e-19,4.948405481559627e-19,8.922565492921289e-20,2.676769647876387e-19,3.407684413627311e-06,1.0223053240881933e-05,0.06249486682672459,0.24997946730689835,2.0827990237997065e-20,1.4579593166597945e-19,1.214377711672971e-06,8.500643981710797e-06,3.2989290307077145e-19,1.1896725295725646e-19,4.543568259108062e-06,2.7770586668160237e-20,1.6191663768102201e-06,1.6191663768102479e-06
t0_10s,10.0,571.2095003793789,0.5502018657352389,550201865.7352389,4.456327336868541e-06,7.944999236448048e-10,7.944999236448049,1.0000000000000016,9.517172150080811e-24,9.517172150080811e-24,0.7500018090054258,0.7500018090054258,2.478572990399619e-19,4.957145980799238e-19,8.852080509716377e-20,2.655624152914913e-19,3.4076664229326717e-06,1.0222999268798016e-05,0.06249486682305155,0.2499794672922062,2.1266152910850593e-20,1.4886307037595416e-19,1.2143861572658123e-06,8.500703100860687e-06,3.3047560161040734e-19,1.180274554464753e-19,4.543544271515243e-06,2.8354802155812863e-20,1.6191776375529075e-06,1.6191776375529359e-06
t0_10s,10.0,578.7858201832405,0.5460898792165144,546089879.2165145,4.373106901186659e-06,7.974081360038704e-10,7.974081360038705,1.0000000000000016,9.247930196546974e-24,9.247930196546974e-24,0.7500018090146151,0.7500018090146151,2.4829479191779858e-19,4.9658958383559715e-19,8.782684224546893e-20,2.6348052673640676e-19,3.407649108735447e-06,1.022294732620634e-05,0.062494866819521565,0.24997946727808626,2.1714626618743672e-20,1.520023863312057e-19,1.214394281984131e-06,8.500759973888917e-06,3.310589240364887e-19,1.1710217387456656e-19,4.543521185918957e-06,2.895276565702327e-20,1.6191884704646977e-06,1.6191884704647267e-06
t0_10s,10.0,586.462629600339,0.5420086240242051,542008624.0242051,4.291440579552404e-06,8.003269936743742e-10,8.003269936743742,1.0000000000000016,8.986469297824706e-24,8.986469297824706e-24,0.7500018090234615,0.7500018090234615,2.48732680900566e-19,4.97465361801132e-19,8.714360160058801e-20,2.61430804801764e-19,3.4076324472005463e-06,1.0222897341601639e-05,0.0624948668161295,0.249979467264518,2.2173663049133517e-20,1.5521564134393462e-19,1.214402097201448e-06,8.500814680410137e-06,3.316427746013412e-19,1.1619118854400254e-19,4.543498970539082e-06,2.956481275425815e-20,1.6191988907102211e-06,1.6191988907102508e-06
t0_10s,10.0,594.2412614891896,0.5379578704847902,537957870.4847902,4.211299349401168e-06,8.03256535622748e-10,8.032565356227481,1.0000000000000018,8.732556932600668e-24,8.732556932600668e-24,0.7500018090319769,0.7500018090319769,2.4917089455174585e-19,4.983417891034917e-19,8.647092085178728e-20,2.5941276255536185e-19,3.4076164152726024e-06,1.0222849245817808e-05,0.06249486681287039,0.24997946725148157,2.264351998041511e-20,1.5850463986290578e-19,1.214409613920203e-06,8.500867297441422e-06,3.32227058056499e-19,1.1529428304099e-19,4.54347759463513e-06,3.019128715121497e-20,1.6192089129593364e-06,1.6192089129593667e-06
t0_10s,10.0,602.1230663868702,0.5339373906412348,533937390.6412348,4.132654730155073e-06,8.061968009580563e-10,8.061968009580562,1.0000000000000016,8.485967753971015e-24,8.485967753971015e-24,0.7500018090401727,0.7500018090401727,2.4960936182894544e-19,4.992187236578909e-19,8.58086401249064e-20,2.574259203747192e-19,3.4076009906525578e-06,1.0222802971957673e-05,0.062494866809739404,0.24997946723895761,2.312446141345197e-20,1.6187122989416379e-19,1.2144168427826613e-06,8.500917899478629e-06,3.3281167967899595e-19,1.1441124420049258e-19,4.543457028475027e-06,3.0832540848195934e-20,1.6192185514016712e-06,1.6192185514017021e-06
t0_10s,10.0,610.1094127435025,0.5299469582401637,529946958.2401637,4.05547877310162e-06,8.091478289325202e-10,8.091478289325202,1.0000000000000016,8.246483364275398e-24,8.246483364275398e-24,0.7500018090480602,0.7500018090480602,2.5004801210358385e-19,5.000960242071677e-19,8.515660195518652e-20,2.5546980586555957e-19,3.4075861517748823e-06,1.0222758455324646e-05,0.0624948668067319,0.2499794672269276,2.361675770431867e-20,1.653173039302307e-19,1.214423794081544e-06,8.500966558570807e-06,3.333965452976137e-19,1.135418620700016e-19,4.543437243304734e-06,3.1488934319097494e-20,1.6192278197607966e-06,1.6192278197608282e-06
t0_10s,10.0,618.2016871598429,0.5259863487191282,525986348.7191282,3.979744051461243e-06,8.121096589420397e-10,8.121096589420397,1.0000000000000018,8.013892096872829e-24,8.013892096872829e-24,0.7500018090556505,0.7500018090556505,2.5048677518052855e-19,5.009735503610571e-19,8.451465125929853e-20,2.535439537778956e-19,3.407571877785416e-06,1.022271563335625e-05,0.062494866803843356,0.24997946721537342,2.4120685698125748e-20,1.6884479988688024e-19,1.214430477770389e-06,8.501013344392723e-06,3.3398156131906382e-19,1.1268592987224048e-19,4.543418211318704e-06,3.216083668984321e-20,1.619236731308041e-06,1.6192367313080731e-06
t0_10s,10.0,626.4012946280292,0.522055339193968,522055339.19396794,3.905423650640393e-06,8.15082330526723e-10,8.15082330526723,1.0000000000000018,7.787988804665184e-24,7.787988804665184e-24,0.7500018090629541,0.7500018090629541,2.5092558131766425e-19,5.018511626353285e-19,8.388263530669857e-20,2.5164790592009575e-19,3.4075581485198233e-06,1.022267444555947e-05,0.062494866801069436,0.24997946720427774,2.4636528863785624e-20,1.7245570204649936e-19,1.2144369034736425e-06,8.501058324315498e-06,3.3456663475407953e-19,1.1184324396697233e-19,4.543399905631158e-06,3.2848625918071176e-20,1.619245298875945e-06,1.6192452988759779e-06
t0_10s,10.0,634.7096587755135,0.51815370844627,518153708.4462699,3.832491158666638e-06,8.180658833714085e-10,8.180658833714086,1.0000000000000018,7.56857465516888e-24,7.56857465516888e-24,0.7500018090699812,0.7500018090699812,2.513643612453758e-19,5.027287224907516e-19,8.326040369042581e-20,2.4978121107127743e-19,3.4075449444826237e-06,1.0222634833447871e-05,0.06249486679840593,0.2499794671936237,2.5164577429564682e-20,1.7615204200695277e-19,1.214443080496488e-06,8.501101563475416e-06,3.351516732433928e-19,1.1101360381206354e-19,4.5433823002481215e-06,3.35526889738697e-20,1.619253534871368e-06,1.6192535348714016e-06
t0_10s,10.0,643.1282221122383,0.5142812369109167,514281236.9109166,3.7609206568023573e-06,8.210603573062019e-10,8.210603573062018,1.0000000000000016,7.355456931984831e-24,7.355456931984831e-24,0.7500018090767414,0.7500018090767414,2.5180304618593073e-19,5.036060923718615e-19,8.264780829744619e-20,2.4794342489233856e-19,3.4075322468268196e-06,1.022259674048046e-05,0.062494866795848744,0.24997946718339498,2.5705128519255946e-20,1.7993589963479163e-19,1.2144490178344232e-06,8.501143124840962e-06,3.3573658508357787e-19,1.1019681192394236e-19,4.543365370040268e-06,3.427342202134043e-20,1.619261451288258e-06,1.6192614512882922e-06
t0_10s,10.0,651.6584462810854,0.5104377066637323,510437706.66373235,3.6906867103337805e-06,8.240657923070041e-10,8.24065792307004,1.0000000000000018,7.148448842454575e-24,7.148448842454575e-24,0.7500018090832447,0.7500018090832447,2.522415678727435e-19,5.04483135745487e-19,8.204470327863821e-20,2.4613410983591463e-19,3.4075200373340682e-06,1.0222560112002204e-05,0.06249486679339398,0.24997946717357591,2.6258486288790712e-20,1.8380940402153498e-19,1.2144547241825846e-06,8.501183069278092e-06,3.363212792527365e-19,1.0939267383757985e-19,4.5433490907164715e-06,3.5011230600746745e-20,1.61926905972008e-06,1.619269059720115e-06
t0_10s,10.0,660.301812311646,0.5066229014092191,506622901.4092191,3.6217643595319797e-06,8.270822284960414e-10,8.270822284960413,1.0000000000000018,6.94736933133105e-24,6.94736933133105e-24,0.7500018090894999,0.7500018090894999,2.5267985856950585e-19,5.053597171390117e-19,8.145094501849357e-20,2.4435283505548073e-19,3.4075082983954172e-06,1.0222524895186252e-05,0.06249486679103781,0.24997946716415123,2.6824962063095484e-20,1.8777473444166838e-19,1.2144602079448269e-06,8.501221455613788e-06,3.369056654360054e-19,1.0860099806609106e-19,4.543333438798132e-06,3.5766529810989275e-20,1.619276371371928e-06,1.6192763713719638e-06
t0_10s,10.0,669.0598208773646,0.5028366064683832,502836606.46838325,3.5541291107826838e-06,8.301097061424079e-10,8.301097061424079,1.0000000000000018,6.752042900309744e-24,6.752042900309744e-24,0.750001809095516,0.750001809095516,2.5311785108916866e-19,5.062357021783373e-19,8.086639210462506e-20,2.425991763138752e-19,3.4074970129925652e-06,1.0222491038977696e-05,0.062494866788776554,0.24997946715510622,2.740487447298591e-20,1.9183412131090138e-19,1.2144654772425608e-06,8.501258340697925e-06,3.3748965405086512e-19,1.0782159606007881e-19,4.543318391594181e-06,3.6539744492130663e-20,1.6192833970723041e-06,1.6192833970723408e-06
t0_10s,10.0,677.9339925560816,0.49907860876665605,499078608.76665604,3.487756927881773e-06,8.331482656626017e-10,8.331482656626017,1.0000000000000018,6.562299433228016e-24,6.562299433228016e-24,0.7500018091013017,0.7500018091013017,2.535554788127604e-19,5.071109576255208e-19,8.02909052971403e-20,2.408727158914209e-19,3.4074861646796493e-06,1.0222458494038947e-05,0.06249486678660669,0.24997946714642677,2.799854959187286e-20,1.9598984714311003e-19,1.2144705399233592e-06,8.501293779463515e-06,3.3807315627223107e-19,1.0705428216679878e-19,4.543303927176801e-06,3.733130940766989e-20,1.6192901472845946e-06,1.619290147284632e-06
t0_10s,10.0,686.9258680940442,0.49534869682190175,495348696.82190174,3.4226242234932404e-06,8.361979476210565e-10,8.361979476210566,1.000000000000002,6.377974026773366e-24,6.377974026773366e-24,0.7500018091068652,0.7500018091068652,2.539926757080255e-19,5.07985351416051e-19,7.972434749793318e-20,2.391730424937995e-19,3.407475737565541e-06,1.0222427212696623e-05,0.06249486678452478,0.24997946713809913,2.860632107204284e-20,2.0024424750429988e-19,1.2144754035693326e-06,8.501327824985328e-06,3.386560840573052e-19,1.0629887358921494e-19,4.543290024357823e-06,3.814166942624911e-20,1.6192966321182381e-06,1.6192966321182763e-06
t0_10s,10.0,696.0370086734098,0.4916466607325157,491646660.7325157,3.3587078507667656e-06,8.392587927306958e-10,8.392587927306959,1.0000000000000018,6.198906826541573e-24,6.198906826541573e-24,0.7500018091122145,0.7500018091122145,2.544293763478723e-19,5.088587526957446e-19,7.916658371996991e-20,2.374997511599097e-19,3.4074657162966395e-06,1.0222397148889919e-05,0.06249486678252751,0.24997946713011004,2.9228530280257e-20,2.04599711961799e-19,1.2144800755052755e-06,8.501360528536928e-06,3.392383501701725e-19,1.0555519034504768e-19,4.54327666266578e-06,3.8971279702451834e-20,1.6193028613395867e-06,1.6193028613396257e-06
t0_10s,10.0,705.268996183299,0.4879722921656146,487972292.1656146,3.2959850951117958e-06,8.423308418534648e-10,8.423308418534647,1.000000000000002,6.024942868270408e-24,6.024942868270408e-24,0.7500018091173575,0.7500018091173575,2.548655159286117e-19,5.097310318572234e-19,7.861748105659614e-20,2.358524431697884e-19,3.407456086040144e-06,1.0222368258120432e-05,0.06249486678061169,0.24997946712244676,2.9865526432397195e-20,2.0905868502678038e-19,1.2144845628066003e-06,8.501391939646203e-06,3.398198682061196e-19,1.0482305522584995e-19,4.543263822323604e-06,3.9820605856330607e-20,1.6193088443824839e-06,1.6193088443825237e-06
t0_10s,10.0,714.6234334944505,0.4843253843453099,484325384.3453099,3.234433666125222e-06,8.454141360008857e-10,8.454141360008858,1.000000000000002,5.8559319241069924e-24,5.8559319241069924e-24,0.7500018091223015,0.7500018091223015,2.5530103028797708e-19,5.1060206057595415e-19,7.807690865092572e-20,2.3423072595277717e-19,3.407446832467808e-06,1.0222340497403423e-05,0.062494866778774215,0.24997946711509686,3.0517666726872125e-20,2.1362366708810487e-19,1.2144888723070512e-06,8.501422106149359e-06,3.4040055261566116e-19,1.041022937561926e-19,4.543251484226968e-06,4.069012415128143e-20,1.6193145903585502e-06,1.6193145903585909e-06
t0_10s,10.0,724.1019447375079,0.4807057320410733,480705732.0410733,3.1740316896698223e-06,8.48508716334596e-10,8.48508716334596,1.000000000000002,5.6917283537440754e-24,5.6917283537440754e-24,0.750001809127054,0.750001809127054,2.5573585592290867e-19,5.1147171184581735e-19,7.754473766533627e-20,2.326342129960088e-19,3.407437941740137e-06,1.0222313825220412e-05,0.06249486677701214,0.24997946710804855,3.118531647647678e-20,2.1829721533533746e-19,1.2144930106062067e-06,8.501451074243447e-06,3.409803187282522e-19,1.0339273415299163e-19,4.543239629923213e-06,4.1580321669855906e-20,1.6193201080671866e-06,1.6193201080672282e-06
t0_10s,10.0,733.7061755850084,0.4771131315561862,477113131.5561862,3.1147577001006424e-06,8.516146241669067e-10,8.516146241669068,1.000000000000002,5.532190960288276e-24,5.532190960288276e-24,0.7500018091316217,0.7500018091316217,2.561699300070916e-19,5.123398600141832e-19,7.702084125112138e-20,2.310625237533641e-19,3.4074294004910543e-06,1.0222288201473162e-05,0.06249486677532256,0.24997946710129024,3.186884923838397e-20,2.230819446686878e-19,1.2144969840767823e-06,8.501478888537477e-06,3.4155908277567236e-19,1.0269420728504481e-19,4.543228241590904e-06,4.249169648708293e-20,1.6193254060053125e-06,1.619325406005355e-06
t0_10s,10.0,743.4377935371052,0.4735473807162762,473547380.7162762,3.056590632636509e-06,8.547319009613463e-10,8.547319009613464,1.000000000000002,5.377182850701459e-24,5.377182850701459e-24,0.7500018091360117,0.7500018091360117,2.566031904082319e-19,5.132063808164638e-19,7.650509451831739e-20,2.2951528355495215e-19,3.407421195812986e-06,1.022226358743896e-05,0.0624948667737027,0.2499794670948108,3.2568646941925956e-20,2.279805285934817e-19,1.2145007988717275e-06,8.501505592102092e-06,3.4213676191506004e-19,1.020065466328006e-19,4.543217302019942e-06,4.3424757840843665e-20,1.6193304923768252e-06,1.6193304923768686e-06
t0_10s,10.0,753.2984882110785,0.4700082788579421,470008278.8579421,2.9995098158740914e-06,8.578605883332222e-10,8.578605883332221,1.000000000000002,5.2265713006814764e-24,5.2265713006814764e-24,0.7500018091402301,0.7500018091402301,2.570355757050599e-19,5.140711514101198e-19,7.599737450574043e-20,2.279921235172213e-19,3.407413315242385e-06,1.0222239945727155e-05,0.0624948667721499,0.2499794670885996,3.3285100013807847e-20,2.3299570009665493e-19,1.2145044609311269e-06,8.501531226517889e-06,3.427132742515841e-19,1.0132958824840777e-19,4.5432067945922665e-06,4.4380026298822475e-20,1.619335375101805e-06,1.6193353751018496e-06
t0_10s,10.0,763.2899716346946,0.46649562681745854,466495626.81745857,2.943494964441621e-06,8.610007280501645e-10,8.610007280501645,1.000000000000002,5.080227623843182e-24,5.080227623843182e-24,0.7500018091442835,0.7500018091442835,2.5746702520404675e-19,5.149340504080935e-19,7.549756015125486e-20,2.264926804537646e-19,3.4074057467456627e-06,1.0222217240236987e-05,0.06249486677066157,0.2499794670826463,3.401860750037658e-20,2.3813025250263606e-19,1.2145079759889108e-06,8.501555831922374e-06,3.432885388607321e-19,1.0066317071607333e-19,4.5431967032630905e-06,4.5358033921531735e-20,1.61934006182546e-06,1.6193400618255052e-06
t0_10s,10.0,773.4139785434444,0.46300922691957047,463009226.91957045,2.888526171789965e-06,8.641523620326994e-10,8.641523620326995,1.0000000000000018,4.938027045065923e-24,4.938027045065923e-24,0.7500018091481778,0.7500018091481778,2.5789747895582115e-19,5.157949579116423e-19,7.5005532262297e-20,2.2501659678689098e-19,3.407398478705524e-06,1.0222195436116573e-05,0.062494866769235206,0.24997946707694083,3.476957718654719e-20,2.433870403058303e-19,1.2145113495793826e-06,8.501579447055678e-06,3.438624758101995e-19,1.0000713511276099e-19,4.543187012542692e-06,4.635932442087985e-20,1.6193445599268303e-06,1.6193445599268767e-06
t0_10s,10.0,783.6722666817366,0.459548882966367,459548882.966367,2.8345839031181586e-06,8.673155323547922e-10,8.673155323547922,1.0000000000000018,4.79984857787443e-24,4.79984857787443e-24,0.750001809151919,0.750001809151919,2.583268777712749e-19,5.166537555425498e-19,7.452117348667115e-20,2.2356352046001345e-19,3.407391499907705e-06,1.0222174499723115e-05,0.06249486676786841,0.24997946707147364,3.5538425710974977e-20,2.4876897997682483e-19,1.2145145870435507e-06,8.501602109304854e-06,3.444350061813633e-19,9.936132496925253e-20,4.543177707478716e-06,4.738445331373378e-20,1.6193488765272307e-06,1.6193488765272782e-06
t0_10s,10.0,794.0666171080767,0.4561144002262414,456114400.2262414,2.7816489884311898e-06,8.704902812444238e-10,8.704902812444239,1.0000000000000018,4.6655749057281655e-24,4.6655749057281655e-24,0.750001809155513,0.750001809155513,2.58755163237343e-19,5.17510326474686e-19,7.404436828363662e-20,2.2213310485090986e-19,3.407384799528086e-06,1.0222154398584258e-05,0.062494866766558854,0.24997946706623542,3.632557867703727e-20,2.542790507392609e-19,1.2145176935352976e-06,8.501623854747083e-06,3.450060520903225e-19,9.872558623159736e-20,4.5431687736390034e-06,4.843398806989432e-20,1.6193530184984757e-06,1.6193530184985241e-06
t0_10s,10.0,804.5988345042956,0.45270558542293277,452705585.42293274,2.7297026157273444e-06,8.736766510841431e-10,8.73676651084143,1.0000000000000013,4.53509226709589e-24,4.53509226709589e-24,0.7500018091589646,0.7500018091589646,2.5918227773244733e-19,5.183645554648947e-19,7.357500289529899e-20,2.20725008685897e-19,3.407378367120179e-06,1.0222135101360537e-05,0.06249486676530431,0.24997946706121724,3.7131470759173765e-20,2.5992029531421635e-19,1.2145206740273632e-06,8.501644718191542e-06,3.4557553670848954e-19,9.80997672229676e-20,4.543160197094907e-06,4.9508508253882975e-20,1.6193569924708577e-06,1.6193569924709073e-06
t0_10s,10.0,815.270747488883,0.4493222467246485,449322246.7246485,2.678726324312807e-06,8.768746844116404e-10,8.768746844116404,1.0000000000000013,4.408290344195962e-24,4.408290344195962e-24,0.7500018091622798,0.7500018091622798,2.596081644415912e-19,5.192163288831824e-19,7.311296531831942e-20,2.1933889595495827e-19,3.407372192602987e-06,1.0222116577808962e-05,0.06249486676410263,0.24997946705641053,3.795654580411436e-20,2.656958206288005e-19,1.2145235333171625e-06,8.501664733220137e-06,3.4614338428271597e-19,9.748371860593711e-20,4.543151964405096e-06,5.0608605659911957e-20,1.6193608048409028e-06,1.6193608048409534e-06
t0_10s,10.0,826.0842089344754,0.44596419373326934,445964193.73326933,2.6287019982410852e-06,8.800844239203084e-10,8.800844239203084,1.0000000000000013,4.285062155285371e-24,4.285062155285371e-24,0.7500018091654633,0.7500018091654633,2.6003276737109154e-19,5.200655347421831e-19,7.265814527595277e-20,2.179744358278583e-19,3.4073662662492073e-06,1.0222098798747622e-05,0.06249486676295173,0.24997946705180693,3.8801256926504457e-20,2.716087984855312e-19,1.2145262760324363e-06,8.501683932227054e-06,3.467095201549358e-19,9.687729334519929e-20,4.543144062599832e-06,5.173488443938437e-20,1.619364461778906e-06,1.6193644617789576e-06
t0_10s,10.0,837.0410962895531,0.4426312374736347,442631237.4736347,2.5796118598749975e-06,8.833059124598209e-10,8.83305912459821,1.0000000000000016,4.165303950382932e-24,4.165303950382932e-24,0.7500018091685204,0.7500018091685204,2.604560313629371e-19,5.209120627258742e-19,7.221043419042218e-20,2.1663130257126654e-19,3.407360578673792e-06,1.0222081736021376e-05,0.062494866761849614,0.24997946704739846,3.9666066598418246e-20,2.7766246618892773e-19,1.2145289066367378e-06,8.501702346457164e-06,3.4727387078130946e-19,9.628034667073312e-20,4.54313647916572e-06,5.288796122024493e-20,1.6193679692362465e-06,1.6193679692362994e-06
t0_10s,10.0,848.1433119044065,0.4393231903829079,439323190.3829079,2.5314384635688367e-06,8.865391930366986e-10,8.865391930366986,1.0000000000000013,4.0489151103231524e-24,4.0489151103231524e-24,0.7500018091714554,0.7500018091714554,2.6087790210876133e-19,5.217558042175227e-19,7.176972515564264e-20,2.153091754669279e-19,3.4073551208228366e-06,1.022206536246851e-05,0.06249486676079435,0.2499794670431774,4.055144673223498e-20,2.838601271256449e-19,1.2145314294347648e-06,8.501720006043353e-06,3.478363637508545e-19,9.56927360414348e-20,4.543129202030888e-06,5.4068465217481426e-20,1.619371332952498e-06,1.619371332952552e-06
t0_10s,10.0,859.3927833614223,0.4360398663000215,436039866.3000215,2.4841646894685418e-06,8.897843088148805e-10,8.897843088148806,1.0000000000000013,3.9357980490270254e-24,3.9357980490270254e-24,0.7500018091742732,0.7500018091742732,2.612983261634164e-19,5.225966523268328e-19,7.133591291029402e-20,2.1400773873088204e-19,3.407349883962797e-06,1.0222049651888391e-05,0.062494866759784065,0.24997946703913626,4.1457878756332035e-20,2.9020515129432427e-19,1.2145338485775347e-06,8.501736940042744e-06,3.483969278035437e-19,9.511432110921501e-20,4.54312221955061e-06,5.527703833404851e-20,1.6193745584623266e-06,1.6193745584623819e-06
t0_10s,10.0,870.791463809755,0.4327810804552009,432781080.4552009,2.437773737427669e-06,8.930413031163103e-10,8.930413031163102,1.0000000000000016,3.8258581188933806e-24,3.8258581188933806e-24,0.7500018091769781,0.7500018091769781,2.617172509581371e-19,5.234345019162742e-19,7.090889381125539e-20,2.127266814337662e-19,3.407344859670032e-06,1.0222034579010096e-05,0.06249486675881698,0.2499794670352679,4.238585368303375e-20,2.9670097578123626e-19,1.2145361680674104e-06,8.501753176471873e-06,3.4895549284785735e-19,9.454496368357827e-20,4.543115520493365e-06,5.651433525146598e-20,1.6193776511021935e-06,1.61937765110225e-06
t0_10s,10.0,882.3413323044372,0.42954664945956517,429546649.45956516,2.3922491210369174e-06,8.963102194215058e-10,8.963102194215057,1.0000000000000016,3.719003519205285e-24,3.719003519205285e-24,0.7500018091795743,0.7500018091795743,2.621346248132827e-19,5.242692496265654e-19,7.04885658073991e-20,2.114656974221973e-19,3.4073400398206467e-06,1.022202011946194e-05,0.06249486675789136,0.24997946703156543,4.3335872168237373e-20,3.033511051776616e-19,1.2145383917629764e-06,8.501768742340835e-06,3.4951198997777263e-19,9.398452769668172e-20,4.543109094027294e-06,5.778102350931982e-20,1.6193806160168571e-06,1.619380616016915e-06
t0_10s,10.0,894.044394149983,0.42633639129480855,426336391.29480857,2.3475746617652185e-06,8.995911013701399e-10,8.995911013701399,1.0000000000000013,3.615145207460222e-24,3.615145207460222e-24,0.7500018091820657,0.7500018091820657,2.6255039695064553e-19,5.2510079390129105e-19,7.007482841375325e-20,2.1022448524125975e-19,3.40733541658065e-06,1.022200624974195e-05,0.06249486675700555,0.2499794670280222,4.430844456211992e-20,3.1015911193483943e-19,1.2145405233837761e-06,8.501783663686432e-06,3.5006635148917416e-19,9.343287916888521e-20,4.543102929707076e-06,5.90777835728712e-20,1.6193834581656882e-06,1.6193834581657472e-06
t0_10s,10.0,905.9026812485538,0.4231501253029562,423150125.3029562,2.303734483210218e-06,9.028839927616309e-10,9.028839927616309,1.0000000000000013,3.514196813526171e-24,3.514196813526171e-24,0.7500018091844568,0.7500018091844568,2.629645175053127e-19,5.259290350106254e-19,6.966758268603179e-20,2.0900274805809534e-19,3.407330982396395e-06,1.0221992947189185e-05,0.062494866756157945,0.24997946702463178,4.5304090950316944e-20,3.171286366522186e-19,1.2145425665149065e-06,8.501797965604345e-06,3.5061851089567e-19,9.288988617479137e-20,4.54309701746118e-06,6.040530888796133e-20,1.6193861823287944e-06,1.6193861823288548e-06
t0_10s,10.0,917.9182524527376,0.4199876721761985,419987672.1761985,2.2607130054561025e-06,9.061889375557159e-10,9.06188937555716,1.0000000000000013,3.4160745565343116e-24,3.4160745565343116e-24,0.7500018091867511,0.7500018091867511,2.6337693753707287e-19,5.267538750741457e-19,6.926673119553522e-20,2.0780019358660566e-19,3.407326729985314e-06,1.022198018995594e-05,0.062494866755347,0.249979467021388,4.6323341184947976e-20,3.242633882946358e-19,1.2145445246114772e-06,8.50181167228034e-06,3.5116840294380115e-19,9.235541880978016e-20,4.5430913475795186e-06,6.176430592237868e-20,1.6193887931129705e-06,1.6193887931130323e-06
t0_10s,10.0,930.0931939230111,0.4168488539467999,416848853.9467999,2.2184949395368342e-06,9.095059798730482e-10,9.095059798730482,1.000000000000001,3.320697164420608e-24,3.320697164420608e-24,0.7500018091889522,0.7500018091889522,2.63787609041353e-19,5.27575218082706e-19,6.887217800442289e-20,2.0661653401326866e-19,3.407322652326928e-06,1.0221967956980784e-05,0.06249486675457125,0.249979467018285,4.7366734904850687e-20,3.315671443339548e-19,1.2145464010029376e-06,8.501824807020564e-06,3.517159636276231e-19,9.182934915703855e-20,4.543085910701452e-06,6.315549419283776e-20,1.6193912949574633e-06,1.6193912949575264e-06
t0_10s,10.0,942.4296194899441,0.41373349397708364,413733493.9770836,2.177065282002743e-06,9.128351639957817e-10,9.128351639957817,1.0000000000000013,3.2279857960305306e-24,3.2279857960305306e-24,0.7500018091910642,0.7500018091910642,2.641964849596766e-19,5.283929699193532e-19,6.848382864135719e-20,2.0545148592407156e-19,3.407318742654133e-06,1.0221956227962398e-05,0.062494866753829245,0.24997946701531698,4.843482154437395e-20,3.3904375081061766e-19,1.214548198897274e-06,8.501837392280917e-06,3.5226113020265015e-19,9.131155125508613e-20,4.543080697804174e-06,6.457960627670313e-20,1.6193936921395691e-06,1.6193936921396337e-06
t0_10s,10.0,954.9296710212028,0.4106414169494912,410641416.9494912,2.1364093095885894e-06,9.161765343681573e-10,9.161765343681573,1.0000000000000016,3.137863965704405e-24,3.137863965704405e-24,0.7500018091930899,0.7500018091930899,2.6460351918963254e-19,5.292070383792651e-19,6.81015900775195e-20,2.043047702325585e-19,3.407314994444744e-06,1.0221944983334231e-05,0.06249486675311962,0.24997946701247847,4.952816033006792e-20,3.4669712231047543e-19,1.2145499213850806e-06,8.501849449695565e-06,3.5280384119914793e-19,9.080190106579672e-20,4.543075700191441e-06,6.60373878075763e-20,1.6193959887800637e-06,1.6193959887801298e-06
t0_10s,10.0,967.5955187934261,0.4075724488567171,407572448.8567171,2.096512573981253e-06,9.195301355971066e-10,9.195301355971067,1.0000000000000013,3.0502574702635313e-24,3.0502574702635313e-24,0.7500018091950328,0.7500018091950328,2.650086665943422e-19,5.300173331886844e-19,6.772537070299757e-20,2.031761121089927e-19,3.4073114014132976e-06,1.0221934204239892e-05,0.062494866752441036,0.24997946700976414,5.064732026460177e-20,3.545312418522124e-19,1.21455157144351e-06,8.50186100010457e-06,3.5334403643475547e-19,9.030027644291463e-20,4.543070909482633e-06,6.752959745385265e-20,1.6193981888484675e-06,1.619398188848535e-06
t0_10s,10.0,980.4293618690288,0.4045264169919164,404526416.99191636,2.05736089668506e-06,9.228960124528372e-10,9.228960124528372,1.0000000000000013,2.9650943183197336e-24,2.9650943183197336e-24,0.7500018091968964,0.7500018091968964,2.6541188301141663e-19,5.308237660228333e-19,6.735508030354224e-20,2.0206524091062672e-19,3.407307957503109e-06,1.0221923872509327e-05,0.06249486675179225,0.249979467007169,5.1792880097229973e-20,3.625501606806098e-19,1.214553151940102e-06,8.501872063580713e-06,3.5388165702642806e-19,8.980655710106381e-20,4.5430663176021696e-06,6.905700687934327e-20,1.6194002961681495e-06,1.6194002961682185e-06
t0_10s,10.0,993.4334284780077,0.4015031499389853,401503149.9389853,2.0189403639830582e-06,9.262742098694398e-10,9.262742098694398,1.0000000000000016,2.8823046618330775e-24,2.8823046618330775e-24,0.7500018091986833,0.7500018091986833,2.6581312526139213e-19,5.316262505227843e-19,6.69906300376927e-20,2.009718901130781e-19,3.407304656878565e-06,1.0221913970635695e-05,0.062494866751172024,0.2499794670046881,5.296542828012409e-20,3.7075799796086864e-19,1.2145546656364965e-06,8.501882659455476e-06,3.5441664540168524e-19,8.932062458524842e-20,4.543061916769236e-06,7.062040068505087e-20,1.619402314421282e-06,1.6194023144213526e-06
t0_10s,10.0,1000.0,0.4,400000000.0,2.000000000000001e-06,9.27967942874927e-10,9.27967942874927,1.0000000000000013,2.8417786365943115e-24,2.8417786365943115e-24,0.750001809199549,0.750001809199549,2.660129928508608e-19,5.320259857017216e-19,6.681056756173886e-20,2.004317026852166e-19,3.4073030585333883e-06,1.0221909175600165e-05,0.06249486675087224,0.24997946700348897,5.35620095332865e-20,3.7493406673300547e-19,1.2145553982695631e-06,8.501887787886942e-06,3.5468313487772417e-19,8.908054186301694e-20,4.543059785642231e-06,7.141584043704025e-20,1.6194032912611454e-06,1.6194032912612168e-06
t0_10s,10.0,1006.6099764048131,0.3985024775629144,398502477.56291443,1.981237321992325e-06,9.296647729454773e-10,9.296647729454772,1.0000000000000016,2.8018207298456277e-24,2.8018207298456277e-24,0.7500018092003967,0.7500018092003967,2.6621235115563673e-19,5.324247023112735e-19,6.663193241426831e-20,1.9989579724280495e-19,3.4073014939176604e-06,1.0221904481752981e-05,0.06249486675057918,0.2499794670023167,5.416556290988092e-20,3.7915894036916645e-19,1.214556115192033e-06,8.501892806344231e-06,3.549489453091521e-19,8.884236224084174e-20,4.543057699487825e-06,7.222057633118077e-20,1.6194042471536356e-06,1.6194042471537078e-06
t0_10s,10.0,1019.9612933803452,0.39552423100021455,395524231.0002146,1.944238371811689e-06,9.330677469446e-10,9.330677469446,1.0000000000000016,2.723576764320519e-24,2.723576764320519e-24,0.7500018092020394,0.7500018092020394,2.6660951950371625e-19,5.332190390074325e-19,6.62789012702237e-20,1.988367038106711e-19,3.40729846320476e-06,1.022189538961428e-05,0.062494866750012576,0.2499794670000503,5.539389165351697e-20,3.8775724157461876e-19,1.2145575031672404e-06,8.501902522170683e-06,3.55478501828381e-19,8.837165518405988e-20,4.5430536585370875e-06,7.385834403846708e-20,1.6194060977792342e-06,1.6194060977793081e-06
t0_10s,10.0,1033.489697479151,0.39256824264941503,392568242.649415,1.9079303647600126e-06,9.36483177296134e-10,9.364831772961342,1.0000000000000013,2.6475089580189777e-24,2.6475089580189777e-24,0.7500018092036141,0.7500018092036141,2.6700459012021377e-19,5.340091802404275e-19,6.593145174886617e-20,1.977943552465985e-19,3.4072955595235846e-06,1.0221886678570753e-05,0.06249486674947113,0.2499794669978845,5.665103165825845e-20,3.9655722160780917e-19,1.2145588320272196e-06,8.501911824190536e-06,3.560052613789443e-19,8.790839027291837e-20,4.5430497869619875e-06,7.553452666789309e-20,1.6194078695848654e-06,1.619407869584941e-06
t0_10s,10.0,1047.1975375218972,0.3896343461616295,389634346.1616295,1.872300397703423e-06,9.399111095957067e-10,9.399111095957068,1.0000000000000016,2.573555394348714e-24,2.573555394348714e-24,0.7500018092051237,0.7500018092051237,2.6739752383099157e-19,5.347950476619831e-19,6.55895002784306e-20,1.967685008352918e-19,3.407292777850419e-06,1.0221878333551257e-05,0.06249486674895379,0.24997946699581516,5.793760944444119e-20,4.0556326611108833e-19,1.2145601041449196e-06,8.501920729014438e-06,3.565291717287831e-19,8.745245607866532e-20,4.5430460780642365e-06,7.724995957789135e-20,1.6194095657344478e-06,1.6194095657345251e-06
t0_10s,10.0,1061.0871934831737,0.3867223764311967,386722376.43119675,1.837335808469782e-06,9.433515896058347e-10,9.433515896058347,1.0000000000000016,2.5016559891207693e-24,2.5016559891207693e-24,0.7500018092065707,0.7500018092065707,2.6778828247889047e-19,5.355765649577809e-19,6.525296455101004e-20,1.957588936530301e-19,3.4072901133475236e-06,1.0221870340042572e-05,0.062494866748459554,0.24997946699383822,5.925426078083508e-20,4.1477982546584556e-19,1.2145613218043162e-06,8.501929252630213e-06,3.570501820018068e-19,8.700374285768904e-20,4.543042525393514e-06,7.900549045811017e-20,1.6194111892732693e-06,1.6194111892733483e-06
t0_10s,10.0,1075.1610769047036,0.3838321695863889,383832169.5863889,1.803024171348841e-06,9.468046632565534e-10,9.468046632565533,1.0000000000000018,2.4317524341527483e-24,2.4317524341527483e-24,0.7500018092079574,0.7500018092079574,2.6817682892885775e-19,5.363536578577155e-19,6.492176350183821e-20,1.9476529050551464e-19,3.40728756135676e-06,1.022186268407028e-05,0.06249486674798745,0.2499794669919498,6.060163054171918e-20,4.2421141379203424e-19,1.2145624872034859e-06,8.5019374104244e-06,3.5756824268473035e-19,8.656214252389485e-20,4.543039122738971e-06,8.080197913884739e-20,1.6194127431320862e-06,1.619412743132167e-06
t0_10s,10.0,1089.4216313140475,0.38096356298018824,380963562.98018825,1.769353292676345e-06,9.502703766460158e-10,9.502703766460158,1.0000000000000018,2.3637881426588374e-24,2.3637881426588374e-24,0.7500018092092862,0.7500018092092862,2.6856312707249813e-19,5.371262541449963e-19,6.459581728891992e-20,1.9378745186675977e-19,3.40728511739341e-06,1.0221855352180231e-05,0.062494866747536564,0.24997946699014625,6.198037254504496e-20,4.338626078153148e-19,1.2145636024575889e-06,8.501945217203123e-06,3.580833056331418e-19,8.612754862154555e-20,4.5430358641209834e-06,8.264029737526872e-20,1.6194142301311009e-06,1.6194142301311834e-06
t0_10s,10.0,1103.8713326488419,0.3781163951811363,378116395.1811363,1.736311206500702e-06,9.537487760411197e-10,9.537487760411196,1.0000000000000018,2.2977081963692394e-24,2.2977081963692394e-24,0.7500018092105593,0.7500018092105593,2.6894714183204154e-19,5.378942836640831e-19,6.427504727300664e-20,1.9282514181901992e-19,3.4072827771401904e-06,1.022184833142057e-05,0.06249486674710597,0.24997946698842388,6.339114937103198e-20,4.4373804559722385e-19,1.214564669601755e-06,8.501952687212283e-06,3.5859532407679296e-19,8.569985629856228e-20,4.543032743783172e-06,8.452132860553571e-20,1.6194156529838075e-06,1.619415652983892e-06
t0_10s,10.0,1118.5126896866836,0.3752905059642475,375290505.9642475,1.7038861703304806e-06,9.572399078781135e-10,9.572399078781135,1.0000000000000018,2.233459294322759e-24,2.233459294322759e-24,0.750001809211779,0.750001809211779,2.693288391637236e-19,5.386576783274472e-19,6.395937599791213e-20,1.9187812799373639e-19,3.407280536441461e-06,1.0221841609324382e-05,0.06249486674669483,0.2499794669867793,6.483463216056643e-20,4.538424251239651e-19,1.2145656905938798e-06,8.50195983415716e-06,3.5910425262410654e-19,8.527896228027877e-20,4.543029756184686e-06,8.644596768200462e-20,1.6194170143007234e-06,1.6194170143008098e-06
t0_10s,10.0,1133.3482444807048,0.37248573630199255,372485736.30199254,1.672066660961387e-06,9.607438187632287e-10,9.607438187632287,1.0000000000000016,2.1709897032788637e-24,2.1709897032788637e-24,0.7500018092129472,0.7500018092129472,2.6970818606057195e-19,5.394163721211439e-19,6.364872717116494e-20,1.9094618151349484e-19,3.4072783912976085e-06,1.0221835173892825e-05,0.06249486674630232,0.2499794669852093,6.63115003927839e-20,4.641805027494872e-19,1.2145666673173346e-06,8.501966671221343e-06,3.596100472658913e-19,8.486476484364483e-20,4.543026895992705e-06,8.841512057467069e-20,1.619418316592999e-06,1.6194183165930875e-06
t0_10s,10.0,1148.3805728009222,0.3697019283553508,369701928.3553508,1.6408413703811542e-06,9.642605554732896e-10,9.642605554732896,1.0000000000000016,2.110249209696945e-24,2.110249209696945e-24,0.7500018092140663,0.7500018092140663,2.7008515055459734e-19,5.401703011091947e-19,6.334302564499386e-20,1.9002907693498157e-19,3.4072763378596148e-06,1.0221829013578845e-05,0.06249486674592765,0.2499794669837106,6.7822441641245e-20,4.74757091488715e-19,1.2145676015835838e-06,8.501973211085087e-06,3.6011266537826357e-19,8.445716379187349e-20,4.543024158075206e-06,9.042970404606989e-20,1.61941956227591e-06,1.6194195622760003e-06
t0_10s,10.0,1163.6122845814562,0.3669389254649259,366938925.4649259,1.6101992017508916e-06,9.677901649563495e-10,9.677901649563495,1.0000000000000016,2.051189073231885e-24,2.051189073231885e-24,0.7500018092151383,0.7500018092151383,2.704597017183855e-19,5.40919403436771e-19,6.304219739764064e-20,1.8912659219292193e-19,3.4072743724237958e-06,1.0221823117271387e-05,0.06249486674557003,0.24997946698228013,6.936815130814063e-20,4.855770591569844e-19,1.2145684951347256e-06,8.50197946594308e-06,3.606120657247695e-19,8.405606042952487e-20,4.543021537493942e-06,9.249064529688668e-20,1.6194207536722438e-06,1.6194207536723363e-06
t0_10s,10.0,1179.0460243736604,0.3641965721421311,364196572.1421311,1.5801292654614962e-06,9.713326943323063e-10,9.713326943323063,1.0000000000000016,1.9937619816976298e-24,1.9937619816976298e-24,0.7500018092161647,0.7500018092161647,2.708318096660868e-19,5.416636193321736e-19,6.274616951499803e-20,1.8823850854499411e-19,3.4072724914267096e-06,1.0221817474280128e-05,0.06249486674522877,0.24997946698091508,7.094933233598697e-20,4.966453263519088e-19,1.214569349645949e-06,8.501985447521643e-06,3.6110820845770513e-19,8.366135753802349e-20,4.5430190294976605e-06,9.459888158154834e-20,1.6194218930155772e-06,1.6194218930156718e-06
t0_10s,10.0,1194.6844718052819,0.36147471406043835,361474714.06043833,1.5506208752637085e-06,9.748881908935415e-10,9.748881908935415,1.0000000000000018,1.9379220074508756e-24,1.9379220074508756e-24,0.7500018092171477,0.7500018092171477,2.712014455538035e-19,5.42402891107607e-19,6.24548701725662e-20,1.873646105176986e-19,3.407270691440223e-06,1.0221812074320669e-05,0.06249486674490315,0.2499794669796126,7.256669489631187e-20,5.079668642741831e-19,1.2145701667279083e-06,8.501991167095358e-06,3.6160105511863195e-19,8.327295935160027e-20,4.543016629515513e-06,9.675535979314108e-20,1.6194229824534388e-06,1.6194229824535356e-06
t0_10s,10.0,1210.5303420456976,0.35877319804669283,358773198.04669285,1.5216635444704195e-06,9.784567021055462e-10,9.784567021055462,1.0000000000000016,1.8836245651494326e-24,1.8836245651494326e-24,0.7500018092180886,0.7500018092180886,2.715685815793737e-19,5.431371631587474e-19,6.216822861772521e-20,1.8650468585317563e-19,3.4072689691667456e-06,1.0221806907500236e-05,0.06249486674459249,0.24997946697836995,7.422095605486516e-20,5.195466923840561e-19,1.2145709479290274e-06,8.501996635503192e-06,3.620905686380896e-19,8.289077153365597e-20,4.5430143331507166e-06,9.896103601702498e-20,1.6194240240503866e-06,1.6194240240504855e-06
t0_10s,10.0,1226.586386277322,0.356091872072496,356091872.072496,1.493246982229945e-06,9.820382756075533e-10,9.820382756075533,1.0000000000000013,1.8308263708410105e-24,1.8308263708410105e-24,0.7500018092189894,0.7500018092189894,2.7193319098155214e-19,5.438663819631043e-19,6.188617515231781e-20,1.8565852545695343e-19,3.407267321434612e-06,1.0221801964303836e-05,0.06249486674429614,0.24997946697718457,7.591283941292902e-20,5.313898758905032e-19,1.2145716947377234e-06,8.502001863164063e-06,3.62576713334503e-19,8.25147011535381e-20,4.5430121361743816e-06,1.0121687505258217e-19,1.6194250197909675e-06,1.6194250197910688e-06
t0_10s,10.0,1242.8553921732807,0.353430585245646,353430585.245646,1.4653610898688226e-06,9.856329592131786e-10,9.856329592131786,1.0000000000000013,1.7794854023393617e-24,1.7794854023393617e-24,0.7500018092198517,0.7500018092198517,2.7229524803858946e-19,5.445904960771789e-19,6.160864111553848e-20,1.8482592334661545e-19,3.407265745193615e-06,1.0221797235580845e-05,0.06249486674401349,0.24997946697605397,7.764307472435096e-20,5.435015230704567e-19,1.2145724085845612e-06,8.50200686009193e-06,3.6305945491228836e-19,8.214465666372658e-20,4.543010034519565e-06,1.0352384990259546e-19,1.6194259715825935e-06,1.619425971582697e-06
t0_10s,10.0,1259.3401843814001,0.35078918780164997,350789187.80165,1.4379959573029906e-06,9.892408009110566e-10,9.892408009110566,1.0000000000000013,1.7295608608466417e-24,1.7295608608466417e-24,0.7500018092206772,0.7500018092206772,2.726547280662107e-19,5.453094561324214e-19,6.133555886712437e-20,1.8400667660137312e-19,3.4072642375106797e-06,1.0221792712532039e-05,0.06249486674374396,0.24997946697497583,7.941239748796435e-20,5.558867824157504e-19,1.2145730908443375e-06,8.502011635910362e-06,3.6353876045915775e-19,8.178054787742155e-20,4.543008024275501e-06,1.0588294122981029e-19,1.6194268812583183e-06,1.6194268812584241e-06
t0_10s,10.0,1276.0436250146363,0.3481675310952934,348167531.0952934,1.4111418595159005e-06,9.928618488654755e-10,9.928618488654754,1.0000000000000013,1.6810131337817042e-24,1.6810131337817042e-24,0.750001809221467,0.750001809221467,2.7301160741499824e-19,5.460232148299965e-19,6.106686177084315e-20,1.8320058531252943e-19,3.4072627955656895e-06,1.0221788386697068e-05,0.06249486674348693,0.2499794669739477,8.12215485151224e-20,5.685508396058568e-19,1.2145737428380934e-06,8.502016199866655e-06,3.640145984426299e-19,8.142228594652737e-20,4.543006101682035e-06,1.0829513678031488e-19,1.6194277505795238e-06,1.619427750579632e-06
t0_10s,10.0,1292.9686141479892,0.3455654675922767,345565467.5922767,1.3847892531024846e-06,9.96496151417035e-10,9.964961514170351,1.0000000000000013,1.633803758775664e-24,1.633803758775664e-24,0.750001809222223,0.750001809222223,2.733658634671804e-19,5.467317269343608e-19,6.080248417827348e-20,1.8240745253482042e-19,3.4072614166474374e-06,1.0221784249942313e-05,0.06249486674324189,0.24997946697296755,8.30712734721177e-20,5.814989143048239e-19,1.2145743658350657e-06,8.50202056084546e-06,3.644869387057479e-19,8.106978334002646e-20,4.54300426312422e-06,1.1076143077343426e-19,1.6194285812385172e-06,1.619428581238628e-06
t0_10s,10.0,1310.1180903220268,0.3429828508609119,342982850.8609119,1.3589287728775854e-06,1.0001437570832712e-09,10.001437570832712,1.000000000000001,1.587895388797267e-24,1.587895388797267e-24,0.7500018092229461,0.7500018092229461,2.737174746328328e-19,5.474349492656656e-19,6.054236141287367e-20,1.81627084238621e-19,3.407260098149717e-06,1.0221780294449152e-05,0.06249486674300831,0.24997946697203324,8.49623223973288e-20,5.947362567813016e-19,1.2145749610545704e-06,8.502024727381993e-06,3.649557524620148e-19,8.072295382273778e-20,4.543002505127121e-06,1.1328282325792742e-19,1.6194293748610477e-06,1.619429374861161e-06
t0_10s,10.0,1327.4950310530749,0.3404195355638816,340419535.5638816,1.3335512285477749e-06,1.0038047145593239e-09,10.03804714559324,1.0000000000000013,1.5432517583716707e-24,1.5432517583716707e-24,0.7500018092236382,0.7500018092236382,2.740664203454957e-19,5.481328406909914e-19,6.028642975433358e-20,1.8085928926300075e-19,3.40725883756754e-06,1.0221776512702621e-05,0.06249486674278569,0.24997946697114276,8.689544919299015e-20,6.082681443509311e-19,1.214575529667822e-06,8.502028707674754e-06,3.6542101228954984e-19,8.038171243445248e-20,4.543000824350747e-06,1.1586031943434867e-19,1.6194301330087266e-06,1.6194301330088424e-06
t0_10s,10.0,1345.1024533501734,0.33787537745006196,337875377.450062,1.3086476014453213e-06,1.0074790727185761e-09,10.07479072718576,1.0000000000000013,1.4998376508577157e-24,1.4998376508577157e-24,0.7500018092243002,0.7500018092243002,2.7441268105721644e-19,5.488253621144329e-19,6.00346264232058e-20,1.801038792696174e-19,3.4072576324934776e-06,1.0221772897480433e-05,0.062494866742573534,0.24997946697029413,8.887141109155328e-20,6.220998776408729e-19,1.214576072799698e-06,8.502032509597886e-06,3.6588269212447846e-19,8.004597546944247e-20,4.542999217585197e-06,1.184949289435312e-19,1.619430857181385e-06,1.6194308571815036e-06
t0_10s,10.0,1362.9434142389036,0.3353502333464028,335350233.34640276,1.2842090413231047e-06,1.0111668806133055e-09,10.111668806133055,1.0000000000000013,1.4576188667495795e-24,1.4576188667495795e-24,0.7500018092249333,0.7500018092249333,2.7475623823302155e-19,5.495124764660431e-19,5.97868895658106e-20,1.7936066869743182e-19,3.4072564806141278e-06,1.0221769441842383e-05,0.06249486674237137,0.24997946696948548,9.0890968096678e-20,6.36236776676746e-19,1.2145765915304394e-06,8.502036140713077e-06,3.6634076725356177e-19,7.97156604563335e-20,4.5429976817459335e-06,1.2118766512124353e-19,1.619431548819338e-06,1.619431548819459e-06
t0_10s,10.0,1381.0210112921422,0.3328439611498723,332843961.1498723,1.2602268632094543e-06,1.0148681874753466e-09,10.148681874753466,1.0000000000000013,1.416562192970137e-24,1.416562192970137e-24,0.7500018092255389,0.7500018092255389,2.7509707434482875e-19,5.501941486896575e-19,5.954315823941154e-20,1.7862947471823461e-19,3.407255379706693e-06,1.0221766139120079e-05,0.06249486674217877,0.2499794669687151,9.295488239896032e-20,6.506841767927222e-19,1.2145770868972936e-06,8.502039608281055e-06,3.6679521430607927e-19,7.93906861383395e-20,4.542996213869226e-06,1.2393954421916218e-19,1.619432209305576e-06,1.6194322093056999e-06
t0_10s,10.0,1399.3383831678752,0.33035641981945874,330356419.8194587,1.2366925443216504e-06,1.018583042716739e-09,10.18583042716739,1.0000000000000013,1.3766353731241585e-24,1.3766353731241585e-24,0.7500018092261179,0.7500018092261179,2.754351728648075e-19,5.50870345729615e-19,5.930337239765589e-20,1.7791011719296766e-19,3.4072543276356817e-06,1.0221762982907044e-05,0.062494866741995315,0.24997946696798126,9.506391776658883e-20,6.654474243661218e-19,1.2145775598961081e-06,8.502042919272758e-06,3.6724601124497636e-19,7.907097245384981e-20,4.542994811107755e-06,1.2675158459241534e-19,1.6194328399678905e-06,1.6194328399680173e-06
t0_10s,10.0,1417.8987101541331,0.32788746936823426,327887469.3682343,1.2135977210371242e-06,1.0223114959303934e-09,10.223114959303935,1.0000000000000013,1.3378070786806862e-24,1.3378070786806862e-24,0.7500018092266717,0.7500018092266717,2.7577051825819664e-19,5.515410365163933e-19,5.906747287627623e-20,1.7720241862882867e-19,3.4072533223497097e-06,1.0221759967049129e-05,0.06249486674182057,0.2499794669672823,9.721883891119181e-20,6.805318723783427e-19,1.2145780114828627e-06,8.502046080380039e-06,3.676931373572874e-19,7.875644051736463e-20,4.542993470726337e-06,1.2962480585404766e-19,1.619433442080915e-06,1.6194334420810446e-06
t0_10s,10.0,1436.7052147211527,0.3254369708554764,325436970.8554764,1.1909341859211832e-06,1.026053596890756e-09,10.26053596890756,1.0000000000000016,1.3000468810548592e-24,1.3000468810548592e-24,0.750001809227201,0.750001809227201,2.761030959755914e-19,5.522061919511828e-19,5.883540137904851e-20,1.7650620413714553e-19,3.4072523618784166e-06,1.022175708563525e-05,0.06249486674165418,0.24997946696661671,9.942041082922583e-20,6.959428758045809e-19,1.2145784425751544e-06,8.502049098026081e-06,3.6813657324385254e-19,7.844701260077263e-20,4.542992190097829e-06,1.325602279968741e-19,1.6194340168681076e-06,1.6194340168682402e-06
t0_10s,10.0,1455.7611620808755,0.3230047863788498,323004786.37884974,1.168693884810257e-06,1.0298093955544646e-09,10.298093955544646,1.0000000000000013,1.2633252245604066e-24,1.2633252245604066e-24,0.750001809227707,0.750001809227707,2.7643289244471084e-19,5.528657848894217e-19,5.860710046400234e-20,1.7582130139200701e-19,3.407251444329488e-06,1.0221754332988464e-05,0.06249486674149572,0.2499794669659829,1.0166939811934046e-19,7.116857868353833e-19,1.2145788540536302e-06,8.502051978375411e-06,3.685763008083404e-19,7.814261211496454e-20,4.542990966699145e-06,1.3555887048330141e-19,1.6194345655036596e-06,1.6194345655037951e-06
t0_10s,10.0,1475.0698607538486,0.3205907790666457,320590779.0666457,1.1468689139496099e-06,1.0335789420610172e-09,10.33578942061017,1.0000000000000013,1.227613400205063e-24,1.227613400205063e-24,0.7500018092281908,0.7500018092281908,2.7675989506165653e-19,5.535197901233131e-19,5.838251352987868e-20,1.7514754058963603e-19,3.407250567885768e-06,1.0221751703657303e-05,0.06249486674134489,0.24997946696537957,1.0396656427623493e-19,7.277659499336445e-19,1.2145792467633724e-06,8.502054727343607e-06,3.69012303245593e-19,7.784316359177685e-20,4.542989798107406e-06,1.3862175130380616e-19,1.6194350891143414e-06,1.6194350891144801e-06
t0_10s,10.0,1494.634663143664,0.31819481307007874,318194813.07007873,1.125451517184508e-06,1.0373622867334529e-09,10.373622867334529,1.0000000000000016,1.1928835203019242e-24,1.1928835203019242e-24,0.7500018092286533,0.7500018092286533,2.770840921816779e-19,5.541681843633558e-19,5.816158480283142e-20,1.7448475440849428e-19,3.4072497308024802e-06,1.022174919240744e-05,0.062494866741201305,0.24997946696480522,1.0631267096162068e-19,7.441886967313448e-19,1.2145796215152324e-06,8.502057350606627e-06,3.694445650293134e-19,7.754859266626073e-20,4.5429886819962466e-06,1.4174988600488708e-19,1.619435588781284e-06,1.6194355887814256e-06
t0_10s,10.0,1514.458966119004,0.31581675355564254,315816753.55564255,1.1044340832038269e-06,1.041159480079005e-09,10.41159480079005,1.0000000000000016,1.1591084938707712e-24,1.1591084938707712e-24,0.7500018092290952,0.7500018092290952,2.7740547310945586e-19,5.548109462189117e-19,5.794425932336786e-20,1.7383277797010358e-19,3.407248931404542e-06,1.0221746794213626e-05,0.06249486674106464,0.24997946696425857,1.0870847725298355e-19,7.609593407708849e-19,1.2145799790871248e-06,8.502059853609874e-06,3.698730718991102e-19,7.725882605926918e-20,4.542987616132224e-06,1.449442866874172e-19,1.619436065541703e-06,1.6194360655418478e-06
t0_10s,10.0,1534.5462116034041,0.31345646669752264,313456466.69752264,1.0838091428351711e-06,1.044970572789793e-09,10.44970572789793,1.0000000000000016,1.1262620028041831e-24,1.1262620028041831e-24,0.7500018092295173,0.7500018092295173,2.7772402808891807e-19,5.554480561778361e-19,5.773048293352413e-20,1.731914488005724e-19,3.407248168083962e-06,1.0221744504251886e-05,0.062494866740934595,0.24997946696373838,1.111547388709375e-19,7.780831720965625e-19,1.2145803202252692e-06,8.502062241576884e-06,3.7029781084691797e-19,7.697379156035784e-20,4.542986598371349e-06,1.4820596097645102e-19,1.6194365203905536e-06,1.6194365203907018e-06
t0_10s,10.0,1554.8998871728577,0.3111138196700633,311113819.6700633,1.063569366390441e-06,1.0487956157434841e-09,10.48795615743484,1.0000000000000016,1.094318478774018e-24,1.094318478774018e-24,0.7500018092299207,0.7500018092299207,2.7803974829260526e-19,5.560794965852105e-19,5.75202022642712e-20,1.725606067928136e-19,3.4072474392973395e-06,1.0221742317892018e-05,0.062494866740810874,0.2499794669632435,1.1365220738605346e-19,7.955654517023743e-19,1.2145806456453965e-06,8.502064519517776e-06,3.70718770102819e-19,7.669341801099283e-20,4.542985626655753e-06,1.5153591096366572e-19,1.619436954282139e-06,1.6194369542822906e-06
t0_10s,10.0,1575.52352666132,0.3087886806402954,308788680.6402954,1.0437075610610544e-06,1.052634660003989e-09,10.52634660003989,1.0000000000000016,1.0632530808547774e-24,1.0632530808547774e-24,0.750001809230306,0.750001809230306,2.78352625810597e-19,5.56705251621194e-19,5.731336472314802e-20,1.7194009416944405e-19,3.407246743563439e-06,1.0221740230690318e-05,0.06249486674069317,0.24997946696277268,1.1620162940613288e-19,8.134114058429302e-19,1.214580956033906e-06,8.502066692237342e-06,3.7113593912027776e-19,7.641763528806178e-20,4.542984699010456e-06,1.549351321237285e-19,1.6194373681316545e-06,1.6194373681318095e-06
t0_10s,10.0,1596.420710774268,0.30648091876051564,306480918.76051563,1.024216668361729e-06,1.056487756822122e-09,10.564877568221219,1.0000000000000016,1.0330416738409705e-24,1.0330416738409705e-24,0.7500018092306742,0.7500018092306742,2.786626536390198e-19,5.573253072780396e-19,5.71099184821163e-20,1.7132975544634892e-19,3.407246079460858e-06,1.0221738238382574e-05,0.0624948667405812,0.2499794669623248,1.1880374574499694e-19,8.316262202149786e-19,1.214581252048988e-06,8.502068764342916e-06,3.7154930856081836e-19,7.614637428768028e-20,4.542983813540254e-06,1.5840461220601814e-19,1.6194377628166836e-06,1.619437762816842e-06
t0_10s,10.0,1617.5950677103847,0.30419040416092324,304190404.16092324,1.005089761622063e-06,1.0603549576363102e-09,10.603549576363102,1.0000000000000016,1.0036608072364734e-24,1.0036608072364734e-24,0.7500018092310257,0.7500018092310257,2.789698256681495e-19,5.57939651336299e-19,5.690981246563449e-20,1.7072943739690346e-19,3.4072454456257678e-06,1.0221736336877303e-05,0.0624948667404747,0.2499794669618988,1.214592905739476e-19,8.502150340176331e-19,1.214581534321705e-06,8.502070740251934e-06,3.719588702781615e-19,7.587956690929043e-20,4.542982968426709e-06,1.6194533010324254e-19,1.6194381391786391e-06,1.6194381391788011e-06
t0_10s,10.0,1639.050273791485,0.30191700794231263,301917007.94231266,9.863200435249262e-07,1.0642363140732581e-09,10.64236314073258,1.0000000000000016,9.750876948945186e-25,9.750876948945186e-25,0.7500018092313613,0.7500018092313613,2.7927413667012675e-19,5.585482733402535e-19,5.671299633894578e-20,1.7013898901683735e-19,3.4072448407497357e-06,1.0221734522249208e-05,0.062494866740373446,0.24997946696149378,1.241689905571484e-19,8.69182933900039e-19,1.2145818034570318e-06,8.502072624199222e-06,3.723646173018444e-19,7.561714604004495e-20,4.542982161925246e-06,1.6555825469861586e-19,1.6194384980241515e-06,1.619438498024317e-06
t0_10s,10.0,1660.7900541008173,0.2996606021688182,299660602.1688182,9.679008436908323e-07,1.0681318779486527e-09,10.681318779486526,1.0000000000000013,9.473001952876297e-25,9.473001952876297e-25,0.7500018092316818,0.7500018092316818,2.795755822863016e-19,5.591511645726032e-19,5.651942049657685e-20,1.6955826148973054e-19,3.407244263577626e-06,1.0221732790732878e-05,0.06249486674027716,0.24997946696110865,1.2693356397226822e-19,8.885349478058775e-19,1.2145820600348627e-06,8.50207442024404e-06,3.7276654382034745e-19,7.53590455394722e-20,4.542981392362348e-06,1.692443436933862e-19,1.6194388401264086e-06,1.6194388401265778e-06
t0_10s,10.0,1682.8181831298027,0.29742105986071593,297421059.8607159,9.498256163074208e-07,1.0720417012678407e-09,10.720417012678407,1.0000000000000016,9.202767923875785e-25,9.202767923875785e-25,0.7500018092319879,0.7500018092319879,2.798741590142268e-19,5.597483180284536e-19,5.632903605104289e-20,1.689871081531287e-19,3.4072437129055713e-06,1.0221731138716714e-05,0.06249486674018564,0.24997946696074255,1.2975371981780787e-19,9.08276038724655e-19,1.2145823046109824e-06,8.502076132276877e-06,3.73164645163752e-19,7.510520022441625e-20,4.542980658132859e-06,1.7300454241660758e-19,1.619439166226454e-06,1.619439166226627e-06
t0_10s,10.0,1705.138485433381,0.29519825498727614,295198254.98727614,9.320879378032082e-07,1.0759658362265441e-09,10.75965836226544,1.0000000000000016,8.939965771359488e-25,8.939965771359488e-25,0.7500018092322801,0.7500018092322801,2.8016986419431624e-19,5.603397283886325e-19,5.61417948217558e-20,1.684253844652674e-19,3.407243187579013e-06,1.0221729562737038e-05,0.062494866740098645,0.24997946696039458,1.3263015690862876e-19,9.284110983604014e-19,1.2145825377179998e-06,8.502077764025999e-06,3.7355891778595156e-19,7.485554585424787e-20,4.542979957697368e-06,1.7683978261918084e-19,1.6194394770344296e-06,1.6194394770346064e-06
t0_10s,10.0,1727.7548362940288,0.2929920624596725,292992062.4596725,9.146815045647728e-07,1.079904335211528e-09,10.79904335211528,1.0000000000000013,8.684392294866687e-25,8.684392294866687e-25,0.7500018092325591,0.7500018092325591,2.8046269599618615e-19,5.609253919923723e-19,5.595764932413107e-20,1.678729479723932e-19,3.4072426864908156e-06,1.0221728059472447e-05,0.06249486674001595,0.2499794669600638,1.3556356296127153e-19,9.489449407289008e-19,1.214582759866252e-06,8.502079319063764e-06,3.7394935924643993e-19,7.461001911634033e-20,4.5429792895796925e-06,1.8075098125428155e-19,1.6194397732307823e-06,1.619439773230963e-06
t0_10s,10.0,1750.6711623945876,0.2908023581239422,290802358.1239422,8.976001306965951e-07,1.0838572508013283e-09,10.838572508013282,1.0000000000000013,8.435850010023512e-25,8.435850010023512e-25,0.7500018092328253,0.7500018092328253,2.807526534047009e-19,5.615053068094018e-19,5.577655275888994e-20,1.6732965827666983e-19,3.4072422085794476e-06,1.0221726625738343e-05,0.062494866739937385,0.24997946695974954,1.3855461367074135e-19,9.698822956951895e-19,1.2145829715446728e-06,8.50208080081271e-06,3.7433596819170605e-19,7.436855761180578e-20,4.54297865236446e-06,1.847390392464099e-19,1.619440055467421e-06,1.6194400554676056e-06
t0_10s,10.0,1773.8914425000307,0.2886290187539984,288629018.7539984,8.808377458226907e-07,1.0878246357669322e-09,10.878246357669322,1.000000000000001,8.194146979869279e-25,8.194146979869279e-25,0.7500018092330792,0.7500018092330792,2.810397362057369e-19,5.620794724114738e-19,5.559845900155309e-20,1.6679537700465926e-19,3.407241752827223e-06,1.022172525848167e-05,0.06249486673986275,0.249979466959451,1.4160397178051051e-19,9.912278024635736e-19,1.2145831732216321e-06,8.502082212551424e-06,3.747187443362523e-19,7.413109984148674e-20,4.542978044694755e-06,1.8880484025139734e-19,1.6194403243688365e-06,1.6194403243690254e-06
t0_10s,10.0,1797.4197081482496,0.28647192204469696,286471922.044697,8.643883929293488e-07,1.0918065430725e-09,10.918065430725001,1.0000000000000013,7.959096651376497e-25,7.959096651376497e-25,0.7500018092333216,0.7500018092333216,2.8132394497168847e-19,5.626478899433769e-19,5.542332259212268e-20,1.6626996777636803e-19,3.407241318258608e-06,1.0221723954775823e-05,0.06249486673979184,0.24997946695916737,1.4471228614755334e-19,1.0129860030328734e-18,1.2145833653457422e-06,8.502083557420195e-06,3.750976884432689e-19,7.389758519219888e-20,4.542977465269865e-06,1.9294924940978924e-19,1.6194405805331754e-06,1.6194405805333683e-06
t0_10s,10.0,1821.2600443500266,0.2843309466049524,284330946.6049524,8.48246226248099e-07,1.0958030258760534e-09,10.958030258760534,1.000000000000001,7.730517696999905e-25,7.730517696999905e-25,0.750001809233553,0.750001809233553,2.816052810467312e-19,5.632105620934624e-19,5.525109872494799e-20,1.6575329617484398e-19,3.407240903938587e-06,1.0221722711815761e-05,0.0624948667397245,0.249979466958898,1.4788019080430724e-19,1.0351613356301507e-18,1.2145835483466383e-06,8.502084838426468e-06,3.7547280230498543e-19,7.366795392321863e-20,4.5429769128431015e-06,1.9717311209612945e-19,1.619440824533282e-06,1.6194408245334791e-06
t0_10s,10.0,1845.4165902982759,0.28220597195090724,282205971.95090723,8.324055091782686e-07,1.0998141375302033e-09,10.998141375302033,1.000000000000001,7.508233861096163e-25,7.508233861096163e-25,0.7500018092337736,0.7500018092337736,2.8188374653186303e-19,5.6376749306372605e-19,5.508174323877242e-20,1.6524522971631725e-19,3.407240508971089e-06,1.0221721526913267e-05,0.06249486673966055,0.2499794669586422,1.5110830401950163e-19,1.0577581281365114e-18,1.2145837226357296e-06,8.502086058450108e-06,3.7584408872272547e-19,7.344214715301251e-20,4.542976386219705e-06,2.0147725266673534e-19,1.6194410569177e-06,1.6194410569179014e-06
t0_10s,10.0,1869.8935400866885,0.2800968784991522,280096878.4991522,8.168606122483034e-07,1.1038399315828544e-09,11.038399315828544,1.000000000000001,7.292073811060325e-25,7.292073811060325e-25,0.7500018092339841,0.7500018092339841,2.821593442697413e-19,5.643186885394826e-19,5.491521260695778e-20,1.6474563782087336e-19,3.407240132497468e-06,1.0221720397492405e-05,0.062494866739599836,0.24997946695839934,1.5439722735986164e-19,1.0807805915190315e-18,1.2145838886069203e-06,8.502087220248442e-06,3.7621155148668956e-19,7.322010684620288e-20,4.542975884254813e-06,2.0586247320863876e-19,1.6194412782116326e-06,1.6194412782118384e-06
t0_10s,10.0,1894.6951434379325,0.27800354755999546,278003547.5599955,8.016060111151541e-07,1.1078804617779123e-09,11.078804617779124,1.0000000000000009,7.081870993030054e-25,7.081870993030054e-25,0.7500018092341847,0.7500018092341847,2.824320778293367e-19,5.648641556586734e-19,5.47514639278823e-20,1.6425439178364688e-19,3.4072397736950426e-06,1.0221719321085128e-05,0.06249486673954219,0.24997946695816875,1.5774754475474188e-19,1.1042328132831932e-18,1.2145840466373081e-06,8.502088326461157e-06,3.7657519535549357e-19,7.300177580076531e-20,4.542975405851517e-06,2.1032955229243442e-19,1.619441488917875e-06,1.6194414889180853e-06
t0_10s,10.0,1919.8257064414784,0.2759258613307847,275925861.33078474,7.86636284601058e-07,1.111935782056017e-09,11.11935782056017,1.000000000000001,6.877463492014161e-25,6.877463492014161e-25,0.7500018092343762,0.7500018092343762,2.827019514904189e-19,5.654039029808378e-19,5.459045491550972e-20,1.6377136474652916e-19,3.4072394317756808e-06,1.0221718295327043e-05,0.062494866739487474,0.2499794669579499,1.611598215657822e-19,1.1281187509604754e-18,1.2145841970878538e-06,8.502089379614977e-06,3.7693502603548293e-19,7.278709763545404e-20,4.542974949958974e-06,2.148792437318236e-19,1.619441689517705e-06,1.61944168951792e-06
t0_10s,10.0,1945.2895923012434,0.2738637028892765,273863702.88927644,7.719461127669413e-07,1.1160059465552503e-09,11.160059465552504,1.000000000000001,6.678693896305415e-25,6.678693896305415e-25,0.7500018092345588,0.7500018092345588,2.829689702278968e-19,5.659379404557936e-19,5.443214389012518e-20,1.6329643167037553e-19,3.407239105984448e-06,1.0221717317953343e-05,0.06249486673943555,0.2499794669577422,1.6463460366372464e-19,1.1524422256460725e-18,1.2145843403040286e-06,8.502090382128201e-06,3.7729105015985347e-19,7.257601677744998e-20,4.542974515570606e-06,2.1951227535270664e-19,1.61944188047175e-06,1.6194418804719695e-06
t0_10s,10.0,1971.0912220931307,0.27181695618705687,271816956.18705684,7.575302750218289e-07,1.120091009611861e-09,11.20091009611861,1.0000000000000009,6.485409166043273e-25,6.485409166043273e-25,0.7500018092347328,0.7500018092347328,2.83233139696029e-19,5.66466279392058e-19,5.427648976923527e-20,1.628294693077058e-19,3.40723879559829e-06,1.0221716386794869e-05,0.06249486673938627,0.24997946695754508,1.681724165145494e-19,1.1772069156018458e-18,1.2145844766164356e-06,8.50209133631505e-06,3.7764327526759833e-19,7.236847845022733e-20,4.54297410172234e-06,2.2422934777470036e-19,1.6194420622208118e-06,1.619442062221036e-06
t0_10s,10.0,1997.235075532617,0.26978550604301166,269785506.04301167,7.433836482675595e-07,1.1241910257609972e-09,11.241910257609971,1.000000000000001,6.29746050579567e-25,6.29746050579567e-25,0.7500018092348989,0.7500018092348989,2.8349446621252444e-19,5.669889324250489e-19,5.412345205862909e-20,1.6237035617588727e-19,3.407238499924774e-06,1.0221715499774321e-05,0.062494866739339516,0.24997946695735807,1.71773764277117e-19,1.202416349939819e-18,1.214584606341409e-06,8.502092244389862e-06,3.779917097823088e-19,7.216442866163507e-20,4.54297370749093e-06,2.2903113320799715e-19,1.6194422351866671e-06,1.6194422351868962e-06
t0_10s,10.0,2023.725691752541,0.2677692381368429,267769238.13684288,7.295012050781211e-07,1.128306049737424e-09,11.283060497374239,1.0000000000000013,6.114703241033374e-25,6.114703241033374e-25,0.7500018092350572,0.7500018092350572,2.8375295674255064e-19,5.675059134851013e-19,5.397299084359682e-20,1.6191897253079046e-19,3.4072382183008755e-06,1.0221714654902626e-05,0.06249486673929518,0.2499794669571807,1.754391289145177e-19,1.2280739024016238e-18,1.2145847297815922e-06,8.502093108471146e-06,3.7833636299085237e-19,7.196381419218845e-20,4.542973331992346e-06,2.339182742685005e-19,1.6194423997728393e-06,1.6194423997730733e-06
t0_10s,10.0,2050.567670091178,0.2657680390026371,265768039.00263712,7.158780119130249e-07,1.1324361364762627e-09,11.324361364762627,1.000000000000001,5.9369966983749345e-25,5.9369966983749345e-25,0.7500018092352079,0.7500018092352079,2.8400861888266657e-19,5.680172377653331e-19,5.382506678030303e-20,1.6147520034090908e-19,3.4072379500918044e-06,1.0221713850275413e-05,0.0624948667392531,0.2499794669570124,1.7916896932132708e-19,1.2541827852492895e-18,1.2145848472264909e-06,8.502093930585436e-06,3.786772450219499e-19,7.176658258356676e-20,4.542972974380201e-06,2.388913828141686e-19,1.6194425563653343e-06,1.6194425563655732e-06
t0_10s,10.0,2077.7656708908,0.2637817960224787,263781796.0224787,7.025092273640099e-07,1.1365813411137216e-09,11.365813411137216,1.000000000000001,5.764204089483267e-25,5.764204089483267e-25,0.7500018092353515,0.7500018092353515,2.842614608446991e-19,5.685229216893982e-19,5.3679641087311374e-20,1.6103892326193413e-19,3.4072376946898807e-06,1.0221713084069643e-05,0.06249486673921319,0.24997946695685275,1.8296372046898078e-19,1.2807460432828655e-18,1.2145849589530087e-06,8.50209471267106e-06,3.790143668246772e-19,7.157268212731289e-20,4.542972633844254e-06,2.439510388055164e-19,1.6194427053333552e-06,1.6194427053335992e-06
t0_10s,10.0,2105.324416306794,0.26181039742011336,261810397.42011335,6.893901004345109e-07,1.1407417189878243e-09,11.407417189878243,1.0000000000000009,5.596192398499687e-25,5.596192398499687e-25,0.7500018092354884,0.7500018092354884,2.8451149143957967e-19,5.690229828791593e-19,5.353667553725811e-20,1.6061002661177432e-19,3.4072374515134445e-06,1.0221712354540333e-05,0.062494866739175356,0.24997946695670142,1.868237925714522e-19,1.3077665480001653e-18,1.2145850652259616e-06,8.502095456581732e-06,3.793477401469143e-19,7.138206185373141e-20,4.542972309608959e-06,2.490977891931892e-19,1.6194428470299884e-06,1.6194428470302374e-06
t0_10s,10.0,2133.248691127544,0.2598537322546569,259853732.2546569,6.765159688512505e-07,1.1449173256391676e-09,11.449173256391676,1.0000000000000009,5.43283227290399e-25,5.43283227290399e-25,0.7500018092356189,0.7500018092356189,2.8475872006115726e-19,5.695174401223145e-19,5.3396132448671143e-20,1.6018839734601343e-19,3.4072372200058145e-06,1.0221711660017443e-05,0.0624948667391395,0.249979466956558,1.9074957027341704e-19,1.3352469919139192e-18,1.2145851662985717e-06,8.502096164090001e-06,3.796773775137629e-19,7.119467152098074e-20,4.542972000932073e-06,2.5433214683551726e-19,1.6194429817928617e-06,1.619442981793116e-06
t0_10s,10.0,2161.543343605167,0.25791169041435247,257911690.41435248,6.638822574073514e-07,1.1491082168116376e-09,11.491082168116376,1.0000000000000009,5.273997917693366e-25,5.273997917693366e-25,0.7500018092357431,0.7500018092357431,2.8500315667000557e-19,5.7000631334001115e-19,5.325797467793165e-20,1.5977392403379496e-19,3.4072369996342797e-06,1.0221710998902839e-05,0.06249486673910551,0.24997946695642204,1.9474141186304759e-19,1.3631898830413331e-18,1.214585262412945e-06,8.502096836890616e-06,3.8000329220595576e-19,7.101046160435518e-20,4.542971707103316e-06,2.5965458944891134e-19,1.619443109944782e-06,1.6194431099450415e-06
t0_10s,10.0,2190.213286297267,0.2559841626103746,255984162.6103746,6.514844763364193e-07,1.1533144484531772e-09,11.533144484531773,1.0000000000000009,5.119566992776042e-25,5.119566992776042e-25,0.7500018092358615,0.7500018092358615,2.8524481177723775e-19,5.704896235544755e-19,5.3122165611375876e-20,1.5936649683412764e-19,3.4072367898891314e-06,1.0221710369667394e-05,0.06249486673907329,0.24997946695629317,1.9879964851155085e-19,1.391597539580856e-18,1.214585353800526e-06,8.502097476603682e-06,3.803254982382764e-19,7.082938328575413e-20,4.542971427443076e-06,2.6506555859391546e-19,1.6194432317943406e-06,1.6194432317946058e-06
t0_10s,10.0,2219.2634969198734,0.2540710403706777,254071040.37067768,6.393182197169488e-07,1.1575360767165153e-09,11.575360767165153,1.0000000000000009,4.969420513478774e-25,4.969420513478774e-25,0.7500018092359743,0.7500018092359743,2.854836964283479e-19,5.709673928566958e-19,5.2988669157533927e-20,1.5896600747260177e-19,3.4072365902827325e-06,1.0221709770848197e-05,0.062494866739042775,0.2499794669561711,2.0292458354152417e-19,1.4204720847906692e-18,1.2145854406825424e-06,8.502098084777797e-06,3.806440103380147e-19,7.065138844333377e-20,4.54297116130117e-06,2.705654586996839e-19,1.6194433476365062e-06,1.6194433476367768e-06
t0_10s,10.0,2248.6990192116637,0.2521722160338929,252172216.0338929,6.273791639065668e-07,1.1617731579599323e-09,11.617731579599324,1.000000000000001,4.823442754070949e-25,4.823442754070949e-25,0.7500018092360816,0.7500018092360816,2.857198221870921e-19,5.714396443741842e-19,5.285744973950307e-20,1.585723492185092e-19,3.407236400348614e-06,1.0221709201045842e-05,0.06249486673901385,0.2499794669560554,2.071164917261383e-19,1.4498154420829682e-18,1.2145855232704247e-06,8.502098662892973e-06,3.809588439234747e-19,7.047642964133822e-20,4.542970908055639e-06,2.7615465612956044e-19,1.619443457753185e-06,1.6194434577534611e-06
t0_10s,10.0,2278.5249638096802,0.25028758274326873,250287582.74326873,6.156630660054805e-07,1.1660257487479948e-09,11.660257487479948,1.0000000000000009,4.681521154210504e-25,4.681521154210504e-25,0.7500018092361838,0.7500018092361838,2.8595320111942275e-19,5.719064022388455e-19,5.2728472287452526e-20,1.5818541686235757e-19,3.40723621964062e-06,1.022170865892186e-05,0.062494866738986465,0.24997946695594586,2.1137561862111486e-19,1.4796293303478041e-18,1.2145856017662156e-06,8.50209921236351e-06,3.8127001508255424e-19,7.030446012010586e-20,4.542970667111609e-06,2.8183347829038417e-19,1.6194435624137664e-06,1.6194435624140483e-06
t0_10s,10.0,2308.746509136638,0.2484170344406577,248417034.4406577,6.041657623486484e-07,1.1702939058523296e-09,11.702939058523295,1.0000000000000009,4.54354622822061e-25,4.54354622822061e-25,0.750001809236281,0.750001809236281,2.861838457774933e-19,5.723676915549866e-19,5.260170223125767e-20,1.57805106693773e-19,3.4072360477320713e-06,1.0221708143196215e-05,0.062494866738960514,0.24997946695584206,2.1570217993137812e-19,1.5099152595196468e-18,1.2145856763629614e-06,8.50209973454073e-06,3.815775405514172e-19,7.013543378624837e-20,4.5429704379001756e-06,2.87602212788027e-19,1.6194436618756442e-06,1.6194436618759318e-06
t0_10s,10.0,2339.368902300003,0.24656046586054872,246560465.86054873,5.928831670260925e-07,1.1745776862523616e-09,11.745776862523616,1.0000000000000009,4.409411477108325e-25,4.409411477108325e-25,0.7500018092363736,0.7500018092363736,2.864117691837449e-19,5.728235383674898e-19,5.247710549326045e-20,1.5743131647978134e-19,3.4072358842149714e-06,1.0221707652644913e-05,0.06249486673893597,0.24997946695574388,2.200963609141997e-19,1.5406745263993979e-18,1.214585747245086e-06,8.502100230715603e-06,3.8188143769327653e-19,6.996930520299792e-20,4.542970219877341e-06,2.9346110663158844e-19,1.619443756384716e-06,1.6194437563850095e-06
t0_10s,10.0,2370.3974600030206,0.24471777252414176,244717772.52414176,5.81811270430849e-07,1.1788771471360977e-09,11.788771471360977,1.0000000000000009,4.279013303239553e-25,4.279013303239553e-25,0.7500018092364619,0.7500018092364619,2.8663698481508805e-19,5.732739696301761e-19,5.235464848115384e-20,1.5706394544346153e-19,3.4072357286992322e-06,1.0221707186097697e-05,0.06249486673891272,0.24997946695565088,2.24558315820567e-19,1.571908210743969e-18,1.214585814588757e-06,8.502100702121298e-06,3.8218172447730273e-19,6.980602958071983e-20,4.542970012522987e-06,2.994103654885556e-19,1.61944384617587e-06,1.6194438461761694e-06
t0_10s,10.0,2401.8375694677875,0.24288885073346994,242888850.73346993,5.709461378340349e-07,1.1831923459008648e-09,11.831923459008648,1.000000000000001,4.15225092758748e-25,4.15225092758748e-25,0.7500018092365458,0.7500018092365458,2.8685950658719307e-19,5.737190131743861e-19,5.223429808098786e-20,1.5670289424296358e-19,3.4072355808119387e-06,1.0221706742435817e-05,0.06249486673889071,0.24997946695556283,2.290881673764077e-19,1.603617171634854e-18,1.2145858785622274e-06,8.502101149935593e-06,3.8247841945767813e-19,6.964556276758726e-20,4.542969815339896e-06,3.0545015299310398e-19,1.6194439314734437e-06,1.619443931473749e-06
t0_10s,10.0,2433.694689370608,0.24107359756556254,241073597.56556255,5.602839079865255e-07,1.1875233401540999e-09,11.875233401541,1.0000000000000009,4.0290263094738246e-25,4.0290263094738246e-25,0.7500018092366255,0.7500018092366255,2.8707934883890055e-19,5.741586976778011e-19,5.211602165029431e-20,1.5634806495088293e-19,3.4072354401966357e-06,1.0221706320589908e-05,0.06249486673886987,0.24997946695547948,2.3368600630522126e-19,1.6358020441365488e-18,1.2145859393261758e-06,8.50210157528323e-06,3.827715417528107e-19,6.94878612404143e-20,4.542969627852795e-06,3.115805901096078e-19,1.619444012491674e-06,1.6194440124919854e-06
t0_10s,10.0,2465.9743507897283,0.2392719108666537,239271910.8666537,5.498207917467398e-07,1.1918701877140973e-09,11.918701877140974,1.000000000000001,3.909244068725361e-25,3.909244068725361e-25,0.7500018092367016,0.7500018092367016,2.8729652631676363e-19,5.745930526335273e-19,5.1999787011328655e-20,1.5599936103398597e-19,3.4072353065126486e-06,1.0221705919537945e-05,0.06249486673885016,0.24997946695540063,2.383518908935444e-19,1.6684632362548108e-18,1.2145859970340216e-06,8.502101979238152e-06,3.830611110247235e-19,6.933288209564499e-20,4.542969449607448e-06,3.1780175455326164e-19,1.6194440894351186e-06,1.6194440894354364e-06
t0_10s,10.0,2498.682158165643,0.23748368924643398,237483689.24643397,5.395530707340672e-07,1.1962329466108018e-09,11.962329466108018,1.000000000000001,3.7928114101702366e-25,3.7928114101702366e-25,0.750001809236774,0.750001809236774,2.8751105415973318e-19,5.7502210831946635e-19,5.188556244442557e-20,1.5565668733327672e-19,3.4072351794344237e-06,1.0221705538303271e-05,0.0624948667388315,0.249979466955326,2.430858466005854e-19,1.7016009262040978e-18,1.2145860518322375e-06,8.502102362825662e-06,3.8334714745863575e-19,6.918058304049426e-20,4.542969280169785e-06,3.241136802695948e-19,1.6194441624990737e-06,1.619444162499398e-06
t0_10s,10.0,2531.823790274165,0.23570883207234325,235708832.07234326,5.29477096007412e-07,1.2006116750865628e-09,12.006116750865628,1.0000000000000009,3.6796380504010122e-25,3.6796380504010122e-25,0.7500018092368426,0.7500018092368426,2.877229478839952e-19,5.754458957679904e-19,5.1773316681466744e-20,1.5531995004440024e-19,3.407235058650895e-06,1.0221705175952685e-05,0.06249486673881385,0.2499794669552554,2.4788786571323754e-19,1.735215059992663e-18,1.2145861038606427e-06,8.5021027270245e-06,3.836296717427456e-19,6.903092238423826e-20,4.542969119125053e-06,3.3051635697448993e-19,1.6194442318699652e-06,1.6194442318702958e-06
t0_10s,10.0,2565.4050012123594,0.2339472394639094,233947239.46390942,5.195892867684539e-07,1.2050064315969317e-09,12.050064315969317,1.0000000000000009,3.5696361467340124e-25,3.5696361467340124e-25,0.750001809236908,0.750001809236908,2.879322233679725e-19,5.75864446735945e-19,5.166301889945836e-20,1.5498905669837509e-19,3.40723494386488e-06,1.022170483159464e-05,0.06249486673879716,0.24997946695518863,2.527579070475566e-19,1.769305349332896e-18,1.2145861532526886e-06,8.50210307276882e-06,3.839087050482321e-19,6.888385902965099e-20,4.542968966077006e-06,3.3700972975615354e-19,1.6194442977257264e-06,1.6194442977260633e-06
t0_10s,10.0,2599.431621397598,0.2321988122871262,232198812.28712618,5.098861290890869e-07,1.2094172748114226e-09,12.094172748114225,1.0000000000000009,3.462720228296264e-25,3.462720228296264e-25,0.7500018092369701,0.7500018092369701,2.8813889683749826e-19,5.762777936749965e-19,5.1554638714215965e-20,1.546639161426479e-19,3.4072348347924985e-06,1.0221704504377496e-05,0.06249486673878136,0.24997946695512543,2.576958956976783e-19,1.8038712698837482e-18,1.214586200135731e-06,8.502103400950118e-06,3.8418426900948724e-19,6.873935246458425e-20,4.542968820647139e-06,3.4359369874034114e-19,1.6194443602361645e-06,1.6194443602365082e-06
t0_10s,10.0,2633.9095585798373,0.23046345214887476,230463452.14887476,5.003641746626502e-07,1.2138442636143127e-09,12.138442636143127,1.000000000000001,3.358807129173993e-25,3.358807129173993e-25,0.7500018092370293,0.7500018092370293,2.883429848511705e-19,5.76685969702341e-19,5.144814617415467e-20,1.5434443852246402e-19,3.4072347311626084e-06,1.0221704193487826e-05,0.06249486673876646,0.24997946695506584,2.627017228330015e-19,1.8389120598310107e-18,1.214586244631294e-06,8.502103712419057e-06,3.8445638570458843e-19,6.859736275368782e-20,4.542968682473927e-06,3.5026811881993433e-19,1.6194444195633108e-06,1.619444419563661e-06
t0_10s,10.0,2668.844798867321,0.22874106139138714,228741061.39138713,4.910200395784695e-07,1.218287457105421e-09,12.18287457105421,1.0000000000000009,3.257815923558401e-25,3.257815923558401e-25,0.7500018092370855,0.7500018092370855,2.885445042858959e-19,5.770890085717918e-19,5.134351175418252e-20,1.5403053526254757e-19,3.4072346327162693e-06,1.0221703898148808e-05,0.06249486673875233,0.24997946695500933,2.677752455443458e-19,1.8744267188104207e-18,1.2145862868553167e-06,8.502104007987218e-06,3.8472507763602365e-19,6.84578505302674e-20,4.542968551212118e-06,3.570327994498191e-19,1.6194444758617508e-06,1.6194444758621078e-06
t0_10s,10.0,2704.243407765916,0.22703154308674958,227031543.08674958,4.818504031192742e-07,1.2227469146008899e-09,12.227469146008898,1.000000000000001,3.1596678628265308e-25,3.1596678628265308e-25,0.7500018092371391,0.7500018092371391,2.8874347232263097e-19,5.774869446452619e-19,5.124070634969477e-20,1.537221190490843e-19,3.4072345392062222e-06,1.0221703617618667e-05,0.062494866738739,0.249979466954956,2.7291628673965473e-19,1.910414007177583e-18,1.2145863269184026e-06,8.502104288428819e-06,3.8499036771167934e-19,6.83207769882769e-20,4.542968426532031e-06,3.6388750450782285e-19,1.619444529278954e-06,1.6194445292793178e-06
t0_10s,10.0,2740.1115312321917,0.22533480103144907,225334801.03144908,4.7285200658109464e-07,1.2272226956339915e-09,12.272226956339916,1.000000000000001,3.064286314497191e-25,3.064286314497191e-25,0.75000180923719,0.75000180923719,2.88939906432327e-19,5.77879812864654e-19,5.1139701270667436e-20,1.5341910381200232e-19,3.4072344503964012e-06,1.0221703351189203e-05,0.06249486673872638,0.24997946695490553,2.781246350896657e-19,1.94687244562766e-18,1.2145863649260426e-06,8.502104554482298e-06,3.852522792261012e-19,6.818610387444329e-20,4.542968308118914e-06,3.7083195222227533e-19,1.6194445799555753e-06,1.619444579955946e-06
t0_10s,10.0,2776.4553967405104,0.22365073974095792,223650739.74095792,4.640216521151727e-07,1.2317148599559165e-09,12.317148599559165,1.000000000000001,2.971596703003448e-25,2.971596703003448e-25,0.7500018092372382,0.7500018092372382,2.8913382436208595e-19,5.782676487241719e-19,5.104046823584754e-20,1.5312140470754262e-19,3.407234366061446e-06,1.0221703098184338e-05,0.062494866738714475,0.2499794669548579,2.8340004502384893e-19,1.9838003151669424e-18,1.214586400978843e-06,8.5021048068519e-06,3.8551083584203467e-19,6.805379348052023e-20,4.542968195672285e-06,3.778658151665934e-19,1.6194446280257555e-06,1.6194446280261333e-06
t0_10s,10.0,2813.281314364241,0.22197926444436172,221979264.44436172,4.553562015915156e-07,1.236223467536562e-09,12.36223467536562,1.000000000000001,2.8815264522254426e-25,2.8815264522254426e-25,0.7500018092372841,0.7500018092372841,2.893252441215332e-19,5.786504882430664e-19,5.094297936703861e-20,1.5282893810111584e-19,3.4072342859862495e-06,1.0221702857958749e-05,0.062494866738703206,0.24997946695481282,2.887422367767563e-19,2.0211956574372938e-18,1.2145864351727378e-06,8.502105046209164e-06,3.8576606157225557e-19,6.792380863566873e-20,4.542968088905337e-06,3.8498872032107937e-19,1.6194446736174062e-06,1.6194446736177912e-06
t0_10s,10.0,2850.5956778713144,0.22032028107902588,220320281.07902586,4.468525754836728e-07,1.2407485785653507e-09,12.407485785653508,1.000000000000001,2.7940049297287688e-25,2.7940049297287688e-25,0.7500018092373277,0.7500018092373277,2.8951418396941237e-19,5.790283679388247e-19,5.084720718347919e-20,1.5254162155043758e-19,3.4072342099655206e-06,1.0221702629896562e-05,0.062494866738692575,0.2499794669547703,2.941508964847939e-19,2.0590562753935576e-18,1.2145864675991908e-06,8.502105273194336e-06,3.8601798076169655e-19,6.77961126989619e-20,4.542967987544345e-06,3.922002492019508e-19,1.6194447168524784e-06,1.6194447168528706e-06
t0_10s,10.0,2888.4049658343374,0.21867369628530128,218673696.2853013,4.3850775177432265e-07,1.2452902534520156e-09,12.452902534520156,1.000000000000001,2.7089633926554226e-25,2.7089633926554226e-25,0.750001809237369,0.750001809237369,2.897006624004079e-19,5.794013248008158e-19,5.075312459631246e-20,1.5225937378893738e-19,3.407234137803358e-06,1.0221702413410074e-05,0.06249486673868254,0.24997946695473017,2.996256763332935e-19,2.097379734333055e-18,1.2145864983453937e-06,8.502105488417756e-06,3.862666180698774e-19,6.76706695520111e-20,4.54296789132811e-06,3.9949993805743553e-19,1.6194447578472277e-06,1.6194447578476273e-06
t0_10s,10.0,2926.7157427553916,0.21703941740127175,217039417.40127176,4.3031876488132097e-07,1.2498485528274238e-09,12.498485528274239,1.000000000000001,2.626334935216235e-25,2.626334935216235e-25,0.7500018092374084,0.7500018092374084,2.898846981321998e-19,5.797693962643996e-19,5.0660704903145397e-20,1.519821147094362e-19,3.4072340693128453e-06,1.0221702207938536e-05,0.06249486673867306,0.24997946695469225,3.051661947535996e-19,2.136163363275197e-18,1.214586527494456e-06,8.502105692461193e-06,3.865119984536445e-19,6.754744359171147e-20,4.542967800007408e-06,4.068872781305533e-19,1.6194447967124652e-06,1.619444796712872e-06
t0_10s,10.0,2965.5346602057907,0.21541735245753849,215417352.4575385,4.222827046037844e-07,1.254423537544374e-09,12.54423537544374,1.000000000000001,2.546054437734904e-25,2.546054437734904e-25,0.7500018092374459,0.7500018092374459,2.9006631009275356e-19,5.801326201855071e-19,5.0569921782695317e-20,1.5170976534808594e-19,3.407234004315663e-06,1.022170201294699e-05,0.06249486673866412,0.24997946695465648,3.1077203666977996e-19,2.17540425668846e-18,1.2145865551255822e-06,8.502105885879076e-06,3.867541471502243e-19,6.742639972310413e-20,4.542967713344481e-06,4.14361715988063e-19,1.6194448335537971e-06,1.6194448335542115e-06
t0_10s,10.0,3004.868457980917,0.21380741017204472,213807410.17204472,4.143967150878643e-07,1.2590152686784087e-09,12.590152686784087,1.000000000000001,2.468058517195778e-25,2.468058517195778e-25,0.7500018092374813,0.7500018092374813,2.9024551740785117e-19,5.804910348157023e-19,5.048074928952222e-20,1.5144224786856666e-19,3.4072339426417188e-06,1.0221701827925156e-05,0.062494866738655674,0.2499794669546227,3.1644275379440173e-19,2.215099276560812e-18,1.2145865813142457e-06,8.50210606919972e-06,3.8699308966059783e-19,6.730750335235252e-20,4.542967631112539e-06,4.219226539148294e-19,1.6194448684718546e-06,1.6194448684722764e-06
t0_10s,10.0,3044.7239652704097,0.21220949994493946,212209499.94493946,4.066579938118416e-07,1.2636238075286408e-09,12.636238075286409,1.000000000000001,2.3922854792486177e-25,2.3922854792486177e-25,0.7500018092375149,0.7500018092375149,2.9042233938886374e-19,5.808446787777275e-19,5.0393161848845165e-20,1.511794855465355e-19,3.4072338841287827e-06,1.0221701652386348e-05,0.0624948667386477,0.2499794669545908,3.2217786497270586e-19,2.255245054808941e-18,1.214586606132357e-06,8.502106242926499e-06,3.8722885173319776e-19,6.719072037983094e-20,4.542967553095276e-06,4.2956945037272133e-19,1.6194449015625172e-06,1.6194449015629468e-06
t0_10s,10.0,3085.1081018438545,0.21062353185347762,210623531.85347763,3.9906379059015333e-07,1.268249215618555e-09,12.682492156185551,1.000000000000001,2.318675271625378e-25,2.318675271625378e-25,0.7500018092375469,0.7500018092375469,2.9059679552077005e-19,5.811935910415401e-19,5.0307134251440965e-20,1.509214027543229e-19,3.4072338286221525e-06,1.0221701485866457e-05,0.06249486673864018,0.24997946695456072,3.2797685657436753e-19,2.2958379960205728e-18,1.2145866296484193e-06,8.502106407538934e-06,3.874614593479331e-19,6.707601719332288e-20,4.54296747908642e-06,4.373014205229576e-19,1.619444932917122e-06,1.6194449329175593e-06
t0_10s,10.0,3126.0278792521913,0.20904941664696125,209049416.64696124,3.916114065960481e-07,1.2728915546968471e-09,12.728915546968471,1.0000000000000009,2.247169438925311e-25,2.247169438925311e-25,0.7500018092375772,0.7500018092375772,2.907689054504232e-19,5.815378109008464e-19,5.022264164862354e-20,1.5066792494587063e-19,3.4072337759743145e-06,1.0221701327922944e-05,0.06249486673863309,0.24997946695453235,3.3383918293190756e-19,2.3368742805233527e-18,1.2145866519276819e-06,8.502106563493773e-06,3.8769093870054476e-19,6.696336066132685e-20,4.542967408889289e-06,4.451178368106545e-19,1.6194449626226685e-06,1.6194449626231136e-06
t0_10s,10.0,3167.4904020450927,0.2074870657417152,207487065.7417152,3.842981934024637e-07,1.2775508867382362e-09,12.775508867382362,1.0000000000000009,2.177711078725987e-25,2.177711078725987e-25,0.750001809237606,0.750001809237606,2.9093868897506663e-19,5.818773779501333e-19,5.0139659547302184e-20,1.5041897864190656e-19,3.407233726044637e-06,1.022170117813391e-05,0.06249486673862639,0.24997946695450557,3.3976426682470578e-19,2.3783498677729406e-18,1.2145866730322866e-06,8.502106711226006e-06,3.879173161872936e-19,6.685271812646731e-20,4.542967342316372e-06,4.530179296101751e-19,1.6194449907620114e-06,1.6194449907624644e-06
t0_10s,10.0,3209.5028690044396,0.20593639121610355,205936391.21610355,3.7712155204083826e-07,1.2822272739442956e-09,12.822272739442957,1.000000000000001,2.110244798979449e-25,2.110244798979449e-25,0.7500018092376335,0.7500018092376335,2.911061660311013e-19,5.822123320622026e-19,5.005816380511743e-20,1.501744914153523e-19,3.407233678699061e-06,1.0221701036097183e-05,0.06249486673862008,0.2499794669544803,3.4575150000743246e-19,2.4202605000520272e-18,1.2145866930214078e-06,8.502106851149855e-06,3.8814061838998323e-19,6.67440573990093e-20,4.542967279188922e-06,4.610008879297026e-19,1.6194450174140492e-06,1.6194450174145102e-06
t0_10s,10.0,3252.0725743942075,0.20439730580558121,204397305.8055812,3.700789320774853e-07,1.2869207787442785e-09,12.869207787442786,1.000000000000001,2.0447166766536353e-25,2.0447166766536353e-25,0.7500018092376596,0.7500018092376596,2.912713566831052e-19,5.825427133662104e-19,4.9978130625652527e-20,1.4993439187695758e-19,3.4072336338098136e-06,1.0221700901429441e-05,0.06249486673861413,0.24997946695445653,3.5180024378162423e-19,2.4626017064713696e-18,1.2145867119513846e-06,8.502106983659693e-06,3.8836087206131996e-19,6.663734675047367e-20,4.542967219336579e-06,4.690658601733402e-19,1.619445042653901e-06,1.61944504265437e-06
t0_10s,10.0,3295.206909226898,0.20286972289778243,202869722.89778244,3.63167830707222e-07,1.2916314637959683e-09,12.916314637959683,1.0000000000000009,1.9810742175808043e-25,1.9810742175808043e-25,0.7500018092376839,0.7500018092376839,2.914342811131054e-19,5.828685622262108e-19,4.989953655371953e-20,1.4969860966115859e-19,3.4072335912551307e-06,1.0221700773765393e-05,0.062494866738608525,0.2499794669544341,3.579098296090019e-19,2.5053688072630133e-18,1.2145867298758524e-06,8.502107109130966e-06,3.885781041106084e-19,6.653255490735198e-20,4.542967162596991e-06,4.772119549588664e-19,1.6194450665530813e-06,1.6194450665535586e-06
t0_10s,10.0,3338.9133625467634,0.2013535565276481,201353556.52764812,3.563857918639233e-07,1.2963593919864906e-09,12.963593919864906,1.000000000000001,1.919266317475691e-25,1.919266317475691e-25,0.7500018092377073,0.7500018092377073,2.91594959610104e-19,5.83189919220208e-19,4.982235847071792e-20,1.4946707541215376e-19,3.407233550918981e-06,1.0221700652756943e-05,0.06249486673860324,0.24997946695441295,3.640795597650415e-19,2.5485569183552905e-18,1.2145867468458617e-06,8.502107227921032e-06,3.887923415897857e-19,6.642965104491782e-20,4.542967108815446e-06,4.854382419891593e-19,1.6194450891796551e-06,1.6194450891801405e-06
t0_10s,10.0,3383.1995227300936,0.1998487213725864,199848721.3725864,3.49730405347683e-07,1.301104626433174e-09,13.011046264331739,1.000000000000001,1.859243224087302e-25,1.859243224087302e-25,0.7500018092377295,0.7500018092377295,2.917534125598568e-19,5.835068251197136e-19,4.9746573590064766e-20,1.492397207701943e-19,3.407233512690822e-06,1.0221700538072466e-05,0.06249486673859826,0.24997946695439305,3.7030870803121537e-19,2.5921609562185076e-18,1.214586762909998e-06,8.502107340369987e-06,3.8900361167979417e-19,6.632860478113393e-20,4.542967057844556e-06,4.93743752975185e-19,1.619445110598404e-06,1.6194451105988979e-06
t0_10s,10.0,3428.073078802688,0.1983551327476728,198355132.7476728,3.431993059682802e-07,1.3058672304843736e-09,13.058672304843736,1.0000000000000009,1.8009565004495769e-25,1.8009565004495769e-25,0.7500018092377504,0.7500018092377504,2.9190966043490486e-19,5.838193208698097e-19,4.967215945269477e-20,1.490164783580843e-19,3.4072334764653502e-06,1.022170042939605e-05,0.062494866738593564,0.24997946695437426,3.7659652042421647e-19,2.6361756429695154e-18,1.2145867781144937e-06,8.502107446801457e-06,3.8921194167728944e-19,6.622938617065216e-20,4.542967009543917e-06,5.021274826082926e-19,1.619445130870971e-06,1.6194451308714732e-06
t0_10s,10.0,3473.5418217748647,0.1968727066008836,196872706.6008836,3.3679017270463975e-07,1.310647267720339e-09,13.10647267720339,1.000000000000001,1.7443589891969891e-25,1.7443589891969891e-25,0.7500018092377706,0.7500018092377706,2.920637237848589e-19,5.841274475697178e-19,4.9599093922628823e-20,1.4879728176788647e-19,3.407233442142267e-06,1.02217003264268e-05,0.06249486673858914,0.24997946695435655,3.829422159604258e-19,2.680595511722981e-18,1.2145867925033368e-06,8.502107547523358e-06,3.89417358981686e-19,6.613196569890485e-20,4.542966963779794e-06,5.105883895795015e-19,1.6194451500560052e-06,1.6194451500565157e-06
t0_10s,10.0,3519.613645994132,0.1954013595083654,195401359.5083654,3.3050072787997966e-07,1.3154448019540395e-09,13.154448019540395,1.0000000000000009,1.689404777912444e-25,1.689404777912444e-25,0.7500018092377893,0.7500018092377893,2.9221562322693473e-19,5.844312464538695e-19,4.9527355182609714e-20,1.4858206554782915e-19,3.40723340962605e-06,1.0221700228878149e-05,0.06249486673858498,0.24997946695433992,3.893449874537766e-19,2.725414912176436e-18,1.2145868061183728e-06,8.50210764282861e-06,3.896198910825391e-19,6.603631427628595e-20,4.542966920424829e-06,5.191253976433198e-19,1.6194451682093025e-06,1.6194451682098218e-06
t0_10s,10.0,3566.2965505158077,0.1939410086697418,193941008.66974178,3.243287363523834e-07,1.3202598972320358e-09,13.202598972320358,1.0000000000000009,1.6360491654757453e-25,1.6360491654757453e-25,0.7500018092378073,0.7500018092378073,2.923653794367383e-19,5.847307588734766e-19,4.9456921729803626e-20,1.4837076518941087e-19,3.407233378825743e-06,1.0221700136477229e-05,0.062494866738581054,0.24997946695432421,3.958040023451279e-19,2.7706280164158953e-18,1.2145868189994036e-06,8.502107732995824e-06,3.8981956554725636e-19,6.594240323241945e-20,4.542966879357743e-06,5.277373967235699e-19,1.6194451853839298e-06,1.6194451853844575e-06
t0_10s,10.0,3613.598640491851,0.19249157190345215,192491571.90345216,3.1827200472046385e-07,1.3250926178353239e-09,13.25092617835324,1.0000000000000009,1.5842486293818793e-25,1.5842486293818793e-25,0.7500018092378242,0.7500018092378242,2.9251301313930118e-19,5.8502602627860235e-19,4.938777237156611e-20,1.4816331711469833e-19,3.407233349654748e-06,1.0221700048964245e-05,0.06249486673857736,0.24997946695430945,4.0231840356119504e-19,2.8162288249283653e-18,1.2145868311842824e-06,8.502107818289977e-06,3.900164100091468e-19,6.585020431051432e-20,4.542966840463075e-06,5.364232440586295e-19,1.619445201630359e-06,1.6194452016308954e-06
t0_10s,10.0,3661.528128578061,0.19105296764212823,191052967.64212823,3.123283805438801e-07,1.3299430282801946e-09,13.299430282801946,1.0000000000000009,1.5339607939995085e-25,1.5339607939995085e-25,0.7500018092378402,0.7500018092378402,2.9265854510036127e-19,5.853170902007225e-19,4.9319886221271473e-20,1.4795965866381442e-19,3.4072333220306267e-06,1.022169996609188e-05,0.0624948667385739,0.2499794669542956,4.08887310401014e-19,2.862211172807098e-18,1.2145868427090033e-06,8.502107898963023e-06,3.9021045215579413e-19,6.575968966180344e-20,4.542966803630905e-06,5.451817653833791e-19,1.6194452169965821e-06,1.6194452169971274e-06
t0_10s,10.0,3710.093336359996,0.18962511492800338,189625114.92800337,3.064957515784004e-07,1.334811193319092e-09,13.34811193319092,1.0000000000000016,1.4851443997407232e-25,1.4851443997407232e-25,0.7500018092378562,0.7500018092378562,2.9280199611788956e-19,5.856039922357791e-19,4.9253242694203777e-20,1.4775972808261132e-19,3.4072332958749113e-06,1.0221699887624734e-05,0.06249486673857062,0.24997946695428247,4.1550981944790797e-19,2.908568736135356e-18,1.2145868536077898e-06,8.502107975254528e-06,3.9040171971775884e-19,6.567083184006501e-20,4.542966768756605e-06,5.540117561451547e-19,1.619445231528228e-06,1.6194452315287819e-06
t0_10s,10.0,3759.302695797768,0.18820793340835593,188207933.40835592,3.0077204502525394e-07,1.339697177941496e-09,13.39697177941496,1.0000000000000009,1.437759273114306e-25,1.437759273114306e-25,0.7500018092378699,0.7500018092378699,2.9294338701386e-19,5.8588677402772e-19,4.918782150350885e-20,1.4756346451052654e-19,3.4072332711129233e-06,1.022169981333877e-05,0.062494866738567544,0.24997946695427017,4.2218500550485066e-19,2.955295038533955e-18,1.2145868639131736e-06,8.502108047392215e-06,3.9059024045760714e-19,6.558360379622563e-20,4.542966735740618e-06,5.629119827508987e-19,1.619445245268677e-06,1.6194452452692398e-06
t0_10s,10.0,3809.164750689999,0.18680134333098863,186801343.33098865,2.951552267944996e-07,1.344601047374763e-09,13.44601047374763,1.000000000000001,1.3917662976354315e-25,1.3917662976354315e-25,0.7500018092378837,0.7500018092378837,2.9308273862625913e-19,5.861654772525183e-19,4.91236026562058e-20,1.473708079686174e-19,3.407233247673602e-06,1.0221699743020806e-05,0.06249486673856466,0.24997946695425863,4.289119225511167e-19,3.002383457857817e-18,1.2145868736560777e-06,8.502108115592545e-06,3.907760421592528e-19,6.549797887304149e-20,4.5429667044881805e-06,5.718811838426852e-19,1.6194452582591546e-06,1.6194452582597265e-06
t0_10s,10.0,3859.6881581572356,0.18540526553973977,185405265.53973976,2.8964330078215165e-07,1.3495228670850148e-09,13.495228670850148,1.0000000000000018,1.3471273855656317e-25,1.3471273855656317e-25,0.7500018092378975,0.7500018092378975,2.932200718013349e-19,5.864401436026698e-19,4.906056644925671e-20,1.4718169934777014e-19,3.4072332254893384e-06,1.0221699676468014e-05,0.06249486673856194,0.24997946695424775,4.356896047180842e-19,3.0498272330265894e-18,1.2145868828658875e-06,8.502108180061213e-06,3.9095915261762615e-19,6.541393079985877e-20,4.5429666749091505e-06,5.809180715987917e-19,1.6194452705388415e-06,1.6194452705394224e-06
t0_10s,10.0,3910.881690144978,0.184019621470029,184019621.470029,2.8423430816080466e-07,1.3544627027780006e-09,13.544627027780006,1.0000000000000009,1.3038054504577841e-25,1.3038054504577841e-25,0.7500018092379089,0.7500018092379089,2.9335540738608e-19,5.8671081477216e-19,4.899869346569385e-20,1.4699608039708155e-19,3.407233204495816e-06,1.0221699613487449e-05,0.062494866738559376,0.2499794669542375,4.425170672820242e-19,3.097619470974169e-18,1.2145868915705281e-06,8.502108240993697e-06,3.9113959962865156e-19,6.533143368744983e-20,4.542966646917786e-06,5.900213330574151e-19,1.6194452821449763e-06,1.6194452821455663e-06
t0_10s,10.0,3962.754234946707,0.1826443331444355,182644333.14443552,2.789263266835064e-07,1.359420620399996e-09,13.59420620399996,1.0000000000000007,1.2617643804814757e-25,1.2617643804814757e-25,0.7500018092379204,0.7500018092379204,2.9348876622094815e-19,5.869775324418963e-19,4.8937964570802726e-20,1.4681389371240817e-19,3.4072331846318547e-06,1.0221699553895564e-05,0.06249486673855696,0.24997946695422785,4.493933076717315e-19,3.1457531537021203e-18,1.2145868997965284e-06,8.502108298575698e-06,3.913174109795324e-19,6.525046202292335e-20,4.542966620432498e-06,5.991896314601717e-19,1.6194452931129256e-06,1.6194452931135248e-06
t0_10s,10.0,4015.314798747069,0.18127932316831025,181279323.16831025,2.73717470000626e-07,1.3643966861386526e-09,13.643966861386525,1.0000000000000013,1.2209690125050972e-25,1.2209690125050972e-25,0.7500018092379321,0.7500018092379321,2.9362016913279977e-19,5.872403382655995e-19,4.887836090836022e-20,1.4663508272508066e-19,3.4072331658392746e-06,1.0221699497517824e-05,0.06249486673855471,0.24997946695421883,4.563173064888287e-19,3.194221145421801e-18,1.214586907569091e-06,8.502108352983637e-06,3.9149261443934875e-19,6.517099066470911e-20,4.542966595375715e-06,6.084216076125033e-19,1.619445303476292e-06,1.6194453034769003e-06
t0_10s,10.0,4068.5725071855286,0.17992451472542087,179924514.72542086,2.686058869894903e-07,1.3693909664239065e-09,13.693909664239065,1.0000000000000018,1.1813851069116043e-25,1.1813851069116043e-25,0.7500018092379428,0.7500018092379428,2.9374963692807394e-19,5.874992738561479e-19,4.881986389692681e-20,1.4645959169078043e-19,3.4072331480627488e-06,1.0221699444188246e-05,0.062494866738552576,0.2499794669542103,4.632880285385909e-19,3.243016199770136e-18,1.2145869149121528e-06,8.502108404385069e-06,3.916652377499532e-19,6.509299483761433e-20,4.542966571673673e-06,6.177158812581076e-19,1.6194453132669944e-06,1.619445313267612e-06
t0_10s,10.0,4122.536606940808,0.17857983157362836,178579831.57362837,2.6358976109652764e-07,1.3744035279288557e-09,13.744035279288557,1.0000000000000009,1.1429793231256476e-25,1.1429793231256476e-25,0.7500018092379518,0.7500018092379518,2.9387719038618296e-19,5.877543807723659e-19,4.8762455226191494e-20,1.4628736567857449e-19,3.407233131249675e-06,1.0221699393749025e-05,0.06249486673855057,0.24997946695420228,4.703044238691647e-19,3.292130967084153e-18,1.2145869218484459e-06,8.502108452939122e-06,3.9183530861716235e-19,6.501645012794991e-20,4.54296654925624e-06,6.270710524645575e-19,1.6194453225153433e-06,1.6194453225159703e-06
t0_10s,10.0,4177.216467336273,0.17724519804059685,177245198.04059684,2.586673096917019e-07,1.3794344375706468e-09,13.79434437570647,1.0000000000000004,1.1057191958305657e-25,1.1057191958305657e-25,0.7500018092379609,0.7500018092379609,2.94002850253128e-19,5.88005700506256e-19,4.87061168533687e-20,1.461183505601061e-19,3.407233115350047e-06,1.0221699346050142e-05,0.06249486673854867,0.24997946695419468,4.773654288170481e-19,3.3415580017193363e-18,1.2145869283995548e-06,8.502108498796884e-06,3.920028547022433e-19,6.494133247872633e-20,4.542966528056733e-06,6.364857030172701e-19,1.6194453312501146e-06,1.619445331250751e-06
t0_10s,10.0,4232.621581966674,0.17592053901953456,175920539.01953456,2.5383678343499957e-07,1.3844837625113677e-09,13.844837625113676,1.0000000000000009,1.0695731118542572e-25,1.0695731118542572e-25,0.7500018092379701,0.7500018092379701,2.9412663723532917e-19,5.882532744706583e-19,4.865083099964609e-20,1.4595249299893825e-19,3.4072331003163333e-06,1.0221699300949e-05,0.062494866738546935,0.24997946695418774,4.844699670567568e-19,3.391289769397298e-18,1.214586934585972e-06,8.502108542101804e-06,3.9216790361368973e-19,6.486761818491765e-20,4.542966508011773e-06,6.459583978190619e-19,1.6194453394986309e-06,1.6194453394992767e-06
t0_10s,10.0,4288.761570346433,0.17460577996496754,174605779.96496755,2.4909646565475495e-07,1.3895515701589632e-09,13.895515701589632,1.000000000000002,1.0345102877037616e-25,1.0345102877037616e-25,0.7500018092379795,0.7500018092379795,2.9424857199366946e-19,5.884971439873389e-19,4.859658014668219e-20,1.4578974044004658e-19,3.4072330861033585e-06,1.0221699258310075e-05,0.06249486673854528,0.2499794669541811,4.916169506526123e-19,3.4413186545682858e-18,1.2145869404271499e-06,8.50210858299005e-06,3.92330482899279e-19,6.479528388879157e-20,4.542966489061129e-06,6.554876862925268e-19,1.619445347286829e-06,1.6194453472874844e-06
t0_10s,10.0,4345.646179579775,0.17330084688854497,173300846.88854498,2.444446717375755e-07,1.3946379281681082e-09,13.946379281681082,1.0000000000000018,1.0005007477289322e-25,1.0005007477289322e-25,0.7500018092379874,0.7500018092379874,2.94368675137747e-19,5.88737350275494e-19,4.854334703315312e-20,1.4563004109945935e-19,3.4072330726681987e-06,1.0221699218004596e-05,0.062494866738543695,0.24997946695417478,4.988052811106306e-19,3.4916369677744146e-18,1.214586945941551e-06,8.502108621590857e-06,3.9249062003841e-19,6.472430657530527e-20,4.542966471147578e-06,6.650721037825548e-19,1.6194453546393291e-06,1.6194453546399943e-06
t0_10s,10.0,4403.285286053071,0.17200566635487494,172005666.35487494,2.3987974852966494e-07,1.3997429044411216e-09,13.997429044411216,1.0000000000000009,9.675153028961749e-26,9.675153028961749e-26,0.7500018092379939,0.7500018092379939,2.9448696722033294e-19,5.889739344406659e-19,4.849111465134717e-20,1.4547334395404152e-19,3.4072330599700703e-06,1.0221699179910211e-05,0.06249486673854227,0.2499794669541691,5.060338504285514e-19,3.54223695299986e-18,1.2145869511466963e-06,8.502108658026874e-06,3.9264834243471145e-19,6.465466356756449e-20,4.542966454216742e-06,6.747101729563623e-19,1.6194453615794923e-06,1.619445361580167e-06
t0_10s,10.0,4461.688897149554,0.17072016547739202,170720165.47739202,2.3540007374932778e-07,1.4048665671288848e-09,14.048665671288848,1.0000000000000002,9.355255301539454e-26,9.355255301539454e-26,0.7500018092380004,0.7500018092380004,2.946034687320304e-19,5.892069374640608e-19,4.843986624380676e-20,1.4531959873142028e-19,3.407233047970226e-06,1.0221699143910679e-05,0.062494866738540863,0.24997946695416345,5.133015421420648e-19,3.593110794994454e-18,1.2145869560592098e-06,8.502108692414469e-06,3.928036774089207e-19,6.458633252234621e-20,4.542966438216949e-06,6.844004051984589e-19,1.6194453681294804e-06,1.6194453681301648e-06
t0_10s,10.0,4520.8671529868425,0.16944427191425523,169444271.91425523,2.3100405541043885e-07,1.4100089846317327e-09,14.100089846317326,1.0000000000000002,9.045037523721258e-26,9.045037523721258e-26,0.750001809238007,0.750001809238007,2.947182000961316e-19,5.894364001922632e-19,4.838958530001646e-20,1.4516875590004938e-19,3.40723303663187e-06,1.022169910989561e-05,0.06249486673853963,0.2499794669541585,5.206072323653797e-19,3.644250626557658e-18,1.2145869606948621e-06,8.502108724864035e-06,3.9295665219202846e-19,6.451929142568297e-20,4.542966423099137e-06,6.941413019980718e-19,1.6194453743103209e-06,1.619445374311015e-06
t0_10s,10.0,4580.830328177473,0.16817791386427783,168177913.86427784,2.266901312566882e-07,1.4151702256003737e-09,14.151702256003738,1.0000000000000004,8.744230188380956e-26,8.744230188380956e-26,0.7500018092380136,0.7500018092380136,2.9483118166366854e-19,5.896623633273371e-19,4.8340255553136356e-20,1.4502076665940907e-19,3.4072330259200476e-06,1.0221699077760143e-05,0.06249486673853838,0.24997946695415352,5.279497908243133e-19,3.695648535770194e-18,1.2145869650686133e-06,8.502108755480293e-06,3.931072939186786e-19,6.445351858850721e-20,4.542966408816701e-06,7.039313563265927e-19,1.6194453801419608e-06,1.6194453801426647e-06
t0_10s,10.0,4641.588833612777,0.1669210200628855,166921020.0628855,2.2245676820638254e-07,1.4203503589368135e-09,14.203503589368134,1.0000000000000013,8.452570862927663e-26,8.452570862927663e-26,0.7500018092380204,0.7500018092380204,2.949424337086531e-19,5.898848674173062e-19,4.829186097678017e-20,1.4487558293034052e-19,3.4072330158015746e-06,1.0221699047404724e-05,0.06249486673853729,0.24997946695414916,5.353280818801492e-19,3.7472965731610445e-18,1.2145869691946514e-06,8.50210878436256e-06,3.932556296208217e-19,6.438899264235545e-20,4.542966395325396e-06,7.137690540027185e-19,1.619445385643317e-06,1.6194453856440308e-06
t0_10s,10.0,4703.153218270468,0.16567351977810707,165673519.77810708,2.1830246180762333e-07,1.4255494537952673e-09,14.255494537952673,1.0000000000000024,8.169804004903925e-26,8.169804004903925e-26,0.7500018092380272,0.7500018092380272,2.95051976423504e-19,5.90103952847008e-19,4.8244385781836947e-20,1.4473315734551085e-19,3.40723300624494e-06,1.022169901873482e-05,0.06249486673853622,0.24997946695414489,5.427409655425912e-19,3.7991867587981384e-18,1.2145869730864302e-06,8.502108811605011e-06,3.9340168622161774e-19,6.432569253513051e-20,4.5429663825832065e-06,7.23652875043055e-19,1.6194453908323283e-06,1.6194453908330518e-06
t0_10s,10.0,4765.534171046128,0.16443534280659364,164435342.80659363,2.1422573570365133e-07,1.4307675795830786e-09,14.307675795830786,1.0000000000000036,7.895680782665476e-26,7.895680782665476e-26,0.7500018092380338,0.7500018092380338,2.9515982991465496e-19,5.903196598293099e-19,4.8197814413335616e-20,1.4459344324000685e-19,3.407232997220234e-06,1.0221698991660701e-05,0.062494866738535194,0.24997946695414078,5.50187298470179e-19,3.8513110892912534e-18,1.2145869767567062e-06,8.502108837296944e-06,3.935454905295806e-19,6.426359752692104e-20,4.542966370550253e-06,7.335812949959989e-19,1.6194453957260033e-06,1.6194453957267368e-06
t0_10s,10.0,4828.742522609076,0.1632064194696671,163206419.4696671,2.1022514110817953e-07,1.4360048059616605e-09,14.360048059616606,1.0000000000000024,7.629958900990169e-26,7.629958900990169e-26,0.7500018092380374,0.7500018092380374,2.952660141983417e-19,5.905320283966834e-19,4.8152131547351917e-20,1.4445639464205575e-19,3.4072329886990618e-06,1.0221698966097186e-05,0.06249486673853432,0.24997946695413728,5.576659349566416e-19,3.903661544696491e-18,1.2145869802175718e-06,8.502108861523002e-06,3.9368706923296166e-19,6.420268718587754e-20,4.542966359188696e-06,7.435527862568772e-19,1.6194454003404721e-06,1.6194454003412156e-06
t0_10s,10.0,4892.789247282757,0.1619866806094003,161986680.6094003,2.0629925629052535e-07,1.4412612028474088e-09,14.412612028474088,1.0000000000000009,7.372402431469907e-26,7.372402431469907e-26,0.7500018092380409,0.7500018092380409,2.9537054919656275e-19,5.907410983931255e-19,4.810732208795637e-20,1.4432196626386912e-19,3.4072329806544824e-06,1.0221698941963447e-05,0.06249486673853343,0.24997946695413373,5.651757279016986e-19,3.95623009531189e-18,1.2145869834804897e-06,8.502108884363427e-06,3.9382644889435985e-19,6.414294138414235e-20,4.542966348462595e-06,7.535658193623358e-19,1.619445404691011e-06,1.6194454046917647e-06
t0_10s,10.0,4957.685464950156,0.16077605758472446,160776057.58472446,2.0244668607035687e-07,1.446536840412652e-09,14.465368404126519,0.9999999999999997,7.122781647542546e-26,7.122781647542546e-26,0.7500018092380445,0.7500018092380445,2.9547345473321007e-19,5.909469094664201e-19,4.8063371164203126e-20,1.441901134926094e-19,3.4072329730609273e-06,1.0221698919182782e-05,0.06249486673853254,0.24997946695413015,5.727155297649365e-19,4.009008708354556e-18,1.2145869865563221e-06,8.502108905894256e-06,3.9396365594556744e-19,6.408434029383548e-20,4.542966338337858e-06,7.636188642621811e-19,1.6194454087921034e-06,1.619445408792867e-06
t0_10s,10.0,5023.442442984435,0.15957448226756588,159574482.26756588,1.9866606132186865e-07,1.4518317890865687e-09,14.518317890865687,0.9999999999999994,6.880872864026428e-26,6.880872864026428e-26,0.7500018092380482,0.7500018092380482,2.9557475053036677e-19,5.911495010607335e-19,4.80202641271586e-20,1.440607923814758e-19,3.40723296589414e-06,1.022169889768242e-05,0.06249486673853186,0.24997946695412743,5.802841935014315e-19,4.0619893545100206e-18,1.2145869894553614e-06,8.50210892618753e-06,3.9409871668263177e-19,6.402686438309261e-20,4.542966328782142e-06,7.737103915668705e-19,1.619445412657472e-06,1.6194454126582457e-06
t0_10s,10.0,5090.071598205174,0.15838188703901326,158381887.03901327,1.9495603848722976e-07,1.4571461195561491e-09,14.571461195561492,0.9999999999999992,6.64645828102385e-26,6.64645828102385e-26,0.7500018092380518,0.7500018092380518,2.9567445620476687e-19,5.913489124095337e-19,4.797798654696935e-20,1.4393395964090804e-19,3.4072329591311097e-06,1.0221698877393329e-05,0.06249486673853116,0.24997946695412465,5.878805734778857e-19,4.1151640143452e-18,1.214586992187361e-06,8.502108945311527e-06,3.942316572611351e-19,6.397049441215556e-20,4.542966319764768e-06,7.838388737690251e-19,1.6194454163001213e-06,1.6194454163009052e-06
t0_10s,10.0,5157.584498860611,0.15719820478551114,157198204.78551114,1.9131529909910353e-07,1.4624799027671244e-09,14.624799027671244,0.9999999999999989,6.419325832063919e-26,6.419325832063919e-26,0.7500018092380556,0.7500018092380556,2.957725912644132e-19,5.915451825288264e-19,4.7936524209968386e-20,1.4380957262990517e-19,3.4072329527500124e-06,1.0221698858250037e-05,0.062494866738530455,0.24997946695412182,5.955035263681345e-19,4.1685246845769414e-18,1.214586994761557e-06,8.5021089633309e-06,3.9436250369168507e-19,6.391521142951405e-20,4.5429663112566356e-06,7.94002786437436e-19,1.619445419732366e-06,1.6194454197331602e-06
t0_10s,10.0,5225.992866636097,0.15602336889508406,156023368.89508405,1.877425493120951e-07,1.4678332099249157e-09,14.678332099249157,0.9999999999999989,6.199269036359982e-26,6.199269036359982e-26,0.7500018092380594,0.7500018092380594,2.9586917510535036e-19,5.917383502107007e-19,4.7895863115819267e-20,1.436875893474578e-19,3.407232946730149e-06,1.0221698840190446e-05,0.06249486673852974,0.24997946695411896,6.031519120269343e-19,4.22206338418854e-18,1.2145869971866993e-06,8.502108980306895e-06,3.9449128183561224e-19,6.386099676809787e-20,4.542966303230147e-06,8.042006093821125e-19,1.6194454229658733e-06,1.6194454229666775e-06
t0_10s,10.0,5295.308578689265,0.15485731325358754,154857313.25358754,1.8423651944294308e-07,1.4732061124955844e-09,14.732061124955845,0.9999999999999996,5.98608685505977e-26,5.98608685505977e-26,0.7500018092380633,0.7500018092380633,2.959642270085883e-19,5.919284540171766e-19,4.7855989474697426e-20,1.4356796842409227e-19,3.4072329410518945e-06,1.0221698823155683e-05,0.06249486673852921,0.24997946695411685,6.108245943410602e-19,4.275772160387422e-18,1.214586999471073e-06,8.502108996297511e-06,3.946180174008677e-19,6.380783204151861e-20,4.542966295659136e-06,8.144308277890756e-19,1.6194454260116892e-06,1.6194454260125036e-06
t0_10s,10.0,5365.543669712149,0.15369997224098714,153699972.24098715,1.8079596351930012e-07,1.4785986822068012e-09,14.785986822068011,1.0000000000000004,5.779583551371027e-26,5.779583551371027e-26,0.7500018092380671,0.7500018092380671,2.9605776613717285e-19,5.921155322743457e-19,4.7816889704507974e-20,1.4345066911352391e-19,3.407232935696643e-06,1.0221698807089928e-05,0.06249486673852873,0.2499794669541149,6.185204420567898e-19,4.329643094397528e-18,1.214587001622524e-06,8.502109011357669e-06,3.947427359381177e-19,6.375569914036013e-20,4.542966288518795e-06,8.246919333236672e-19,1.6194454288802753e-06,1.6194454288811e-06
t0_10s,10.0,5436.710334020641,0.15255128072766663,152551280.72766665,1.774196588369396e-07,1.4840109910487753e-09,14.840109910487753,1.0000000000000016,5.579568554449402e-26,5.579568554449402e-26,0.7500018092380711,0.7500018092380711,2.9614981153339984e-19,5.922996230667997e-19,4.777855042813947e-20,1.433356512844184e-19,3.4072329306467554e-06,1.0221698791940266e-05,0.06249486673852823,0.2499794669541129,6.262383295829553e-19,4.3836683070806875e-18,1.2145870036484793e-06,8.502109025539355e-06,3.948654628370287e-19,6.370458022851681e-20,4.542966281785603e-06,8.349824252012839e-19,1.6194454315815337e-06,1.6194454315823687e-06
t0_10s,10.0,5508.820927671731,0.1514111740707616,151411174.0707616,1.7410640552522988e-07,1.4894431112752401e-09,14.894431112752402,1.0000000000000024,5.385856326936072e-26,5.385856326936072e-26,0.7500018092380751,0.7500018092380751,2.9624038211616756e-19,5.924807642323351e-19,4.774095847075265e-20,1.4322287541225796e-19,3.4072329258855167e-06,1.022169877765655e-05,0.06249486673852773,0.2499794669541109,6.339771377688211e-19,4.437839964381748e-18,1.214587005555968e-06,8.502109038891776e-06,3.9498622332273754e-19,6.365445773957874e-20,4.542966275437276e-06,8.453008112245446e-19,1.6194454341248374e-06,1.6194454341256827e-06
t0_10s,10.0,5581.887970608732,0.15027958811052275,150279588.11052275,1.7085502612072733e-07,1.494895115404409e-09,14.948951154044089,1.0000000000000038,5.198266236041791e-26,5.198266236041791e-26,0.7500018092380792,0.7500018092380792,2.963294966784672e-19,5.926589933569344e-19,4.770410085710434e-20,1.43112302571313e-19,3.4072329213970857e-06,1.0221698764191257e-05,0.06249486673852722,0.2499794669541089,6.417357546561177e-19,4.492150282592824e-18,1.2145870073516442e-06,8.50210905146151e-06,3.951050424525055e-19,6.360531437326338e-20,4.542966269452691e-06,8.55645608786e-19,1.6194454365190575e-06,1.6194454365199132e-06
t0_10s,10.0,5655.9241488350535,0.14915645916670486,149156459.16670486,1.6766436514872725e-07,1.5003670762199396e-09,15.003670762199397,1.0000000000000049,5.016622428070199e-26,5.016622428070199e-26,0.7500018092380834,0.7500018092380834,2.9641717388500265e-19,5.928343477700053e-19,4.766796480890498e-20,1.4300389442671494e-19,3.4072329171664505e-06,1.0221698751499352e-05,0.06249486673852671,0.24997946695410683,6.495130762046518e-19,4.546591533432563e-18,1.2145870090418034e-06,8.502109063292623e-06,3.9522194511254423e-19,6.355713309189243e-20,4.5429662638118325e-06,8.660153458356098e-19,1.619445438772589e-06,1.619445438773455e-06
t0_10s,10.0,5730.942316616747,0.14804172403498267,148041724.03498268,1.6453328871263012e-07,1.5058590667719064e-09,15.058590667719063,1.0000000000000067,4.8407537062828576e-26,4.8407537062828576e-26,0.7500018092380875,0.7500018092380875,2.9650343226994106e-19,5.930068645398821e-19,4.763253774220994e-20,1.4289761322662983e-19,3.407232913179393e-06,1.022169873953818e-05,0.062494866738526306,0.24997946695410522,6.573080069909908e-19,4.601156048936935e-18,1.214587010632402e-06,8.502109074426814e-06,3.9533695601501713e-19,6.350989711691352e-20,4.542966258495744e-06,8.764085618123207e-19,1.619445440893373e-06,1.6194454408942495e-06
t0_10s,10.0,5806.955498714263,0.14693531998339496,146935319.98339495,1.61460684090982e-07,1.511371160377788e-09,15.11371160377788,1.000000000000009,4.670493412007663e-26,4.670493412007663e-26,0.7500018092380917,0.7500018092380917,2.9658829023478777e-19,5.931765804695755e-19,4.759780726484339e-20,1.4279342179453018e-19,3.4072329094224425e-06,1.0221698728267327e-05,0.06249486673852604,0.24997946695410417,6.651194608797788e-19,4.655836226158452e-18,1.2145870121290754e-06,8.502109084903527e-06,3.954500996952054e-19,6.346358992546542e-20,4.5429662534864636e-06,8.868238085391517e-19,1.6194454428889236e-06,1.6194454428898104e-06
t0_10s,10.0,5883.976892643865,0.1458371847488139,145837184.7488139,1.5844545934203308e-07,1.5169034306234322e-09,15.169034306234321,1.000000000000009,4.50567930889647e-26,4.50567930889647e-26,0.7500018092380936,0.7500018092380936,2.966717660463826e-19,5.933435320927652e-19,4.7563761173855175e-20,1.4269128352156553e-19,3.4072329058828417e-06,1.0221698717648524e-05,0.06249486673852578,0.2499794669541031,6.729463616673557e-19,4.71062453167149e-18,1.2145870135371519e-06,8.502109094760063e-06,3.9556140050883794e-19,6.341819524698735e-20,4.542966248766996e-06,8.972596510813536e-19,1.6194454447663503e-06,1.6194454447672475e-06
t0_10s,10.0,5962.019870968963,0.14474725653344064,144747256.53344065,1.554865429156815e-07,1.5224559513640383e-09,15.224559513640383,1.0000000000000073,4.3461534702414174e-26,4.3461534702414174e-26,0.7500018092380936,0.7500018092380936,2.9675387783501415e-19,5.935077556700283e-19,4.7530387453009456e-20,1.4259116235902836e-19,3.4072329025485126e-06,1.0221698707645538e-05,0.06249486673852551,0.24997946695410203,6.807876436973813e-19,4.765513505881669e-18,1.214587014861671e-06,8.502109104031698e-06,3.9567088262957437e-19,6.337369705987014e-20,4.542966244321234e-06,9.077146685672332e-19,1.6194454465323717e-06,1.6194454465332795e-06
t0_10s,10.0,6041.097983621911,0.14366547400132867,143665474.00132868,1.5258288327267034e-07,1.5280287967251493e-09,15.280287967251493,1.0000000000000056,4.1917621692611197e-26,4.1917621692611197e-26,0.7500018092380936,0.7500018092380936,2.968346435926496e-19,5.936692871852992e-19,4.749767427030417e-20,1.424930228109125e-19,3.4072328994080155e-06,1.0221698698224046e-05,0.06249486673852523,0.24997946695410092,6.886422524482652e-19,4.820495767137856e-18,1.2145870161073999e-06,8.502109112751799e-06,3.957785700466454e-19,6.333007958814894e-20,4.542966240133915e-06,9.181874549713927e-19,1.6194454481933393e-06,1.6194454481942575e-06
t0_10s,10.0,6121.224960256551,0.1425917762749311,142591776.2749311,1.4973344851088908e-07,1.5336220411036489e-09,15.33622041103649,1.0000000000000036,4.0423557722711635e-26,4.0423557722711635e-26,0.7500018092380936,0.7500018092380936,2.9691408117127567e-19,5.9382816234255135e-19,4.7465609975522047e-20,1.4239682992656614e-19,3.4072328964505238e-06,1.0221698689351571e-05,0.06249486673852495,0.2499794669540998,6.965091450922605e-19,4.875564015645823e-18,1.2145870172788424e-06,8.502109120951896e-06,3.958844865626426e-19,6.328732729823821e-20,4.542966236190602e-06,9.28676619860191e-19,1.619445449755259e-06,1.6194454497561877e-06
t0_10s,10.0,6202.414712631954,0.14152610293167558,141526102.93167558,1.4693722599865704e-07,1.5392357591687338e-09,15.392357591687338,1.000000000000002,3.897788634656272e-26,3.897788634656272e-26,0.7500018092380936,0.7500018092380936,2.9699220828134734e-19,5.939844165626947e-19,4.74341830978116e-20,1.423025492934348e-19,3.4072328936657895e-06,1.0221698680997368e-05,0.06249486673852467,0.24997946695409867,7.043872910261513e-19,4.930711037183059e-18,1.2145870183802586e-06,8.50210912866181e-06,3.959886557914489e-19,6.324542489570618e-20,4.5429662324776316e-06,9.391807890993212e-19,1.6194454512238104e-06,1.6194454512247495e-06
t0_10s,10.0,6284.681337027846,0.1404683940005636,140468394.0005636,1.4419322201485427e-07,1.5448700258629225e-09,15.448700258629225,1.0000000000000002,3.757918999563543e-26,3.757918999563543e-26,0.7500018092380936,0.7500018092380936,2.9706904249034176e-19,5.941380849806835e-19,4.740338234329821e-20,1.4221014702989464e-19,3.4072328910441132e-06,1.022169867313234e-05,0.062494866738524384,0.24997946695409753,7.122756723735372e-19,4.9859297066147606e-18,1.214587019415672e-06,8.502109135909703e-06,3.960911011563107e-19,6.320435732208968e-20,4.542966228982072e-06,9.496986055235236e-19,1.619445452604358e-06,1.6194454526053078e-06
t0_10s,10.0,6368.039116691972,0.13941858995879564,139418589.95879564,1.4150046139577423e-07,1.5505249164030656e-09,15.505249164030657,0.9999999999999983,3.6226088992391445e-26,3.6226088992391445e-26,0.7500018092380936,0.7500018092380936,2.971446012214148e-19,5.942892024428296e-19,4.7373196592724463e-20,1.421195897781734e-19,3.407232888576316e-06,1.0221698665728949e-05,0.06249486673852409,0.24997946695409637,7.201732844587475e-19,5.0412129912112325e-18,1.2145870203888865e-06,8.502109142722205e-06,3.961918458880465e-19,6.316410975174794e-20,4.542966225691684e-06,9.602287295684686e-19,1.6194454539019744e-06,1.6194454539029347e-06
t0_10s,10.0,6452.502524320015,0.13837663172842143,138376631.72842142,1.388579871885684e-07,1.5562005062813346e-09,15.562005062813345,0.9999999999999967,3.491724058932794e-26,3.491724058932794e-26,0.7500018092380936,0.7500018092380936,2.9721890175215544e-19,5.944378035043109e-19,4.7343614899119567e-20,1.420308446973587e-19,3.4072328862537184e-06,1.0221698658761156e-05,0.0624948667385238,0.2499794669540952,7.280791362525289e-19,5.096553953767702e-18,1.2145870213034947e-06,8.502109149124463e-06,3.9629091302338595e-19,6.312466758875509e-20,4.542966222594894e-06,9.707698398650061e-19,1.619445455121449e-06,1.6194454551224197e-06
t0_10s,10.0,6538.086224568355,0.13734246067301542,137342460.67301542,1.3626486031116465e-07,1.5618968712662264e-09,15.618968712662264,0.9999999999999949,3.3651338032970166e-26,3.3651338032970166e-26,0.7500018092380936,0.7500018092380936,2.972919612134363e-19,5.945839224268726e-19,4.731462648549745e-20,1.4194387945649235e-19,3.407232884068104e-06,1.0221698652204312e-05,0.0624948667385235,0.249979466954094,7.359922507896566e-19,5.151945755527596e-18,1.2145870221628913e-06,8.50210915514024e-06,3.963883254034375e-19,6.308601646383105e-20,4.5429662196807484e-06,9.813206337959787e-19,1.6194454562673086e-06,1.61944545626829e-06
t0_10s,10.0,6624.805076600137,0.13631601859437725,136316018.59437725,1.33720159218539e-07,1.5676140874035948e-09,15.676140874035948,0.9999999999999932,3.242710965210597e-26,3.242710965210597e-26,0.7500018092380936,0.7500018092380936,2.9736379658835733e-19,5.947275931767147e-19,4.728622074258265e-20,1.4185866222774797e-19,3.4072328820117037e-06,1.022169864603511e-05,0.062494866738523204,0.24997946695409282,7.439116655586971e-19,5.20738165891088e-18,1.214587022970281e-06,8.502109160791967e-06,3.964841056722798e-19,6.304814223130933e-20,4.542966216938888e-06,9.918798280159041e-19,1.6194454573438254e-06,1.6194454573448173e-06
t0_10s,10.0,6712.674136665196,0.13529724772925628,135297247.72925627,1.3122297957521477e-07,1.5733522310176526e-09,15.733522310176525,0.9999999999999915,3.124331796957001e-26,3.124331796957001e-26,0.7500018092380936,0.7500018092380936,2.9743442471127964e-19,5.948688494225593e-19,4.7258387226564115e-20,1.4177516167969235e-19,3.4072328800771745e-06,1.0221698640231524e-05,0.0624948667385229,0.2499794669540916,7.518364328642167e-19,5.2628550300495164e-18,1.214587023728693e-06,8.502109166100851e-06,3.965782762756735e-19,6.30110309661421e-20,4.542966214359522e-06,1.002446158933919e-18,1.619445458355039e-06,1.6194454583560415e-06
t0_10s,10.0,6801.7086607140845,0.13428609074610112,134286090.7461011,1.2877243393388026e-07,1.579111378711989e-09,15.79111378711989,0.99999999999999,3.009875883691849e-26,3.009875883691849e-26,0.7500018092380936,0.7500018092380936,2.9750386226694532e-19,5.9500772453389065e-19,4.7231115656876134e-20,1.4169334697062841e-19,3.407232878257567e-06,1.02216986347727e-05,0.06249486673852265,0.2499794669540906,7.597656201617314e-19,5.3183593411321195e-18,1.214587024440984e-06,8.502109171086887e-06,3.966708594598877e-19,6.29746689609415e-20,4.5429662119333845e-06,1.0130183831603774e-18,1.619445459304758e-06,1.619445459305771e-06
t0_10s,10.0,6891.924107046891,0.1332824907418331,133282490.7418331,1.2636765142000768e-07,1.5848916073705926e-09,15.848916073705926,0.9999999999999896,2.899226059134507e-26,2.899226059134507e-26,0.7500018092380936,0.7500018092380936,2.9757212578968337e-19,5.951442515793667e-19,4.7204395914006316e-20,1.4161318774201895e-19,3.407232876546317e-06,1.0221698629638952e-05,0.06249486673852265,0.2499794669540906,7.676983103657965e-19,5.373888172560576e-18,1.2145870251098532e-06,8.502109175768973e-06,3.967618772706412e-19,6.293904272305686e-20,4.542966209651724e-06,1.0235952779176365e-18,1.6194454601965816e-06,1.6194454601976052e-06
t0_10s,10.0,6983.3361389970705,0.1322863912386444,132286391.2386444,1.2400777742236323e-07,1.5906929941588864e-09,15.906929941588864,0.9999999999999891,2.792268323421594e-26,2.792268323421594e-26,0.7500018092380936,0.7500018092380936,2.9763923166269586e-19,5.952784633253917e-19,4.71782180373297e-20,1.4153465411198911e-19,3.407232874937216e-06,1.0221698624811648e-05,0.06249486673852265,0.2499794669540906,7.756336021316239e-19,5.429435214921367e-18,1.2145870257378485e-06,8.50210918016494e-06,3.968513515521509e-19,6.290413897168697e-20,4.542966207506261e-06,1.034175641415544e-18,1.6194454610339067e-06,1.619445461034941e-06
t0_10s,10.0,7075.960627650991,0.13129773618081916,131297736.18081917,1.2169197328929368e-07,1.5965156165247515e-09,15.965156165247516,0.9999999999999887,2.688891763061594e-26,2.688891763061594e-26,0.7500018092380936,0.7500018092380936,2.977051961174243e-19,5.954103922348486e-19,4.715257222296933e-20,1.4145771666890798e-19,3.407232873424398e-06,1.0221698620273195e-05,0.06249486673852265,0.2499794669540906,7.835706101106972e-19,5.4849942707748806e-18,1.2145870263273735e-06,8.502109184291614e-06,3.9693930394628636e-19,6.28699446350274e-20,4.542966205489176e-06,1.0447582931922594e-18,1.619445461819938e-06,1.6194454618209828e-06
t0_10s,10.0,7169.813654603468,0.13031646993157972,130316469.93157972,1.1941941603068794e-07,1.6023595521995546e-09,16.023595521995546,0.9999999999999882,2.588988472932024e-26,2.588988472932024e-26,0.7500018092380936,0.7500018092380936,2.9777003523299108e-19,5.9554007046598215e-19,4.712744882168222e-20,1.4138234646504666e-19,3.4072328720023213e-06,1.0221698616006964e-05,0.06249486673852265,0.2499794669540906,7.915084651808612e-19,5.540559256266028e-18,1.214587026880696e-06,8.502109188164872e-06,3.9702575589182586e-19,6.283644684745189e-20,4.542966203593077e-06,1.0553420744210378e-18,1.6194454625576997e-06,1.619445462558755e-06
t0_10s,10.0,7264.911514749853,0.12934253726995512,129342537.26995513,1.1718929802550289e-07,1.6082248791992016e-09,16.082248791992015,0.9999999999999879,2.4924534802621436e-26,2.4924534802621436e-26,0.7500018092380936,0.7500018092380936,2.9783376493571764e-19,5.956675298714353e-19,4.710283833677088e-20,1.4130851501031264e-19,3.4072328706657452e-06,1.0221698611997236e-05,0.06249486673852265,0.2499794669540906,7.994463146514054e-19,5.596124202559838e-18,1.2145870273999576e-06,8.502109191799704e-06,3.971107286238134e-19,6.280363294672765e-20,4.54296620181098e-06,1.0659258481836746e-18,1.6194454632500466e-06,1.6194454632511126e-06
t0_10s,10.0,7361.27071911523,0.12837588338767325,128375883.38767324,1.1500082673474952e-07,1.614111675825172e-09,16.14111675825172,0.9999999999999876,2.3991846705459824e-26,2.3991846705459824e-26,0.7500018092380936,0.7500018092380936,2.97896400998711e-19,5.95792801997422e-19,4.7078731422019715e-20,1.4123619426605914e-19,3.407232869409724e-06,1.0221698608229172e-05,0.06249486673852265,0.2499794669540906,8.073833224437087e-19,5.651683257105961e-18,1.214587027887174e-06,8.502109195210219e-06,3.9719424317300764e-19,6.277149047126395e-20,4.542966200136289e-06,1.076508499711364e-18,1.6194454638996671e-06,1.6194454639007437e-06
t0_10s,10.0,7458.907997721018,0.12741645388607756,127416453.88607755,1.1285322441984267e-07,1.620020020665547e-09,16.20020020665547,0.9999999999999872,2.3090827153323443e-26,2.3090827153323443e-26,0.7500018092380936,0.7500018092380936,2.9795795904152113e-19,5.959159180830423e-19,4.705511887965604e-20,1.4116535663896812e-19,3.407232868229584e-06,1.0221698604688752e-05,0.06249486673852265,0.2499794669540906,8.15318669248005e-19,5.707230684736035e-18,1.2145870283442509e-06,8.502109198409756e-06,3.9727632036542486e-19,6.274000715739346e-20,4.542966198562773e-06,1.0870889365937199e-18,1.6194454645091014e-06,1.6194454645101886e-06
t0_10s,10.0,7557.84030248972,0.12646419477306442,126464194.77306442,1.1074572786620644e-07,1.6259499925960872e-09,16.259499925960874,0.9999999999999869,2.222051001839689e-26,2.222051001839689e-26,0.7500018092380936,0.7500018092380936,2.9801845452986463e-19,5.960369090597293e-19,4.7031991658335504e-20,1.4109597497500652e-19,3.407232867120913e-06,1.0221698601362739e-05,0.06249486673852265,0.2499794669540906,8.232515526568936e-19,5.762760868598255e-18,1.214587028772983e-06,8.502109201410881e-06,3.973569808219709e-19,6.270917093668617e-20,4.542966197084549e-06,1.0976660889567886e-18,1.6194454650807428e-06,1.6194454650818405e-06
t0_10s,10.0,7658.084810188113,0.12551905246004572,125519052.46004571,1.0867758811204531e-07,1.6319016707812778e-09,16.31901670781278,0.9999999999999866,2.137995564345799e-26,2.137995564345799e-26,0.7500018092380936,0.7500018092380936,2.980779027754142e-19,5.961558055508284e-19,4.700934085115138e-20,1.4102802255345414e-19,3.407232866079545e-06,1.0221698598238636e-05,0.06249486673852265,0.2499794669540906,8.311811872762077e-19,5.818268310933454e-18,1.2145870291750635e-06,8.502109204225445e-06,3.974362449581601e-19,6.267896993329508e-20,4.542966195696061e-06,1.1082389096108742e-18,1.619445465616849e-06,1.6194454656179573e-06
t0_10s,10.0,7759.658925409481,0.12458097375893301,124580973.75893301,1.0664807018217623e-07,1.637875134675358e-09,16.378751346753578,0.9999999999999863,2.0568250173033716e-26,2.0568250173033716e-26,0.7500018092380936,0.7500018092380936,2.981363189356484e-19,5.962726378712968e-19,4.69871576936675e-20,1.409614730810025e-19,3.407232865101546e-06,1.0221698595304637e-05,0.06249486673852265,0.2499794669540906,8.391068048138973e-19,5.873747633697281e-18,1.2145870295520879e-06,8.502109206864615e-06,3.975141329839151e-19,6.264939246133349e-20,4.542966194392066e-06,1.1188063741690476e-18,1.6194454661195467e-06,1.6194454661206654e-06
t0_10s,10.0,7862.580283595478,0.12364990587914361,123649905.87914361,1.0465645282683417e-07,1.643870464023429e-09,16.438704640234292,0.999999999999986,1.9784504901342096e-26,1.9784504901342096e-26,0.7500018092380936,0.7500018092380936,2.981937180137633e-19,5.963874360275266e-19,4.6965433561974564e-20,1.4089630068592368e-19,3.407232864183203e-06,1.0221698592549608e-05,0.06249486673852265,0.2499794669540906,8.470276541475935e-19,5.929193579033155e-18,1.21458702990556e-06,8.50210920933892e-06,3.97590664903449e-19,6.262042702228342e-20,4.542966193167612e-06,1.1293674811372334e-18,1.6194454665908418e-06,1.619445466591971e-06
t0_10s,10.0,7966.8667540979595,0.12272579642463063,122725796.42463063,1.0270202826535443e-07,1.6498877388624821e-09,16.498877388624823,0.9999999999999858,1.9027855636562728e-26,1.9027855636562728e-26,0.7500018092380936,0.7500018092380936,2.9825011485864072e-19,5.9650022971728145e-19,4.694415997076935e-20,1.4083247991230804e-19,3.4072328633210133e-06,1.022169858996304e-05,0.06249486673852265,0.2499794669540906,8.549430013715235e-19,5.9846010096006645e-18,1.214587030236898e-06,8.502109211658286e-06,3.976658605152232e-19,6.25920623024345e-20,4.542966192018028e-06,1.139921251976761e-18,1.6194454670326247e-06,1.6194454670337646e-06
t0_10s,10.0,8072.536443281533,0.12180859339093433,121808593.39093433,1.0078410193464193e-07,1.6559270395224731e-09,16.559270395224733,0.9999999999999856,1.829746208098974e-26,1.829746208098974e-26,0.7500018092380936,0.7500018092380936,2.9830552416487426e-19,5.966110483297485e-19,4.6923328571456774e-20,1.4076998571437033e-19,3.4072328625116674e-06,1.0221698587535002e-05,0.06249486673852265,0.2499794669540906,8.628521298234823e-19,6.039964908764376e-18,1.2145870305474367e-06,8.502109213832057e-06,3.977397394119819e-19,6.25642871703535e-20,4.542966190938903e-06,1.1504667311403293e-18,1.6194454674466754e-06,1.6194454674478259e-06
t0_10s,10.0,8179.607697667197,0.12089824516225464,120898245.16225465,9.890199224233565e-08,1.661988446627403e-09,16.61988446627403,0.9999999999999852,1.7592507226636968e-26,1.7592507226636968e-26,0.7500018092380936,0.7500018092380936,2.9835996047284785e-19,5.967199209456957e-19,4.690293115027432e-20,1.4070879345082296e-19,3.4072328617520478e-06,1.0221698585256143e-05,0.06249486673852265,0.2499794669540906,8.70754340092556e-19,6.095280380647892e-18,1.2145870308384338e-06,8.502109215869036e-06,3.9781232098085685e-19,6.253709067438348e-20,4.5429661899260785e-06,1.1610029860823024e-18,1.6194454678346707e-06,1.6194454678358318e-06
t0_10s,10.0,8288.099107117652,0.11999470050854788,119994700.50854789,9.705503032458851e-08,1.6680720410964029e-09,16.680720410964028,0.999999999999985,1.6912196765876588e-26,1.6912196765876588e-26,0.7500018092380936,0.7500018092380936,2.984134381688667e-19,5.968268763377334e-19,4.6882959626438404e-20,1.4064887887931522e-19,3.407232861039209e-06,1.0221698583117627e-05,0.06249486673852265,0.2499794669540906,8.786489500083052e-19,6.1505426500581365e-18,1.214587031111075e-06,8.502109217777526e-06,3.9788362440354216e-19,6.251046204017232e-20,4.54296618897563e-06,1.1715291072442888e-18,1.6194454681981914e-06,1.6194454681993628e-06
t0_10s,10.0,8398.02950806497,0.11909790858264235,119097908.58264235,9.524255980836154e-08,1.6741779041447887e-09,16.741779041447888,0.9999999999999848,1.6255758516704965e-26,1.6255758516704965e-26,0.7500018092380936,0.7500018092380936,2.9846597148533926e-19,5.969319429706785e-19,4.6863406050313005e-20,1.4059021815093901e-19,3.4072328603703782e-06,1.0221698581111135e-05,0.06249486673852265,0.2499794669540906,8.86535294612141e-19,6.2057470622849875e-18,1.2145870313664754e-06,8.502109219565328e-06,3.979536686565366e-19,6.248439066823087e-20,4.542966188083857e-06,1.1820442080169755e-18,1.6194454685387245e-06,1.6194454685399065e-06
t0_10s,10.0,8509.417986780929,0.11820781891737796,118207818.91737796,9.346393657816607e-08,1.680306117285167e-09,16.80306117285167,0.9999999999999846,1.56224418622431e-26,1.56224418622431e-26,0.7500018092380936,0.7500018092380936,2.985175745010057e-19,5.970351490020114e-19,4.6844262601599313e-20,1.4053278780479794e-19,3.407232859742936e-06,1.0221698579228809e-05,0.06249486673852265,0.2499794669540906,8.94412726111588e-19,6.260889082781117e-18,1.2145870316056862e-06,8.502109221239804e-06,3.9802247251144844e-19,6.245886613151924e-20,4.54296618724727e-06,1.1925474246791453e-18,1.6194454688576713e-06,1.619445468858864e-06
t0_10s,10.0,8622.283882690854,0.11732438142276592,117324381.42276593,9.17185285471563e-08,1.6864567623285046e-09,16.864567623285044,0.9999999999999843,1.501151720408839e-26,1.501151720408839e-26,0.7500018092380936,0.7500018092380936,2.9856826114121506e-19,5.971365222824301e-19,4.682552158754713e-20,1.4047656476264138e-19,3.4072328591544167e-06,1.022169857746325e-05,0.06249486673852265,0.2499794669540906,9.022806138181856e-19,6.315964296727299e-18,1.2145870318296961e-06,8.502109222807872e-06,3.9809005453536497e-19,6.243387817306189e-20,4.542966186462579e-06,1.2030379163148792e-18,1.6194454691563506e-06,1.6194454691575536e-06
t0_10s,10.0,8736.646791731337,0.1164475463831693,116447546.3831693,9.000571543249873e-08,1.6926299213852525e-09,16.926299213852523,0.9999999999999842,1.4422275429148585e-26,1.4422275429148585e-26,0.7500018092380936,0.7500018092380936,2.9861804517824587e-19,5.972360903564917e-19,4.680717544118706e-20,1.4042152632356117e-19,3.4072328586024888e-06,1.0221698575807467e-05,0.06249486673852265,0.2499794669540906,9.101383440697286e-19,6.3709684084881e-18,1.2145870320394367e-06,8.502109224276058e-06,3.981564330912799e-19,6.240941670359062e-20,4.542966185726677e-06,1.2135148647098776e-18,1.619445469436004e-06,1.6194454694372176e-06
t0_10s,10.0,8852.526569752483,0.11557726445450626,115577264.45450626,8.832488853493648e-08,1.6988256768664045e-09,16.988256768664044,0.999999999999984,1.3854027389597885e-26,1.3854027389597885e-26,0.7500018092380936,0.7500018092380936,2.9866694023167005e-19,5.973338804633401e-19,4.6789216719583533e-20,1.403676501587506e-19,3.407232858084963e-06,1.022169857425489e-05,0.06249486673852265,0.2499794669540906,9.17985320137578e-19,6.425897240963046e-18,1.214587032235785e-06,8.502109225650494e-06,3.9822162633857867e-19,6.238547179921529e-20,4.542966185036644e-06,1.2239774742278746e-18,1.619445469697801e-06,1.619445469699025e-06
t0_10s,10.0,8969.94333596537,0.11471348666147221,114713486.66147222,8.667545052246822e-08,1.7050441114846137e-09,17.050441114846137,0.9999999999999839,1.3306103395605667e-26,1.3306103395605667e-26,0.7500018092380936,0.7500018092380936,2.987149597687587e-19,5.974299195375174e-19,4.6771638102108326e-20,1.4031491430632498e-19,3.4072328575997724e-06,1.0221698572799317e-05,0.06249486673852265,0.2499794669540906,9.258209621197651e-19,6.480746734838356e-18,1.2145870324195644e-06,8.502109226936951e-06,3.982856522335794e-19,6.236203369912183e-20,4.5429661843897255e-06,1.2344249716681104e-18,1.6194454699428396e-06,1.619445469944074e-06
t0_10s,10.0,9088.917476435108,0.11385616439478469,113856164.39478469,8.505681521807159e-08,1.7112853082553104e-09,17.112853082553105,0.9999999999999837,1.277785272050111e-26,1.277785272050111e-26,0.7500018092380936,0.7500018092380936,2.9876211710492724e-19,5.975242342098545e-19,4.675443238873442e-20,1.4026329716620325e-19,3.4072328571449695e-06,1.0221698571434908e-05,0.06249486673852265,0.2499794669540906,9.336447068205812e-19,6.535512947744068e-18,1.2145870325915508e-06,8.502109228140856e-06,3.9834852853012655e-19,6.233909280329733e-20,4.542966183783323e-06,1.2448566061047845e-18,1.6194454701721542e-06,1.6194454701733992e-06
t0_10s,10.0,9209.469647620353,0.11300524940844715,113005249.40844715,8.346840739138489e-08,1.71754935049779e-09,17.1754935049779,0.9999999999999836,1.2268643118043383e-26,1.2268643118043383e-26,0.7500018092380936,0.7500018092380936,2.9880842540421867e-19,5.976168508084373e-19,4.6737592498349794e-20,1.402127774950494e-19,3.407232856718718e-06,1.0221698570156154e-05,0.06249486673852265,0.2499794669540906,9.414560076173921e-19,6.590192053321745e-18,1.2145870327524744e-06,8.50210922926732e-06,3.9841027278023506e-19,6.231663967028192e-20,4.542966183214989e-06,1.2552716487094768e-18,1.6194454703867185e-06,1.6194454703879738e-06
t0_10s,10.0,9331.62077995969,0.11216069381703404,112160693.81703405,8.19096625542821e-08,1.7238363218363232e-09,17.238363218363233,0.9999999999999835,1.1777860351480177e-26,1.1777860351480177e-26,0.7500018092380936,0.7500018092380936,2.9885389767982377e-19,5.977077953596475e-19,4.6721111467091057e-20,1.4016333440127318e-19,3.4072328563192907e-06,1.0221698568957872e-05,0.06249486673852265,0.2499794669540906,9.492543343153389e-19,6.644780340207372e-18,1.2145870329030216e-06,8.502109230321151e-06,3.9847090233478413e-19,6.229466501494679e-20,4.5429661826824205e-06,1.2656693925574134e-18,1.6194454705874477e-06,1.6194454705887134e-06
t0_10s,10.0,9455.392081505574,0.1113224500929964,111322450.0929964,8.038002676026674e-08,1.7301463062012913e-09,17.301463062012914,0.9999999999999832,1.1304907734084462e-26,1.1304907734084462e-26,0.7500018092380936,0.7500018092380936,2.9889854679463775e-19,5.977970935892755e-19,4.670498244669666e-20,1.4011494734008998e-19,3.4072328559450597e-06,1.0221698567835179e-05,0.06249486673852265,0.2499794669540906,9.570391729906478e-19,6.699274210934534e-18,1.214587033043838e-06,8.502109231306867e-06,3.985304343442593e-19,6.227315970629855e-20,4.542966182183447e-06,1.2760491524185493e-18,1.6194454707752025e-06,1.6194454707764786e-06
t0_10s,10.0,9580.805041606563,0.11049047106398659,110490471.06398658,7.88789564076092e-08,1.7364793878303046e-09,17.364793878303047,0.9999999999999831,1.0849205680869127e-26,1.0849205680869127e-26,0.7500018092380936,0.7500018092380936,2.989423854618492e-19,5.978847709236984e-19,4.6689198702879317e-20,1.4006759610863795e-19,3.4072328555944935e-06,1.0221698566783481e-05,0.06249486673852265,0.2499794669540906,9.648100258232144e-19,6.7536701807625e-18,1.21458703317553e-06,8.50210923222871e-06,3.985888857595379e-19,6.225211476530917e-20,4.542966181716026e-06,1.2864102645343465e-18,1.6194454709507914e-06,1.6194454709520778e-06
t0_10s,10.0,9707.881434638271,0.10966470991020445,109664709.91020446,7.740591804616167e-08,1.7428356512692958e-09,17.428356512692957,0.999999999999983,1.0410191271188748e-26,1.0410191271188748e-26,0.7500018092380936,0.7500018092380936,2.9898542624556114e-19,5.979708524911223e-19,4.6673753613717753e-20,1.4002126084115326e-19,3.4072328552661467e-06,1.0221698565798441e-05,0.06249486673852265,0.2499794669540906,9.72566410919124e-19,6.807964876433868e-18,1.2145870332986681e-06,8.502109233090676e-06,3.9864627333271677e-19,6.223152136277158e-20,4.542966181278231e-06,1.2967520863811353e-18,1.6194454711149752e-06,1.619445471116272e-06
t0_10s,10.0,9836.643323783906,0.10884512016176197,108845120.16176197,7.596038818778215e-08,1.749215181373705e-09,17.49215181373705,0.9999999999999829,9.987317821944793e-27,9.987317821944793e-27,0.7500018092380936,0.7500018092380936,2.9902768156144535e-19,5.980553631228907e-19,4.66586406680672e-20,1.399759220042016e-19,3.4072328549586627e-06,1.0221698564875988e-05,0.06249486673852265,0.2499794669540906,9.803078621237864e-19,6.862155034866505e-18,1.214587033413788e-06,8.502109233896516e-06,3.9870261361798506e-19,6.221137081718036e-20,4.542966180868254e-06,1.3070739964209613e-18,1.6194454712684677e-06,1.6194454712697747e-06
t0_10s,10.0,9967.11306486491,0.10803165569606803,108031655.69606803,7.454185312029444e-08,1.755618063309552e-09,17.55618063309552,0.9999999999999828,9.580054471120192e-27,9.580054471120192e-27,0.7500018092380936,0.7500018092380936,2.9906916367742394e-19,5.981383273548479e-19,4.66438534639885e-20,1.399315603919655e-19,3.4072328546707626e-06,1.0221698564012287e-05,0.06249486673852265,0.2499794669540906,9.880339288263114e-19,6.9162375017841796e-18,1.2145870335213937e-06,8.502109234649755e-06,3.987579229725328e-19,6.219165459263721e-20,4.542966180484388e-06,1.3173753938407537e-18,1.619445471411942e-06,1.6194454714132593e-06
t0_10s,10.0,10099.313310222344,0.10722427073523365,107224270.73523365,7.314980872492809e-08,1.762044382554604e-09,17.62044382554604,0.9999999999999827,9.18788577137654e-27,9.18788577137654e-27,0.7500018092380936,0.7500018092380936,2.991098847143813e-19,5.982197694287626e-19,4.6629385707195743e-20,1.3988815712158723e-19,3.4072328544012405e-06,1.0221698563203721e-05,0.06249486673852265,0.2499794669540906,9.957441757557527e-19,6.97020923029027e-18,1.2145870336219596e-06,8.502109235353718e-06,3.9881221755750015e-19,6.217236429678118e-20,4.542966180125026e-06,1.327655698280651e-18,1.6194454715460294e-06,1.6194454715473571e-06
t0_10s,10.0,10233.26701264996,0.10642291984349461,106422919.84349461,7.178376029716297e-08,1.768494224899534e-09,17.68494224899534,0.9999999999999826,8.810311293454388e-27,8.810311293454388e-27,0.7500018092380936,0.7500018092380936,2.991498566469029e-19,5.982997132938058e-19,4.661523120952237e-20,1.3984569362856712e-19,3.4072328541489674e-06,1.0221698562446903e-05,0.06249486673852265,0.2499794669540906,1.0034381827698663e-18,7.024067279389064e-18,1.2145870337159282e-06,8.502109236011498e-06,3.988655133389626e-19,6.215349167874343e-20,4.542966179788663e-06,1.3379143495523455e-18,1.6194454716713206e-06,1.6194454716726585e-06
t0_10s,10.0,10368.997429379098,0.10562755792465615,105627557.92465615,7.044322237092294e-08,1.7749676764490258e-09,17.749676764490257,0.9999999999999825,8.446845239126934e-27,8.446845239126934e-27,0.7500018092380936,0.7500018092380936,2.9918909130403878e-19,5.9837818260807755e-19,4.6601383887404895e-20,1.3980415166221468e-19,3.4072328539128764e-06,1.0221698561738629e-05,0.06249486673852265,0.2499794669540906,1.0111155446369343e-18,7.077808812458539e-18,1.2145870338037196e-06,8.502109236626037e-06,3.9891782608894884e-19,6.213502862712555e-20,4.542966179473876e-06,1.3481508073481837e-18,1.6194454717883755e-06,1.6194454717897235e-06
t0_10s,10.0,10506.528126116831,0.1048381402195535,104838140.2195535,6.912771854604857e-08,1.7814648236229495e-09,17.814648236229495,0.9999999999999825,8.097016063460711e-27,8.097016063460711e-27,0.7500018092380936,0.7500018092380936,2.9922760037009464e-19,5.984552007401893e-19,4.658783776038487e-20,1.397635132811546e-19,3.4072328536919647e-06,1.0221698561075893e-05,0.06249486673852265,0.2499794669540906,1.0187758708112893e-18,7.131431095679025e-18,1.2145870338857244e-06,8.502109237200072e-06,3.989691713864955e-19,6.211696716800216e-20,4.542966179179328e-06,1.3583645509418651e-18,1.619445471897715e-06,1.6194454718990734e-06
t0_10s,10.0,10645.882981137389,0.10405462230353381,104054622.3035338,6.783678131899552e-08,1.78798575315751e-09,17.879857531575098,0.9999999999999823,7.760366106148465e-27,7.760366106148465e-27,0.7500018092380936,0.7500018092380936,2.992653953854434e-19,5.985307907708868e-19,4.6574586949628436e-20,1.3972376084888531e-19,3.407232853485293e-06,1.0221698560455879e-05,0.06249486673852265,0.2499794669540906,1.0264187852030801e-18,7.18493149642156e-18,1.2145870339623106e-06,8.502109237736174e-06,3.9901956461872934e-19,6.209929946294702e-20,4.542966178903766e-06,1.3685550788814644e-18,1.6194454719998296e-06,1.6194454720011982e-06
t0_10s,10.0,10787.086189427882,0.10327696008395688,103276960.08395688,6.65699519166944e-08,1.7945305521063966e-09,17.945305521063965,0.9999999999999822,7.436451231683031e-27,7.436451231683031e-27,0.7500018092380936,0.7500018092380936,2.993024877473617e-19,5.986049754947234e-19,4.6561625676463163e-20,1.396848770293895e-19,3.407232853291975e-06,1.0221698559875926e-05,0.06249486673852265,0.2499794669540906,1.0340439259428228e-18,7.23830748159976e-18,1.214587034033825e-06,8.502109238236774e-06,3.9906902098198265e-19,6.208201780708216e-20,4.5429661786460095e-06,1.3787219086755004e-18,1.6194454720951818e-06,1.6194454720965606e-06
t0_10s,10.0,10930.162266889194,0.10250510979771227,102505109.79771227,6.532678013350978e-08,1.8010993078419717e-09,18.010993078419716,0.9999999999999822,7.124840478148296e-27,7.124840478148296e-27,0.7500018092380936,0.7500018092380936,2.9933888871088773e-19,5.986777774217755e-19,4.654894826093233e-20,1.39646844782797e-19,3.407232853111177e-06,1.0221698559333531e-05,0.06249486673852265,0.2499794669540906,1.0416509451413133e-18,7.291556615989194e-18,1.21458703410059e-06,8.50210923870413e-06,3.991175554829367e-19,6.206511462715022e-20,4.5429661784049456e-06,1.3888645764728196e-18,1.6194454721842016e-06,1.6194454721855905e-06
t0_10s,10.0,11075.136054592385,0.10173902800875781,101739028.00875781,6.410682417124772e-08,1.8076921080564059e-09,18.07692108056406,0.9999999999999821,6.825115714411363e-27,6.825115714411363e-27,0.7500018092380936,0.7500018092380936,2.9937460938969833e-19,5.987492187793967e-19,4.6536549120366376e-20,1.3960964736109913e-19,3.407232852942118e-06,1.0221698558826353e-05,0.06249486673852265,0.2499794669540906,1.0492395086453683e-18,7.344676560517579e-18,1.2145870341629123e-06,8.502109239140387e-06,3.9916518293979166e-19,6.204858247960973e-20,4.542966178179534e-06,1.3989826367369197e-18,1.6194454722672979e-06,1.619445472268697e-06
t0_10s,10.0,11222.032723091654,0.10097867160567467,100978671.60567467,6.290965048214841e-08,1.8143090407628474e-09,18.143090407628474,0.999999999999982,6.536871305504147e-27,6.536871305504147e-27,0.7500018092380936,0.7500018092380936,2.9940966075700745e-19,5.988193215140149e-19,4.652442276797102e-20,1.3957326830391305e-19,3.4072328527840572e-06,1.0221698558352171e-05,0.06249486673852265,0.2499794669540906,1.0568092957899354e-18,7.397665070529547e-18,1.214587034221076e-06,8.502109239547532e-06,3.99211917983464e-19,6.203241404875264e-20,4.542966177968787e-06,1.4090756619154283e-18,1.6194454723448492e-06,1.6194454723462583e-06
t0_10s,10.0,11370.877776794483,0.10022399779924115,100223997.79924116,6.173483361481339e-08,1.8209501942966381e-09,18.20950194296638,0.999999999999982,6.259713785990008e-27,6.259713785990008e-27,0.7500018092380936,0.7500018092380936,2.9944405364648077e-19,5.988881072929615e-19,4.651256381143246e-20,1.3953769143429737e-19,3.4072328526363063e-06,1.0221698557908919e-05,0.06249486673852265,0.2499794669540906,1.064359999147032e-18,7.450519994029224e-18,1.2145870342753498e-06,8.502109239927448e-06,3.9925777505880663e-19,6.201660214484456e-20,4.542966177771786e-06,1.4191432421053575e-18,1.6194454724172142e-06,1.6194454724186334e-06
t0_10s,10.0,11521.697058389753,0.09947496412002531,99474964.1200253,6.058195606300803e-08,1.8276156573164493e-09,18.276156573164492,0.9999999999999819,5.993261541116379e-27,5.993261541116379e-27,0.7500018092380936,0.7500018092380936,2.994777987531711e-19,5.989555975063422e-19,4.650096695153888e-20,1.3950290085461664e-19,3.4072328524982183e-06,1.0221698557494655e-05,0.06249486673852265,0.2499794669540906,1.0718913242719858e-18,7.5032392699039e-18,1.214587034325985e-06,8.502109240281896e-06,3.9930276842585545e-19,6.200113970228678e-20,4.54296617758767e-06,1.4291849847147583e-18,1.6194454724847276e-06,1.6194454724861568e-06
t0_10s,10.0,11674.516753334605,0.09873152841599402,98731528.41599402,5.945060811728737e-08,1.8343055188054804e-09,18.343055188054805,0.9999999999999819,5.73714449556027e-27,5.73714449556027e-27,0.7500018092380936,0.7500018092380936,2.9951090663446602e-19,5.9902181326893205e-19,4.6489626980818437e-20,1.3946888094245532e-19,3.4072328523691805e-06,1.022169855710754e-05,0.06249486673852265,0.2499794669540906,1.079402989447436e-18,7.555820926132052e-18,1.2145870343732173e-06,8.502109240612522e-06,3.9934691216109335e-19,6.198601977780025e-20,4.5429661774156196e-06,1.4392005141213888e-18,1.6194454725477039e-06,1.619445472549143e-06
t0_10s,10.0,11829.36339440071,0.09799364885014221,97993648.85014221,5.8340387719395755e-08,1.8410198680726464e-09,18.410198680726463,0.9999999999999819,5.491003809579176e-27,5.491003809579176e-27,0.7500018092380936,0.7500018092380936,2.995433877110564e-19,5.990867754221128e-19,4.6478538782193495e-20,1.3943561634658047e-19,3.407232852248621e-06,1.0221698556745863e-05,0.06249486673852265,0.2499794669540906,1.0868947254254985e-18,7.60826307797849e-18,1.2145870344172685e-06,8.502109240920879e-06,3.993902201587412e-19,6.197123554863125e-20,4.542966177254874e-06,1.4491894713289362e-18,1.6194454726064386e-06,1.619445472607888e-06
t0_10s,10.0,11986.26386628109,0.09726128389813682,97261283.89813682,5.725090031938115e-08,1.8477587947537867e-09,18.477587947537867,0.9999999999999817,5.2544915823842965e-27,5.2544915823842965e-27,0.7500018092380936,0.7500018092380936,2.995752522679154e-19,5.991505045358308e-19,4.6467697327650845e-20,1.3940309198295252e-19,3.407232852136e-06,1.0221698556408e-05,0.06249486673852265,0.2499794669540906,1.094366275168536e-18,7.660563926179752e-18,1.2145870344583443e-06,8.50210924120841e-06,3.994327061320636e-19,6.195678031077834e-20,4.542966177104713e-06,1.4591515136213777e-18,1.6194454726612063e-06,1.6194454726626655e-06
t0_10s,10.0,12145.245410257678,0.09653439234598173,96534392.34598173,5.6181758735382076e-08,1.8545223888128316e-09,18.545223888128316,0.9999999999999818,5.027270562560105e-27,5.027270562560105e-27,0.7500018092380936,0.7500018092380936,2.9960651045529385e-19,5.992130209105877e-19,4.6457097676928e-20,1.3937129303078401e-19,3.407232852030814e-06,1.0221698556092443e-05,0.06249486673852265,0.2499794669540906,1.1018173935889034e-18,7.712721755122324e-18,1.2145870344966387e-06,8.502109241476472e-06,3.994743836146955e-19,6.194264747724075e-20,4.542966176964465e-06,1.4690863142159747e-18,1.6194454727122652e-06,1.6194454727137344e-06
t0_10s,10.0,12306.335628931161,0.09581293328769694,95812933.28769694,5.5132583016028766e-08,1.8613107405430154e-09,18.613107405430153,0.9999999999999817,4.8090138653570245e-27,4.8090138653570245e-27,0.7500018092380936,0.7500018092380936,2.9963717228972837e-19,5.992743445794567e-19,4.644673497621506e-20,1.3934020492864519e-19,3.4072328519325905e-06,1.0221698555797772e-05,0.06249486673852265,0.2499794669540906,1.109247847288066e-18,7.764734931016462e-18,1.214587034532334e-06,8.502109241726338e-06,3.9951526596198695e-19,6.192883057628759e-20,4.5429661768335e-06,1.4789935619154315e-18,1.619445472759859e-06,1.6194454727613379e-06
t0_10s,10.0,12469.5624910133,0.09509686612301732,95096866.12301733,5.410300030541812e-08,1.868123940568104e-09,18.68123940568104,0.9999999999999816,4.59940469669089e-27,4.59940469669089e-27,0.7500018092380936,0.7500018092380936,2.9966724765506236e-19,5.993344953101247e-19,4.643660445687211e-20,1.3930981337061632e-19,3.4072328518408805e-06,1.0221698555522642e-05,0.06249486673852265,0.2499794669540906,1.1166574142954333e-18,7.816601900068034e-18,1.2145870345656003e-06,8.502109241959202e-06,3.995553663523641e-19,6.191532324974762e-20,4.542966176711221e-06,1.488872960759675e-18,1.6194454728042138e-06,1.6194454728057027e-06
t0_10s,10.0,12634.95433618289,0.09438615055510809,94386150.55510809,5.3092644710607223e-08,1.8749620798435604e-09,18.749620798435604,0.9999999999999816,4.398136083686305e-27,4.398136083686305e-27,0.7500018092380936,0.7500018092380936,2.9969674630347636e-19,5.993934926069527e-19,4.6426701434162317e-20,1.3928010430248695e-19,3.4072328517552692e-06,1.0221698555265808e-05,0.06249486673852265,0.2499794669540906,1.1240458838072583e-18,7.868321186650808e-18,1.214587034596599e-06,8.502109242176192e-06,3.995946977887028e-19,6.190211925132012e-20,4.542966176597073e-06,1.4987242296777202e-18,1.6194454728455454e-06,1.6194454728470443e-06
t0_10s,10.0,12802.539880006168,0.09368074658829628,93680746.58829628,5.210115717158257e-08,1.8818252496578066e-09,18.818252496578065,0.9999999999999816,4.204910611606119e-27,4.204910611606119e-27,0.7500018092380936,0.7500018092380936,2.997256778565334e-19,5.994513557130668e-19,4.6417021305999875e-20,1.3925106391799964e-19,3.407232851675363e-06,1.022169855502609e-05,0.06249486673852265,0.2499794669540906,1.1314130559259314e-18,7.91989139148152e-18,1.2145870346254783e-06,8.502109242378348e-06,3.99633273099723e-19,6.188921244490552e-20,4.542966176490532e-06,1.5085471021400644e-18,1.6194454728840511e-06,1.6194454728855597e-06
t0_10s,10.0,12972.34821892243,0.09298061452582078,92980614.52582078,5.112818533365755e-08,1.8887135416334086e-09,18.887135416334086,0.9999999999999815,4.019440167013821e-27,4.019440167013821e-27,0.7500018092380936,0.7500018092380936,2.9975405180623005e-19,5.995081036124601e-19,4.640755955171354e-20,1.3922267865514063e-19,3.4072328516007963e-06,1.0221698554802388e-05,0.06249486673852265,0.2499794669540906,1.1387587413999676e-18,7.971311189799773e-18,1.2145870346523786e-06,8.50210924256665e-06,3.996711049413895e-19,6.187659680295668e-20,4.5429661763911095e-06,1.5183413258120025e-18,1.6194454729199181e-06,1.6194454729214364e-06
t0_10s,10.0,13144.408835295802,0.09228571496759787,92285714.96759787,5.017338342225198e-08,1.8956270477282985e-09,18.956270477282985,0.9999999999999815,3.841445687019672e-27,3.841445687019672e-27,0.7500018092380936,0.7500018092380936,2.997818775160606e-19,5.995637550321212e-19,4.639831173082475e-20,1.3919493519247426e-19,3.4072328515312214e-06,1.0221698554593664e-05,0.06249486673852265,0.2499794669540906,1.146082761364988e-18,8.022579329554916e-18,1.2145870346774302e-06,8.502109242742012e-06,3.9970820579833116e-19,6.186426640484979e-20,4.542966176298343e-06,1.5281066622082717e-18,1.6194454729533202e-06,1.6194454729548483e-06
t0_10s,10.0,13318.751602534041,0.09159600880800398,91596008.80800398,4.9236412120011695e-08,1.90256586023704e-09,19.0256586023704,0.9999999999999813,3.67065691446591e-27,3.67065691446591e-27,0.7500018092380936,0.7500018092380936,2.998091642220871e-19,5.996183284441742e-19,4.6389273481840733e-20,1.391678204455222e-19,3.4072328514663175e-06,1.0221698554398953e-05,0.06249486673852265,0.2499794669540906,1.1533849470859701e-18,8.073694629601791e-18,1.2145870347007569e-06,8.502109242905298e-06,3.9974458798526775e-19,6.185221543527519e-20,4.542966176211805e-06,1.5378428863493843e-18,1.6194454729844222e-06,1.61944547298596e-06
t0_10s,10.0,13495.406790275078,0.09091145723367564,90911457.23367563,4.831693844622215e-08,1.9095300717920233e-09,19.09530071792023,0.9999999999999815,3.50681215891031e-27,3.50681215891031e-27,0.7500018092380936,0.7500018092380936,2.998359210340199e-19,5.996718420680398e-19,4.638044052106226e-20,1.3914132156318678e-19,3.4072328514057813e-06,1.0221698554217344e-05,0.06249486673852265,0.2499794669540906,1.160665139701013e-18,8.124655977907092e-18,1.2145870347224733e-06,8.502109243057313e-06,3.9978026364845047e-19,6.18404381826477e-20,4.54296617613109e-06,1.5475497864199837e-18,1.6194454730133774e-06,1.619445473014925e-06
t0_10s,10.0,13674.40506964268,0.09023202172132426,90232021.72132427,4.7414635638472046e-08,1.916519775364699e-09,19.16519775364699,0.9999999999999813,3.3496580632710296e-27,3.3496580632710296e-27,0.7500018092380936,0.7500018092380936,2.998621569363039e-19,5.997243138726078e-19,4.637180864140588e-20,1.3911542592421764e-19,3.4072328513493266e-06,1.022169855404798e-05,0.06249486673852265,0.2499794669540906,1.167923189966897e-18,8.175462329768279e-18,1.2145870347426905e-06,8.502109243198833e-06,3.9981524476711025e-19,6.182892903753625e-20,4.5429661760558174e-06,1.55722716342959e-18,1.6194454730403336e-06,1.6194454730418909e-06
t0_10s,10.0,13855.777518571385,0.08955766403556924,89557664.03556924,4.6529183036531156e-08,1.9235350642668587e-09,19.235350642668585,0.9999999999999813,3.1989493760005465e-27,3.1989493760005465e-27,0.7500018092380936,0.7500018092380936,2.998878807892129e-19,5.997757615784258e-19,4.636337371124069e-20,1.3909012113372207e-19,3.40723285129669e-06,1.0221698553890069e-05,0.06249486673852265,0.2499794669540906,1.1751589580066284e-18,8.226112706046398e-18,1.2145870347615016e-06,8.502109243330511e-06,3.9984954315491695e-19,6.181768249111289e-20,4.542966175985636e-06,1.5668748308759954e-18,1.619445473065415e-06,1.6194454730669819e-06
t0_10s,10.0,14039.555627202495,0.08888834622678538,88888346.22678538,4.5660265968391396e-08,1.9305760321518244e-09,19.305760321518243,0.9999999999999812,3.054448728658722e-27,3.054448728658722e-27,0.7500018092380936,0.7500018092380936,2.999131013299492e-19,5.998262026598984e-19,4.635513167323918e-20,1.3906539501971754e-19,3.4072328512476195e-06,1.0221698553742858e-05,0.06249486673852265,0.2499794669540906,1.1823723130592046e-18,8.276606191414433e-18,1.2145870347790054e-06,8.502109243453038e-06,3.9988317046144565e-19,6.18066931336207e-20,4.542966175920208e-06,1.5764926144116166e-18,1.6194454730887534e-06,1.61944547309033e-06
t0_10s,10.0,14225.771303351326,0.08822403062896789,88224030.62896788,4.480757563844144e-08,1.9376427730157674e-09,19.376427730157673,0.9999999999999812,2.9159264187601115e-27,2.9159264187601115e-27,0.7500018092380936,0.7500018092380936,2.9993782717374996e-19,5.998756543474999e-19,4.6347078543242185e-20,1.3904123562972657e-19,3.4072328512018835e-06,1.022169855360565e-05,0.06249486673852265,0.2499794669540906,1.1895631332318058e-18,8.326941932622641e-18,1.2145870347952883e-06,8.502109243567018e-06,3.999161381736514e-19,6.179595565286025e-20,4.542966175859227e-06,1.5860803515130859e-18,1.619445473110464e-06,1.61944547311205e-06
t0_10s,10.0,14414.456878047115,0.08756467985761232,87564679.85761233,4.397080901772467e-08,1.944735381198897e-09,19.44735381198897,0.9999999999999812,2.783160197773201e-27,2.783160197773201e-27,0.7500018092380936,0.7500018092380936,2.9996206681499647e-19,5.999241336299929e-19,4.633921040913798e-20,1.3901763122741395e-19,3.4072328511592625e-06,1.0221698553477788e-05,0.06249486673852265,0.2499794669540906,1.1967313052545758e-18,8.377119136782031e-18,1.2145870348104335e-06,8.502109243673035e-06,3.9994845761734864e-19,6.178546483269517e-20,4.5429661758023996e-06,1.5956378911542929e-18,1.6194454731306574e-06,1.619445473132253e-06
t0_10s,10.0,14605.645111146381,0.08691025680761089,86910256.80761088,4.3149668736249765e-08,1.951853951386752e-09,19.51853951386752,0.9999999999999812,2.6559350641530286e-27,2.6559350641530286e-27,0.7500018092380936,0.7500018092380936,2.9998582862833134e-19,5.999716572566627e-19,4.6331523429755013e-20,1.3899457028926503e-19,3.4072328511195502e-06,1.022169855335865e-05,0.06249486673852265,0.2499794669540906,1.2038767242381925e-18,8.427137069667347e-18,1.2145870348245177e-06,8.502109243771624e-06,3.9998013995870064e-19,6.177521555157573e-20,4.54296617574945e-06,1.6051650934831453e-18,1.6194454731494363e-06,1.6194454731510414e-06
t0_10s,10.0,14799.369197020738,0.08626072465116469,86260724.6511647,4.234386297731235e-08,1.958998578611477e-09,19.58998578611477,0.9999999999999812,2.5340430612919902e-27,2.5340430612919902e-27,0.7500018092380936,0.7500018092380936,3.0000912086977676e-19,6.000182417395535e-19,4.632401383376846e-20,1.3897204150130538e-19,3.4072328510825544e-06,1.0221698553247662e-05,0.06249486673852265,0.2499794669540906,1.210999293434379e-18,8.476995054040653e-18,1.2145870348376124e-06,8.502109243863287e-06,4.000111962057103e-19,6.176520278108098e-20,4.542966175700122e-06,1.6146618295022517e-18,1.619445473166896e-06,1.6194454731685106e-06
t0_10s,10.0,14995.662770320147,0.08561604683571056,85616046.83571056,4.155310537378704e-08,1.966169358253051e-09,19.66169358253051,0.9999999999999812,2.417283080276671e-27,2.417283080276671e-27,0.7500018092380936,0.7500018092380936,3.0003195167785727e-19,6.000639033557145e-19,4.631667791862031e-20,1.3895003375586094e-19,3.407232851048095e-06,1.0221698553144285e-05,0.06249486673852265,0.2499794669540906,1.2180989239994893e-18,8.526692467996425e-18,1.2145870348497858e-06,8.5021092439485e-06,4.000416372097176e-19,6.175542158447879e-20,4.5429661756541764e-06,1.6241279807537036e-18,1.619445473183127e-06,1.6194454731847512e-06
t0_10s,10.0,15194.559911812641,0.0849761870818646,84976187.0818646,4.0777114906360774e-08,1.9733663860406214e-09,19.733663860406214,0.9999999999999812,2.305460667341798e-27,2.305460667341798e-27,0.7500018092380936,0.7500018092380936,3.0005432907472716e-19,6.001086581494543e-19,4.630951204945292e-20,1.3892853614835877e-19,3.4072328510160056e-06,1.0221698553048017e-05,0.06249486673852265,0.2499794669540906,1.225175534761326e-18,8.576228743329281e-18,1.2145870348610992e-06,8.502109244027694e-06,4.000714736669025e-19,6.174586711530402e-20,4.54296617561139e-06,1.633563439008165e-18,1.6194454731982114e-06,1.619445473199845e-06
t0_10s,10.0,15396.09515430136,0.08434110938138052,84341109.38138053,4.001561580366198e-08,1.980589758053692e-09,19.805897580536918,0.9999999999999811,2.1983878359155024e-27,2.1983878359155024e-27,0.7500018092380936,0.7500018092380936,3.0007626096729573e-19,6.001525219345915e-19,4.6302512658055823e-20,1.3890753797416746e-19,3.407232850986126e-06,1.0221698552958379e-05,0.06249486673852265,0.2499794669540906,1.2322290519892913e-18,8.62560336392504e-18,1.2145870348716127e-06,8.50210924410129e-06,4.0010071611978514e-19,6.173653461595417e-20,4.542966175571551e-06,1.64296810595841e-18,1.6194454732122296e-06,1.6194454732138726e-06
t0_10s,10.0,15600.303488620391,0.08371077799512265,83710777.99512266,3.926833744425847e-08,1.9878395707235117e-09,19.878395707235118,0.9999999999999812,2.095882883152569e-27,2.095882883152569e-27,0.7500018092380936,0.7500018092380936,3.000977551483605e-19,6.00195510296721e-19,4.629567624182573e-20,1.3888702872547717e-19,3.407232850958312e-06,1.0221698552874936e-05,0.06249486673852265,0.2499794669540906,1.2392594091680073e-18,8.674815864176052e-18,1.2145870348813807e-06,8.502109244169665e-06,4.0012937495873724e-19,6.17274194163028e-20,4.542966175534466e-06,1.6523418929174814e-18,1.6194454732252536e-06,1.619445473226906e-06
t0_10s,10.0,15807.220369709687,0.0830851574510559,83085157.4510559,3.853501426048384e-08,1.9951159208342725e-09,19.951159208342727,0.9999999999999811,1.9977702108559998e-27,1.9977702108559998e-27,0.7500018092380936,0.7500018092380936,3.0011881929773764e-19,6.002376385954753e-19,4.628899936273959e-20,1.3886699808821877e-19,3.407232850932425e-06,1.0221698552797275e-05,0.06249486673852265,0.2499794669540906,1.2462665467744809e-18,8.723865827421367e-18,1.2145870348904544e-06,8.502109244233181e-06,4.001574604234891e-19,6.171851693233024e-20,4.54296617549995e-06,1.66168472052158e-18,1.6194454732373516e-06,1.6194454732390132e-06
t0_10s,10.0,16016.881722771015,0.08246421254224812,82464212.54224811,3.7815385644059566e-08,2.0024189055244745e-09,20.024189055244744,0.9999999999999811,1.9038801506889647e-27,1.9038801506889647e-27,0.7500018092380936,0.7500018092380936,3.0013946098339624e-19,6.002789219667925e-19,4.628247864634056e-20,1.3884743593902168e-19,3.4072328509083337e-06,1.0221698552725e-05,0.06249486673852265,0.2499794669540906,1.2532504120589291e-18,8.772752884412504e-18,1.214587034898881e-06,8.502109244292168e-06,4.0018498260464165e-19,6.170982266477154e-20,4.542966175467828e-06,1.6709965184378318e-18,1.6194454732485872e-06,1.6194454732502582e-06
t0_10s,10.0,16229.32394950522,0.08184790832489001,81847908.32489002,3.710919585348004e-08,2.0097486222881392e-09,20.097486222881393,0.9999999999999811,1.8140487935828276e-27,1.8140487935828276e-27,0.7500018092380936,0.7500018092380936,3.001596876625907e-19,6.003193753251814e-19,4.6276110780736996e-20,1.38828332342211e-19,3.407232850885917e-06,1.0221698552657751e-05,0.06249486673852265,0.2499794669540906,1.2602109588293192e-18,8.821476711805234e-18,1.2145870349067055e-06,8.502109244346939e-06,4.0021195144517685e-19,6.170133219778181e-20,4.542966175437939e-06,1.6802772250770078e-18,1.6194454732590197e-06,1.6194454732607e-06
t0_10s,10.0,16444.583934432372,0.08123621011632798,81236210.11632797,3.6416193923127904e-08,2.0171051689761995e-09,20.171051689761995,0.9999999999999811,1.728117823248822e-27,1.728117823248822e-27,0.7500018092380936,0.7500018092380936,3.001795066829965e-19,6.00359013365993e-19,4.626989251561363e-20,1.388096775468409e-19,3.4072328508650643e-06,1.0221698552595193e-05,0.06249486673852265,0.2499794669540906,1.2671481472397201e-18,8.870037030678041e-18,1.21458703491397e-06,8.50210924439779e-06,4.002383767419717e-19,6.169304119761785e-20,4.542966175410136e-06,1.6895267873113285e-18,1.6194454732687055e-06,1.6194454732703952e-06
t0_10s,10.0,16662.699051295705,0.08062908349311274,80629083.49311273,3.573613357408537e-08,2.0244886437977393e-09,20.244886437977392,0.9999999999999811,1.6459343537037983e-27,1.6459343537037983e-27,0.7500018092380936,0.7500018092380936,3.0019892528384287e-19,6.003978505676857e-19,4.62638206612559e-20,1.387914619837677e-19,3.4072328508456698e-06,1.0221698552537008e-05,0.06249486673852265,0.2499794669540906,1.2740619435825037e-18,8.918433605077527e-18,1.2145870349207127e-06,8.502109244444988e-06,4.002642681473086e-19,6.168494541133714e-20,4.542966175384277e-06,1.6987451601973982e-18,1.619445473277696e-06,1.6194454732793947e-06
t0_10s,10.0,16883.707169550496,0.08002649428906179,80026494.28906178,3.506877312661192e-08,2.0318991453213537e-09,20.31899145321354,0.9999999999999811,1.5673507707227701e-27,1.5673507707227701e-27,0.7500018092380936,0.7500018092380936,3.002179505970475e-19,6.00435901194095e-19,4.625789208758618e-20,1.3877367626275855e-19,3.4072328508276335e-06,1.02216985524829e-05,0.06249486673852265,0.2499794669540906,1.2809523200844637e-18,8.966666240591247e-18,1.21458703492697e-06,8.50210924448879e-06,4.002896351703881e-19,6.167704066551295e-20,4.542966175360228e-06,1.7079323067043642e-18,1.619445473286039e-06,1.6194454732877468e-06
t0_10s,10.0,17107.646660939063,0.07942840859333679,79428408.59333679,3.4413875414255574e-08,2.0393367724764195e-09,20.393367724764197,0.9999999999999811,1.4922245771333737e-27,1.4922245771333737e-27,0.7500018092380936,0.7500018092380936,3.0023658964834834e-19,6.004731792966967e-19,4.625210372321282e-20,1.3875631116963845e-19,3.4072328508108643e-06,1.0221698552432593e-05,0.06249486673852265,0.2499794669540906,1.2878192547068923e-18,9.014734782948245e-18,1.2145870349327755e-06,8.502109244529429e-06,4.003144871788383e-19,6.166932286496626e-20,4.54296617533787e-06,1.717088197447354e-18,1.6194454732937796e-06,1.6194454732954968e-06
t0_10s,10.0,17334.55640615276,0.07883479274853582,78834792.74853581,3.377120769956996e-08,2.0468016245544413e-09,20.468016245544412,0.999999999999981,1.4204182418695894e-27,1.4204182418695894e-27,0.7500018092380936,0.7500018092380936,3.0025484935843607e-19,6.005096987168721e-19,4.624645255449093e-20,1.387393576634728e-19,3.4072328507952764e-06,1.022169855238583e-05,0.06249486673852265,0.2499794669540906,1.2946627309496426e-18,9.062639116647498e-18,1.214587034938161e-06,8.502109244567127e-06,4.0033883340022447e-19,6.166178799151358e-20,4.542966175317085e-06,1.7262128104262244e-18,1.6194454733009603e-06,1.6194454733026866e-06
t0_10s,10.0,17564.475801582725,0.07824561334879816,78245613.34879816,3.314054159140286e-08,2.054293801210392e-09,20.542938012103917,0.9999999999999811,1.3517990527041164e-27,1.3517990527041164e-27,0.7500018092380936,0.7500018092380936,3.002727365440837e-19,6.005454730881674e-19,4.624093562459562e-20,1.3872280687378686e-19,3.407232850780788e-06,1.0221698552342364e-05,0.06249486673852265,0.2499794669540906,1.3014827376592217e-18,9.110379163614553e-18,1.2145870349431555e-06,8.502109244602087e-06,4.0036268292355536e-19,6.165443210273123e-20,4.542966175297768e-06,1.735306130769688e-18,1.6194454733076197e-06,1.619445473309355e-06
t0_10s,10.0,17797.444766159828,0.07766083723792543,77660837.23792543,3.2521652963731244e-08,2.0618134024639996e-09,20.618134024639996,0.999999999999981,1.2862389725812584e-27,1.2862389725812584e-27,0.7500018092380936,0.7500018092380936,3.0029025791927544e-19,6.005805158385509e-19,4.6235550032606864e-20,1.3870665009782059e-19,3.4072328507673243e-06,1.0221698552301974e-05,0.06249486673852265,0.2499794669540906,1.3082792688409148e-18,9.157954881886404e-18,1.2145870349477873e-06,8.50210924463451e-06,4.003860447007883e-19,6.164725133073519e-20,4.542966175279817e-06,1.7443681504848103e-18,1.6194454733137954e-06,1.6194454733155399e-06
t0_10s,10.0,18033.50374828534,0.07708043150751505,77080431.50751504,3.191432187601126e-08,2.0693605287011255e-09,20.693605287011255,0.999999999999981,1.2236144994738909e-27,1.2236144994738909e-27,0.7500018092380936,0.7500018092380936,3.003074200963315e-19,6.00614840192663e-19,4.623029293260669e-20,1.3869087879782008e-19,3.407232850754815e-06,1.0221698552264445e-05,0.06249486673852265,0.2499794669540906,1.3150523234749666e-18,9.205366264324767e-18,1.214587034952082e-06,8.502109244664573e-06,4.0040892754832904e-19,6.16402418809773e-20,4.542966175263137e-06,1.7533988682119215e-18,1.6194454733195216e-06,1.619445473321275e-06
t0_10s,10.0,18272.69373285386,0.07650436349510878,76504363.49510878,3.131833249501579e-08,2.076935280675068e-09,20.769352806750682,0.9999999999999811,1.1638065296900413e-27,1.1638065296900413e-27,0.7500018092380936,0.7500018092380936,3.0032422958703324e-19,6.006484591740665e-19,4.622516153278751e-20,1.3867548459836253e-19,3.4072328507431957e-06,1.0221698552229586e-05,0.06249486673852265,0.2499794669540906,1.3218019053368337e-18,9.252613337357835e-18,1.2145870349560624e-06,8.502109244692437e-06,4.004313401485317e-19,6.163340003105645e-20,4.542966175247645e-06,1.762398288984951e-18,1.6194454733248287e-06,1.6194454733265911e-06
t0_10s,10.0,18515.056248369023,0.07593260078235414,75932600.78235415,3.07334730181318e-08,2.0845377595079548e-09,20.845377595079547,0.9999999999999811,1.1067002245568359e-27,1.1067002245568359e-27,0.7500018092380936,0.7500018092380936,3.003406928037425e-19,6.00681385607485e-19,4.6220153094572616e-20,1.3866045928371784e-19,3.407232850732404e-06,1.0221698552197213e-05,0.06249486673852265,0.2499794669540906,1.3285280228214896e-18,9.299696159750427e-18,1.2145870349597516e-06,8.502109244718261e-06,4.004532910511915e-19,6.162672212954581e-20,4.542966175233256e-06,1.77136642399717e-18,1.6194454733297478e-06,1.6194454733315192e-06
t0_10s,10.0,18760.633374153786,0.0753651111931804,75365111.1931804,3.01595355980895e-08,2.0921680666920358e-09,20.92168066692036,0.999999999999981,1.0521848804110223e-27,1.0521848804110223e-27,0.7500018092380936,0.7500018092380936,3.0035681606052037e-19,6.0071363212104075e-19,4.62152649317478e-20,1.386457947952434e-19,3.407232850722383e-06,1.0221698552167148e-05,0.06249486673852265,0.2499794669540906,1.3352306887717957e-18,9.34661482140257e-18,1.2145870349631694e-06,8.502109244742185e-06,4.0047478867503626e-19,6.162020459483508e-20,4.542966175219894e-06,1.7803032903723527e-18,1.6194454733343048e-06,1.619445473336085e-06
t0_10s,10.0,19009.46774765628,0.0748018627919879,74801862.7919879,2.9596316269098308e-08,2.0998263040910796e-09,20.998263040910796,0.999999999999981,1.0001538018272623e-27,1.0001538018272623e-27,0.7500018092380936,0.7500018092380936,3.003726055742411e-19,6.007452111484822e-19,4.621049440960463e-20,1.386314832288139e-19,3.4072328507130795e-06,1.0221698552139238e-05,0.06249486673852265,0.2499794669540906,1.3419099203109198e-18,9.393369442176439e-18,1.2145870349663358e-06,8.50210924476435e-06,4.004958413092116e-19,6.161384391398817e-20,4.54296617520749e-06,1.7892089109413342e-18,1.6194454733385267e-06,1.6194454733403158e-06
t0_10s,10.0,19261.602571852603,0.07424282388185069,74242823.88185069,2.9043614874361127e-08,2.1075125739417224e-09,21.075125739417224,0.999999999999981,9.505041780170075e-28,9.505041780170075e-28,0.7500018092380936,0.7500018092380936,3.0038806746570246e-19,6.007761349314049e-19,4.620583894409471e-20,1.3861751683228413e-19,3.4072328507044427e-06,1.0221698552113328e-05,0.06249486673852265,0.2499794669540906,1.348565738678792e-18,9.439960170751544e-18,1.214587034969268e-06,8.502109244784876e-06,4.005164571147615e-19,6.160763664161553e-20,4.542966175195974e-06,1.798083314023953e-18,1.6194454733424364e-06,1.6194454733442344e-06
t0_10s,10.0,19517.08162274781,0.07368796300273263,73687963.00273263,2.8501234994942304e-08,2.1152269788548228e-09,21.152269788548228,0.9999999999999811,9.031369623324267e-28,9.031369623324267e-28,0.7500018092380936,0.7500018092380936,3.0040320776073255e-19,6.008064155214651e-19,4.620129600099553e-20,1.386038880029866e-19,3.4072328506964272e-06,1.0221698552089282e-05,0.06249486673852265,0.2499794669540906,1.3551981690725622e-18,9.486387183507935e-18,1.2145870349719836e-06,8.502109244803885e-06,4.005366441261042e-19,6.160157939876194e-20,4.542966175185287e-06,1.8069265332163282e-18,1.619445473346057e-06,1.619445473347864e-06
t0_10s,10.0,19775.949256976208,0.07313724892971771,73137248.9297177,2.7968983879965295e-08,2.122969621816838e-09,21.229696218168378,0.999999999999981,8.579567548114576e-28,8.579567548114576e-28,0.7500018092380936,0.7500018092380936,3.004180323912934e-19,6.008360647825868e-19,4.619686309508717e-20,1.385905892852615e-19,3.4072328506889903e-06,1.0221698552066971e-05,0.06249486673852265,0.2499794669540906,1.3618072404910607e-18,9.532650683437424e-18,1.2145870349744982e-06,8.502109244821488e-06,4.005564102525031e-19,6.159566887180886e-20,4.542966175175372e-06,1.815738607183473e-18,1.6194454733494098e-06,1.6194454733512256e-06
t0_10s,10.0,20038.25041950286,0.07259065067125178,72590650.67125179,2.744667237811188e-08,2.130740606191214e-09,21.30740606191214,0.999999999999981,8.148716877014342e-28,8.148716877014342e-28,0.7500018092380936,0.7500018092380936,3.0043254719657843e-19,6.008650943931569e-19,4.619253778933976e-20,1.385776133680193e-19,3.4072328506820903e-06,1.0221698552046271e-05,0.06249486673852265,0.2499794669540906,1.368392985583213e-18,9.578750899082492e-18,1.2145870349768248e-06,8.502109244837774e-06,4.0057576327953084e-19,6.158990181139097e-20,4.542966175166171e-06,1.8245195794571834e-18,1.619445473352512e-06,1.6194454733543365e-06
t0_10s,10.0,20304.030651426867,0.0720481374673993,72048137.4673993,2.693411487040209e-08,2.1385400357197445e-09,21.385400357197444,0.999999999999981,7.737933139004364e-28,7.737933139004364e-28,0.7500018092380936,0.7500018092380936,3.00446757924107e-19,6.00893515848214e-19,4.618831769411208e-20,1.3856495308233624e-19,3.4072328506756906e-06,1.0221698552027071e-05,0.06249486673852265,0.2499794669540906,1.3749554405003827e-18,9.624688083502679e-18,1.2145870349789784e-06,8.502109244852848e-06,4.00594710870528e-19,6.158427503132764e-20,4.542966175157638e-06,1.8332694982391607e-18,1.6194454733553835e-06,1.6194454733572167e-06
t0_10s,10.0,20573.33609788817,0.07150967878811211,71509678.7881121,2.6431129204228883e-08,2.146368014523953e-09,21.46368014523953,0.999999999999981,7.346364982566858e-28,7.346364982566858e-28,0.7500018092380936,0.7500018092380936,3.0046067023081187e-19,6.009213404616237e-19,4.618420046636089e-20,1.3855260139908267e-19,3.407232850669755e-06,1.0221698552009265e-05,0.06249486673852265,0.2499794669540906,1.3814946447526003e-18,9.670462513268201e-18,1.214587034980971e-06,8.502109244866797e-06,4.006132605680534e-19,6.157878540756877e-20,4.542966175149724e-06,1.84198841620932e-18,1.6194454733580402e-06,1.6194454733598823e-06
t0_10s,10.0,20846.213516079555,0.07097524433151124,70975244.33151124,2.5937536628624752e-08,2.1542246471064964e-09,21.542246471064963,0.999999999999981,6.973193116676963e-28,6.973193116676963e-28,0.7500018092380936,0.7500018092380936,3.0047428968412486e-19,6.009485793682497e-19,4.618018380886076e-20,1.3854055142658227e-19,3.407232850664252e-06,1.0221698551992756e-05,0.06249486673852265,0.2499794669540906,1.3880106410686535e-18,9.716074487480575e-18,1.214587034982814e-06,8.502109244879697e-06,4.006314197953316e-19,6.15734298771545e-20,4.542966175142386e-06,1.850676390339239e-18,1.6194454733604974e-06,1.6194454733623482e-06
t0_10s,10.0,21122.71028336457,0.07044480402218167,70444804.02218167,2.5453161730737353e-08,2.1621100383525754e-09,21.621100383525754,0.999999999999981,6.617629279223252e-28,6.617629279223252e-28,0.7500018092380936,0.7500018092380936,3.0048762176305505e-19,6.009752435261101e-19,4.617626546943446e-20,1.3852879640830338e-19,3.407232850659149e-06,1.0221698551977447e-05,0.06249486673852265,0.2499794669540906,1.394503475259977e-18,9.761524326819838e-18,1.2145870349845188e-06,8.502109244891632e-06,4.0064919585769035e-19,6.15682054371891e-20,4.542966175135583e-06,1.8593334817106844e-18,1.6194454733627707e-06,1.61944547336463e-06
t0_10s,10.0,21402.87440550327,0.06991832800947982,69918328.00947982,2.4977832373490936e-08,2.170024293531295e-09,21.70024293531295,0.9999999999999809,6.278915232299178e-28,6.278915232299178e-28,0.7500018092380936,0.7500018092380936,3.0050067185926052e-19,6.0100134371852105e-19,4.6172443240193764e-20,1.3851732972058129e-19,3.407232850654421e-06,1.0221698551963264e-05,0.06249486673852265,0.2499794669540906,1.4009731960883046e-18,9.806812372618132e-18,1.2145870349860948e-06,8.502109244902664e-06,4.006665959439898e-19,6.156310914382873e-20,4.5429661751292794e-06,1.867959755339144e-18,1.619445473364872e-06,1.6194454733667399e-06
t0_10s,10.0,21686.754524987038,0.06939578666585405,69395786.66585405,2.4511379634412843e-08,2.177967518297087e-09,21.779675182970873,0.999999999999981,5.956321783820315e-28,5.956321783820315e-28,0.7500018092380936,0.7500018092380936,3.0051344527811816e-19,6.010268905562363e-19,4.616871495679088e-20,1.3850614487037262e-19,3.4072328506500386e-06,1.0221698551950116e-05,0.06249486673852265,0.2499794669540906,1.4074198551370385e-18,9.85193898595927e-18,1.2145870349875519e-06,8.502109244912864e-06,4.0068362712804865e-19,6.155813811128325e-20,4.542966175123436e-06,1.8765552800023215e-18,1.6194454733668146e-06,1.6194454733686912e-06
t0_10s,10.0,21974.399929483992,0.06887715058517672,68877150.58517672,2.4053637745601495e-08,2.18593981869115e-09,21.859398186911502,0.999999999999981,5.649147834933249e-28,5.649147834933249e-28,0.7500018092380936,0.7500018092380936,3.0052594723978437e-19,6.010518944795687e-19,4.6165078497679587e-20,1.3849523549303875e-19,3.4072328506459788e-06,1.0221698551937936e-05,0.06249486673852265,0.2499794669540906,1.4138435066862784e-18,9.89690454680395e-18,1.2145870349888982e-06,8.502109244922288e-06,4.0070029637005876e-19,6.155328951083123e-20,4.542966175118022e-06,1.885120128073509e-18,1.61944547336861e-06,1.619445473370495e-06
t0_10s,10.0,22265.860560396402,0.06836239058109,68362390.58109,2.3604444034815936e-08,2.193941301142811e-09,21.939413011428112,0.999999999999981,5.35671945269313e-28,5.35671945269313e-28,0.7500018092380936,0.7500018092380936,3.005381828802517e-19,6.010763657605034e-19,4.6161531783386697e-20,1.3848459535016008e-19,3.407232850642218e-06,1.0221698551926653e-05,0.06249486673852265,0.2499794669540906,1.4202442075914653e-18,9.941709453140258e-18,1.2145870349901431e-06,8.502109244931002e-06,4.0071661051799365e-19,6.154856056984842e-20,4.542966175113008e-06,1.893654375359778e-18,1.6194454733702697e-06,1.6194454733721634e-06
t0_10s,10.0,22561.187021531412,0.06785147768536295,67851477.68536295,2.3163638867665368e-08,2.2019720724709915e-09,22.019720724709916,0.999999999999981,5.078388967497261e-28,5.078388967497261e-28,0.7500018092380936,0.7500018092380936,3.005501572523973e-19,6.011003145047946e-19,4.6158072775793775e-20,1.3847421832738132e-19,3.4072328506387345e-06,1.0221698551916204e-05,0.06249486673852265,0.2499794669540906,1.4266220171655744e-18,9.98635412015902e-18,1.2145870349912915e-06,8.50210924493904e-06,4.0073257630900654e-19,6.154394857085012e-20,4.542966175108364e-06,1.9021581009449043e-18,1.6194454733718009e-06,1.619445473373703e-06
t0_10s,10.0,22860.43058788721,0.0673443831462616,67344383.14626159,2.273106559087833e-08,2.210032239885604e-09,22.10032239885604,0.999999999999981,4.813534094771565e-28,4.813534094771565e-28,0.7500018092380936,0.7500018092380936,3.005618753270279e-19,6.011237506540558e-19,4.615469947742849e-20,1.3846409843228547e-19,3.4072328506355078e-06,1.0221698551906523e-05,0.06249486673852265,0.2499794669540906,1.4329769970648096e-18,1.0030838979453668e-17,1.2145870349923528e-06,8.50210924494647e-06,4.0074820037082384e-19,6.153945085054634e-20,4.5429661751040616e-06,1.910631387036962e-18,1.619445473373216e-06,1.6194454733751268e-06
t0_10s,10.0,23163.643214555348,0.06684107842693059,66841078.426930584,2.2306570476631188e-08,2.218121910989009e-09,22.181219109890087,0.999999999999981,4.561557080417519e-28,4.561557080417519e-28,0.7500018092380936,0.7500018092380936,3.005733419939173e-19,6.011466839878346e-19,4.6151409930765885e-20,1.3845422979229765e-19,3.4072328506325207e-06,1.0221698551897563e-05,0.06249486673852265,0.2499794669540906,1.4393092111777338e-18,1.0075164478244137e-17,1.2145870349933333e-06,8.502109244953333e-06,4.0076348922312814e-19,6.153506479891008e-20,4.542966175100079e-06,1.9190743188204957e-18,1.6194454733745232e-06,1.6194454733764424e-06
t0_10s,10.0,23470.877545741096,0.06634153520378787,66341535.20378787,2.1890002667916766e-08,2.226241193777434e-09,22.262411937774342,0.999999999999981,4.321883869535344e-28,4.321883869535344e-28,0.7500018092380936,0.7500018092380936,3.005845620628344e-19,6.011691241256688e-19,4.61482022175393e-20,1.384446066526179e-19,3.4072328506297564e-06,1.0221698551889269e-05,0.06249486673852265,0.2499794669540906,1.4456187255177822e-18,1.0119331078624475e-17,1.2145870349942394e-06,8.502109244959676e-06,4.007784492789292e-19,6.153078785825864e-20,4.5429661750963925e-06,1.927486984313207e-18,1.6194454733757313e-06,1.6194454733776587e-06
t0_10s,10.0,23782.186923903908,0.06584572536493012,65845725.36493012,2.148121412493202e-08,2.234390196642403e-09,22.34390196642403,0.999999999999981,4.093963297947917e-28,4.093963297947917e-28,0.7500018092380936,0.7500018092380936,3.005955402645702e-19,6.011910805291404e-19,4.6145074458060904e-20,1.384352233741827e-19,3.4072328506271992e-06,1.0221698551881598e-05,0.06249486673852265,0.2499794669540906,1.451905608119098e-18,1.0163339256833686e-17,1.2145870349950733e-06,8.502109244965514e-06,4.0079308684593314e-19,6.152661752234762e-20,4.542966175092983e-06,1.935869474227068e-18,1.6194454733768433e-06,1.6194454733787792e-06
t0_10s,10.0,24097.625399018598,0.06535362100855102,65353621.008551024,2.1080059572468458e-08,2.242569028372228e-09,22.425690283722282,0.999999999999981,3.877266306059576e-28,3.877266306059576e-28,0.7500018092380936,0.7500018092380936,3.006062812519526e-19,6.012125625039052e-19,4.6142024810551824e-20,1.3842607443165549e-19,3.4072328506248318e-06,1.0221698551874495e-05,0.06249486673852265,0.2499794669540906,1.45816992893562e-18,1.020718950254934e-17,1.2145870349958437e-06,8.502109244970906e-06,4.008074081278955e-19,6.152255133547778e-20,4.542966175089826e-06,1.944221881833772e-18,1.6194454733778703e-06,1.6194454733798144e-06
t0_10s,10.0,24417.24773795965,0.06486519444137127,64865194.44137128,2.068639644828387e-08,2.250777798153407e-09,22.50777798153407,0.999999999999981,3.6712851745905164e-28,3.6712851745905164e-28,0.7500018092380936,0.7500018092380936,3.006167896008583e-19,6.012335792017166e-19,4.6139051470481675e-20,1.3841715441144502e-19,3.4072328506226418e-06,1.0221698551867925e-05,0.06249486673852265,0.2499794669540906,1.4644117597433625e-18,1.0250882318203538e-17,1.2145870349965543e-06,8.50210924497588e-06,4.0082141922597054e-19,6.151858689161441e-20,4.542966175086907e-06,1.9525443028344408e-18,1.619445473378818e-06,1.6194454733807705e-06
t0_10s,10.0,24741.109434009904,0.06438041817707978,64380418.177079774,2.0300084852438735e-08,2.259016615572137e-09,22.59016615572137,0.999999999999981,3.4755327817361914e-28,3.4755327817361914e-28,0.7500018092380936,0.7500018092380936,3.0062706981121424e-19,6.012541396224285e-19,4.613615266991737e-20,1.3840845800975211e-19,3.4072328506206152e-06,1.0221698551861845e-05,0.06249486673852265,0.2499794669540906,1.4706311740458342e-18,1.029441821832084e-17,1.2145870349972104e-06,8.502109244980472e-06,4.008351261400464e-19,6.151472183351909e-20,4.5429661750842046e-06,1.9608368352335155e-18,1.6194454733796927e-06,1.6194454733816536e-06
t0_10s,10.0,25069.266716495375,0.0638992649347871,63899264.93478711,1.9920987497578298e-08,2.26728559061571e-09,22.672855906157103,0.9999999999999809,3.2895418813082886e-28,3.2895418813082886e-28,0.7500018092380936,0.7500018092380936,3.006371263079949e-19,6.012742526159898e-19,4.6133326676881026e-20,1.383999800306431e-19,3.4072328506187416e-06,1.0221698551856224e-05,0.06249486673852265,0.2499794669540906,1.4768282469825234e-18,1.0337797728877664e-17,1.2145870349978162e-06,8.502109244984713e-06,4.008485347700747e-19,6.151095385189352e-20,4.542966175081707e-06,1.9690995792167396e-18,1.6194454733805003e-06,1.6194454733824695e-06
t0_10s,10.0,25401.77656054793,0.0634217076374902,63421707.63749019,1.9548969660143864e-08,2.275584833674049e-09,22.755848336740492,0.9999999999999809,3.1128644014208665e-28,3.1128644014208665e-28,0.7500018092380936,0.7500018092380936,3.0064696344220983e-19,6.012939268844197e-19,4.6130571794717235e-20,1.383917153841517e-19,3.4072328506170073e-06,1.0221698551851022e-05,0.06249486673852265,0.2499794669540906,1.4830030552403732e-18,1.0381021386682612e-17,1.2145870349983712e-06,8.502109244988599e-06,4.0086165091738763e-19,6.150728068453598e-20,4.542966175079394e-06,1.9773326370331236e-18,1.6194454733812404e-06,1.6194454733832178e-06
t0_10s,10.0,25738.696696997184,0.06294771941054851,62947719.41054851,1.918389913249439e-08,2.2839144555411324e-09,22.839144555411323,0.9999999999999809,2.945070763292443e-28,2.945070763292443e-28,0.7500018092380936,0.7500018092380936,3.006565854918853e-19,6.013131709837706e-19,4.612788636146932e-20,1.3838365908440796e-19,3.4072328506154064e-06,1.022169855184622e-05,0.06249486673852265,0.2499794669540906,1.4891556769682103e-18,1.0424089738777472e-17,1.2145870349988856e-06,8.502109244992199e-06,4.0087448028600645e-19,6.150370011550957e-20,4.54296617507726e-06,1.9855361128808515e-18,1.6194454733819263e-06,1.6194454733839118e-06
t0_10s,10.0,26080.08562239416,0.06247727358017181,62477273.580171816,1.8825646175922912e-08,2.292274567416514e-09,22.92274567416514,0.9999999999999809,2.7857492197406805e-28,2.7857492197406805e-28,0.7500018092380936,0.7500018092380936,3.0066599666303903e-19,6.0133199332607805e-19,4.6125268749264247e-20,1.3837580624779275e-19,3.4072328506139258e-06,1.0221698551841777e-05,0.06249486673852265,0.2499794669540906,1.4952861916940423e-18,1.0467003341858297e-17,1.2145870349993608e-06,8.502109244995526e-06,4.008870284839412e-19,6.150020997432213e-20,4.542966175075285e-06,1.9937101127970116e-18,1.6194454733825599e-06,1.6194454733845536e-06
t0_10s,10.0,26426.00260916714,0.062010343671918905,62010343.671918906,1.8474083474549597e-08,2.30066528090677e-09,23.0066528090677,0.9999999999999809,2.6345052129538367e-28,2.6345052129538367e-28,0.7500018092380936,0.7500018092380936,3.0067520109064507e-19,6.0135040218129015e-19,4.612271736370684e-20,1.3836815209112053e-19,3.407232850612562e-06,1.0221698551837686e-05,0.06249486673852265,0.2499794669540906,1.5013946802451495e-18,1.0509762761716047e-17,1.2145870349997947e-06,8.502109244998563e-06,4.008993010244773e-19,6.149680813511857e-20,4.542966175073467e-06,2.0018547445510506e-18,1.6194454733831384e-06,1.6194454733851402e-06
t0_10s,10.0,26776.507715912983,0.06154690340920801,61546903.40920801,1.8129086090076598e-08,2.309086708027005e-09,23.09086708027005,0.9999999999999809,2.490960751127812e-28,2.490960751127812e-28,0.7500018092380936,0.7500018092380936,3.006842028395944e-19,6.013684056791888e-19,4.612023064328211e-20,1.3836069192984634e-19,3.4072328506112983e-06,1.0221698551833895e-05,0.06249486673852265,0.2499794669540906,1.5074812246709428e-18,1.05523685726966e-17,1.2145870350001953e-06,8.502109245001367e-06,4.009113033274564e-19,6.149349251588393e-20,4.542966175071782e-06,2.009970117541919e-18,1.6194454733836725e-06,1.6194454733856825e-06
t0_10s,10.0,27131.66179782438,0.06108692671183772,61086926.711837724,1.779053141738716e-08,2.317538961202343e-09,23.17538961202343,0.9999999999999809,2.3547538035648634e-28,2.3547538035648634e-28,0.7500018092380936,0.7500018092380936,3.006930059056434e-19,6.013860118112868e-19,4.6117807058766987e-20,1.3835342117630096e-19,3.407232850610132e-06,1.0221698551830397e-05,0.06249486673852265,0.2499794669540906,1.5135459081684751e-18,1.0594821357179326e-17,1.214587035000565e-06,8.502109245003955e-06,4.009230407205407e-19,6.149026107765902e-20,4.542966175070227e-06,2.0180563426987532e-18,1.6194454733841654e-06,1.6194454733861835e-06
t0_10s,10.0,27491.526517255676,0.06063038769451954,60630387.69451954,1.7458299140974644e-08,2.3260221532694575e-09,23.260221532694576,0.9999999999999809,2.2255377138348168e-28,2.2255377138348168e-28,0.7500018092380936,0.7500018092380936,3.007016142163584e-19,6.014032284327168e-19,4.6115445112650014e-20,1.3834633533795003e-19,3.407232850609048e-06,1.0221698551827144e-05,0.06249486673852265,0.2499794669540906,1.5195888150105845e-18,1.0637121705074091e-17,1.2145870350009075e-06,8.502109245006353e-06,4.0093451844047283e-19,6.148711182376671e-20,4.542966175068782e-06,2.0261135323850662e-18,1.619445473384622e-06,1.619445473386648e-06
t0_10s,10.0,27856.164354428754,0.060177260665421395,60177260.6654214,1.7132271192184597e-08,2.3345363974780237e-09,23.345363974780238,0.9999999999999809,2.1029806306055674e-28,2.1029806306055674e-28,0.7500018092380936,0.7500018092380936,3.0071003163205234e-19,6.014200632641047e-19,4.611314333855967e-20,1.38339430015679e-19,3.407232850608058e-06,1.0221698551824174e-05,0.06249486673852265,0.2499794669540906,1.5256100304765711e-18,1.0679270213335999e-17,1.2145870350012164e-06,8.502109245008514e-06,4.0094574163432416e-19,6.148404279904972e-20,4.542966175067461e-06,2.0341418003063177e-18,1.619445473385034e-06,1.6194454733870682e-06
t0_10s,10.0,28225.638618280973,0.05972752012472128,59727520.12472128,1.681233170725531e-08,2.3430818074922636e-09,23.430818074922637,0.9999999999999809,1.9867649557549055e-28,1.9867649557549055e-28,0.7500018092380936,0.7500018092380936,3.0071826194671077e-19,6.014365238934215e-19,4.611090030070123e-20,1.3833270090210368e-19,3.407232850607141e-06,1.0221698551821423e-05,0.06249486673852265,0.2499794669540906,1.5316096407853782e-18,1.0721267485497647e-17,1.2145870350015012e-06,8.502109245010508e-06,4.0095671536072996e-19,6.148105208911967e-20,4.542966175066239e-06,2.0421412614208208e-18,1.6194454733854138e-06,1.619445473387456e-06
t0_10s,10.0,28600.013457456924,0.059281140763172833,59281140.763172835,1.6498366986142833e-08,2.351658497392485e-09,23.516584973924846,0.9999999999999809,1.876586809381013e-28,1.876586809381013e-28,0.7500018092380936,0.7500018092380936,3.007263088889105e-19,6.01452617777821e-19,4.6108714593301844e-20,1.3832614377990553e-19,3.4072328506062936e-06,1.022169855181888e-05,0.06249486673852265,0.2499794669540906,1.5375877330311592e-18,1.0763114131218114e-17,1.2145870350017689e-06,8.502109245012382e-06,4.0096744459111395e-19,6.147813781961731e-20,4.542966175065109e-06,2.0501120318538335e-18,1.6194454733857706e-06,1.6194454733878206e-06
t0_10s,10.0,28979.353871446085,0.058838097460680444,58838097.46068045,1.6190265452113368e-08,2.3602665816765514e-09,23.602665816765516,0.9999999999999809,1.772155511334081e-28,1.772155511334081e-28,0.7500018092380936,0.7500018092380936,3.0073417612273336e-19,6.014683522454667e-19,4.610658484006347e-20,1.3831975452019042e-19,3.4072328506055092e-06,1.0221698551816527e-05,0.06249486673852265,0.2499794669540906,1.5435443951212369e-18,1.0804810765848658e-17,1.2145870350020099e-06,8.502109245014069e-06,4.009779342109068e-19,6.147529815548297e-20,4.542966175064063e-06,2.0580542288148367e-18,1.619445473386092e-06,1.61944547338815e-06
t0_10s,10.0,29363.72572186788,0.058398365284886435,58398365.284886435,1.5887917612092097e-08,2.3689061752614477e-09,23.689061752614478,0.9999999999999809,1.6731930788932776e-28,1.6731930788932776e-28,0.7500018092380936,0.7500018092380936,3.0074186724866925e-19,6.014837344973385e-19,4.6104509693624416e-20,1.3831352908087326e-19,3.4072328506047812e-06,1.0221698551814344e-05,0.06249486673852265,0.2499794669540906,1.549479715716391e-18,1.0846358010014737e-17,1.2145870350022316e-06,8.50210924501562e-06,4.009881890207501e-19,6.147253130023877e-20,4.542966175063092e-06,2.065967970517918e-18,1.6194454733863876e-06,1.6194454733884535e-06
t0_10s,10.0,29753.19574390709,0.05796191948976701,57961919.489767015,1.5591216017750624e-08,2.377577393484795e-09,23.77577393484795,0.9999999999999809,1.5794337402296336e-28,1.5794337402296336e-28,0.7500018092380936,0.7500018092380936,3.0074938580450997e-19,6.014987716090199e-19,4.6102487835028616e-20,1.3830746350508583e-19,3.407232850604121e-06,1.0221698551812363e-05,0.06249486673852265,0.2499794669540906,1.5553937841732395e-18,1.0887756489212676e-17,1.214587035002438e-06,8.502109245017066e-06,4.009982137376883e-19,6.146983549528085e-20,4.542966175062212e-06,2.073853376104948e-18,1.619445473386663e-06,1.6194454733887367e-06
t0_10s,10.0,30147.831557900026,0.057528735514240474,57528735.51424047,1.530005522732285e-08,2.3862803521064227e-09,23.862803521064226,0.9999999999999809,1.4906234632812251e-28,1.4906234632812251e-28,0.7500018092380936,0.7500018092380936,3.0075673526623846e-19,6.015134705324769e-19,4.61005179732028e-20,1.383015539196084e-19,3.4072328506035128e-06,1.0221698551810539e-05,0.06249486673852265,0.2499794669540906,1.5612866904889514e-18,1.092900683342266e-17,1.2145870350026252e-06,8.502109245018377e-06,4.01008012996354e-19,6.146720901918231e-20,4.542966175061402e-06,2.081710565571862e-18,1.6194454733869124e-06,1.6194454733889942e-06
t0_10s,10.0,30547.701681075287,0.05709878898078466,57098788.98078466,1.5014331768132488e-08,2.395015167309863e-09,23.95015167309863,0.9999999999999809,1.4065194996877276e-28,1.4065194996877276e-28,0.7500018092380936,0.7500018092380936,3.007639190489062e-19,6.015278380978124e-19,4.609859884444154e-20,1.3829579653332462e-19,3.4072328506029377e-06,1.0221698551808813e-05,0.06249486673852265,0.2499794669540906,1.5671585252480002e-18,1.0970109676736002e-17,1.2145870350027946e-06,8.502109245019563e-06,4.010175913501383e-19,6.146465018700668e-20,4.542966175060635e-06,2.0895396596976664e-18,1.6194454733871383e-06,1.619445473389228e-06
t0_10s,10.0,30952.875539449586,0.056672055694065,56672055.694065,1.4733944099821276e-08,2.4037819557039707e-09,24.037819557039708,0.9999999999999809,1.326889943430653e-28,1.326889943430653e-28,0.7500018092380936,0.7500018092380936,3.0077094050750707e-19,6.015418810150141e-19,4.609672921190015e-20,1.3829018763570046e-19,3.407232850602423e-06,1.022169855180727e-05,0.06249486673852265,0.2499794669540906,1.5730093795709725e-18,1.1011065656996808e-17,1.2145870350029664e-06,8.502109245020764e-06,4.0102695327235553e-19,6.146215734963169e-20,4.542966175059949e-06,2.097340779976184e-18,1.6194454733873672e-06,1.6194454733894645e-06
t0_10s,10.0,31363.423479881636,0.05624851163957336,56248511.63957336,1.4458792578263337e-08,2.4125808343243763e-09,24.12580834324376,0.9999999999999809,1.25151330382789e-28,1.25151330382789e-28,0.7500018092380936,0.7500018092380936,3.00777802937836e-19,6.01555605875672e-19,4.609490786509517e-20,1.382847235952855e-19,3.40723285060194e-06,1.0221698551805819e-05,0.06249486673852265,0.2499794669540906,1.5788393450653765e-18,1.1051875415457636e-17,1.214587035003097e-06,8.502109245021679e-06,4.0103610315738833e-19,6.145972889308325e-20,4.542966175059304e-06,2.1051140485504646e-18,1.6194454733875415e-06,1.6194454733896466e-06
t0_10s,10.0,31779.416782285894,0.05582813298227614,55828132.98227614,1.418877942015396e-08,2.421411920635162e-09,24.21411920635162,0.9999999999999809,1.1801780925391727e-28,1.1801780925391727e-28,0.7500018092380936,0.7500018092380936,3.0078450957734645e-19,6.015690191546929e-19,4.6093133619412335e-20,1.38279400858237e-19,3.4072328506014994e-06,1.0221698551804498e-05,0.06249486673852265,0.2499794669540906,1.584648513778385e-18,1.1092539596448695e-17,1.2145870350032294e-06,8.502109245022605e-06,4.0104504532183097e-19,6.145736323787952e-20,4.542966175058717e-06,2.1128595881497757e-18,1.619445473387718e-06,1.6194454733898308e-06
t0_10s,10.0,32200.927672008267,0.05541089606527311,55410896.065273106,1.3923808668259177e-08,2.4302753325303795e-09,24.302753325303794,0.999999999999981,1.1126824242404628e-28,1.1126824242404628e-28,0.7500018092380936,0.7500018092380936,3.0079106360599623e-19,6.015821272119925e-19,4.609140531562211e-20,1.3827421594686632e-19,3.4072328506010827e-06,1.0221698551803248e-05,0.06249486673852265,0.2499794669540906,1.5904369781514577e-18,1.1133058847060203e-17,1.2145870350033632e-06,8.502109245023542e-06,4.0105378400561687e-19,6.145505883838482e-20,4.542966175058162e-06,2.1205775220290994e-18,1.6194454733878964e-06,1.619445473390017e-06
t0_10s,10.0,32628.029332365975,0.05499677740846642,54996777.40846641,1.3663786157314609e-08,2.4391711883355936e-09,24.391711883355935,0.999999999999981,1.048833630633291e-28,1.048833630633291e-28,0.7500018092380936,0.7500018092380936,3.0079746814708465e-19,6.015949362941693e-19,4.608972181940264e-20,1.3826916545820791e-19,3.407232850600721e-06,1.0221698551802163e-05,0.06249486673852265,0.2499794669540906,1.5962048309767944e-18,1.117343381683756e-17,1.2145870350034689e-06,8.502109245024283e-06,4.010623233731351e-19,6.145281418217369e-20,4.542966175057679e-06,2.12826797391107e-18,1.6194454733880372e-06,1.6194454733901654e-06
t0_10s,10.0,33060.795917353826,0.054585753707238616,54585753.707238615,1.3408619480560778e-08,2.4480996068095085e-09,24.480996068095084,0.999999999999981,9.884478874555371e-29,9.884478874555371e-29,0.7500018092380936,0.7500018092380936,3.008037262680826e-19,6.016074525361652e-19,4.60880820208699e-20,1.382642460626097e-19,3.4072328506003546e-06,1.0221698551801064e-05,0.06249486673852265,0.2499794669540906,1.6019521653555413e-18,1.121366515748879e-17,1.2145870350035606e-06,8.502109245024925e-06,4.01070667514337e-19,6.14506277894043e-20,4.542966175057191e-06,2.1359310679302507e-18,1.6194454733881596e-06,1.6194454733902956e-06
t0_10s,10.0,33499.30256451864,0.05417780183114201,54177801.83114201,1.315821795690409e-08,2.4570607071455274e-09,24.570607071455274,0.999999999999981,9.313498541669006e-29,9.313498541669006e-29,0.7500018092380936,0.7500018092380936,3.008098409814539e-19,6.016196819629078e-19,4.60864848341153e-20,1.382594545023459e-19,3.4072328506000484e-06,1.0221698551800146e-05,0.06249486673852265,0.2499794669540906,1.6076790746577188e-18,1.1253753522604031e-17,1.2145870350036533e-06,8.502109245025573e-06,4.010788204458313e-19,6.144849821220205e-20,4.542966175056783e-06,2.143566928579701e-18,1.6194454733882833e-06,1.619445473390427e-06
t0_10s,10.0,33943.62540800525,0.05377289882259604,53772898.822596036,1.2912492598690075e-08,2.4660546089733736e-09,24.660546089733735,0.999999999999981,8.773723259871459e-29,8.773723259871459e-29,0.7500018092380936,0.7500018092380936,3.0081581524546846e-19,6.016316304909369e-19,4.608492919675027e-20,1.382547875902508e-19,3.407232850599766e-06,1.0221698551799297e-05,0.06249486673852265,0.2499794669540906,1.613385652483827e-18,1.129369956738679e-17,1.2145870350037476e-06,8.502109245026232e-06,4.010867861119683e-19,6.144642403405225e-20,4.542966175056406e-06,2.1511756806597863e-18,1.6194454733884089e-06,1.6194454733905601e-06
t0_10s,10.0,34393.84159177444,0.05337102189559624,53371021.89559624,1.2671356080079445e-08,2.4750814323606557e-09,24.750814323606555,0.999999999999981,8.263558979673094e-29,8.263558979673094e-29,0.7500018092380936,0.7500018092380936,3.008216519650071e-19,6.016433039300142e-19,4.6083414069457745e-20,1.3825024220837323e-19,3.40723285059948e-06,1.022169855179844e-05,0.06249486673852265,0.2499794669540906,1.6190719926280272e-18,1.133350394839619e-17,1.2145870350038428e-06,8.5021092450269e-06,4.010945683859131e-19,6.144440386920217e-20,4.542966175056025e-06,2.158757449229087e-18,1.619445473388536e-06,1.6194454733906946e-06
t0_10s,10.0,34850.029282997275,0.05297214843443133,52972148.43443133,1.2434722706013778e-08,2.4841412978144677e-09,24.841412978144678,0.999999999999981,7.78148640780638e-29,7.78148640780638e-29,0.7500018092380936,0.7500018092380936,3.008273539923574e-19,6.016547079847148e-19,4.6081938435550927e-20,1.3824581530665279e-19,3.40723285059921e-06,1.022169855179763e-05,0.06249486673852265,0.2499794669540906,1.6247381890429197e-18,1.1373167323300438e-17,1.214587035003904e-06,8.502109245027329e-06,4.0110217107070676e-19,6.144243636207266e-20,4.542966175055665e-06,2.166312359557435e-18,1.6194454733886174e-06,1.6194454733907837e-06
t0_10s,10.0,35312.267685626335,0.05257625599241066,52576255.99241066,1.2202508381761462e-08,2.493234326283017e-09,24.93234326283017,0.999999999999981,7.326057879231281e-29,7.326057879231281e-29,0.7500018092380936,0.7500018092380936,3.0083292412800254e-19,6.016658482560051e-19,4.6080501300538976e-20,1.3824150390161694e-19,3.407232850599014e-06,1.0221698551797042e-05,0.06249486673852265,0.2499794669540906,1.6303843358057877e-18,1.1412690350640514e-17,1.214587035003953e-06,8.50210924502767e-06,4.0110959790031775e-19,6.144052018667915e-20,4.542966175055404e-06,2.173840537080905e-18,1.6194454733886827e-06,1.6194454733908566e-06
t0_10s,10.0,35780.63705414727,0.0521833222906013,52183322.2906013,1.1974630583032384e-08,2.5023606391572572e-09,25.02360639157257,0.999999999999981,6.895894340188406e-29,6.895894340188406e-29,0.7500018092380936,0.7500018092380936,3.008383651214003e-19,6.016767302428006e-19,4.607910169169914e-20,1.3823730507509744e-19,3.4072328505988156e-06,1.0221698551796448e-05,0.06249486673852265,0.2499794669540906,1.6360105270863481e-18,1.1452073689604437e-17,1.2145870350040027e-06,8.50210924502802e-06,4.0111685254068097e-19,6.14386540460611e-20,4.542966175055139e-06,2.1813421073588166e-18,1.6194454733887492e-06,1.6194454733909305e-06
t0_10s,10.0,36255.21870751272,0.051793325216573795,51793325.2165738,1.175100832664989e-08,2.511520358272463e-09,25.11520358272463,0.999999999999981,6.489682439286661e-29,6.489682439286661e-29,0.7500018092380936,0.7500018092380936,3.008436796717548e-19,6.016873593435096e-19,4.607773865765591e-20,1.3823321597296774e-19,3.407232850598615e-06,1.0221698551795844e-05,0.06249486673852265,0.2499794669540906,1.6416168571158752e-18,1.1491317999811127e-17,1.214587035004053e-06,8.50210924502837e-06,4.011239385907265e-19,6.143683667172087e-20,4.542966175054871e-06,2.188817196032566e-18,1.619445473388816e-06,1.6194454733910048e-06
t0_10s,10.0,36736.095043261,0.051406242823158366,51406242.82315837,1.1531562141771466e-08,2.520713605909868e-09,25.20713605909868,0.999999999999981,6.106171723667133e-29,6.106171723667133e-29,0.7500018092380936,0.7500018092380936,3.0084887042878124e-19,6.016977408575625e-19,4.6076411267966776e-20,1.3822923380390033e-19,3.407232850598411e-06,1.0221698551795233e-05,0.06249486673852265,0.2499794669540906,1.6472034201577086e-18,1.153042394110396e-17,1.214587035004104e-06,8.502109245028728e-06,4.0113085958339945e-19,6.143506682307147e-20,4.542966175054599e-06,2.196265928786302e-18,1.619445473388884e-06,1.6194454733910804e-06
t0_10s,10.0,37223.34955182215,0.05102205332720915,51022053.32720915,1.1316214041646162e-08,2.5299405047983443e-09,25.29940504798344,0.999999999999981,5.744171937322526e-29,5.744171937322526e-29,0.7500018092380936,0.7500018092380936,3.0085393999345858e-19,6.0170787998691715e-19,4.6075118612714614e-20,1.3822535583814385e-19,3.4072328505982044e-06,1.0221698551794613e-05,0.06249486673852265,0.2499794669540906,1.652770310479082e-18,1.1569392173353574e-17,1.2145870350041554e-06,8.502109245029087e-06,4.011376189866634e-19,6.143334328689297e-20,4.542966175054324e-06,2.2036884313093677e-18,1.6194454733889527e-06,1.6194454733911564e-06
t0_10s,10.0,37717.06683101342,0.05064073510837917,50640735.10837917,1.1104887495899905e-08,2.5392011781159733e-09,25.392011781159734,0.999999999999981,5.402550418696908e-29,5.402550418696908e-29,0.7500018092380936,0.7500018092380936,3.0085889091877653e-19,6.017177818375531e-19,4.607385980210631e-20,1.3822157940631893e-19,3.407232850598094e-06,1.0221698551794283e-05,0.06249486673852265,0.2499794669540906,1.658317622324211e-18,1.1608223356269478e-17,1.2145870350042077e-06,8.502109245029455e-06,4.0114422020449644e-19,6.143166487679741e-20,4.542966175054176e-06,2.2110848292604134e-18,1.6194454733890223e-06,1.6194454733912335e-06
t0_10s,10.0,38217.33260072762,0.05026226670790282,50262266.70790282,1.0897507403337787e-08,2.548495749491732e-09,25.48495749491732,0.999999999999981,5.080229594743487e-29,5.080229594743487e-29,0.7500018092380936,0.7500018092380936,3.008637257104759e-19,6.017274514209518e-19,4.607263396607819e-20,1.3821790189823458e-19,3.407232850597988e-06,1.0221698551793964e-05,0.06249486673852265,0.2499794669540906,1.663845449888632e-18,1.1646918149220425e-17,1.2145870350042606e-06,8.502109245029824e-06,4.011506665778782e-19,6.143003043270272e-20,4.542966175054035e-06,2.218455248233184e-18,1.619445473389093e-06,1.6194454733913114e-06
t0_10s,10.0,38724.23371781578,0.04988662682738864,49886626.82738864,1.069400006525482e-08,2.557824343007132e-09,25.57824343007132,0.999999999999981,4.776184568655947e-29,4.776184568655947e-29,0.7500018092380936,0.7500018092380936,3.0086844682777665e-19,6.017368936555533e-19,4.607144025390723e-20,1.3821432076172168e-19,3.4072328505978804e-06,1.0221698551793642e-05,0.06249486673852265,0.2499794669540906,1.6693538872947263e-18,1.1685477211063084e-17,1.2145870350043144e-06,8.502109245030202e-06,4.011569613857608e-19,6.142843882031424e-20,4.542966175053892e-06,2.225799813723886e-18,1.6194454733891646e-06,1.6194454733913904e-06
t0_10s,10.0,39237.8581911671,0.049513794327621104,49513794.3276211,1.0494293159245094e-08,2.5671870831978673e-09,25.671870831978673,0.999999999999981,4.489440798537172e-29,4.489440798537172e-29,0.7500018092380936,0.7500018092380936,3.008730566841e-19,6.017461133682e-19,4.6070277833829333e-20,1.38210833501488e-19,3.407232850597772e-06,1.0221698551793317e-05,0.06249486673852265,0.2499794669540906,1.6748430285683736e-18,1.1723901199978616e-17,1.2145870350043689e-06,8.502109245030581e-06,4.011631078460314e-19,6.142688893061588e-20,4.542966175053747e-06,2.2331186511000567e-18,1.6194454733892373e-06,1.6194454733914705e-06
t0_10s,10.0,39758.29519698963,0.04914374822737023,49143748.227370225,1.0298315713499499e-08,2.576584095055517e-09,25.76584095055517,0.999999999999981,4.219071864319931e-29,4.219071864319931e-29,0.7500018092380936,0.7500018092380936,3.0087755764778436e-19,6.017551152955687e-19,4.60691458926629e-20,1.3820743767798869e-19,3.4072328505976615e-06,1.0221698551792985e-05,0.06249486673852265,0.2499794669540906,1.6803129676167374e-18,1.1762190773317161e-17,1.2145870350043797e-06,8.502109245030657e-06,4.0116910911646694e-19,6.14253796793681e-20,4.5429661750536e-06,2.240411885570945e-18,1.6194454733892517e-06,1.619445473391492e-06
t0_10s,10.0,40285.63509429288,0.04877646770221158,48776467.70221158,1.0105998081583969e-08,2.586015504029139e-09,25.86015504029139,0.999999999999981,3.9641973202956257e-29,3.9641973202956257e-29,0.7500018092380936,0.7500018092380936,3.00881952042788e-19,6.01763904085576e-19,4.606804363543921e-20,1.3820413090631763e-19,3.40723285059755e-06,1.022169855179265e-05,0.06249486673852265,0.2499794669540906,1.6857637982071055e-18,1.1800346587449738e-17,1.2145870350043797e-06,8.502109245030657e-06,4.011749682956709e-19,6.142391000661516e-20,4.542966175053451e-06,2.2476796421593e-18,1.6194454733892517e-06,1.6194454733914993e-06
t0_10s,10.0,40819.96944057615,0.04841193208335386,48411932.08335386,9.917271917688542e-09,2.5954814360270333e-09,25.954814360270333,0.999999999999981,3.723980630658e-29,3.723980630658e-29,0.7500018092380936,0.7500018092380936,3.008862421493893e-19,6.017724842987786e-19,4.606697028503827e-20,1.382009108551148e-19,3.4072328505974366e-06,1.022169855179231e-05,0.06249486673852265,0.2499794669540906,1.6911956139467646e-18,1.1838369297627352e-17,1.2145870350043797e-06,8.502109245030657e-06,4.011806884240072e-19,6.142247887619958e-20,4.5429661750533e-06,2.2549220456745355e-18,1.6194454733892517e-06,1.6194454733915067e-06
t0_10s,10.0,41361.39100772486,0.04805012085647601,48050120.85647601,9.732070152338495e-09,2.604982017418345e-09,26.049820174183452,0.999999999999981,3.497627185513708e-29,3.497627185513708e-29,0.7500018092380936,0.7500018092380936,3.008904302048735e-19,6.01780860409747e-19,4.6065925081831184e-20,1.3819777524549356e-19,3.4072328505973222e-06,1.0221698551791967e-05,0.06249486673852265,0.2499794669540906,1.6966085082638624e-18,1.1876259557847037e-17,1.2145870350043797e-06,8.502109245030657e-06,4.011862724845156e-19,6.142108527528528e-20,4.542966175053147e-06,2.262139220687215e-18,1.6194454733892517e-06,1.6194454733915139e-06
t0_10s,10.0,41909.99379811776,0.0476910136605728,47691013.660572805,9.550326968559412e-09,2.6145173750347947e-09,26.145173750347947,0.999999999999981,3.284382394861573e-29,3.284382394861573e-29,0.7500018092380936,0.7500018092380936,3.008945184042162e-19,6.017890368084324e-19,4.6064907283327805e-20,1.3819472184998343e-19,3.4072328505972058e-06,1.0221698551791618e-05,0.06249486673852265,0.2499794669540906,1.7020025743892315e-18,1.1914018020724621e-17,1.2145870350043797e-06,8.502109245030657e-06,4.011917234038232e-19,6.141972821388777e-20,4.542966175052992e-06,2.269331291504816e-18,1.6194454733892517e-06,1.619445473391521e-06
t0_10s,10.0,42465.87306094782,0.04733459028680881,47334590.28680881,9.371977778486993e-09,2.624087636172372e-09,26.240876361723718,0.999999999999981,3.083529858089708e-29,3.083529858089708e-29,0.7500018092380936,0.7500018092380936,3.008985089007551e-19,6.017970178015102e-19,4.60639161638307e-20,1.3819174849149211e-19,3.407232850597088e-06,1.0221698551791264e-05,0.06249486673852265,0.2499794669540906,1.7073779053391373e-18,1.1951645337373961e-17,1.2145870350043797e-06,8.502109245030657e-06,4.0119704405303996e-19,6.141840672441282e-20,4.5429661750528356e-06,2.2764983821487257e-18,1.6194454733892517e-06,1.619445473391528e-06
t0_10s,10.0,43029.12530875921,0.0469808306773815,46980830.6773815,9.196959200414019e-09,2.633692928593017e-09,26.336929285930168,0.999999999999981,2.8943896065864965e-29,2.8943896065864965e-29,0.7500018092380936,0.7500018092380936,3.0090240380685623e-19,6.018048076137125e-19,4.606295101409441e-20,1.3818885304228324e-19,3.407232850596969e-06,1.0221698551790908e-05,0.06249486673852265,0.2499794669540906,1.7127345938989038e-18,1.1989142157292327e-17,1.2145870350043797e-06,8.502109245030657e-06,4.0120223724864716e-19,6.141711986120209e-20,4.542966175052676e-06,2.2836406163324115e-18,1.6194454733892517e-06,1.6194454733915353e-06
t0_10s,10.0,43599.84833420442,0.046629714924392,46629714.924392,9.025209036265445e-09,2.6433333805263247e-09,26.433333805263246,0.999999999999981,2.716316417112211e-29,2.716316417112211e-29,0.7500018092380936,0.7500018092380936,3.0090620519457144e-19,6.018124103891429e-19,4.60620111409908e-20,1.381860334229724e-19,3.407232850596947e-06,1.022169855179084e-05,0.06249486673852265,0.2499794669540906,1.7180727326073996e-18,1.2026509128251798e-17,1.2145870350043797e-06,8.502109245030657e-06,4.012073057533739e-19,6.141586670008695e-20,4.5429661750526475e-06,2.290758117440734e-18,1.6194454733892517e-06,1.6194454733915425e-06
t0_10s,10.0,44178.14122702295,0.046281223268725115,46281223.26872511,8.856666249494761e-09,2.653009120671281e-09,26.53009120671281,0.999999999999981,2.548698193624484e-29,2.548698193624484e-29,0.7500018092380936,0.7500018092380936,3.0090991509628595e-19,6.018198301925719e-19,4.606109586717965e-20,1.3818328760153894e-19,3.407232850596947e-06,1.022169855179084e-05,0.06249486673852265,0.2499794669540906,1.7233924137423506e-18,1.2063746896196455e-17,1.2145870350043797e-06,8.502109245030657e-06,4.012122522770607e-19,6.141464633794933e-20,4.5429661750526475e-06,2.2978510085103635e-18,1.6194454733892517e-06,1.6194454733915495e-06
t0_10s,10.0,44764.10439124511,0.04593533609893746,45935336.09893746,8.691270943392816e-09,2.6627202781979623e-09,26.627202781979623,0.999999999999981,2.390954415301436e-29,2.390954415301436e-29,0.7500018092380936,0.7500018092380936,3.0091353550536216e-19,6.018270710107243e-19,4.606020453078483e-20,1.381806135923545e-19,3.407232850596947e-06,1.022169855179084e-05,0.06249486673852265,0.2499794669540906,1.7286937293064265e-18,1.2100856105144985e-17,1.2145870350043797e-06,8.502109245030657e-06,4.0121707947751757e-19,6.141345789228981e-20,4.5429661750526475e-06,2.304919412211231e-18,1.6194454733892517e-06,1.6194454733915567e-06
t0_10s,10.0,45357.83956262486,0.04559203395015339,45592033.95015339,8.528964339801464e-09,2.672466982749256e-09,26.724669827492562,0.999999999999981,2.242534648552723e-29,2.242534648552723e-29,0.7500018092380936,0.7500018092380936,3.0091706837677173e-19,6.0183413675354345e-19,4.605933648507604e-20,1.3817800945522813e-19,3.407232850596947e-06,1.022169855179084e-05,0.06249486673852265,0.2499794669540906,1.7339767710141076e-18,1.2137837397098754e-17,1.2145870350043797e-06,8.502109245030657e-06,4.0122178996136713e-19,6.141230050080342e-20,4.5429661750526475e-06,2.3119634508290154e-18,1.6194454733892517e-06,1.6194454733915636e-06
t0_10s,10.0,45959.44982630294,0.04525129750297012,45251297.50297012,8.369688758225296e-09,2.682249364442591e-09,26.82249364442591,0.999999999999981,2.1029171208607463e-29,2.1029171208607463e-29,0.7500018092380936,0.7500018092380936,3.009205156277216e-19,6.018410312554432e-19,4.6058491098155765e-20,1.381754732944673e-19,3.407232850596947e-06,1.022169855179084e-05,0.06249486673852265,0.2499794669540906,1.7392416302792743e-18,1.217469141195492e-17,1.2145870350043797e-06,8.502109245030657e-06,4.0122638628487915e-19,6.141117332096216e-20,4.5429661750526475e-06,2.3189832462485957e-18,1.6194454733892517e-06,1.6194454733915706e-06
t0_10s,10.0,46569.03963470477,0.04491310758237005,44913107.58237005,8.213387595333006e-09,2.6920675538717167e-09,26.920675538717166,0.999999999999981,1.9716073543394907e-29,1.9716073543394907e-29,0.7500018092380936,0.7500018092380936,3.0092387913827265e-19,6.018477582765453e-19,4.60576677526517e-20,1.381730032579551e-19,3.407232850596947e-06,1.022169855179084e-05,0.06249486673852265,0.2499794669540906,1.7444883982034806e-18,1.2211418787424365e-17,1.2145870350043797e-06,8.502109245030657e-06,4.0123087095479545e-19,6.141007552960496e-20,4.5429661750526475e-06,2.3259789199384186e-18,1.6194454733892517e-06,1.6194454733915776e-06
t0_10s,10.0,47186.714825675626,0.04457744515664216,44577445.15664216,8.060005304841732e-09,2.7019216821083636e-09,27.019216821083635,0.999999999999981,1.8481368569505924e-29,1.8481368569505924e-29,0.7500018092380936,0.7500018092380936,3.00927160751949e-19,6.01854321503898e-19,4.605686584541405e-20,1.3817059753624215e-19,3.407232850596947e-06,1.022169855179084e-05,0.06249486673852265,0.2499794669540906,1.7497171655649387e-18,1.224802015895457e-17,1.2145870350043797e-06,8.502109245030657e-06,4.012352464291422e-19,6.140900632253403e-20,4.5429661750526475e-06,2.3329505929358074e-18,1.6194454733892517e-06,1.6194454733915846e-06
t0_10s,10.0,47812.58264085633,0.04424429133631057,44244291.336310565,7.90948737777706e-09,2.7118118807040896e-09,27.118118807040897,0.999999999999981,1.7320618693620195e-29,1.7320618693620195e-29,0.7500018092380936,0.7500018092380936,3.009303622763416e-19,6.018607245526832e-19,4.605608478721861e-20,1.3816825436165582e-19,3.407232850596947e-06,1.022169855179084e-05,0.06249486673852265,0.2499794669540906,1.7549280228081197e-18,1.2284496159656838e-17,1.2145870350043797e-06,8.502109245030657e-06,4.0123951511803493e-19,6.140796491411899e-20,4.5429661750526475e-06,2.3398983858330998e-18,1.6194454733892517e-06,1.6194454733915916e-06
t0_10s,10.0,48446.751744302834,0.04391362737307166,43913627.37307166,7.761780323101492e-09,2.7217382816919516e-09,27.217382816919514,0.999999999999981,1.622962165486053e-29,1.622962165486053e-29,0.7500018092380936,0.7500018092380936,3.009334854837016e-19,6.018669709674032e-19,4.605532400247427e-20,1.381659720074228e-19,3.407232850596947e-06,1.022169855179084e-05,0.06249486673852265,0.2499794669540906,1.760121060033991e-18,1.2320847420237937e-17,1.2145870350043797e-06,8.502109245030657e-06,4.012436793844694e-19,6.140695053690687e-20,4.5429661750526475e-06,2.3468224187646296e-18,1.6194454733892517e-06,1.6194454733915986e-06
t0_10s,10.0,49089.33224135219,0.043585434658739375,43585434.65873937,7.616831648705111e-09,2.731701017588323e-09,27.31701017588323,0.999999999999981,1.5204399047794048e-29,1.5204399047794048e-29,0.7500018092380936,0.7500018092380936,3.0093653211153015e-19,6.018730642230603e-19,4.60545829289358e-20,1.3816374878680742e-19,3.407232850596947e-06,1.022169855179084e-05,0.06249486673852265,0.2499794669540906,1.7652963669908503e-18,1.2357074568935952e-17,1.2145870350043797e-06,8.502109245030657e-06,4.0124774154510825e-19,6.140596244123917e-20,4.5429661750526475e-06,2.3537228113945044e-18,1.6194454733892517e-06,1.6194454733916054e-06
t0_10s,10.0,49740.43569773983,0.043259694724197384,43259694.72419738,7.474589842750541e-09,2.7417002213946227e-09,27.417002213946226,0.999999999999981,1.42411853443774e-29,1.42411853443774e-29,0.7500018092380936,0.7500018092380936,3.0093950386315633e-19,6.018790077263127e-19,4.6053861017421826e-20,1.3816158305226548e-19,3.407232850596947e-06,1.022169855179084e-05,0.06249486673852265,0.2499794669540906,1.77045403306571e-18,1.239317823145997e-17,1.2145870350043797e-06,8.502109245030657e-06,4.0125170387105143e-19,6.140499989487584e-20,4.5429661750526475e-06,2.3605996829051202e-18,1.6194454733892517e-06,1.6194454733916123e-06
t0_10s,10.0,50400.17515896942,0.042936389238360226,42936389.238360226,7.335004355367099e-09,2.7517360265991633e-09,27.517360265991634,0.999999999999981,1.3336417396650798e-29,1.3336417396650798e-29,0.7500018092380936,0.7500018092380936,3.0094240240831e-19,6.0188480481662e-19,4.6053157731537324e-20,1.3815947319461198e-19,3.407232850596947e-06,1.022169855179084e-05,0.06249486673852265,0.2499794669540906,1.775594147276273e-18,1.2429159030933911e-17,1.2145870350043797e-06,8.502109245030657e-06,4.012555685886001e-19,6.140406218262523e-20,4.5429661750526475e-06,2.3674531519864608e-18,1.6194454733892517e-06,1.6194454733916191e-06
t0_10s,10.0,51068.66516993973,0.042615500007141593,42615500.00714159,7.198025580685972e-09,2.7618085671788038e-09,27.618085671788037,0.999999999999981,1.2486724402450468e-29,1.2486724402450468e-29,0.7500018092380936,0.7500018092380936,3.00945229383687e-19,6.01890458767374e-19,4.605247254740105e-20,1.3815741764220316e-19,3.407232850596947e-06,1.022169855179084e-05,0.06249486673852265,0.2499794669540906,1.7807167982633923e-18,1.2465017587843746e-17,1.2145870350043797e-06,8.502109245030657e-06,4.0125933788000997e-19,6.140314860598071e-20,4.5429661750526475e-06,2.374283336826046e-18,1.6194454733892517e-06,1.619445473391626e-06
t0_10s,10.0,51746.021794832675,0.042297008972430404,42297008.9724304,7.063604839211707e-09,2.771917977600893e-09,27.719179776008932,0.999999999999981,1.1688918316893993e-29,1.1688918316893993e-29,0.7500018092380936,0.7500018092380936,3.009479863935054e-19,6.018959727870108e-19,4.6051804953377877e-20,1.3815541486013364e-19,3.407232850596947e-06,1.022169855179084e-05,0.06249486673852265,0.2499794669540906,1.7858220742840534e-18,1.2500754519988374e-17,1.2145870350043797e-06,8.502109245030657e-06,4.0126301388423354e-19,6.140225848276374e-20,4.5429661750526475e-06,2.3810903550995714e-18,1.6194454733892517e-06,1.6194454733916327e-06
t0_10s,10.0,52432.362637264094,0.04198089821107453,41980898.21107453,6.931694360522114e-09,2.782064392824936e-09,27.82064392824936,0.999999999999981,1.0939984692857895e-29,1.0939984692857895e-29,0.7500018092380936,0.7500018092380936,3.0095067501005747e-19,6.019013500201149e-19,4.6051154449815696e-20,1.3815346334944708e-19,3.407232850596947e-06,1.022169855179084e-05,0.06249486673852265,0.2499794669540906,1.7909100632048538e-18,1.2536370442433976e-17,1.2145870350043797e-06,8.502109245030657e-06,4.0126659869765526e-19,6.140139114677311e-20,4.5429661750526475e-06,2.387874323962219e-18,1.6194454733892517e-06,1.6194454733916394e-06
t0_10s,10.0,53127.8068607024,0.04166714993387231,41667149.93387231,6.8022472662919025e-09,2.7922479483044778e-09,27.92247948304478,0.999999999999981,1.0237073934133379e-29,1.0237073934133379e-29,0.7500018092380936,0.7500018092380936,3.009532967742514e-19,6.019065935485028e-19,4.6050520548786804e-20,1.3815156164636041e-19,3.407232850596947e-06,1.022169855179084e-05,0.06249486673852265,0.2499794669540906,1.7959808524959098e-18,1.2571865967471368e-17,1.2145870350043797e-06,8.502109245030657e-06,4.0127009437481447e-19,6.140054594744015e-20,4.5429661750526475e-06,2.394635360040528e-18,1.6194454733892517e-06,1.6194454733916462e-06
t0_10s,10.0,53832.47520915792,0.04135574648457144,41355746.484571435,6.675217553632961e-09,2.80246877998887e-09,28.0246877998887,0.999999999999981,9.577492945407271e-30,9.577492945407271e-30,0.7500018092380936,0.7500018092380936,3.0095585319614766e-19,6.019117063922953e-19,4.60499027738341e-20,1.381497083215023e-19,3.407232850596947e-06,1.022169855179084e-05,0.06249486673852265,0.2499794669540906,1.8010345292252346e-18,1.2607241704576643e-17,1.2145870350043797e-06,8.502109245030657e-06,4.012735029291203e-19,6.139972224949023e-20,4.5429661750526475e-06,2.4013735794249037e-18,1.6194454733892517e-06,1.619445473391653e-06
t0_10s,10.0,54546.4900281466,0.04104667033887516,41046670.33887516,6.550560078745772e-09,2.8127270243250847e-09,28.127270243250848,0.999999999999981,8.958697163671747e-30,8.958697163671747e-30,0.7500018092380936,0.7500018092380936,3.009583457554857e-19,6.019166915109714e-19,4.604930065972168e-20,1.3814790197916505e-19,3.407232850596947e-06,1.022169855179084e-05,0.06249486673852265,0.2499794669540906,1.806071180053533e-18,1.264249826037473e-17,1.2145870350043797e-06,8.502109245030657e-06,4.012768263335539e-19,6.139891943261032e-20,4.5429661750526475e-06,2.408089097662673e-18,1.6194454733892517e-06,1.6194454733916598e-06
t0_10s,10.0,55269.975285931956,0.0407399041034564,40739904.1034564,6.428230540876448e-09,2.82302281825958e-09,28.2302281825958,0.999999999999981,8.378282956116541e-30,8.378282956116541e-30,0.7500018092380936,0.7500018092380936,3.0096077590220697e-19,6.019215518044139e-19,4.604871375218984e-20,1.3814614125656953e-19,3.407232850596947e-06,1.022169855179084e-05,0.06249486673852265,0.2499794669540906,1.8110908912293837e-18,1.2677636238605686e-17,1.2145870350043797e-06,8.502109245030657e-06,4.012800665213659e-19,6.139813689112226e-20,4.5429661750526475e-06,2.4147820297516637e-18,1.6194454733892517e-06,1.6194454733916663e-06
t0_10s,10.0,56003.056595048125,0.04043543051497873,40435430.51497873,6.3081854665729e-09,2.8333562992400645e-09,28.333562992400644,0.999999999999981,7.833980370006103e-30,7.833980370006103e-30,0.7500018092380936,0.7500018092380936,3.0096314505696977e-19,6.019262901139395e-19,4.6048141607714323e-20,1.3814442482314296e-19,3.407232850596947e-06,1.022169855179084e-05,0.06249486673852265,0.2499794669540906,1.8160937485848416e-18,1.2712656240093892e-17,1.2145870350043797e-06,8.502109245030657e-06,4.0128322538676277e-19,6.139737403366183e-20,4.5429661750526475e-06,2.4214524901343398e-18,1.6194454733892517e-06,1.6194454733916731e-06
t0_10s,10.0,56745.86123410964,0.040133232439124825,40133232.43912482,6.1903821942353905e-09,2.8437276052174083e-09,28.437276052174084,0.999999999999981,7.323646220478598e-30,7.323646220478598e-30,0.7500018092380936,0.7500018092380936,3.009654546116549e-19,6.019309092233098e-19,4.6047583793270187e-20,1.3814275137981057e-19,3.407232850596947e-06,1.022169855179084e-05,0.06249486673852265,0.2499794669540906,1.8210798375313853e-18,1.2747558862719696e-17,1.2145870350043797e-06,8.502109245030657e-06,4.0128630478558113e-19,6.139663028286382e-20,4.5429661750526475e-06,2.4281005926923974e-18,1.6194454733892517e-06,1.6194454733916797e-06
t0_10s,10.0,57498.518169909294,0.039833292869632476,39833292.869632475,6.074778858955327e-09,2.854136874647368e-09,28.54136874647368,0.999999999999981,6.845257502643557e-30,6.845257502643557e-30,0.7500018092380936,0.7500018092380936,3.009677059298659e-19,6.019354118597318e-19,4.604703988609962e-20,1.3814111965829886e-19,3.407232850596947e-06,1.022169855179084e-05,0.06249486673852265,0.2499794669540906,1.826049243056218e-18,1.2782344701393524e-17,1.2145870350043797e-06,8.502109245030657e-06,4.0128930653595464e-19,6.13959050750525e-20,4.5429661750526475e-06,2.4347264507418345e-18,1.6194454733892517e-06,1.6194454733916865e-06
t0_10s,10.0,58261.15807980928,0.03953559492733732,39535594.92733732,5.961334377637535e-09,2.8645842464925873e-09,28.645842464925874,0.999999999999981,6.396905114776687e-30,6.396905114776687e-30,0.7500018092380936,0.7500018092380936,3.0096990034742356e-19,6.019398006948471e-19,4.604650947348415e-20,1.3813952842045244e-19,3.407232850596947e-06,1.022169855179084e-05,0.06249486673852265,0.2499794669540906,1.83100204971892e-18,1.281701434803244e-17,1.2145870350043797e-06,8.502109245030657e-06,4.0129223241897335e-19,6.139519785993789e-20,4.5429661750526475e-06,2.4413301770284863e-18,1.6194454733892517e-06,1.619445473391693e-06
t0_10s,10.0,59033.91337443019,0.03924012185922313,39240121.859223135,5.850008434399938e-09,2.875069860224315e-09,28.75069860224315,0.999999999999981,5.976787879832833e-30,5.976787879832833e-30,0.7500018092380936,0.7500018092380936,3.0097203917285007e-19,6.019440783457001e-19,4.604599215252083e-20,1.3813797645756248e-19,3.407232850596947e-06,1.022169855179084e-05,0.06249486673852265,0.2499794669540906,1.8359383416484126e-18,1.2851568391538888e-17,1.2145870350043797e-06,8.502109245030657e-06,4.0129508417932935e-19,6.139450810031739e-20,4.5429661750526475e-06,2.4479118837239774e-18,1.6194454733892517e-06,1.6194454733916996e-06
t0_10s,10.0,59816.91822063995,0.038946857037478834,38946857.037478834,5.740761466246235e-09,2.8855938558243786e-09,28.855938558243786,0.999999999999981,5.583206852913339e-30,5.583206852913339e-30,0.7500018092380936,0.7500018092380936,3.009741236878533e-19,6.019482473757066e-19,4.6045487529902454e-20,1.3813646258970736e-19,3.407232850596947e-06,1.022169855179084e-05,0.06249486673852265,0.2499794669540906,1.8408582025402416e-18,1.2886007417781691e-17,1.2145870350043797e-06,8.502109245030657e-06,4.012978635259623e-19,6.139383527178263e-20,4.5429661750526475e-06,2.454471682422099e-18,1.6194454733892517e-06,1.6194454733917062e-06
t0_10s,10.0,60610.30856484811,0.03865578395856302,38655783.95856302,5.6335546490059015e-09,2.896156373786932e-09,28.96156373786932,0.999999999999981,5.2145599027267384e-30,5.2145599027267384e-30,0.7500018092380936,0.7500018092380936,3.0097615514779435e-19,6.019523102955887e-19,4.6044995221701975e-20,1.3813498566510594e-19,3.407232850596947e-06,1.022169855179084e-05,0.06249486673852265,0.2499794669540906,1.845761715654134e-18,1.2920332009578938e-17,1.2145870350043797e-06,8.502109245030657e-06,4.0130057213268306e-19,6.139317886243212e-20,4.5429661750526475e-06,2.4610096841355533e-18,1.6194454733892517e-06,1.6194454733917127e-06
t0_10s,10.0,61414.22215660908,0.038366886242274995,38366886.24227499,5.528349883536988e-09,2.906757555120456e-09,29.06757555120456,0.999999999999981,4.869336555482938e-30,4.869336555482938e-30,0.7500018092380936,0.7500018092380936,3.0097813478215773e-19,6.019562695643155e-19,4.604451485316083e-20,1.3813354455948248e-19,3.407232850596947e-06,1.022169855179084e-05,0.06249486673852265,0.2499794669540906,1.8506489638118476e-18,1.2954542746682933e-17,1.2145870350043797e-06,8.502109245030657e-06,4.0130321163880023e-19,6.139253837258899e-20,4.5429661750526475e-06,2.4675259992930837e-18,1.6194454733892517e-06,1.6194454733917193e-06
t0_10s,10.0,62228.79857253844,0.03808014763083309,38080147.63083309,5.425109782186392e-09,2.917397541349574e-09,29.173975413495743,0.999999999999981,4.5461130900511966e-30,4.5461130900511966e-30,0.7500018092380936,0.7500018092380936,3.009800637950108e-19,6.019601275900216e-19,4.6044046058480995e-20,1.38132138175443e-19,3.407232850596947e-06,1.022169855179084e-05,0.06249486673852265,0.2499794669540906,1.855520029395291e-18,1.2988640205767037e-17,1.2145870350043797e-06,8.502109245030657e-06,4.0130578364973313e-19,6.139191331452371e-20,4.5429661750526475e-06,2.4740207377369704e-18,1.6194454733892517e-06,1.6194454733917256e-06
t0_10s,10.0,63054.17924054648,0.03779555198795975,37795551.98795975,5.323797655502957e-09,2.9280764745169085e-09,29.280764745169087,0.999999999999981,4.243547873596607e-30,4.243547873596607e-30,0.7500018092380936,0.7500018092380936,3.0098194336545454e-19,6.019638867309091e-19,4.604358848062098e-20,1.3813076544186293e-19,3.407232850596947e-06,1.022169855179084e-05,0.06249486673852265,0.2499794669540906,1.8603749943448896e-18,1.3022624960414227e-17,1.2145870350043797e-06,8.502109245030657e-06,4.0130828973761264e-19,6.139130321218212e-20,4.5429661750526475e-06,2.480494008720851e-18,1.6194454733892517e-06,1.6194454733917322e-06
t0_10s,10.0,63890.507464392664,0.03751308329797348,37513083.297973484,5.224377499198985e-09,2.9387944971850694e-09,29.387944971850693,0.999999999999981,3.960376927284081e-30,3.960376927284081e-30,0.7500018092380936,0.7500018092380936,3.009837746480718e-19,6.019675492961436e-19,4.6043141771095436e-20,1.3812942531328631e-19,3.407232850596947e-06,1.022169855179084e-05,0.06249486673852265,0.2499794669540906,1.865213940158196e-18,1.3056497581107374e-17,1.2145870350043797e-06,8.502109245030657e-06,4.013107314418788e-19,6.13907076009182e-20,4.5429661750526475e-06,2.486945920907866e-18,1.6194454733892517e-06,1.6194454733917386e-06
t0_10s,10.0,64737.928448567094,0.037232725664887445,37232725.66488744,5.1268139813548325e-09,2.9495517524384872e-09,29.495517524384873,0.999999999999981,3.695409712006648e-30,3.695409712006648e-30,0.7500018092380936,0.7500018092380936,3.009855587733678e-19,6.019711175467356e-19,4.60427055897789e-20,1.381281167693367e-19,3.407232850596947e-06,1.022169855179084e-05,0.06249486673852265,0.2499794669540906,1.8700369478887316e-18,1.309025863522112e-17,1.2145870350043797e-06,8.502109245030657e-06,4.013131102698683e-19,6.139012602723243e-20,4.5429661750526475e-06,2.493376582369116e-18,1.6194454733892517e-06,1.6194454733917451e-06
t0_10s,10.0,65596.58932350011,0.036954463311515015,36954463.31151502,5.031072429862746e-09,2.96034838388533e-09,29.6034838388533,0.999999999999981,3.4475251244554856e-30,3.4475251244554856e-30,0.7500018092380936,0.7500018092380936,3.0098729684820284e-19,6.019745936964057e-19,4.604227960471259e-20,1.3812683881413776e-19,3.407232850596947e-06,1.022169855179084e-05,0.06249486673852265,0.2499794669540906,1.8748440981450232e-18,1.3123908687015162e-17,1.2145870350043797e-06,8.502109245030657e-06,4.013154276973914e-19,6.138955804851416e-20,4.5429661750526475e-06,2.499786100582379e-18,1.6194454733892517e-06,1.6194454733917515e-06
t0_10s,10.0,66466.6391711082,0.03667828057858196,36678280.57858196,4.937118820105161e-09,2.971184535659468e-09,29.711845356594683,0.999999999999981,3.215667694197712e-30,3.215667694197712e-30,0.7500018092380936,0.7500018092380936,3.0098898995622094e-19,6.019779799124419e-19,4.6041863491915506e-20,1.3812559047574652e-19,3.407232850596947e-06,1.022169855179084e-05,0.06249486673852265,0.2499794669540906,1.8796354710899138e-18,1.3157448297629396e-17,1.2145870350043797e-06,8.502109245030657e-06,4.0131768516930306e-19,6.138900323278978e-20,4.5429661750526475e-06,2.5061745824311867e-18,1.6194454733892517e-06,1.6194454733917578e-06
t0_10s,10.0,67348.22905067724,0.03640416192384501,36404161.923845015,4.844919762862878e-09,2.9820603524223323e-09,29.820603524223323,0.999999999999981,2.9988439727728398e-30,2.9988439727728398e-30,0.7500018092380936,0.7500018092380936,3.0099063915827054e-19,6.019812783165411e-19,4.6041456935198415e-20,1.3812437080559525e-19,3.407232850596947e-06,1.022169855179084e-05,0.06249486673852265,0.2499794669540906,1.884411146439981e-18,1.3190878025079866e-17,1.2145870350043797e-06,8.502109245030657e-06,4.013198841000647e-19,6.138846115847465e-20,4.5429661750526475e-06,2.5125421342040534e-18,1.6194454733892517e-06,1.6194454733917642e-06
t0_10s,10.0,68241.5120250898,0.03613209192121738,36132091.92121738,4.754442492449299e-09,2.992975979364877e-09,29.92975979364877,0.999999999999981,2.7961191061525298e-30,2.7961191061525298e-30,0.7500018092380936,0.7500018092380936,3.0099224549281963e-19,6.019844909856393e-19,4.6041059625981767e-20,1.381231788779453e-19,3.407232850596947e-06,1.022169855179084e-05,0.06249486673852265,0.2499794669540906,1.8891712034652112e-18,1.3224198424256478e-17,1.2145870350043797e-06,8.502109245030657e-06,4.0132202587429683e-19,6.138793141413035e-20,4.5429661750526475e-06,2.5188888615940392e-18,1.6194454733892517e-06,1.6194454733917705e-06
t0_10s,10.0,69146.64318740016,0.03586205525990072,35862055.25990073,4.665654855066259e-09,3.003931562209549e-09,30.03931562209549,0.999999999999981,2.6066135822330098e-30,2.6066135822330098e-30,0.7500018092380936,0.7500018092380936,3.009938099763647e-19,6.019876199527294e-19,4.6040671263116996e-20,1.3812201378935098e-19,3.407232850596947e-06,1.022169855179084e-05,0.06249486673852265,0.2499794669540906,1.893915720988828e-18,1.3257410046921795e-17,1.2145870350043797e-06,8.502109245030657e-06,4.0132411184732488e-19,6.138741359822647e-20,4.5429661750526475e-06,2.5252148696985216e-18,1.6194454733892517e-06,1.6194454733917769e-06
t0_10s,10.0,70063.77968776171,0.03559403674352328,35594036.74352328,4.578525297377002e-09,3.0149272472121714e-09,30.149272472121712,0.999999999999981,2.4295001453490586e-30,2.4295001453490586e-30,0.7500018092380936,0.7500018092380936,3.009953336038346e-19,6.019906672076692e-19,4.60402915527108e-20,1.381208746581324e-19,3.407232850596947e-06,1.022169855179084e-05,0.06249486673852265,0.2499794669540906,1.8986447773872917e-18,1.3290513441711042e-17,1.2145870350043797e-06,8.502109245030657e-06,4.0132614334571747e-19,6.138690731890617e-20,4.5429661750526475e-06,2.5315202630191964e-18,1.6194454733892517e-06,1.6194454733917832e-06
t0_10s,10.0,70993.08076071161,0.03532802128928496,35328021.28928496,4.4930228552929384e-09,3.0259631811639257e-09,30.259631811639256,0.999999999999981,2.2640008701057442e-30,2.2640008701057442e-30,0.7500018092380936,0.7500018092380936,3.0099681734898527e-19,6.019936346979705e-19,4.603992020795357e-20,1.381197606238607e-19,3.407232850596947e-06,1.022169855179084e-05,0.06249486673852265,0.2499794669540906,1.903358450590432e-18,1.3323509154133026e-17,1.2145870350043797e-06,8.502109245030657e-06,4.013281216678127e-19,6.13864121937576e-20,4.5429661750526475e-06,2.537805145462252e-18,1.6194454733892517e-06,1.6194454733917894e-06
t0_10s,10.0,71934.70775281754,0.035063993927108295,35063993.927108295,4.409117142969553e-09,3.037039511393347e-09,30.37039511393347,0.999999999999981,2.1093843871256607e-30,2.1093843871256607e-30,0.7500018092380936,0.7500018092380936,3.0099826216479225e-19,6.019965243295845e-19,4.6039556948950306e-20,1.3811867084685091e-19,3.407232850596947e-06,1.022169855179084e-05,0.06249486673852265,0.2499794669540906,1.9080568180817998e-18,1.3356397726572598e-17,1.2145870350043797e-06,8.502109245030657e-06,4.0133004808424156e-19,6.13859278495883e-20,4.5429661750526475e-06,2.54406962033884e-18,1.6194454733892517e-06,1.6194454733917957e-06
t0_10s,10.0,72888.82415069021,0.034801939798796255,34801939.79879626,4.326778342007903e-09,3.0481563857682182e-09,30.481563857682183,0.999999999999981,1.964963253601354e-30,1.964963253601354e-30,0.7500018092380936,0.7500018092380936,3.0099966898383626e-19,6.019993379676725e-19,4.6039201502555026e-20,1.3811760450766508e-19,3.407232850596947e-06,1.022169855179084e-05,0.06249486673852265,0.2499794669540906,1.9127399568990934e-18,1.3389179698293654e-17,1.2145870350043797e-06,8.502109245030657e-06,4.01331923838442e-19,6.138545392220453e-20,4.5429661750526475e-06,2.5503137903656443e-18,1.6194454733892517e-06,1.619445473391802e-06
t0_10s,10.0,73855.59560936925,0.03454184415719591,34541844.15719591,4.245977190857745e-09,3.059313952697593e-09,30.59313952697593,0.999999999999981,1.830091461825941e-30,1.830091461825941e-30,0.7500018092380936,0.7500018092380936,3.010010387186799e-19,6.020020774373598e-19,4.6038853602208663e-20,1.38116560806626e-19,3.407232850596947e-06,1.022169855179084e-05,0.06249486673852265,0.2499794669540906,1.9174079436347553e-18,1.3421855605443287e-17,1.2145870350043797e-06,8.502109245030657e-06,4.0133375014716125e-19,6.138499005619504e-20,4.5429661750526475e-06,2.5565377576656752e-18,1.6194454733892517e-06,1.6194454733918082e-06
t0_10s,10.0,74835.18998108325,0.03428369236536862,34283692.36536862,4.166684974418648e-09,3.070512361133795e-09,30.70512361133795,0.999999999999981,1.7041620791514662e-30,1.7041620791514662e-30,0.7500018092380936,0.7500018092380936,3.010023722622437e-19,6.020047445244874e-19,4.603851298777985e-20,1.3811553896333954e-19,3.407232850596947e-06,1.022169855179084e-05,0.06249486673852265,0.2499794669540906,1.9220608544366857e-18,1.34544259810568e-17,1.2145870350043797e-06,8.502109245030657e-06,4.0133552820095705e-19,6.138453590471885e-20,4.5429661750526475e-06,2.5627416237692215e-18,1.6194454733892517e-06,1.6194454733918144e-06
t0_10s,10.0,75827.77734439359,0.03402746989576633,34027469.895766325,4.0888735138350685e-09,3.0817517605743128e-09,30.817517605743127,0.999999999999981,1.58660501309028e-30,1.58660501309028e-30,0.7500018092380936,0.7500018092380936,3.010036704881724e-19,6.020073409763448e-19,4.603817940540844e-20,1.3811453821622532e-19,3.407232850596947e-06,1.022169855179084e-05,0.06249486673852265,0.2499794669540906,1.9266987650090796e-18,1.3486891355063557e-17,1.2145870350043797e-06,8.502109245030657e-06,4.0133725916468637e-19,6.138409112929658e-20,4.5429661750526475e-06,2.5689254896149656e-18,1.6194454733892517e-06,1.6194454733918205e-06
t0_10s,10.0,76833.53003372303,0.033773162329413894,33773162.32941389,4.012515156482314e-09,3.093032301063935e-09,30.93032301063935,0.999999999999981,1.4768848955356216e-30,1.4768848955356216e-30,0.7500018092380936,0.7500018092380936,3.010049342511964e-19,6.020098685023928e-19,4.603785260735273e-20,1.381135578220582e-19,3.407232850596947e-06,1.022169855179084e-05,0.06249486673852265,0.2499794669540906,1.931321750613391e-18,1.3519252254293737e-17,1.2145870350043797e-06,8.502109245030657e-06,4.013389441779869e-19,6.138365539960674e-20,4.5429661750526475e-06,2.5750894555512718e-18,1.6194454733892517e-06,1.6194454733918269e-06
t0_10s,10.0,77852.62266927691,0.03352075535509794,33520755.355097942,3.9375827661392835e-09,3.1043541331966274e-09,31.043541331966274,0.999999999999981,1.3744990803261884e-30,1.3744990803261884e-30,0.7500018092380936,0.7500018092380936,3.010061643874906e-19,6.020123287749812e-19,4.603753235183929e-20,1.3811259705551786e-19,3.407232850596947e-06,1.022169855179084e-05,0.06249486673852265,0.2499794669540906,1.9359298860693957e-18,1.355150920248577e-17,1.2145870350043797e-06,8.502109245030657e-06,4.0134058435575583e-19,6.138322839328556e-20,4.5429661750526475e-06,2.5812336213375994e-18,1.6194454733892517e-06,1.619445473391833e-06
t0_10s,10.0,78885.23218736093,0.0332702347685612,33270234.768561196,3.864049713344772e-09,3.115717408117604e-09,31.15717408117604,0.999999999999981,1.2789757486247033e-30,1.2789757486247033e-30,0.7500018092380936,0.7500018092380936,3.0100736171502286e-19,6.020147234300457e-19,4.603721840291547e-20,1.381116552087464e-19,3.407232850596947e-06,1.022169855179084e-05,0.06249486673852265,0.2499794669540906,1.9405232457563374e-18,1.3583662720294361e-17,1.2145870350043797e-06,8.502109245030657e-06,4.013421807886144e-19,6.138280979573026e-20,4.5429661750526475e-06,2.587358086146035e-18,1.6194454733892517e-06,1.619445473391839e-06
t0_10s,10.0,79931.537871101,0.03302158647170326,33021586.471703257,3.791889865933973e-09,3.1271222775253664e-09,31.271222775253666,0.999999999999981,1.1898721168138177e-30,1.1898721168138177e-30,0.7500018092380936,0.7500018092380936,3.0100852703390174e-19,6.020170540678035e-19,4.60369105303057e-20,1.381107315909171e-19,3.407232850596947e-06,1.022169855179084e-05,0.06249486673852265,0.2499794669540906,1.9451019036142027e-18,1.361571332529942e-17,1.2145870350043797e-06,8.502109245030657e-06,4.013437345433715e-19,6.138239929990749e-20,4.5429661750526475e-06,2.593462948562989e-18,1.6194454733892517e-06,1.619445473391845e-06
t0_10s,10.0,80991.72138157075,0.032774796471787375,32774796.471787374,3.7210775797515845e-09,3.1385688936736477e-09,31.38568893673648,0.999999999999981,1.1067727418405952e-30,1.1067727418405952e-30,0.7500018092380936,0.7500018092380936,3.0100966112671374e-19,6.020193222534275e-19,4.6036608509269394e-20,1.3810982552780817e-19,3.407232850596947e-06,1.022169855179084e-05,0.06249486673852265,0.2499794669540906,1.949665933145075e-18,1.3647661532015525e-17,1.2145870350043797e-06,8.502109245030657e-06,4.0134524666347307e-19,6.138199660616384e-20,4.5429661750526475e-06,2.5995483065910034e-18,1.6194454733892517e-06,1.6194454733918512e-06
t0_10s,10.0,82065.96678933188,0.03252985088065265,32529850.880652647,3.6515876895383998e-09,3.150057409373556e-09,31.50057409373556,0.999999999999981,1.0292879191603403e-30,1.0292879191603403e-30,0.7500018092380936,0.7500018092380936,3.010107647588611e-19,6.020215295177222e-19,4.603631212046271e-20,1.3810893636138813e-19,3.407232850596947e-06,1.022169855179084e-05,0.06249486673852265,0.2499794669540906,1.9542154074145473e-18,1.3679507851901831e-17,1.2145870350043797e-06,8.502109245030657e-06,4.0134671816945317e-19,6.138160142204156e-20,4.5429661750526475e-06,2.6056142576506336e-18,1.6194454733892517e-06,1.6194454733918573e-06
t0_10s,10.0,83154.46060639211,0.03228673591393294,32286735.91393294,3.5833954999880866e-09,3.1615879779954785e-09,31.615879779954785,0.999999999999981,9.570521686426557e-31,9.570521686426557e-31,0.7500018092380936,0.7500018092380936,3.010118386788886e-19,6.020236773577772e-19,4.6036021149802314e-20,1.3810806344940693e-19,3.407232850596947e-06,1.022169855179084e-05,0.06249486673852265,0.2499794669540906,1.9587503990532566e-18,1.3711252793372796e-17,1.2145870350043797e-06,8.502109245030657e-06,4.0134815005936895e-19,6.138121346209692e-20,4.5429661750526475e-06,2.611660898582495e-18,1.6194454733892517e-06,1.6194454733918633e-06
t0_10s,10.0,84257.39181858877,0.03204543789028063,32045437.89028063,3.5164767769709593e-09,3.1731607534712755e-09,31.731607534712754,0.999999999999981,8.897228040063882e-31,8.897228040063882e-31,0.7500018092380936,0.7500018092380936,3.0101288361881003e-19,6.020257672376201e-19,4.60357353883324e-20,1.381072061649972e-19,3.407232850596947e-06,1.022169855179084e-05,0.06249486673852265,0.2499794669540906,1.963270980258469e-18,1.3742896861809283e-17,1.2145870350043797e-06,8.502109245030657e-06,4.013495433092366e-19,6.138083244772282e-20,4.5429661750526475e-06,2.6176883256493776e-18,1.6194454733892517e-06,1.6194454733918694e-06
t0_10s,10.0,85374.95191839956,0.03180594323059722,31805943.230597217,3.450807738921707e-09,3.1847758902962174e-09,31.847758902962173,0.999999999999981,8.26978581549112e-31,8.26978581549112e-31,0.7500018092380936,0.7500018092380936,3.0101390029442514e-19,6.020278005888503e-19,4.6035454632094276e-20,1.3810636389628282e-19,3.407232850596947e-06,1.022169855179084e-05,0.06249486673852265,0.2499794669540906,1.9677772227957357e-18,1.377444055957015e-17,1.2145870350043797e-06,8.502109245030657e-06,4.0135089887345338e-19,6.138045810697502e-20,4.5429661750526475e-06,2.6236966345384512e-18,1.6194454733892517e-06,1.6194454733918753e-06
t0_10s,10.0,86507.33493819079,0.03156823845726872,31568238.457268722,3.3863650483878426e-09,3.196433543531127e-09,31.96433543531127,0.999999999999981,7.685184241249525e-31,7.685184241249525e-31,0.7500018092380936,0.7500018092380936,3.0101488940563424e-19,6.020297788112685e-19,4.603517868199759e-20,1.3810553604599279e-19,3.407232850596947e-06,1.022169855179084e-05,0.06249486673852265,0.2499794669540906,1.9722691980006155e-18,1.3805884386004309e-17,1.2145870350043797e-06,8.502109245030657e-06,4.0135221768521743e-19,6.138009017440035e-20,4.5429661750526475e-06,2.629685920363566e-18,1.6194454733892517e-06,1.6194454733918813e-06
t0_10s,10.0,87654.73748390502,0.03133231019340742,31332310.193407416,3.323125803736043e-09,3.208133868804392e-09,32.08133868804392,0.999999999999981,7.140602165097424e-31,7.140602165097424e-31,0.7500018092380936,0.7500018092380936,3.010158516367494e-19,6.020317032734988e-19,4.603490734369589e-20,1.3810472203108767e-19,3.407232850596947e-06,1.022169855179084e-05,0.06249486673852265,0.2499794669540906,1.976746976780469e-18,1.3837228837463284e-17,1.2145870350043797e-06,8.502109245030657e-06,4.013535006569427e-19,6.137972839087081e-20,4.5429661750526475e-06,2.6356562776676403e-18,1.6194454733892517e-06,1.6194454733918874e-06
t0_10s,10.0,88817.35876919609,0.03109814516209912,31098145.16209912,3.2610675310134312e-09,3.219877022314072e-09,32.19877022314072,0.999999999999981,6.633396684676205e-31,6.633396684676205e-31,0.7500018092380936,0.7500018092380936,3.010167876567943e-19,6.020335753135886e-19,4.603464042746337e-20,1.381039212823901e-19,3.407232850596947e-06,1.022169855179084e-05,0.06249486673852265,0.2499794669540906,1.981210629616289e-18,1.3868474407314024e-17,1.2145870350043797e-06,8.502109245030657e-06,4.0135474868065857e-19,6.137937250341931e-20,4.5429661750526475e-06,2.6416078004251045e-18,1.6194454733892517e-06,1.6194454733918933e-06
t0_10s,10.0,89995.40065001698,0.030865730185655877,30865730.185655877,3.2001681759607392e-09,3.23166316082999e-09,32.3166316082999,0.999999999999981,6.161092420036814e-31,6.161092420036814e-31,0.7500018092380936,0.7500018092380936,3.0101769811980633e-19,6.020353962396127e-19,4.6034377748074286e-20,1.3810313324422285e-19,3.407232850596947e-06,1.022169855179084e-05,0.06249486673852265,0.2499794669540906,1.9856602265646033e-18,1.3899621585952223e-17,1.2145870350043797e-06,8.502109245030657e-06,4.013559626284129e-19,6.137902226507875e-20,4.5429661750526475e-06,2.6475405820444375e-18,1.6194454733892517e-06,1.6194454733918993e-06
t0_10s,10.0,91189.06765966627,0.030635052184874504,30635052.184874505,3.1404060961746775e-09,3.2434924416957948e-09,32.43492441695795,0.999999999999981,5.721371394501618e-31,5.721371394501618e-31,0.7500018092380936,0.7500018092380936,3.0101858366512977e-19,6.020371673302595e-19,4.603411912468509e-20,1.3810235737405527e-19,3.407232850596947e-06,1.022169855179084e-05,0.06249486673852265,0.2499794669540906,1.9900958372594254e-18,1.393067086081598e-17,1.2145870350043797e-06,8.502109245030657e-06,4.013571433526625e-19,6.137867743472499e-20,4.5429661750526475e-06,2.6534547153707665e-18,1.6194454733892517e-06,1.6194454733919052e-06
t0_10s,10.0,92398.56704429975,0.0304060981783004,30406098.178300403,3.0817600534166752e-09,3.2553650228311247e-09,32.55365022831125,0.999999999999981,5.312063491911595e-31,5.312063491911595e-31,0.7500018092380936,0.7500018092380936,3.0101944491770394e-19,6.020388898354079e-19,4.603386438071902e-20,1.3810159314215706e-19,3.407232850596947e-06,1.022169855179084e-05,0.06249486673852265,0.2499794669540906,1.994517530914251e-18,1.3961622716399757e-17,1.2145870350043797e-06,8.502109245030657e-06,4.0135829168665793e-19,6.137833777692292e-20,4.5429661750526475e-06,2.65935029268853e-18,1.6194454733892517e-06,1.619445473391911e-06
t0_10s,10.0,93624.10879891196,0.03017885528149724,30178855.28149724,3.024209206065183e-09,3.26728106273359e-09,32.6728106273359,0.999999999999981,4.931137459810362e-31,4.931137459810362e-31,0.7500018092380936,0.7500018092380936,3.0102028248834955e-19,6.020405649766991e-19,4.603361334375282e-20,1.3810084003125845e-19,3.407232850596947e-06,1.022169855179084e-05,0.06249486673852265,0.2499794669540906,1.99892537632405e-18,1.399247763426835e-17,1.2145870350043797e-06,8.502109245030657e-06,4.013594084448248e-19,6.137800306177544e-20,4.5429661750526475e-06,2.6652274057241326e-18,1.6194454733892517e-06,1.6194454733919169e-06
t0_10s,10.0,94865.90570379696,0.029953310706321713,29953310.706321713,2.9677331017090997e-09,3.2792407204810624e-09,32.79240720481062,0.999999999999981,4.576692429569683e-31,4.576692429569683e-31,0.7500018092380936,0.7500018092380936,3.010210969740475e-19,6.02042193948095e-19,4.6033365845405747e-20,1.3810009753621723e-19,3.407232850596947e-06,1.022169855179084e-05,0.06249486673852265,0.2499794669540906,2.0033194418673836e-18,1.4023236093071685e-17,1.2145870350043797e-06,8.502109245030657e-06,4.0136049442313566e-19,6.13776730647754e-20,4.5429661750526475e-06,2.67108614564877e-18,1.6194454733892517e-06,1.6194454733919228e-06
t0_10s,10.0,96124.17336149109,0.029729451760203838,29729451.76020384,2.912311669879236e-09,3.2912441557336475e-09,32.91244155733647,0.999999999999981,4.2469499258503145e-31,4.2469499258503145e-31,0.7500018092380936,0.7500018092380936,3.0102188895821424e-19,6.020437779164285e-19,4.603312172123081e-20,1.3809936516369244e-19,3.407232850596947e-06,1.022169855179084e-05,0.06249486673852265,0.2499794669540906,2.007699795508508e-18,1.4053898568559556e-17,1.2145870350043797e-06,8.502109245030657e-06,4.0136155039947728e-19,6.137734756666068e-20,4.5429661750526475e-06,2.676926603081232e-18,1.6194454733892517e-06,1.6194454733919285e-06
t0_10s,10.0,97399.13023420546,0.029507265845432992,29507265.845432993,2.8579252149158436e-09,3.3032915287358977e-09,33.032915287358975,0.999999999999981,3.9402463391209856e-31,3.9402463391209856e-31,0.7500018092380936,0.7500018092380936,3.010226590109726e-19,6.020453180219452e-19,4.603288081060862e-20,1.3809864243182586e-19,3.407232850596947e-06,1.022169855179084e-05,0.06249486673852265,0.2499794669540906,2.012066504799502e-18,1.4084465533596514e-17,1.2145870350043797e-06,8.502109245030657e-06,4.0136257713401162e-19,6.137702635327263e-20,4.5429661750526475e-06,2.682748868090739e-18,1.6194454733892517e-06,1.6194454733919344e-06
t0_10s,10.0,98690.9976817569,0.029286740458448556,29286740.458448555,2.804554408969021e-09,3.3153830003189124e-09,33.15383000318912,0.999999999999981,3.6550258362419485e-31,3.6550258362419485e-31,0.7500018092380936,0.7500018092380936,3.01023407689418e-19,6.02046815378836e-19,4.6032642956642874e-20,1.3809792886992863e-19,3.407232850596947e-06,1.022169855179084e-05,0.06249486673852265,0.2499794669540906,2.0164196368824483e-18,1.4114937458177138e-17,1.2145870350043797e-06,8.502109245030657e-06,4.0136357536953074e-19,6.137670921541667e-20,4.5429661750526475e-06,2.6885530301998526e-18,1.6194454733892517e-06,1.6194454733919401e-06
t0_10s,10.0,100000.0,0.0290678631891365,29067863.1891365,2.752180285130095e-09,3.32751873190254e-09,33.2751873190254,0.999999999999981,3.389833685341826e-31,3.389833685341826e-31,0.7500018092380936,0.7500018092380936,3.010241355378801e-19,6.020482710757602e-19,4.6032408006058585e-20,1.3809722401817574e-19,3.407232850596947e-06,1.022169855179084e-05,0.06249486673852265,0.2499794669540906,2.0207592584916273e-18,1.414531480944139e-17,1.2145870350043797e-06,8.502109245030657e-06,4.0136454583180583e-19,6.137639594872665e-20,4.5429661750526475e-06,2.694339178387398e-18,1.6194454733892517e-06,1.619445473391946e-06
t0_50s,50.0,50.0,1.7,1700000000.0,0.00019999999999999985,1.2088326550782666e-09,12.088326550782666,1.0,0.125,0.125,0.875,0.875,1.0000000000000002e-27,2.0000000000000004e-27,6.628191391730481e-56,1.9884574175191446e-55,2.1017800238311737e-55,6.305340071493521e-55,4.035589066363354e-85,1.6142356265453417e-84,0.0,0.0,0.0,0.0,1.142857142857143e-27,7.575075876263407e-56,2.4020343129499128e-55,0.0,0.0,0.0
t0_50s,50.0,50.54666513868065,1.692938965717328,1692938965.7173278,0.00019642017200572717,1.2021125622555515e-09,12.021125622555514,1.0000000000000009,0.02773911448496658,0.02773911448496658,0.7779657613922081,0.7779657613922081,0.0028762850204475552,0.0057525700408951105,0.00015612684828674882,0.00046838054486024645,7.380801269154953e-06,2.214240380746486e-05,0.04701299894007758,0.18805199576031031,5.0528004079402025e-09,3.536960285558142e-08,4.786295756689688e-13,3.3504070296827817e-12,0.0036971871555122188,0.00020068601477698982,9.48730861361642e-06,6.494887896991722e-09,6.152321855558753e-13,6.495503129177278e-09
t0_50s,50.0,51.099307132838305,1.6859072597906208,1685907259.7906208,0.0001929044198537974,1.1954298274967148e-09,11.95429827496715,1.0000000000000009,0.007018006564141029,0.007018006564141029,0.7571850276305557,0.7571850276305557,0.0014475168013413035,0.002895033602682607,7.759984417496297e-05,0.00023279953252488888,7.259725894809952e-06,2.1779177684429855e-05,0.058161832204595296,0.23264732881838118,3.522592799328145e-09,2.4658149595297015e-08,2.2687859753165405e-12,1.5881501827215782e-11,0.0019117081671186625,0.00010248465215667911,9.587783210040048e-06,4.652221941513194e-09,2.9963428917978053e-12,4.655218284404991e-09
t0_50s,50.0,51.65799132924347,1.678904760403099,1678904760.403099,0.00018945159664173966,1.188784243122341e-09,11.88784243122341,1.0000000000000009,0.0018767055607141704,0.0018767055607141704,0.7520111665788568,0.7520111665788568,0.0007636500393124221,0.0015273000786248441,4.019108176763329e-05,0.00012057324530289986,7.324188709894774e-06,2.1972566129684323e-05,0.06111056689413169,0.24444226757652676,2.047430708478813e-09,1.4332014959351692e-08,8.83297905045299e-12,6.183085335317093e-11,0.0010154769945591557,5.3444793845915326e-05,9.739468023081212e-06,2.722606790259832e-09,1.1745808364305391e-11,2.7343525986241374e-09
t0_50s,50.0,52.22278378912277,1.6719313462439538,1671931346.2439537,0.00018606057599565123,1.1821756026075423e-09,11.821756026075423,1.000000000000001,0.0005321333063269271,0.0005321333063269271,0.7506491694022657,0.7506491694022657,0.0004213159664502813,0.0008426319329005626,2.1523366070403693e-05,6.457009821121108e-05,7.438626906720848e-06,2.2315880720162543e-05,0.06197229275384752,0.24788917101539007,1.1636464986713777e-09,8.145525490699644e-09,3.123726611861592e-11,2.1866086283031146e-10,0.0005612688105493688,2.8673003245367647e-05,9.909591870519422e-06,1.550186886369271e-09,4.161366906392482e-11,1.5918005554331958e-09
t0_50s,50.0,52.79375129597022,1.664986896506246,1664986896.506246,0.00018273025170275226,1.175603700575528e-09,11.75603700575528,1.0000000000000009,0.00016346184533155925,0.00016346184533155925,0.7502712784430967,0.7502712784430967,0.00024554067805188925,0.0004910813561037785,1.1967204275475384e-05,3.5901612826426155e-05,7.5025811238507525e-06,2.2507743371552258e-05,0.06225394089087903,0.24901576356351612,6.781558166938523e-10,4.747090716856966e-09,9.838058256951593e-11,6.886640779866115e-10,0.0003272691959652457,1.5950502997140946e-05,9.99982451603307e-06,9.038808177504906e-10,1.311266809702052e-10,1.0350074987206959e-09
t0_50s,50.0,53.37096136344389,1.6580712908848165,1658071290.8848166,0.00017945953735052256,1.1690683327912405e-09,11.690683327912405,1.0000000000000009,5.584730524501275e-05,5.584730524501275e-05,0.7501588627653974,0.7501588627653974,0.0001524910355503659,0.0003049820711007318,6.9604467769168816e-06,2.0881340330750644e-05,7.4263781579982495e-06,2.227913447399475e-05,0.062359285660812315,0.24943714264324926,4.133696831434822e-10,2.893587782004375e-09,2.6380227247247727e-10,1.846615907307341e-09,0.00020327832292512088,9.278630330724589e-06,9.899740610437543e-06,5.51042857268432e-10,3.5166187532597087e-10,9.027047325944028e-10
t0_50s,50.0,53.954482243349254,1.6511844095741974,1651184409.5741975,0.00017624736597228946,1.162569296154987e-09,11.62569296154987,1.0000000000000007,2.1629512827621923e-05,2.1629512827621923e-05,0.7501222276070499,0.7501222276070499,0.00010105787794386086,0.00020211575588772172,4.267718070963329e-06,1.2803154212889989e-05,7.1977562220668205e-06,2.159326866620046e-05,0.06240490618382591,0.24961962473530364,2.653430405210278e-10,1.8574012836471948e-09,5.869501985971007e-10,4.1086513901797055e-09,0.0001347218816142052,5.689363564892207e-06,9.595444525125245e-06,3.537330727653457e-10,7.824727451011803e-10,1.136205817866526e-09
t0_50s,50.0,54.54438293370932,1.6443261332665404,1644326133.2665405,0.00017309268969916737,1.1561063886961424e-09,11.561063886961424,1.0000000000000007,9.523781949614556e-06,9.523781949614556e-06,0.7501089587595167,0.7501089587595167,7.103710443659558e-05,0.00014207420887319116,2.7666781940176844e-06,8.300034582053054e-06,6.8787747637099366e-06,2.0636324291129808e-05,0.062427624491423854,0.24971049796569542,1.79085290251854e-10,1.253597031762978e-09,1.0959279150256216e-09,7.67149540517935e-09,9.470238104351174e-05,3.688368418626867e-06,9.170367429134061e-06,2.3874570242170427e-10,1.4610249647437869e-09,1.6997706671654912e-09
t0_50s,50.0,55.14073318692346,1.6374963431495468,1637496343.1495469,0.00016999447941822222,1.1496794095668696e-09,11.496794095668696,1.0000000000000009,4.708324245760494e-06,4.708324245760494e-06,0.7501036136025575,0.7501036136025575,5.245058308478974e-05,0.00010490116616957948,1.8890099266377602e-06,5.66702977991328e-06,6.539234501884777e-06,1.961770350565433e-05,0.062440369713385194,0.24976147885354077,1.263077594002298e-10,8.841543158016085e-10,1.7765782107553672e-09,1.243604747528757e-08,6.992445061407302e-05,2.518331990916994e-06,8.717774962419514e-06,1.6838708294392243e-10,2.3684437436888387e-09,2.536830826632761e-09
t0_50s,50.0,55.74360351801514,1.6306949209044121,1630694920.904412,0.0001669517244367564,1.1432881590358742e-09,11.432881590358742,1.000000000000001,2.561492642141674e-06,2.561492642141674e-06,0.7501012475419345,0.7501012475419345,4.027393993810757e-05,8.054787987621514e-05,1.3474922017756742e-06,4.042476605327023e-06,6.220882982013867e-06,1.8662648946041603e-05,0.06244822979087908,0.2497929191635163,9.238119362664956e-11,6.466683553865469e-10,2.5928303118365233e-09,1.8149812182855663e-08,5.369133842942456e-05,1.7964137590643621e-06,8.293391062072707e-06,1.2315829886882701e-10,3.456640447317175e-09,3.5797987461860017e-09
t0_50s,50.0,56.35306521296985,1.6239217487037738,1623921748.7037737,0.00016396343215260273,1.1369324384822026e-09,11.369324384822026,1.0000000000000009,1.502706529789214e-06,1.502706529789214e-06,0.7501001196249266,0.7501001196249266,3.188706980147171e-05,6.377413960294343e-05,9.955148463547659e-07,2.9865445390642974e-06,5.939828105976149e-06,1.7819484317928447e-05,0.062453443115573666,0.24981377246229466,6.955420814193201e-11,4.868794569935241e-10,3.5072729251779908e-09,2.4550910476245936e-08,4.2510418232457074e-05,1.3271759599939196e-06,7.91871371643861e-06,9.27265658572502e-11,4.675739722494294e-09,4.768466288351544e-09
t0_50s,50.0,56.96919033716441,1.6171767092096714,1617176709.2096715,0.00016102862773031816,1.1306120503890616e-09,11.306120503890616,1.0000000000000009,9.346634999678592e-07,9.346634999678592e-07,0.7500995543269845,0.7500995543269845,2.586055197294368e-05,5.172110394588736e-05,7.559949721249712e-07,2.2679849163749134e-06,5.698229438116762e-06,1.7094688314350286e-05,0.06245709885772163,0.24982839543088653,5.357556509988579e-11,3.750289556992005e-10,4.489489175914514e-09,3.14264242314016e-08,3.447615962943302e-05,1.0078595137991734e-06,7.5966308808560916e-06,7.142460596174551e-11,5.985191098990374e-09,6.056615704952119e-09
t0_50s,50.0,57.592051743888256,1.6104596855715136,1610459685.5715137,0.00015814635378317662,1.1243267983376904e-09,11.243267983376905,1.0000000000000009,6.084278303700991e-07,6.084278303700991e-07,0.7500992644233231,0.7500992644233231,2.137556214343225e-05,4.27511242868645e-05,5.86620865239666e-07,1.7598625957189978e-06,5.49255433731155e-06,1.6477663011934652e-05,0.06245977489676218,0.24983909958704872,4.2016465461369825e-11,2.941152582295888e-10,5.516826979671328e-09,3.8617788857699296e-08,2.8496977876475855e-05,7.820576463178651e-07,7.322436639814906e-06,5.601454028044157e-11,7.354795880132836e-09,7.410810420413277e-09
t0_50s,50.0,58.22172308295778,1.6037705614240538,1603770561.424054,0.00015531567006085083,1.1180764870012494e-09,11.180764870012494,1.0000000000000009,4.105479252358578e-07,4.105479252358578e-07,0.7500991174807117,0.7500991174807117,1.7940111291508362e-05,3.5880222583016724e-05,4.6302470161226965e-07,1.3890741048368089e-06,5.3176727360299775e-06,1.595301820808993e-05,0.06246180085311978,0.24984720341247912,3.3426936651743395e-11,2.3398855656220375e-10,6.572857189641518e-09,4.6010000327490625e-08,2.391698759993499e-05,6.172846905451479e-07,7.089293417501878e-06,4.4563359525086956e-11,8.762651543594883e-09,8.807214903119971e-09
t0_50s,50.0,58.858278809425215,1.597109220885374,1597109220.885374,0.00015253565314268583,1.1118609221387544e-09,11.118609221387544,1.0000000000000007,2.851290325801021e-07,2.851290325801021e-07,0.750099048088502,0.750099048088502,1.5245267867820746e-05,3.0490535735641492e-05,3.704975372588807e-07,1.111492611776642e-06,5.168535183772459e-06,1.5505605551317377e-05,0.062463376360101804,0.24985350544040721,2.6903402667058603e-11,1.8832381866941023e-10,7.645690915671473e-09,5.3519836409700314e-08,2.0324339707763503e-05,4.939314857191589e-07,6.890470261152283e-06,3.586646688276339e-11,1.0192908436766047e-08,1.022877490364881e-08
t0_50s,50.0,59.501794192382434,1.5904755485548776,1590475548.5548775,0.00014980539613646131,1.1056799105890296e-09,11.056799105890295,1.0000000000000009,2.0274579857013818e-07,2.0274579857013818e-07,0.7500990220481277,0.7500990220481277,1.3089255514725622e-05,2.6178511029451244e-05,2.9977044068371133e-07,8.99311322051134e-07,5.040731223382128e-06,1.5122193670146384e-05,0.06246462848758417,0.24985851395033667,2.1860217666485785e-11,1.5302152366540049e-10,8.726670671814057e-09,6.10866947026984e-08,1.7450036768459873e-05,3.996411565305007e-07,6.720087715377271e-06,2.9143109141506376e-11,1.1634024862458944e-08,1.166316797160045e-08
t0_50s,50.0,60.15234532386096,1.5838694295112907,1583869429.5112908,0.00014712400838254926,1.0995332602647223e-09,10.995332602647222,1.0000000000000007,1.4701569031101052e-07,1.4701569031101052e-07,0.750099020631296,0.750099020631296,1.1335619962225544e-05,2.267123992445109e-05,2.4477443979415215e-07,7.343233193824564e-07,4.930590692908113e-06,1.479177207872434e-05,0.062465641556566844,0.24986256622626737,1.79041290865409e-11,1.253289036057863e-10,9.809442219059767e-09,6.866609553341838e-08,1.5112164728178548e-05,3.263228361345491e-07,6.573253073652122e-06,2.386902074805068e-11,1.3077529698417652e-08,1.3101398719165703e-08
t0_50s,50.0,60.810009127829666,1.57729074931067,1577290749.3106701,0.00014449061516336225,1.0934207801463213e-09,10.934207801463213,1.0000000000000007,1.0838016944988454e-07,1.0838016944988454e-07,0.750099033199033,0.750099033199033,9.889244901728996e-06,1.977848980345799e-05,2.0140146638777043e-07,6.042043991633113e-07,4.835120246705565e-06,1.4505360740116697e-05,0.06246647350933811,0.24986589403735243,1.4763004335440985e-11,1.033410303480869e-10,1.088930885417718e-08,7.622516197924026e-08,1.3183919008071778e-05,2.6849983465360644e-07,6.445975841462794e-06,1.968140696366387e-11,1.4517161564302118e-08,1.4536842971265781e-08
t0_50s,50.0,61.47486336929044,1.5707393939844205,1570739393.9844205,0.00014190435741800482,1.0873422802762187e-09,10.873422802762187,1.0000000000000004,8.10355982213569e-08,8.10355982213569e-08,0.7500990535326686,0.7500990535326686,8.682045291641837e-06,1.7364090583283674e-05,1.6678908986162855e-07,5.003672695848856e-07,4.751895347333235e-06,1.4255686041999705e-05,0.062467165365668105,0.24986866146267242,1.2243491329203788e-11,8.570443930442651e-11,1.1962780273002054e-08,8.373946191101439e-08,1.1574531724514052e-05,2.223560862743636e-07,6.335023787796686e-06,1.632249937063886e-11,1.5948267387703147e-08,1.5964589887073785e-08
t0_50s,50.0,62.146986663473385,1.564215250037322,1564215250.037322,0.0001393643914620336,1.081297571752816e-09,10.812975717528161,1.0000000000000007,6.133711464104077e-08,6.133711464104077e-08,0.7500990779212741,0.7500990779212741,7.664134796138901e-06,1.5328269592277802e-05,1.3889203652687093e-07,4.166761095806128e-07,4.678952424168951e-06,1.4036857272506852e-05,0.06246774691910446,0.24987098767641783,1.0205086051288739e-11,7.143560235902117e-11,1.3027254878284163e-08,9.119078414798915e-08,1.0217496623750394e-05,1.8516492102853673e-07,6.237779197296955e-06,1.3604984130322853e-11,1.7367378872649977e-08,1.73809838567803e-08
t0_50s,50.0,62.82645848513287,1.5577182044455615,1557718204.4455614,0.00013686988871223078,1.0752864667246484e-09,10.752864667246484,1.0000000000000007,4.6928674426823097e-08,4.6928674426823097e-08,0.7500991041218272,0.7500991041218272,6.798217392093703e-06,1.3596434784187406e-05,1.1621724557633035e-07,3.4865173672899106e-07,4.6146963109177615e-06,1.3844088932753284e-05,0.062468240287173515,0.24987296114869406,8.543732630844673e-12,5.98061284159127e-11,1.4080792178044892e-08,9.856554524631424e-08,9.063092269724363e-06,1.5493585439272162e-07,6.15211548122082e-06,1.139013842823767e-11,1.8771909072641637e-08,1.8783299211069873e-08
t0_50s,50.0,63.513359177944665,1.5512481446547777,1551248144.6547778,0.00013442003541630566,1.0693087783845434e-09,10.693087783845433,1.0000000000000007,3.624840941215866e-08,3.624840941215866e-08,0.7500991307718601,0.7500991307718601,6.055894573603098e-06,1.2111789147206196e-05,9.765366964768606e-08,2.9296100894305816e-07,4.557824313784582e-06,1.3673472941353746e-05,0.06246866221318255,0.2498746488527302,7.181017306702333e-12,5.0267121146916334e-11,1.512194807896056e-08,1.0585363655272393e-07,8.073458993841944e-06,1.3018768538926233e-07,6.076295954502083e-06,9.573424381005466e-12,2.015993281234697e-08,2.0169506236727973e-08
t0_50s,50.0,64.20776996400637,1.5448049585781078,1544804958.5781078,0.00013201403238743357,1.0633643209638236e-09,10.633643209638235,1.0000000000000007,2.8238334747048545e-08,2.8238334747048545e-08,0.7500991570487348,0.7500991570487348,5.415196660225994e-06,1.0830393320451988e-05,8.23609509030415e-08,2.4708285270912453e-07,4.507266308630287e-06,1.352179892589086e-05,0.06246902558696327,0.24987610234785307,6.057007328669608e-12,4.239905130068726e-11,1.614965427676959e-08,1.1304757993738712e-07,7.219307753300358e-06,1.0980008460093552e-07,6.008893979249525e-06,8.074942188311349e-12,2.1530025897256578e-08,2.1538100839444888e-08
t0_50s,50.0,64.90977295344139,1.538388534594248,1538388534.594248,0.00012965109474354683,1.0574529097265273e-09,10.574529097265273,1.0000000000000007,2.216803750995468e-08,2.216803750995468e-08,0.7500991824659543,0.7500991824659543,4.858884529235296e-06,9.717769058470592e-06,6.969433276151364e-08,2.0908299828454093e-07,4.462137682701049e-06,1.3386413048103147e-05,0.062469340480781205,0.24987736192312482,5.125330837118153e-12,3.587731585982707e-11,1.716312883805149e-08,1.2014190186636044e-07,6.477656079109021e-06,9.291348982996251e-08,5.9487302306233045e-06,6.832870848183844e-12,2.2881145906102217e-08,2.28879787769504e-08
t0_50s,50.0,65.61945115410785,1.5319987615455188,1531998761.5455189,0.00012733045165129182,1.051574360963671e-09,10.51574360963671,1.0000000000000009,1.7524718868137576e-08,1.7524718868137576e-08,0.7500992067486781,0.7500992067486781,4.373257764910599e-06,8.746515529821198e-06,5.915289002598147e-08,1.7745867007794442e-07,4.421702527262451e-06,1.3265107581787353e-05,0.06246961487042718,0.24987845948170873,4.349703272451871e-12,3.0447922907163095e-11,1.8161809343312515e-08,1.271326654031876e-07,5.830239154453426e-06,7.88600887639663e-08,5.894823627968386e-06,5.798837318207224e-12,2.421254306085096e-08,2.4218341898169165e-08
t0_50s,50.0,66.33688848141402,1.5256355287359402,1525635528.7359402,0.00012505134607456844,1.0457284919875336e-09,10.457284919875336,1.0000000000000007,1.3942992346282809e-08,1.3942992346282809e-08,0.7500992297562495,0.7500992297562495,3.947304351878158e-06,7.894608703756315e-06,5.034318718037049e-08,1.5102956154111148e-07,4.3853448672473594e-06,1.315603460174208e-05,0.062469855146216,0.249879420584864,3.7014623502113285e-12,2.59102364514793e-11,1.9145302500441396e-08,1.3401711750308977e-07,5.262376223424285e-06,6.711536978478154e-08,5.846352980088262e-06,4.934630250739155e-12,2.5523693054134728e-08,2.5528627684385466e-08
t0_50s,50.0,67.06216976824076,1.5192987259293125,1519298725.9293125,0.00012281303452757233,1.0399151211259901e-09,10.399151211259902,1.0000000000000007,1.1158956169681597e-08,1.1158956169681597e-08,0.750099251433042,0.750099251433042,3.5720795206631623e-06,7.144159041326325e-06,4.295312826144723e-08,1.288593847843417e-07,4.35254594750442e-06,1.305763784251326e-05,0.062470066484052025,0.2498802659362081,3.1577690179594878e-12,2.2104383125716415e-11,2.0113345904562125e-08,1.4079342133193488e-07,4.762142494928254e-06,5.726325973447723e-08,5.802626704651434e-06,4.209801585492407e-12,2.6814246069618366e-08,2.6818455871203858e-08
t0_50s,50.0,67.79538077497239,1.5129882433473085,1512988243.3473086,0.00012061478683225545,1.0341340677168566e-09,10.341340677168565,1.0000000000000007,8.979818339452447e-09,8.979818339452447e-09,0.7500992717771439,0.7500992717771439,3.2402520247166265e-06,6.480504049433253e-06,3.673311531157327e-08,1.1019934593471981e-07,4.322866479484086e-06,1.2968599438452257e-05,0.062470253115212426,0.2498810124608497,2.700295452705512e-12,1.8902068168938582e-11,2.1065778985282178e-08,1.4746045289697525e-07,4.319764258722427e-06,4.897100516381618e-08,5.763059160479253e-06,3.599917443337787e-12,2.808398805050549e-08,2.8087587967948827e-08
t0_50s,50.0,68.53660819963754,1.5067039716675703,1506703971.6675704,0.00011845588588012897,1.028385152102282e-09,10.28385152102282,1.0000000000000004,7.263171394210052e-09,7.263171394210052e-09,0.7500992908199089,0.7500992908199089,2.945761351934936e-06,5.891522703869872e-06,3.148198891284689e-08,9.444596673854067e-08,4.295932412698191e-06,1.2887797238094572e-05,0.06247041852929207,0.24988167411716827,2.314235172383307e-12,1.619964620668315e-11,2.2002520528028333e-08,1.5401764369619832e-07,3.9271618944140326e-06,4.1970428846073115e-08,5.727151678816344e-06,3.085238448704161e-12,2.9332810732267326e-08,2.933589597071603e-08
t0_50s,50.0,69.28593968816071,1.5004458020218152,1500445802.0218153,0.0001163356273983285,1.0226681956231543e-09,10.226681956231543,1.0000000000000007,5.902816453003796e-09,5.902816453003796e-09,0.750099308612695,0.750099308612695,2.683558824162865e-06,5.36711764832573e-06,2.7036546351518293e-08,8.110963905455488e-08,4.271423617258093e-06,1.281427085177428e-05,0.06247056562689412,0.24988226250757647,1.9875541180579347e-12,1.3912878826405542e-11,2.2923551519314235e-08,1.6046486063519964e-07,3.5776047162689618e-06,3.6043955835024367e-08,5.694477475466642e-06,2.6497213038816235e-12,3.056068877294559e-08,3.056333849424947e-08
t0_50s,50.0,70.04346384472568,1.494213625993952,1494213625.993952,0.00011425331971986944,1.016983020613565e-09,10.169830206135652,1.0000000000000007,4.818846701062842e-09,4.818846701062842e-09,0.7500993252181232,0.7500993252181232,2.4494102665665845e-06,4.898820533133169e-06,2.3263624950250882e-08,6.979087485075265e-08,4.24906484810402e-06,1.274719454431206e-05,0.06247069683569846,0.24988278734279384,1.710421059050575e-12,1.1972947413354025e-11,2.382890166464531e-08,1.6680231165251715e-07,3.2654479003221535e-06,3.101405929606189e-08,5.664669604746577e-06,2.28025942904721e-12,3.176766177961305e-08,3.176994203904209e-08
t0_50s,50.0,70.80927024225272,1.4880073356181998,1488007335.6181998,0.00011220828355801078,1.0113294503952754e-09,10.113294503952753,1.0000000000000007,3.95065091368993e-09,3.95065091368993e-09,0.7500993407043965,0.7500993407043965,2.239741064706032e-06,4.479482129412064e-06,2.005397292314147e-08,6.016191876942441e-08,4.228618343785019e-06,1.2685855031355056e-05,0.06247081420126924,0.24988325680507695,1.4747657925551917e-12,1.0323360547886343e-11,2.4718639056212698e-08,1.730304733934889e-07,2.9859259209623566e-06,2.6735089387372833e-08,5.637411092528153e-06,1.966093972526735e-12,3.295382053395773e-08,3.295578662793026e-08
t0_50s,50.0,71.58344943298987,1.4818268233772187,1481826823.3772187,0.00011019985178465952,1.0057073092722252e-09,10.057073092722252,1.0000000000000007,3.251915517537339e-09,3.251915517537339e-09,0.7500993551415841,0.7500993551415841,2.0515160357470094e-06,4.103032071494019e-06,1.7317542235287286e-08,5.195262670586186e-08,4.209877869087599e-06,1.2629633607262796e-05,0.062470919457310925,0.2498836778292437,1.2739357129869207e-12,8.917549990908444e-12,2.5592862048628223e-08,1.7915003434039756e-07,2.7349924002531346e-06,2.3086997897789867e-08,5.612426994145287e-06,1.6983559634529488e-12,3.411929616150313e-08,3.412099451746658e-08
t0_50s,50.0,72.36609295922037,1.4756719822002484,1475671982.2002485,0.0001082273692127424,1.0001164225250805e-09,10.001164225250806,1.0000000000000007,2.6870032126108343e-09,2.6870032126108343e-09,0.750099368599225,0.750099368599225,1.8821441403939446e-06,3.7642882807878892e-06,1.4979797492742555e-08,4.4939392478227664e-08,4.192663823463821e-06,1.2577991470391462e-05,0.06247101408126545,0.2498840563250618,1.1024251615815924e-12,7.716976131071147e-12,2.6451692883429174e-08,1.851618501840042e-07,2.509193073857347e-06,1.9970417413784277e-08,5.589477873169553e-06,1.4697054920074378e-12,3.5264251632189024e-08,3.5265721337681033e-08
t0_50s,50.0,73.157293364087,1.469542705461251,1469542705.461251,0.00010629019238247093,9.945566164057993e-10,9.945566164057993,1.0000000000000007,2.2283184321813773e-09,2.2283184321813773e-09,0.7500993811448251,0.7500993811448251,1.729402554133571e-06,3.458805108267142e-06,1.2978808145179207e-08,3.893642443553762e-08,4.176819219683443e-06,1.253045765905033e-05,0.06247109933851678,0.24988439735406712,9.556615239384616e-13,6.689630667569231e-12,2.729527267834828e-08,1.9106690874843795e-07,2.3055645659833804e-06,1.7302784766160644e-08,5.568354440325829e-06,1.274046543645858e-12,3.638887508037852e-08,3.639014912692217e-08
t0_50s,50.0,73.9571442025346,1.4634388869770674,1463438886.9770675,0.00010438768935143413,9.890277181322343e-10,9.890277181322343,1.0000000000000009,1.8543696479482126e-09,1.8543696479482126e-09,0.7500993928429484,0.7500993928429484,1.591375763325975e-06,3.18275152665195e-06,1.126294341845852e-08,3.378883025537556e-08,4.162206364887438e-06,1.2486619094662314e-05,0.062471176317780014,0.24988470527112006,8.298350747125705e-13,5.8088455229879935e-12,2.812375748041651e-08,1.9686630236291558e-07,2.121553194829966e-06,1.5015268011044362e-08,5.548873128816006e-06,1.1063001551933221e-12,3.749337454310526e-08,3.7494480843260453e-08
t0_50s,50.0,74.76574005237266,1.4573604210055735,1457360421.0055735,0.0001025192394884458,9.835295558827576e-10,9.835295558827577,1.0000000000000009,1.548318999314531e-09,1.548318999314531e-09,0.7500994037547025,0.7500994037547025,1.4664058897277035e-06,2.932811779455407e-06,9.789016008597605e-09,2.9367048025792818e-08,4.148704078551074e-06,1.2446112235653221e-05,0.06247124595991454,0.24988498383965815,7.217610275150816e-13,5.052327192605571e-12,2.8937315105530317e-08,2.0256120573871222e-07,1.9549487473092933e-06,1.3050291680806094e-08,5.530872385425576e-06,9.622205055786337e-13,3.85779737467881e-08,3.857893596729368e-08
t0_50s,50.0,75.58317652545855,1.4513072022438496,1451307202.2438495,0.00010068423327108421,9.78061958790926e-10,9.78061958790926,1.0000000000000009,1.2969141060901597e-09,1.2969141060901597e-09,0.7500994139375001,0.7500994139375001,1.3530526088995156e-06,2.706105217799031e-06,8.520804240618593e-09,2.5562412721855778e-08,4.1362053943571914e-06,1.2408616183071574e-05,0.062471309081128266,0.24988523632451307,6.287736037137053e-13,4.401415225995938e-12,2.9736122655726485e-08,2.0815285859008538e-07,1.8038310439371372e-06,1.135956658850098e-08,5.51420960675731e-06,8.38253692817971e-13,3.96429087974253e-08,3.964374705111812e-08
t0_50s,50.0,76.40955027900283,1.4452791258263598,1445279125.8263597,9.888207208685568e-05,9.726247569401735e-10,9.726247569401735,1.0000000000000009,1.0896701238421902e-09,1.0896701238421902e-09,0.7500994234449829,0.7500994234449829,1.2500601660226018e-06,2.5001203320452037e-06,7.427851379522258e-09,2.2283554138566775e-08,4.124615623523968e-06,1.2373846870571904e-05,0.062471366392049796,0.24988546556819918,5.486288791665866e-13,3.8404021541661066e-12,3.052036449555871e-08,2.1364255146891097e-07,1.6665259656932521e-06,9.902489119920066e-09,5.49875855734009e-06,7.314082133897635e-13,4.068842548283504e-08,4.068915689104843e-08
t0_50s,50.0,77.24495902699879,1.4392760873231303,1439276087.3231304,9.711216803791479e-05,9.672177813585252e-10,9.672177813585252,1.0000000000000009,9.182525977469114e-10,9.182525977469114e-10,0.7500994323270742,0.7500994323270742,1.1563298757268016e-06,2.312659751453603e-06,6.48448054101366e-09,1.945344162304098e-08,4.113850706136491e-06,1.2341552118409473e-05,0.06247141851359801,0.24988567405439205,4.79440071895315e-13,3.3560805032672045e-12,3.129023063316963e-08,2.1903161443218745e-07,1.5415687919392987e-06,8.644827954204023e-09,5.484407171691716e-06,6.391686904867026e-13,4.171477711441035e-08,4.171541628310084e-08
t0_50s,50.0,78.08950155177635,1.4332979827379424,1433297982.7379425,9.537394374928142e-05,9.618408640133446e-10,9.618408640133447,1.0000000000000009,7.76008990886938e-10,7.76008990886938e-10,0.7500994406300985,0.7500994406300985,1.0708975452328196e-06,2.141795090465639e-06,5.6689986855096e-09,1.7006996056528802e-08,4.10383583064952e-06,1.2311507491948562e-05,0.06247146598999243,0.24988586395996973,4.19613892417786e-13,2.9372972469245017e-12,3.204591541350729e-08,2.2432140789455103e-07,1.4276741018940692e-06,7.557662862336664e-09,5.471055713896035e-06,5.594110189780997e-13,4.2722222785005785e-08,4.272278219602476e-08
t0_50s,50.0,78.94327771568244,1.4273447085065327,1427344708.5065327,9.366683218049228e-05,9.564938378061226e-10,9.564938378061226,1.0000000000000009,6.576074146065319e-10,6.576074146065319e-10,0.750099448396944,0.750099448396944,9.929146247409255e-07,1.985829249481851e-06,4.963042627561934e-09,1.4889127882685802e-08,4.0945042595435e-06,1.2283512778630501e-05,0.06247150929960093,0.24988603719840372,3.6780294087715103e-13,2.574620586140057e-12,3.278761644141225e-08,2.2951331508988574e-07,1.323710645119001e-06,6.616512834622895e-09,5.458615212014842e-06,4.903389032790142e-13,4.371102593327254e-08,4.371151627217582e-08
t0_50s,50.0,79.80638847288942,1.4214161614947944,1421416161.4947944,9.199027644061961e-05,9.511765365672723e-10,9.511765365672723,1.000000000000001,5.587553109979229e-10,5.587553109979229e-10,0.7500994556672609,0.7500994556672609,9.216320566807268e-07,1.8432641133614537e-06,4.351030347021825e-09,1.3053091041065475e-08,4.085796304244431e-06,1.2257388912733293e-05,0.06247154886421793,0.2498861954568717,3.2286485423656063e-13,2.2600539796559243e-12,3.351553371316867e-08,2.3460873599218067e-07,1.2286798100138293e-06,5.800604592028811e-09,5.447006091492036e-06,4.3042939412527895e-13,4.468145318590384e-08,4.468188361529796e-08
t0_50s,50.0,80.67893588133215,1.4155122389969947,1415512238.9969947,9.034372960660439e-05,9.458887950509674e-10,9.458887950509673,1.000000000000001,4.759866481768753e-10,4.759866481768753e-10,0.7500994624776599,0.7500994624776599,8.56387061401071e-07,1.712774122802142e-06,3.819720291672918e-09,1.1459160875018755e-08,4.077658473946896e-06,1.2232975421840688e-05,0.06247158505664497,0.24988634022657988,2.838297480165815e-13,1.9868082361160706e-12,3.42298688965932e-08,2.396090822761524e-07,1.1416980070514004e-06,5.092285067177582e-09,5.43615704039828e-06,3.783894832814052e-13,4.563377339790144e-08,4.563415178738472e-08
t0_50s,50.0,81.56102311477568,1.409632838733995,1409632838.733995,8.872665454484078e-05,9.40630448930017e-10,9.40630448930017,1.000000000000001,4.0649131071974955e-10,4.0649131071974955e-10,0.750099468861916,0.750099468861916,7.965918182933208e-07,1.5931836365866417e-06,3.357840634897538e-09,1.0073521904692615e-08,4.07004273400895e-06,1.221012820202685e-05,0.06247161820717777,0.24988647282871107,2.498726687137259e-13,1.7491086809960813e-12,3.493082471915464e-08,2.445157730340825e-07,1.061981578925719e-06,4.476527146449259e-09,5.426004020752339e-06,3.3311937827771523e-13,4.656825683686089e-08,4.656858995623917e-08
t0_50s,50.0,82.45275447501518,1.4037778588514767,1403777858.8514767,8.713852373595188e-05,9.354013347907466e-10,9.354013347907467,1.0000000000000009,3.4798344160759966e-10,3.4798344160759966e-10,0.7500994748511732,0.7500994748511732,7.41723725524666e-07,1.483447451049332e-06,2.955778237842441e-09,8.867334713527323e-09,4.062905858580872e-06,1.2188717575742616e-05,0.062471648609177366,0.24988659443670946,2.2029055484253258e-13,1.542033883897728e-12,3.5618604471181316e-08,2.493302312982692e-07,9.888338152374135e-07,3.940515007598019e-09,5.416489405471175e-06,2.9368178785385805e-13,4.748517452068391e-08,4.7485468202471766e-08
t0_50s,50.0,83.35423540420895,1.3979471979181788,1397947197.9181788,8.557881910270427e-05,9.302012901279255e-10,9.302012901279255,1.000000000000001,2.9859767155578993e-10,2.9859767155578993e-10,0.7500994804741377,0.7500994804741377,6.913172495956598e-07,1.3826344991913195e-06,2.6053238667366913e-09,7.815971600210074e-09,4.0562088809633994e-06,1.2168626642890199e-05,0.06247167652372741,0.24988670609490965,1.9448338460384085e-13,1.361383692226886e-12,3.629341157739883e-08,2.540538810417918e-07,9.216340866663157e-07,3.4733044543503308e-09,5.40756124560901e-06,2.592767888346063e-13,4.838479764638388e-08,4.8385056923172717e-08
t0_50s,50.0,84.26557249734618,1.3921407549241402,1392140754.9241402,8.404703184100098e-05,9.25030153339712e-10,9.250301533397119,1.0000000000000009,2.568060701490679e-10,2.568060701490679e-10,0.7500994857572647,0.7500994857572647,6.449567764125889e-07,1.2899135528251778e-06,2.299454021023027e-09,6.89836206306908e-09,4.0499166051236735e-06,1.214974981537102e-05,0.06247170218371293,0.24988680873485172,1.719380635015619e-13,1.2035664445109333e-12,3.695544923673385e-08,2.5868814465713693e-07,8.598283143221612e-07,3.0655320589929584e-09,5.399172619129409e-06,2.2922034578917414e-13,4.9267397109898546e-08,4.926762633024434e-08
t0_50s,50.0,85.18687351485157,1.386358429278949,1386358429.278949,8.254266225390113e-05,9.198877637226379e-10,9.19887763722638,1.0000000000000009,2.2135435859103865e-10,2.2135435859103865e-10,0.7500994907249351,0.7500994907249351,6.0227059988838e-07,1.20454119977676e-06,2.032152532801156e-09,6.096457598403468e-09,4.043997189602425e-06,1.2131991568807273e-05,0.06247172579724475,0.249886903188979,1.52215296045209e-13,1.065507072316463e-12,3.760492011696006e-08,2.632344408187204e-07,8.02920955600589e-07,2.7091773263799688e-09,5.391281076186434e-06,2.0292680894650419e-13,5.013324309901439e-08,5.0133446025823334e-08
t0_50s,50.0,86.11824739532692,1.380600120810002,1380600120.810002,8.106521958860973e-05,9.147739614666141e-10,9.147739614666142,1.000000000000001,1.912093411954154e-10,1.912093411954154e-10,0.7500994953996177,0.7500994953996177,5.62925677869697e-07,1.125851355739394e-06,1.7982586758052425e-09,5.394776027415728e-09,4.0384217799219425e-06,1.2115265339765827e-05,0.062471747550643816,0.24988699020257527,1.3493837998448861e-13,9.445686598914202e-13,3.82420260890995e-08,2.676941826236965e-07,7.504680130064568e-07,2.397360199325577e-09,5.38384814906516e-06,1.7989397514872315e-13,5.0982604739289887e-08,5.098278463326504e-08
t0_50s,50.0,87.05980426843294,1.374865729760767,1374865729.760767,7.961422187638405e-05,9.096885876499546e-10,9.096885876499545,1.0000000000000013,1.655174468765251e-10,1.655174468765251e-10,0.7500994998020235,0.7500994998020235,5.266230832403979e-07,1.0532461664807957e-06,1.5933390183143544e-09,4.780017054943063e-09,4.033164185992887e-06,1.2099492557978661e-05,0.06247176761102607,0.24988707044410427,1.1978379022677606e-13,8.384865315874324e-13,3.886696799869656e-08,2.720687759908759e-07,7.020709697572007e-07,2.1241702183975463e-09,5.376838922112832e-06,1.5969053473358005e-13,5.1815749789134455e-08,5.1815909479669186e-08
t0_50s,50.0,88.01165546791127,1.3691551567890536,1369155156.7890537,7.818919577530734e-05,9.046314842344471e-10,9.046314842344472,1.0000000000000009,1.4357175650139236e-10,1.4357175650139236e-10,0.7500995039512465,0.7500995039512465,4.930940805036699e-07,9.861881610073399e-07,1.4135801885668172e-09,4.240740565700451e-09,4.02820060063805e-06,1.208460180191415e-05,0.06247178612852893,0.24988714451411573,1.0647323825131958e-13,7.453126677592371e-13,3.9479945468857114e-08,2.763596182819998e-07,6.573715592481169e-07,1.8845235613683252e-09,5.370221656485547e-06,1.419454854862028e-13,5.2632944377234455e-08,5.263308632271994e-08
t0_50s,50.0,88.97391354474887,1.3634683029652979,1363468302.965298,7.678967641587677e-05,8.996024940604411e-10,8.99602494060441,1.000000000000001,1.2478509068872827e-10,1.2478509068872827e-10,0.7500995078648968,0.7500995078648968,4.6209669470351445e-07,9.241933894070289e-07,1.2556977277062794e-09,3.767093183118838e-09,4.023509350722878e-06,1.2070528052168635e-05,0.06247180323825601,0.24988721295302405,9.476705776319845e-14,6.633694043423892e-13,4.008115672770118e-08,2.805680970939083e-07,6.16047190883832e-07,1.6740415298771903e-09,5.36396745836496e-06,1.263393146769899e-13,5.343445277252515e-08,5.3434579111839825e-08
t0_50s,50.0,89.94669228048693,1.357805069770842,1357805069.7708418,7.541520724935331e-05,8.9460146084196e-10,8.9460146084196,1.000000000000001,1.086685544919949e-10,1.086685544919949e-10,0.7500995115592193,0.7500995115592193,4.3341272511033033e-07,8.668254502206607e-07,1.1168592231016461e-09,3.3505776693049383e-09,4.019070678207673e-06,1.2057212034623019e-05,0.06247181906196757,0.24988727624787027,8.445862120735318e-14,5.912103484514722e-13,4.0670798458020085e-08,2.846955892061406e-07,5.778069688505764e-07,1.4889480740762644e-09,5.358049987065447e-06,1.1259655539808373e-13,5.4220537183764295e-08,5.4220649780319696e-08
t0_50s,50.0,90.9301067006745,1.3521653590962317,1352165359.0962317,7.406533989882789e-05,8.896282291618443e-10,8.896282291618443,1.0000000000000009,9.481405415506705e-11,9.481405415506705e-11,0.7500995150492067,0.7500995150492067,4.0684512942339464e-07,8.136902588467893e-07,9.946190566420117e-10,2.9838571699260352e-09,4.01486654638761e-06,1.204459963916283e-05,0.06247183370955945,0.2498873348382378,7.53693941491872e-14,5.275857590443104e-13,4.1249065666195554e-08,2.8874345966336887e-07,5.423882048460004e-07,1.3259828018643159e-09,5.352445196720643e-06,1.0047919327643206e-13,5.499145758478408e-08,5.4991558063977356e-08
t0_50s,50.0,91.92427308846992,1.3465490732395142,1346549073.239514,7.273963401295216e-05,8.846826444669232e-10,8.846826444669233,1.0000000000000009,8.288004206463889e-11,8.288004206463889e-11,0.7500995183487014,0.7500995183487014,3.8221572163631797e-07,7.644314432726359e-07,8.868628099322716e-10,2.6605884297968147e-09,4.010880467623201e-06,1.2032641402869601e-05,0.06247184728036317,0.24988738912145267,6.734504247957121e-14,4.714152973569984e-13,4.18161515677227e-08,2.927130609740589e-07,5.095533489712708e-07,1.182326862287082e-09,5.34713110662024e-06,8.978147676701251e-14,5.574747156187812e-08,5.574756134335488e-08
t0_50s,50.0,92.92930899839051,1.3409561149045464,1340956114.9045463,7.143765712228859e-05,8.797645530632154e-10,8.797645530632154,1.0000000000000009,7.25800938748721e-11,7.25800938748721e-11,0.7500995214704888,0.7500995214704888,3.5936316710949517e-07,7.187263342189903e-07,7.917604715688151e-10,2.3752814147064455e-09,4.007097351836021e-06,1.2021292055508062e-05,0.06247185986427671,0.24988743945710684,6.025193961041224e-14,4.217635772728857e-13,4.2372247485898213e-08,2.966057324012875e-07,4.790873168469734e-07,1.0555405634930343e-09,5.3420875992302215e-06,8.032526069646712e-14,5.64888341787394e-08,5.64889145040001e-08
t0_50s,50.0,93.94533327021256,1.3353863871993112,1335386387.1993113,7.01589844982305e-05,8.748738021111436e-10,8.748738021111436,1.000000000000001,6.367341408046693e-11,6.367341408046693e-11,0.7500995244263843,0.7500995244263843,3.381412023937446e-07,6.762824047874892e-07,7.077262392724026e-10,2.123178717817208e-09,4.003503370721899e-06,1.2010510112165697e-05,0.06247187154276764,0.24988748617107057,5.3974216745740955e-14,3.778195172201867e-13,4.29175427642446e-08,3.004227993497122e-07,4.5079511635782966e-07,9.435097826699926e-10,5.337296239167004e-06,7.195607381169331e-14,5.721579785970999e-08,5.7215869815783806e-08
t0_50s,50.0,94.97246604302379,1.329839793634236,1329839793.634236,6.890319901444796e-05,8.700102396207935e-10,8.700102396207935,1.0000000000000009,5.5957088337768145e-11,5.5957088337768145e-11,0.7500995272273114,0.7500995272273114,3.184170648719859e-07,6.368341297439718e-07,6.33384259510191e-10,1.900152778530573e-09,4.000085836818838e-06,1.2000257510456513e-05,0.06247188238975694,0.24988752955902777,4.8411330604567826e-14,3.3887931423197476e-13,4.3452224689831616e-08,3.041655728288213e-07,4.2449975411795223e-07,8.444002915872377e-10,5.33274011197536e-06,6.453987617285509e-14,5.792861228755818e-08,5.7928676827434357e-08
t0_50s,50.0,96.0108287694289,1.3243162381205227,1324316238.1205227,6.766989101081365e-05,8.65173714447186e-10,8.651737144471861,1.0000000000000009,4.925980021619503e-11,4.925980021619503e-11,0.7500995298833755,0.7500995298833755,3.0007010777115873e-07,6.001402155423175e-07,5.675395069057345e-10,1.7026185207172037e-09,3.996833095899054e-06,1.1990499287697163e-05,0.06247189247239767,0.24988756988959068,4.3475876359246574e-14,3.04331134514726e-13,4.3976478427021155e-08,3.078353489891481e-07,4.0004038906385295e-07,7.566189342819277e-10,5.32840368066952e-06,5.796014345723713e-14,5.86275243151513e-08,5.862758227529476e-08
t0_50s,50.0,97.06054422991059,1.3188156249684826,1318815624.9684825,6.645865815976431e-05,8.603640762855827e-10,8.603640762855827,1.000000000000001,4.34365785608407e-11,4.34365785608407e-11,0.7500995324039281,0.7500995324039281,2.82990572754851e-07,5.65981145509702e-07,5.091528537856147e-10,1.5274585613568442e-09,3.993734430739313e-06,1.198120329221794e-05,0.06247190185176444,0.24988760740705776,3.909179834326502e-14,2.7364258840285513e-13,4.4490486959383456e-08,3.114334087156842e-07,3.7727069612737843e-07,6.787803908554315e-10,5.324272657443399e-06,5.211548155213902e-14,5.9312777888022144e-08,5.9312830003503694e-08
t0_50s,50.0,98.12173654734787,1.313337858885879,1313337858.885879,6.526910533505371e-05,8.55581175666808e-10,8.55581175666808,1.000000000000001,3.836448012316967e-11,3.836448012316967e-11,0.7500995347976294,0.7500995347976294,2.6707849400814795e-07,5.341569880162959e-07,4.573196178639733e-10,1.3719588535919199e-09,3.990779974433416e-06,1.1972339923300248e-05,0.06247191058346834,0.24988764233387337,3.519284486353902e-14,2.4634991404477313e-13,4.4994431041520206e-08,3.1496101729064145e-07,3.5605740520850143e-07,6.096785781734344e-10,5.320333888102058e-06,4.6917566577392635e-14,5.998461398014242e-08,5.9984660897709e-08
t0_50s,50.0,99.19453120169277,1.307882844976276,1307882844.9762762,6.410084448285581e-05,8.508248639526132e-10,8.508248639526132,1.000000000000001,3.393905348051973e-11,3.393905348051973e-11,0.7500995370725032,0.7500995370725032,2.5224273159735087e-07,5.044854631947017e-07,4.112513418404046e-10,1.2337540255212138e-09,3.987960633283795e-06,1.1963881899851385e-05,0.06247191871819892,0.24988767487279567,3.17212255540525e-14,2.2204857887836753e-13,4.5488489156706e-08,3.18419424096942e-07,3.362790124918709e-07,5.482623592136064e-10,5.316575249263653e-06,4.2289354927286656e-14,6.064327053745291e-08,6.064331282680784e-08
t0_50s,50.0,100.27905504480755,1.302450488737396,1302450488.737396,6.29534944951747e-05,8.460949933310562e-10,8.460949933310562,1.0000000000000013,3.007139167020354e-11,3.007139167020354e-11,0.7500995392359874,0.7500995392359874,2.3840011045842333e-07,4.7680022091684666e-07,3.702601541952571e-10,1.1107804625857713e-09,3.9852680175434395e-06,1.1955804052630319e-05,0.06247192630220642,0.24988770520882567,2.862647098489749e-14,2.0038529689428241e-13,4.597283748106661e-08,3.2180986236746626e-07,3.178246325830907e-07,4.936146935543848e-10,5.312985556027174e-06,3.81635629506651e-14,6.12889824301081e-08,6.128902059367105e-08
t0_50s,50.0,101.37543631546419,1.29704069605948,1297040696.05948,6.182668108551923e-05,8.413914168118976e-10,8.413914168118977,1.000000000000001,2.6685646876240896e-11,2.6685646876240896e-11,0.750099541294981,0.750099541294981,2.2547464535523522e-07,4.5094929071047045e-07,3.337451976433366e-10,1.00123559293001e-09,3.982694378527913e-06,1.1948083135583739e-05,0.06247193337773564,0.24988773351094257,2.5864462773046612e-14,1.810512394113263e-13,4.644764985561751e-08,3.251335489893226e-07,3.005929652562819e-07,4.449345443768101e-10,5.309554478132517e-06,3.448137393657632e-14,6.192198141519954e-08,6.192201589657347e-08
t0_50s,50.0,102.48380465450835,1.2916533732236581,1291653373.223658,6.072003666680457e-05,8.367139882220428e-10,8.367139882220428,1.000000000000001,2.3717010641561547e-11,2.3717010641561547e-11,0.7500995432558872,0.7500995432558872,2.1339685292984557e-07,4.2679370585969113e-07,3.0118105534223614e-10,9.035431660267085e-10,3.980232552358521e-06,1.1940697657075564e-05,0.06247193998341065,0.2498877599336426,2.339657547397378e-14,1.6377602831781645e-13,4.691309776310368e-08,3.2839168434172577e-07,2.844913783090358e-07,4.0152144878655383e-10,5.306272464960979e-06,3.1191294121335477e-14,6.254249610587998e-08,6.254252729717411e-08
t0_50s,50.0,103.60429112018785,1.2862884269003283,1286288426.9003284,5.963320023143923e-05,8.320625622010013e-10,8.320625622010013,1.000000000000001,2.1110001744457807e-11,2.1110001744457807e-11,0.750099545124652,0.750099545124652,2.0210313916443477e-07,4.0420627832886953e-07,2.721078337475857e-10,8.163235012427572e-10,3.9778759094467856e-06,1.1933627728340356e-05,0.062471946154577095,0.24988778461830838,2.1188971623427103e-14,1.4832280136398972e-13,4.7369350308631844e-08,3.315854521604229e-07,2.694350909529603e-07,3.627622967060547e-10,5.3031306781898385e-06,2.8248212868741184e-14,6.315075194554341e-08,6.315078019375628e-08
t0_50s,50.0,104.73702820365048,1.2809457641475352,1280945764.1475353,5.856581723355636e-05,8.274369941963595e-10,8.274369941963595,1.000000000000001,1.8817031125873742e-11,1.8817031125873742e-11,0.7500995469068001,0.7500995469068001,1.9153524532299703e-07,3.8307049064599405e-07,2.461225195848447e-10,7.383675587545341e-10,3.975618308434112e-06,1.1926854925302336e-05,0.062471951923611616,0.24988780769444646,1.9211959332186356e-14,1.344837153253045e-13,4.781657420693849e-08,3.347160194485694e-07,2.5534643516695163e-07,3.281198083638163e-10,5.300120930386433e-06,2.561254624324342e-14,6.374697119085141e-08,6.374699680339765e-08
t0_50s,50.0,105.8821498446095,1.2756252924093652,1275625292.4093652,5.7517539473355655e-05,8.228371404592944e-10,8.228371404592945,1.000000000000001,1.6797218334595446e-11,1.6797218334595446e-11,0.7500995486074679,0.7500995486074679,1.8163975411770154e-07,3.632795082354031e-07,2.2287157914574746e-10,6.686147374372423e-10,3.973454054828273e-06,1.1920362164484818e-05,0.06247195732019751,0.24988782928079004,1.7439468227467336e-14,1.2207627759227134e-13,4.825493377254964e-08,3.3778453640784746e-07,2.4215419733941855e-07,2.971226679972016e-10,5.2972356298638544e-06,2.3249538357732738e-14,6.433137289861479e-08,6.433139614815315e-08
t0_50s,50.0,107.03979144718174,1.2703269195143376,1270326919.5143375,5.648802498351355e-05,8.182628580401066e-10,8.182628580401067,1.0000000000000009,1.5015383316934627e-11,1.5015383316934627e-11,0.7500995502314332,0.7500995502314332,1.7236764646647993e-07,3.4473529293295986e-07,2.0204457497719816e-10,6.061337249315944e-10,3.971377863576647e-06,1.1914133590729941e-05,0.062471962371571925,0.2498878494862877,1.5848571049386452e-14,1.1093999734570516e-13,4.8684590913771326e-08,3.407921363963993e-07,2.2979302735656648e-07,2.6935701389883517e-10,5.294467730784976e-06,2.112862358669138e-14,6.490417291778185e-08,6.490419404640544e-08
t0_50s,50.0,108.21008989589814,1.2650505536738135,1265050553.6738136,5.547693791762787e-05,8.137140047837776e-10,8.137140047837777,1.0000000000000009,1.3441191637256671e-11,1.3441191637256671e-11,0.750099551783144,0.750099551783144,1.6367389722880058e-07,3.2734779445760115e-07,1.8336856317230378e-10,5.501056895169113e-10,3.969384824650471e-06,1.1908154473951414e-05,0.062471967102751214,0.24988786841100485,1.4419088199617213e-14,1.0093361739732049e-13,4.910570513365735e-08,3.437399359356015e-07,2.18202899654737e-07,2.444589691280287e-10,5.291810687280655e-06,1.9222899367610625e-14,6.546558389072862e-08,6.546560311362799e-08
t0_50s,50.0,109.39318357188994,1.2597961034803988,1259796103.480399,5.4483948440657615e-05,8.091904393255503e-10,8.091904393255502,1.000000000000001,1.2048455759686576e-11,1.2048455759686576e-11,0.7500995532667427,0.7500995532667427,1.5551712009440732e-07,3.1103424018881463e-07,1.6660336945740128e-10,4.998101083722038e-10,3.967470372604249e-06,1.1902411117812747e-05,0.0624719715367288,0.2498878861469152,1.3133237714555059e-14,9.193266400188541e-14,4.951843352858656e-08,3.4662903470010594e-07,2.0732863980136768e-07,2.2210834379494091e-10,5.289258412867469e-06,1.750865956039938e-14,6.601581525136214e-08,6.60158327600217e-08
t0_50s,50.0,110.5892123692509,1.2545634779063684,1254563477.9063683,5.3508732621325744e-05,8.046920210865353e-10,8.046920210865352,1.0000000000000009,1.0814528907473814e-11,1.0814528907473814e-11,0.7500995546860895,0.7500995546860895,1.478592416262032e-07,2.957184832524064e-07,1.5153742171073248e-10,4.546122651321974e-10,3.9656302584057636e-06,1.189689077521729e-05,0.06247197569465672,0.24988790277862688,1.1975342784858682e-14,8.382739949401078e-14,4.992293079411552e-08,3.494605155588086e-07,1.971194899430131e-07,2.0202307915533913e-10,5.286805242892522e-06,1.5965004525126353e-14,6.655507323292287e-08,6.655508919792739e-08
t0_50s,50.0,111.79831771157927,1.2493525863020831,1249352586.302083,5.255097232644638e-05,8.002186102693447e-10,8.002186102693447,1.0000000000000009,9.719793981957996e-12,9.719793981957996e-12,0.7500995560447845,0.7500995560447845,1.406652097207616e-07,2.813304194415232e-07,1.3798415861586498e-10,4.1395247584759493e-10,3.963860524058451e-06,1.1891581572175353e-05,0.06247197959600787,0.2498879183840315,1.0931533048045432e-14,7.652073133631802e-14,5.0319349230871645e-08,3.522354446161015e-07,1.875287201374683e-07,1.8395445978323798e-10,5.284445900700932e-06,1.4573442898282116e-14,6.708356087584105e-08,6.708357544928396e-08
t0_50s,50.0,113.02064256870061,1.244163338394422,1244163338.394422,5.161035511714417e-05,7.957700678537488e-10,7.957700678537488,1.000000000000001,8.74723159220368e-12,8.74723159220368e-12,0.7500995573461866,0.7500995573461866,1.3390272748809632e-07,2.6780545497619265e-07,1.2577888583786182e-10,3.773366575135854e-10,3.962157479251206e-06,1.1886472437753617e-05,0.062471983258724155,0.24988793303489662,9.989612256378498e-15,6.992728579464949e-14,5.070783875564441e-08,3.549548712895109e-07,1.785132735737603e-07,1.6768292236148093e-10,5.282175466506225e-06,1.3317715173331429e-14,6.760147804252294e-08,6.760149136023811e-08
t0_50s,50.0,114.25633147357259,1.2389956442852177,1238995644.2852178,5.068657414693055e-05,7.913462555923484e-10,7.913462555923484,1.000000000000001,7.88205461224014e-12,7.88205461224014e-12,0.7500995585934319,0.7500995585934319,1.2754201459777144e-07,2.550840291955429e-07,1.1477607127699185e-10,3.443282138309755e-10,3.960517680262884e-06,1.1881553040788651e-05,0.062471986699349134,0.24988794679739654,9.138673305550638e-15,6.397071313885447e-14,5.108854691354436e-08,3.5761982839481053e-07,1.7003344840908193e-07,1.5301444983145582e-10,5.27998934926658e-06,1.2183280473711052e-14,6.810902143356055e-08,6.810903361684103e-08
t0_50s,50.0,115.5055305393754,1.2338494144497008,1233849414.4497008,4.977932806160584e-05,7.869470360062897e-10,7.8694703600628975,1.000000000000001,7.111398498033817e-12,7.111398498033817e-12,0.75009955978945,0.75009955978945,1.2155559324552138e-07,2.4311118649104276e-07,1.0484700543942705e-10,3.1454101631828116e-10,3.958937910919569e-06,1.1876813732758706e-05,0.06247198993314714,0.24988795973258857,8.369176076775294e-15,5.858423253742706e-14,5.146161888925424e-08,3.602313322247797e-07,1.6205261242873089e-07,1.3977745230094147e-10,5.277883261297776e-06,1.1157420328475448e-14,6.860638460273103e-08,6.860639576015136e-08
t0_50s,50.0,116.76838747678926,1.2287245597349454,1228724559.7349455,4.888832090095074e-05,7.825722723809796e-10,7.825722723809796,1.0000000000000016,6.424051320907672e-12,6.424051320907672e-12,0.7500995609369799,0.7500995609369799,1.1591808936454751e-07,2.3183617872909501e-07,9.587771805905842e-11,2.876331541771753e-10,3.95741516474802e-06,1.187224549424406e-05,0.062471992974213734,0.24988797189685494,7.672592601512856e-15,5.370814821058999e-14,5.1827197526259265e-08,3.627903826838149e-07,1.5453693802959903e-07,1.278199895748421e-10,5.2758531944808115e-06,1.0228765621364593e-14,6.90937579826334e-08,6.909376821139902e-08
t0_50s,50.0,118.04505161145964,1.2236209913583276,1223620991.3583276,4.80132620021797e-05,7.782218287618489e-10,7.782218287618488,1.0000000000000016,5.8102281850280565e-12,5.8102281850280565e-12,0.7500995620385827,0.7500995620385827,1.106060532488047e-07,2.212121064976094e-07,8.776717996460945e-11,2.6330153989382837e-10,3.955946628741411e-06,1.1867839886224234e-05,0.062471995835575354,0.24988798334230142,7.041367827426515e-15,4.92895747919856e-14,5.218542335043551e-08,3.652979634530486e-07,1.474551630828915e-07,1.1700737396257136e-10,5.273895398619003e-06,9.387244285665013e-15,6.957132891613561e-08,6.957133830337989e-08
t0_50s,50.0,119.33567390165445,1.2185386209059879,1218538620.9059877,4.715386590512103e-05,7.738955699501168e-10,7.738955699501168,1.0000000000000013,5.261383014254213e-12,5.261383014254213e-12,0.750099563096656,0.750099563096656,1.0559780688814397e-07,2.1119561377628794e-07,8.042580173391481e-11,2.4127740520174443e-10,3.954529669583412e-06,1.1863589008750236e-05,0.06247199852927418,0.24988799411709672,6.468791081793577e-15,4.5281537572555035e-14,5.2536434563173023e-08,3.6775504194221114e-07,1.407783874079352e-07,1.0722016874918688e-10,5.272006363072419e-06,8.623909944818916e-15,7.003928164720621e-08,7.003929027111615e-08
t0_50s,50.0,120.64040695611446,1.2134773603312952,1213477360.3312953,4.630985225909429e-05,7.69593361498594e-10,7.6959336149859405,1.0000000000000016,4.770035533253577e-12,4.770035533253577e-12,0.7500995641134448,0.7500995641134448,1.0087329173668299e-07,2.0174658347336599e-07,7.377402494543204e-11,2.2132207483629613e-10,3.953161819620467e-06,1.1859485458861401e-05,0.06247200106645276,0.24988800426581104,5.9488938643962804e-15,4.164225705077396e-14,5.288036707595136e-08,3.7016256953165953e-07,1.344798698235571e-07,9.835231011316051e-11,5.270182798056648e-06,7.93080565434987e-15,7.049779736700894e-08,7.04978052978146e-08
t0_50s,50.0,121.95940505209762,1.2084371219533272,1208437121.9533272,4.5480945731455684e-05,7.65315069707511e-10,7.65315069707511,1.0000000000000013,4.329630937821864e-12,4.329630937821864e-12,0.7500995650910522,0.7500995650910522,9.641393485491923e-08,1.9282786970983845e-07,6.7741126865417e-11,2.0322338059625103e-10,3.95184076449495e-06,1.185552229348485e-05,0.06247200345742822,0.24988801382971287,5.476361737093606e-15,3.8334532159655246e-14,5.3217354533257705e-08,3.725214817328039e-07,1.2853484969454133e-07,9.03095135872984e-11,5.268421618155783e-06,7.300846436871147e-15,7.094705424445595e-08,7.094706154530238e-08
t0_50s,50.0,123.29282415362186,1.2034178184553472,1203417818.4553473,4.466687591777838e-05,7.610605616203476e-10,7.610605616203476,1.0000000000000013,3.9344129500366376e-12,3.9344129500366376e-12,0.750099566031452,0.750099566031452,9.22025160469411e-08,1.844050320938822e-07,6.226410928091792e-11,1.8679232784275375e-10,3.950564330621517e-06,1.1851692991864551e-05,0.06247200571176616,0.24988802284706463,5.046452383193855e-15,3.532516668235698e-14,5.3547528377543965e-08,3.7483269864280777e-07,1.2292036980471336e-07,8.300779269922568e-11,5.266719925626338e-06,6.727710042405564e-15,7.138722751280554e-08,7.138723424051559e-08
t0_50s,50.0,124.64082192990732,1.1984193628832933,1198419362.8832934,4.386737725364255e-05,7.568297050197165e-10,7.568297050197165,1.0000000000000013,3.5793321775068673e-12,3.5793321775068673e-12,0.750099566936495,0.750099566936495,8.822307804509495e-08,1.764461560901899e-07,5.728692160290908e-11,1.7186076480872724e-10,3.949330477050966e-06,1.1847991431152897e-05,0.06247200783833044,0.24988803135332177,4.654941327035643e-15,3.2584589289249507e-14,5.3871017803664e-08,3.7709712462564803e-07,1.1761515661902001e-07,7.637242324625834e-11,5.265074999550459e-06,6.205764584089861e-15,7.181848940891981e-08,7.18184956146844e-08
t0_50s,50.0,126.00355777401906,1.1934416686442713,1193441668.6442714,4.308218892800293e-05,7.52622368423244e-10,7.5262236842324395,1.0000000000000013,3.259945113416e-12,3.259945113416e-12,0.7500995678079182,0.7500995678079182,8.446081946161687e-08,1.6892163892323374e-07,5.2759611191586315e-11,1.5827883357475894e-10,3.948137285288258e-06,1.1844411855864775e-05,0.062472009845342714,0.24988803938137086,4.298055830144629e-15,3.0086390811012404e-14,5.4187949801160755e-08,3.7931564860812527e-07,1.1259947757128316e-07,7.033681054605905e-11,5.2634842822616815e-06,5.7299804114075345e-15,7.224100922963995e-08,7.224101495962036e-08
t0_50s,50.0,127.38119282171479,1.188484649505056,1188484649.5050561,4.2311054798108036e-05,7.484384210794934e-10,7.484384210794934,1.0000000000000013,2.9723352717540883e-12,2.9723352717540883e-12,0.7500995686473543,0.7500995686473543,8.090199532650572e-08,1.6180399065301145e-07,4.863757330527553e-11,1.459127199158266e-10,3.946982949753551e-06,1.1840948849260654e-05,0.062472011740437504,0.24988804696175002,3.9724222545100515e-15,2.780695578157036e-14,5.449844920473134e-08,3.8148914443311937e-07,1.0785500846560322e-07,6.484148950116462e-11,5.261945366627926e-06,5.2958599371993695e-15,7.265495339906374e-08,7.265495869492367e-08
t0_50s,50.0,128.77388997049866,1.183548219590594,1183548219.590594,4.15537233059406e-05,7.442777329638869e-10,7.4427773296388695,1.0000000000000016,2.7130512532943348e-12,2.7130512532943348e-12,0.750099569456337,0.750099569456337,7.7533838402211e-08,1.55067676804422e-07,4.488097217400234e-11,1.3464291652200702e-10,3.945865770312552e-06,1.1837597310937655e-05,0.06247201353070603,0.2498880541228241,3.6750223139199704e-15,2.5725156197439792e-14,5.480263870358038e-08,3.836184709250627e-07,1.0336472857650961e-07,5.983335279945769e-11,5.260455986093242e-06,4.899379313847069e-15,7.306048548101509e-08,7.306049038039441e-08
t0_50s,50.0,130.18181389888213,1.1786322933825206,1178632293.3825207,4.080994739615627e-05,7.401401747746821e-10,7.401401747746822,1.0000000000000013,2.4790461886638373e-12,2.4790461886638373e-12,0.7500995702363091,0.7500995702363091,7.434448485804848e-08,1.4868896971609696e-07,4.1454212546437747e-11,1.2436263763931323e-10,3.9447841451303e-06,1.1834352435390902e-05,0.0624720152227374,0.2498880608909496,3.40315505835893e-15,2.382208540851251e-14,5.5100638860303196e-08,3.8570447202212237e-07,9.911282156131248e-08,5.526494640355298e-11,5.2590140051507395e-06,4.536937752526388e-15,7.3457766204218e-08,7.345777074115574e-08
t0_50s,50.0,131.60513108585684,1.1737367857176741,1173736785.7176743,4.0079484435488496e-05,7.360256179289426e-10,7.3602561792894265,1.0000000000000016,2.2676253522107923e-12,2.2676253522107923e-12,0.7500995709886289,0.7500995709886289,7.132290037462461e-08,1.4264580074924922e-07,3.832543563540759e-11,1.1497630690622276e-10,3.943736563465343e-06,1.1831209690396027e-05,0.06247201682265961,0.24988806729063845,3.1543975915542912e-15,2.2080783140880038e-14,5.539256814821007e-08,3.877479770374705e-07,9.508457694572636e-08,5.109379756729468e-11,5.25761740973603e-06,4.205305153550222e-15,7.384695351205553e-08,7.384695771736069e-08
t0_50s,50.0,133.04400983057948,1.1688616117866242,1168861611.7866242,3.936209613359768e-05,7.319339345585441e-10,7.3193393455854405,1.0000000000000016,2.0764031513675664e-12,2.0764031513675664e-12,0.7500995717145744,0.7500995717145744,6.845881537586474e-08,1.3691763075172948e-07,3.5466096716314975e-11,1.0639829014894493e-10,3.942721599332817e-06,1.182816479799845e-05,0.06247201833617556,0.24988807334470223,2.9265769163043587e-15,2.0486038414130512e-14,5.567854298026276e-08,3.897498008618393e-07,9.126630377801959e-08,4.7281851708362825e-11,5.2562642987791075e-06,3.901584571785318e-15,7.422820260114664e-08,7.422820650273121e-08
t0_50s,50.0,134.49862027227283,1.1640066871321975,1164006687.1321974,3.865754846533609e-05,7.278649975062021e-10,7.278649975062021,1.0000000000000013,1.9032671863598222e-12,1.9032671863598222e-12,0.7500995724153507,0.7500995724153507,6.574266897301485e-08,1.314853379460297e-07,3.285061335967603e-11,9.85518400790281e-11,3.941737906007307e-06,1.1825213718021922e-05,0.06247201976859413,0.24988807907437652,2.7177409472653384e-15,1.9024186630857368e-14,5.59586777284874e-08,3.917107440994118e-07,8.764525589758812e-08,4.379500344720333e-11,5.254952876875737e-06,3.623173572162031e-15,7.460166594722646e-08,7.460166957040003e-08
t0_50s,50.0,135.96913441034275,1.1591719276480215,1159171927.6480215,3.796561159440534e-05,7.238186803215211e-10,7.238186803215211,1.0000000000000013,1.7463437360377078e-12,1.7463437360377078e-12,0.7500995730920934,0.7500995730920934,6.316555452591097e-08,1.2633110905182195e-07,3.0456034476196985e-11,9.136810342859096e-11,3.940784210620202e-06,1.1822352631860608e-05,0.06247202112486041,0.24988808449944164,2.5261361399723946e-15,1.7682952979806762e-14,5.62330847532604e-08,3.936315932728228e-07,8.420955935960228e-08,4.060265539233649e-11,5.253681447084856e-06,3.3677344056590317e-15,7.496749334418883e-08,7.496749671192324e-08
t0_50s,50.0,137.4557261247172,1.1543572495770604,1154357249.5770605,3.7286059798378734e-05,7.197948572570626e-10,7.197948572570626,1.0000000000000013,1.6039682205887892e-12,1.6039682205887892e-12,0.7500995737458741,0.7500995737458741,6.071916948413626e-08,1.2143833896827252e-07,2.8261745970070503e-11,8.478523791021151e-11,3.9398593091453685e-06,1.1819577927436105e-05,0.062472022409583564,0.24988808963833425,2.350184211892335e-15,1.6451289483246343e-14,5.650187443310608e-08,3.955131210317426e-07,8.094814556541433e-08,3.767732573015071e-11,5.252448404243663e-06,3.133162974824663e-15,7.532583194381114e-08,7.532583507697411e-08
t0_50s,50.0,138.95857119640564,1.1495625695101692,1149562569.5101693,3.661867139506686e-05,7.157934032644349e-10,7.1579340326443495,1.0000000000000016,1.474660772057608e-12,1.474660772057608e-12,0.7500995743777039,0.7500995743777039,5.839577032189759e-08,1.1679154064379518e-07,2.6249217416104196e-11,7.874765224831259e-11,3.9389620618696346e-06,1.1816886185608904e-05,0.06247202362706183,0.2498880945082473,2.1884645950654723e-15,1.5319252165458306e-14,5.676515519146895e-08,3.9735608634028267e-07,7.78506911836922e-08,3.499431050588319e-11,5.25125222892903e-06,2.9175654404031117e-15,7.567682629144583e-08,7.567682920901127e-08
t0_50s,50.0,140.4778473282847,1.1447878043846464,1144787804.3846464,3.596322867020114e-05,7.11814193990416e-10,7.118141939904159,1.0000000000000016,1.357104570998057e-12,1.357104570998057e-12,0.750099574988538,0.750099574988538,5.6188131294468594e-08,1.1237626258893719e-07,2.440177923331291e-11,7.320533769993873e-11,3.938091389217786e-06,1.1814274167653359e-05,0.06247202478130547,0.2498880991252219,2.0396965229275644e-15,1.427787566049295e-14,5.702303352352523e-08,3.991612346646766e-07,7.490756316629987e-08,3.253138656115861e-11,5.2500914818915384e-06,2.719234340265734e-15,7.602061836176428e-08,7.602062108099863e-08
t0_50s,50.0,142.01373416611014,1.140032871482797,1140032871.482797,3.531951780641113e-05,7.078571057730799e-10,7.078571057730799,1.0000000000000016,1.250126180984142e-12,1.250126180984142e-12,0.750099575579279,0.750099575579279,5.408950592501298e-08,1.0817901185002596e-07,2.270442130480518e-11,6.811326391441553e-11,3.937246267820701e-06,1.1811738803462102e-05,0.06247202587605809,0.24988810350423235,1.902725009103637e-15,1.3319075063725458e-14,5.7275614025283396e-08,4.0092929817698375e-07,7.210976740420271e-08,3.026854306279436e-11,5.248964798813659e-06,2.536629896949642e-15,7.635734759755222e-08,7.635735013418211e-08
t0_50s,50.0,143.5664133197597,1.1352976884304953,1135297688.4304953,3.4687328813473176e-05,7.039220156379572e-10,7.039220156379573,1.0000000000000016,1.1526787796236468e-12,1.1526787796236468e-12,0.7500995761507804,0.7500995761507804,5.209359132308562e-08,1.0418718264617124e-07,2.1143613121443997e-11,6.343083936433199e-11,3.936425726845465e-06,1.1809277180536395e-05,0.06247202691481651,0.24988810765926603,1.7765071160582935e-15,1.2435549812408055e-14,5.752299942368674e-08,4.026609959658072e-07,6.944890115844311e-08,2.8187741726164954e-11,5.247870885417203e-06,2.3683617116205264e-15,7.668715094984113e-08,7.668715331820283e-08
t0_50s,50.0,145.1360683847064,1.130582173195762,1130582173.195762,3.4066455459808054e-05,7.000088012942113e-10,7.000088012942113,1.0000000000000018,1.0638279463959054e-12,1.0638279463959054e-12,0.7500995767038499,0.7500995767038499,5.0194496669823754e-08,1.0038899333964751e-07,1.970715106686347e-11,5.912145320059041e-11,3.935628844743389e-06,1.1806886534230167e-05,0.06247202790084826,0.24988811160339305,1.6601003886686257e-15,1.162070272068038e-14,5.776529060077765e-08,4.0435703420544354e-07,6.691711104596618e-08,2.6272713222239477e-11,5.2468085131278945e-06,2.213173344215947e-15,7.701016291012282e-08,7.701016512329617e-08
t0_50s,50.0,146.72288496372812,1.1258862440873427,1125886244.0873427,3.34566952052048e-05,6.961173411308446e-10,6.9611734113084465,1.0000000000000018,9.827385782535933e-13,9.827385782535933e-13,0.7500995772392518,0.7500995772392518,4.8386713285204344e-08,9.677342657040869e-08,1.8384018681065098e-11,5.515205604319529e-11,3.934854746127641e-06,1.1804564238382924e-05,0.06247202883720819,0.24988811534883276,1.5526527794838343e-15,1.086856945638684e-14,5.8002586622638905e-08,4.0601810635847233e-07,6.450705313458791e-08,2.450877088709694e-11,5.245776514912739e-06,2.069928882240391e-15,7.732651554893278e-08,7.732651761886166e-08
t0_50s,50.0,148.32705068885465,1.1212098197532898,1121209819.7532897,3.28578491347476e-05,6.9224751421291e-10,6.9224751421291,1.0000000000000016,9.086633700376425e-13,9.086633700376425e-13,0.7500995777577103,0.7500995777577103,4.666508711787286e-08,9.333017423574572e-08,1.7164262162697273e-11,5.1492786488091815e-11,3.934102598885284e-06,1.1802307796655852e-05,0.062472029726753815,0.24988811890701526,1.4533930153524824e-15,1.0173751107467377e-14,5.8234984767348045e-08,4.076448933714363e-07,6.221185626763031e-08,2.2882644746990516e-11,5.244773781429908e-06,1.937600097972516e-15,7.763633855311745e-08,7.763634049071755e-08
t0_50s,50.0,149.94875524355305,1.1165528191795564,1116552819.1795564,3.226972189392681e-05,6.883992002777579e-10,6.883992002777579,1.0000000000000013,8.409330077778146e-13,8.409330077778146e-13,0.7500995782599119,0.7500995782599119,4.5024793337334046e-08,9.004958667466809e-08,1.6038879502095788e-11,4.8116638506287367e-11,3.93337161149112e-06,1.180011483447336e-05,0.06247203057215935,0.2498881222886374,1.361622024094678e-15,9.531354168662746e-15,5.846258055302779e-08,4.092380638711945e-07,6.002508819133452e-08,2.1382333715348745e-11,5.2437992574476474e-06,1.8152550188781356e-15,7.793975926322987e-08,7.793976107848488e-08
t0_50s,50.0,151.58819038515713,1.1119151616885912,1111915161.6885912,3.169212162491045e-05,6.845722797312986e-10,6.845722797312987,1.0000000000000016,7.789476577786317e-13,7.789476577786317e-13,0.7500995787465075,0.7500995787465075,4.346131341779726e-08,8.692262683559452e-08,1.4999724332430497e-11,4.4999172997291495e-11,3.932661030573314e-06,1.1797983091719943e-05,0.06247203137592852,0.2498881255037141,1.2767067053730105e-15,8.936946937611074e-15,5.86854677629618e-08,4.107982743407326e-07,5.79407250040395e-08,1.999697741131459e-11,5.242851938598859e-06,1.7020496232067174e-15,7.823690270701282e-08,7.823690440906244e-08
t0_50s,50.0,153.24554996754225,1.1072967669379405,1107296766.9379406,3.1124859903956765e-05,6.807666336442871e-10,6.807666336442871,1.0000000000000016,7.221690199363231e-13,7.221690199363231e-13,0.7500995792181144,0.7500995792181144,4.197041334592979e-08,8.394082669185958e-08,1.4039417684679509e-11,4.2118253054038526e-11,3.93197013857171e-06,1.1795910415715128e-05,0.062472032140406634,0.24988812856162654,1.1980721358336063e-15,8.386504950835244e-15,5.8903738474825824e-08,4.123261693237808e-07,5.595312210370619e-08,1.8716738515323335e-11,5.241930868259252e-06,1.597217448225271e-15,7.85278916383684e-08,7.852789323558584e-08
t0_50s,50.0,154.9210299640463,1.1026975549188576,1102697554.9188576,3.0567751679946715e-05,6.769821437486185e-10,6.769821437486185,1.0000000000000016,6.701133649873767e-13,6.701133649873767e-13,0.7500995796753192,0.7500995796753192,4.054812347327773e-08,8.109624694655546e-08,1.315126902224288e-11,3.9453807066728644e-11,3.931298251556157e-06,1.1793894754668473e-05,0.06247203286779182,0.24988813147116729,1.12519591619278e-15,7.87637141334946e-15,5.911748308976974e-08,4.1382238162838816e-07,5.405698732804116e-08,1.7532697495891694e-11,5.241035134638818e-06,1.5000620540006454e-15,7.881284657612894e-08,7.8812848076191e-08
t0_50s,50.0,156.61482849064316,1.0981174459549163,1098117445.9549162,3.0020615214017524e-05,6.732186924336669e-10,6.732186924336669,1.0000000000000016,6.223458488732519e-13,6.223458488732519e-13,0.7500995801186787,0.7500995801186787,3.9190720419810645e-08,7.838144083962129e-08,1.2329207844302337e-11,3.698762353290701e-11,3.9306447172615125e-06,1.1791934151784538e-05,0.06247203356014506,0.24988813424058023,1.0576041689725492e-15,7.403229182807844e-15,5.9326790357647954e-08,4.152875325035357e-07,5.2247356829089274e-08,1.643676142619843e-11,5.240163868162167e-06,1.4099516877548684e-15,7.909188583769295e-08,7.909188724764463e-08
t0_50s,50.0,158.32714582936893,1.093556360700629,1093556360.700629,2.9483272020275332e-05,6.694761627426161e-10,6.6947616274261605,1.0000000000000013,5.784753674170522e-13,5.784753674170522e-13,0.7500995805487225,0.7500995805487225,3.7894710413542366e-08,7.578942082708473e-08,1.1567722867116815e-11,3.4703168601350444e-11,3.930008913266543e-06,1.1790026739799628e-05,0.06247203421939945,0.2498881368775978,9.948646459007503e-16,6.964052521305252e-15,5.9531747401555816e-08,4.167222318108907e-07,5.051957286234068e-08,1.5421582903238854e-11,5.239316239040704e-06,1.3263100949516251e-15,7.936512557173594e-08,7.936512689804603e-08
t0_50s,50.0,160.0581844520035,1.0890142201400754,1089014220.1400754,2.8955546807570695e-05,6.657544383688373e-10,6.657544383688373,1.000000000000001,5.381495687561833e-13,5.381495687561833e-13,0.750099580965954,0.750099580965954,3.6656813598685506e-08,7.331362719737101e-08,1.0861806602844696e-11,3.258541980853409e-11,3.929390245260811e-06,1.1788170735782432e-05,0.06247203484736899,0.24988813938947596,9.365844440277726e-16,6.556091108194409e-15,5.973243974414224e-08,4.181270782089957e-07,4.8869262867045e-08,1.4480486162726839e-11,5.238491454962112e-06,1.248613474522502e-15,7.963267979328923e-08,7.963268104190271e-08
t0_50s,50.0,161.80814904401214,1.0844909455855305,1084490945.5855305,2.8437267422314628e-05,6.62053403652263e-10,6.62053403652263,1.000000000000001,5.010506672846501e-13,5.010506672846501e-13,0.7500995813708522,0.7500995813708522,3.547394914524396e-08,7.094789829048792e-08,1.0206904432088953e-11,3.062071329626686e-11,3.928788145382422e-06,1.1786364436147266e-05,0.062472035445756816,0.24988814178302726,8.824073539451508e-16,6.176851477616056e-15,5.99289513366521e-08,4.1950265935656464e-07,4.729231961496789e-08,1.3607399184832525e-11,5.237688758874288e-06,1.1763869436275358e-15,7.989466042245795e-08,7.989466159884489e-08
t0_50s,50.0,163.57724652874816,1.0799864586761028,1079986458.6761029,2.7928264792319528e-05,6.583729435758023e-10,6.5837294357580225,1.000000000000001,4.668919653179169e-13,4.668919653179169e-13,0.7500995817638734,0.7500995817638734,3.4343221939817935e-08,6.868644387963587e-08,9.598870709857445e-12,2.8796612129572336e-11,3.928202070728555e-06,1.1784606212185665e-05,0.06247203601616261,0.24988814406465043,8.320050431906969e-16,5.824035302334878e-15,6.012136458381632e-08,4.2084955208671423e-07,4.5784883467151384e-08,1.279679517656245e-11,5.236907426999644e-06,1.1091927837557532e-15,8.015117731760334e-08,8.015117842679612e-08
t0_50s,50.0,165.36568609192102,1.0755006813763772,1075500681.376377,2.7428372871644502e-05,6.547129437617612e-10,6.5471294376176115,1.0000000000000013,4.3541454170675025e-13,4.3541454170675025e-13,0.7500995821454518,0.7500995821454518,3.3261910103509466e-08,6.652382020701893e-08,9.033929162314427e-12,2.710178748694328e-11,3.9276315019435525e-06,1.1782894505830657e-05,0.06247203656008956,0.24988814624035824,7.850794718446705e-16,5.495556302912693e-15,6.030976037043589e-08,4.221683225930512e-07,4.434332573332863e-08,1.204363977443552e-11,5.236146766952799e-06,1.0466336610922625e-15,8.04023383107834e-08,8.040233935741707e-08
t0_50s,50.0,167.17367920633015,1.0710335359750622,1071033535.9750623,2.6937428586428242e-05,6.510732904682898e-10,6.5107329046828974,1.0000000000000013,4.063843484263143e-13,4.063843484263143e-13,0.7500995825160015,0.7500995825160015,3.222745405109326e-08,6.445490810218652e-08,8.508638582379147e-12,2.5525915747137442e-11,3.927075942003535e-06,1.1781227826010605e-05,0.06247203707895047,0.2498881483158019,7.41361203470902e-16,5.189528424296314e-15,6.049421807445106e-08,4.234595265211574e-07,4.296423408608652e-08,1.1343345311350892e-11,5.235406116120269e-06,9.88350374738526e-16,8.064824922517612e-08,8.06482502135265e-08
t0_50s,50.0,169.00143965687192,1.0665849450836438,1066584945.0836438,2.6455271781691157e-05,6.474538705858458e-10,6.474538705858458,1.0000000000000013,3.795896051182109e-13,3.795896051182109e-13,0.750099582875917,0.750099582875917,3.123744523813217e-08,6.247489047626435e-08,8.019859557950514e-12,2.4059578673851543e-11,3.926534914895527e-06,1.1779604744686582e-05,0.06247203757407399,0.24988815029629596,7.006000386078376e-16,4.904200270254863e-15,6.06748156044958e-08,4.2472370923147067e-07,4.1644397559009885e-08,1.0691726460108131e-11,5.234684839899534e-06,9.340093696915604e-16,8.08890139251454e-08,8.088901485915477e-08
t0_50s,50.0,170.8491835658171,1.0621548316350449,1062154831.6350448,2.5981745169090164e-05,6.438545716336828e-10,6.4385457163368285,1.0000000000000018,3.5483841774428573e-13,3.5483841774428573e-13,0.7500995832255758,0.7500995832255758,3.028961419483292e-08,6.057922838966584e-08,7.564722988375201e-12,2.2694168965125604e-11,3.9260079640555855e-06,1.1778023892166757e-05,0.062472038046711295,0.24988815218684518,6.625690173714497e-16,4.637983121600148e-15,6.085162949843429e-08,4.2596140648904e-07,4.0380790593939035e-08,1.0084958260935707e-11,5.233982329616794e-06,8.833080729391591e-16,8.112473444760536e-08,8.112473533091343e-08
t0_50s,50.0,172.71712941836688,1.0577431188822914,1057743118.8822914,2.5516694275608373e-05,6.402752817563537e-10,6.402752817563536,1.0000000000000016,3.3195720181226824e-13,3.3195720181226824e-13,0.7500995835653363,0.7500995835653363,2.9381827723677556e-08,5.876365544735511e-08,7.140613591062145e-12,2.1421840773186435e-11,3.92549465260115e-06,1.1776483957803449e-05,0.062472038498037674,0.2498881539921507,6.270605366177664e-16,4.389423756324365e-15,6.102473471836284e-08,4.271731430285399e-07,3.917056930497322e-08,9.519554133228193e-12,5.233298002836746e-06,8.359697170304418e-16,8.135551072872628e-08,8.1355511564696e-08
t0_50s,50.0,174.6054980884871,1.0533497303971806,1053349730.3971806,2.5059967393162774e-05,6.367158897202292e-10,6.367158897202292,1.0000000000000013,3.1078813620844897e-13,3.1078813620844897e-13,0.7500995838955427,0.7500995838955427,2.8512072453369578e-08,5.7024144906739156e-08,6.745135148520274e-12,2.023540544556082e-11,3.924994560726032e-06,1.1774983682178096e-05,0.06247203892916168,0.24988815571664671,5.938839813248805e-16,4.157187869274164e-15,6.119420495377291e-08,4.283594346764104e-07,3.8011049553308524e-08,8.992319544413436e-12,5.232631299889667e-06,7.917401823376876e-16,8.158144100809779e-08,8.158144179983797e-08
t0_50s,50.0,176.51451286502615,1.0489745900689584,1048974590.0689584,2.461141552911475e-05,6.331762849100489e-10,6.33176284910049,1.0000000000000013,2.9118819165286876e-13,2.9118819165286876e-13,0.7500995842165227,0.7500995842165227,2.767845209834187e-08,5.535690419668374e-08,6.376097733268406e-12,1.9128293199805218e-11,3.924507285783688e-06,1.1773521857351065e-05,0.062472039341126634,0.24988815736450654,5.628649176438434e-16,3.940054423506904e-15,6.13601124751392e-08,4.295207873259744e-07,3.689970329373259e-08,8.500334978759155e-12,5.231981683982437e-06,7.503869212669336e-16,8.18026216335391e-08,8.180262238392602e-08
t0_50s,50.0,178.44439947811622,1.0446176221030004,1044617622.1030004,2.4170892357665785e-05,6.296563573254812e-10,6.2965635732548115,1.0000000000000016,2.7302733006126247e-13,2.7302733006126247e-13,0.7500995845285899,0.7500995845285899,2.687917830786641e-08,5.375835661573282e-08,6.031495754533322e-12,1.8094487263599967e-11,3.924032441097514e-06,1.1772097323292542e-05,0.062472039734915705,0.24988815893966282,5.338433216018495e-16,3.736903251212947e-15,6.152252820006526e-08,4.306576974004568e-07,3.5834146375056305e-08,8.040926670188594e-12,5.231348639612465e-06,7.116965968423385e-16,8.20191471492814e-08,8.201914786097799e-08
t0_50s,50.0,180.39538612586614,1.0402787510194988,1040278751.0194988,2.373825417212317e-05,6.261559975776995e-10,6.261559975776995,1.0000000000000013,2.5618739926343025e-13,2.5618739926343025e-13,0.7500995848320445,0.7500995848320445,2.6112564772762538e-08,5.2225129545525076e-08,5.709492875854969e-12,1.7128478627564906e-11,3.923569655288831e-06,1.1770708965866494e-05,0.06247204011145531,0.24988816044582124,5.066723660363362e-16,3.5467065622543533e-15,6.168152169971456e-08,4.317706518980019e-07,3.481213068343376e-08,7.611646495089564e-12,5.2307316716717835e-06,6.754734654996318e-16,8.22311103045414e-08,8.223111098001486e-08
t0_50s,50.0,182.36770350134316,1.035957901652155,1035957901.6521549,2.3313359838020497e-05,6.226750968859904e-10,6.226750968859904,1.0000000000000013,2.4056077050065014e-13,2.4056077050065014e-13,0.7500995851271736,0.7500995851271736,2.5377018693480176e-08,5.075403738696035e-08,5.408403238582772e-12,1.6225209715748316e-11,3.923118571120796e-06,1.1769355713362386e-05,0.06247204047161974,0.24988816188647897,4.812171028737838e-16,3.3685197201164866e-15,6.183716127668173e-08,4.328601289367721e-07,3.383153276798267e-08,7.210246940299027e-12,5.230130303905796e-06,6.415376203576984e-16,8.243860215733584e-08,8.243860279887346e-08
t0_50s,50.0,184.36158481985194,1.031654999146878,1031654999.146878,2.289607074707701e-05,6.192135470743696e-10,6.192135470743696,1.0000000000000013,2.26049290043896e-13,2.26049290043896e-13,0.7500995854142519,0.7500995854142519,2.4671035215762887e-08,4.9342070431525774e-08,5.1266783075146664e-12,1.5380034922544e-11,3.9226788448430295e-06,1.1768036534529088e-05,0.06247204081623434,0.24988816326493735,4.573533177742008e-16,3.2014732244194052e-15,6.198951397654539e-08,4.339265978358177e-07,3.289034642265266e-08,6.834663566282861e-12,5.229544078039559e-06,6.097234642805751e-16,8.264171208988324e-08,8.26417126996067e-08
t0_50s,50.0,186.37726584651045,1.0273699689604865,1027369968.9604865,2.248625077198088e-05,6.1577124056822e-10,6.1577124056822,1.0000000000000013,2.1256372984861565e-13,2.1256372984861565e-13,0.7500995856935428,0.7500995856935428,2.399319465304639e-08,4.798638930609278e-08,4.862899079337477e-12,1.458869723801243e-11,3.922250146003096e-06,1.1766750438009287e-05,0.06247204114607701,0.24988816458430804,4.3496701957298214e-16,3.044769137010875e-15,6.213864553941945e-08,4.349705187759362e-07,3.1986678983247615e-08,6.4830046197682345e-12,5.228972553526449e-06,5.7987902922358125e-16,8.284052774401415e-08,8.284052832389319e-08
t0_50s,50.0,188.41498492412862,1.023102736859417,1023102736.859417,2.2083766221982017e-05,6.12348070390948e-10,6.123480703909481,1.0000000000000013,2.000227364290668e-13,2.000227364290668e-13,0.7500995859652987,0.7500995859652987,2.334215576663301e-08,4.668431153326602e-08,4.615762175805001e-12,1.3847286527415002e-11,3.92183215652607e-06,1.176549646957821e-05,0.06247204146188201,0.24988816584752804,4.1395331985942424e-16,2.8976732390159696e-15,6.228462046220382e-08,4.359923432354267e-07,3.111874236884711e-08,6.153532493775482e-12,5.228415306321076e-06,5.518644825362891e-16,8.303513510416102e-08,8.30351356560255e-08
t0_50s,50.0,190.47498300138977,1.0188532289184409,1018853228.9184409,2.1688485799279937e-05,6.089439301606605e-10,6.089439301606605,1.0000000000000013,1.883519422142255e-13,1.883519422142255e-13,0.7500995862297611,0.7500995862297611,2.2716650182769145e-08,4.543330036553829e-08,4.384068294590483e-12,1.315220488377145e-11,3.921424569978708e-06,1.1764273709936126e-05,0.06247204176434306,0.24988816705737224,3.942155942445211e-16,2.7595091597116476e-15,6.242750203800702e-08,4.3699251426604914e-07,3.028484563889743e-08,5.844648330798586e-12,5.227871927898313e-06,5.255510088013433e-16,8.322561854991479e-08,8.32256190754658e-08
t0_50s,50.0,192.55750366134288,1.0146213715193793,1014621371.5193793,2.130028055619166e-05,6.055587140868572e-10,6.055587140868572,1.0000000000000013,1.7748334948937552e-13,1.7748334948937552e-13,0.7500995864871624,0.7500995864871624,2.2115477978263977e-08,4.423095595652795e-08,4.166713175444237e-12,1.250013952633271e-11,3.921027091013812e-06,1.1763081273041437e-05,0.06247204205411576,0.24988816821646304,3.756646600995422e-16,2.6296526206967953e-15,6.256735237638272e-08,4.37971466634679e-07,2.948338910815074e-08,5.5548799792806555e-12,5.227342024512526e-06,5.008197136314133e-16,8.34120608830032e-08,8.341206138382292e-08
t0_50s,50.0,194.66279315020356,1.0104070913498322,1010407091.3498322,2.0919023853087116e-05,6.021923169671475e-10,6.021923169671475,1.000000000000001,1.673548521794142e-13,1.673548521794142e-13,0.750099586737725,0.750099586737725,2.1537504163922205e-08,4.307500832784441e-08,3.962680442133918e-12,1.1888041326401754e-11,3.920639434953914e-06,1.1761918304861743e-05,0.06247204233181956,0.24988816932727825,3.582182950975466e-16,2.507528065682826e-15,6.27042324083407e-08,4.389296268583849e-07,2.871285965853074e-08,5.282872450800968e-12,5.226825216642573e-06,4.775609818097379e-16,8.359454333397127e-08,8.359454381153226e-08
t0_50s,50.0,196.79110040647205,1.0062103154019046,1006210315.4019046,2.0544591317076384e-05,5.988446341839722e-10,5.9884463418397225,1.0000000000000013,1.5790969522012553e-13,1.5790969522012553e-13,0.7500995869816629,0.7500995869816629,2.098165493108761e-08,4.196330986217522e-08,3.771034305004194e-12,1.1313102915012584e-11,3.920261327316238e-06,1.1760783981948712e-05,0.06247204259803997,0.24988817039215988,3.4180075359893517e-16,2.392605275192546e-15,6.283820190330889e-08,4.398674133231622e-07,2.7971825735188058e-08,5.027378191445907e-12,5.22632113835849e-06,4.556738325564374e-16,8.377314558479425e-08,8.377314604046808e-08
t0_50s,50.0,198.94267709036842,1.0020309709709456,1002030970.9709456,2.0176860801437615e-05,5.955155617013626e-10,5.9551556170136255,1.0000000000000013,1.4909588331980073e-13,1.4909588331980073e-13,0.7500995872191811,0.7500995872191811,2.044691367972614e-08,4.089382735945228e-08,3.590912087015083e-12,1.0772736261045249e-11,3.919892503283934e-06,1.1759677509851802e-05,0.06247204285333059,0.24988817141332237,3.2634207907973184e-16,2.2843945535581228e-15,6.29693194967933e-08,4.407852364775531e-07,2.7258932051313737e-08,4.787247117849445e-12,5.2258294366165685e-06,4.3506500288790825e-16,8.394794580575272e-08,8.394794624081772e-08
t0_50s,50.0,200.0,1.0,1000000000.0,1.9999999999999998e-05,5.938994834399529e-10,5.938994834399529,1.0000000000000013,1.4501393213867728e-13,1.4501393213867728e-13,0.7500995873326936,0.7500995873326936,2.0193611200621726e-08,4.038722240124345e-08,3.5070466381990546e-12,1.0521139914597164e-11,3.919716005459441e-06,1.1759148016378323e-05,0.062472042973969896,0.24988817189587959,3.19134718242787e-16,2.233943027699509e-15,6.303221728566312e-08,4.412255209996418e-07,2.6921240248150148e-08,4.675441364619183e-12,5.2255941366368454e-06,4.254564642244502e-16,8.403179837733504e-08,8.40317988027915e-08
t0_50s,50.0,201.11777761359065,0.9968320023449995,996832002.3449994,1.9841161501685427e-05,5.948180345078675e-10,5.948180345078675,1.0000000000000016,1.4082754672009782e-13,1.4082754672009782e-13,0.7500995874503931,0.7500995874503931,1.9932336869450446e-08,3.986467373890089e-08,3.421546907533287e-12,1.0264640722599861e-11,3.919532867724531e-06,1.1758598603173592e-05,0.06247204309823976,0.24988817239295905,3.120258858677884e-16,2.1841812010745186e-15,6.309756641059215e-08,4.4168296487414507e-07,2.6572920720035253e-08,4.56145685823293e-12,5.225349984589539e-06,4.1597927940258177e-16,8.41189189625638e-08,8.411891937854308e-08
t0_50s,50.0,203.31665916939633,0.9906798738227502,990679873.8227502,1.953487861685533e-05,5.966142860122983e-10,5.966142860122983,1.0000000000000018,1.3293157675807742e-13,1.3293157675807742e-13,0.7500995876750347,0.7500995876750347,1.9437065635966754e-08,3.887413127193351e-08,3.2623232377877745e-12,9.786969713363324e-12,3.919183043203414e-06,1.1757549129610242e-05,0.06247204333342562,0.24988817333370247,2.988261386738734e-16,2.0917829707171137e-15,6.3222583106381e-08,4.4255808174466704e-07,2.59126467409651e-08,4.3491868165125685e-12,5.22488361225619e-06,3.9838195298853265e-16,8.428558573447836e-08,8.42855861328603e-08
t0_50s,50.0,205.53958176301475,0.9845657142714663,984565714.2714664,1.9233323741800864e-05,5.984159618974302e-10,5.984159618974302,1.0000000000000016,1.2547467738256086e-13,1.2547467738256086e-13,0.7500995878932267,0.7500995878932267,1.896025423948376e-08,3.792050847896752e-08,3.1125471261337517e-12,9.337641378401255e-12,3.918842899842482e-06,1.1756528699527447e-05,0.06247204355936457,0.2498881742374583,2.863153303137712e-16,2.004207312196398e-15,6.334437763106738e-08,4.434106434174717e-07,2.5276982610717908e-08,4.149511846654698e-12,5.224430146467847e-06,3.8170308974296743e-16,8.444795684927662e-08,8.444795723097971e-08
t0_50s,50.0,207.78680824239171,0.9784892893587941,978489289.3587941,1.893642389145641e-05,6.0022307854399e-10,6.0022307854399,1.0000000000000016,1.1847819022495488e-13,1.1847819022495488e-13,0.7500995881051616,0.7500995881051616,1.8501081930228326e-08,3.700216386045665e-08,2.971559198424801e-12,8.914677595274403e-12,3.918512168707603e-06,1.1755536506122808e-05,0.062472043776487345,0.24988817510594938,2.7448236178211986e-16,1.921376532474839e-15,6.346302649816757e-08,4.44241185487173e-07,2.4664834141509397e-08,3.961552899837345e-12,5.22398922869191e-06,3.6592789295551284e-16,8.460613431142193e-08,8.460613467734982e-08
t0_50s,50.0,210.05860432926858,0.9724503661986038,972450366.1986039,1.8644107207408007e-05,6.020356523821731e-10,6.020356523821731,1.0000000000000018,1.1192854903234371e-13,1.1192854903234371e-13,0.7500995883110242,0.7500995883110242,1.8058771908861885e-08,3.611754381772377e-08,2.8387566199265402e-12,8.516269859779621e-12,3.918190589644565e-06,1.1754571768933694e-05,0.062472043985201064,0.24988817594080426,2.632968449367832e-16,1.8430779145574825e-15,6.357860435882848e-08,4.450502305117994e-07,2.4075165738357834e-08,3.7845063031143365e-12,5.223560512100843e-06,3.5101585048145467e-16,8.476021764254856e-08,8.476021799356441e-08
t0_50s,50.0,212.35523865060316,0.9664487133420661,966448713.342066,1.8356302940501486e-05,6.038536998917905e-10,6.0385369989179045,1.0000000000000016,1.0580099842450794e-13,1.0580099842450794e-13,0.7500995885109931,0.7500995885109931,1.7632585470596662e-08,3.5265170941193325e-08,2.7135834280065036e-12,8.140750284019511e-12,3.917877909794002e-06,1.1753633729382008e-05,0.06247204418589228,0.2498881767435691,2.527224534558897e-16,1.769057174191228e-15,6.36911843883364e-08,4.4583829071835484e-07,2.3506992592275295e-08,3.6176308713796004e-12,5.223143659592321e-06,3.3691853365439615e-16,8.491030439673808e-08,8.491030473365662e-08
t0_50s,50.0,214.67698277033298,0.9604841007687785,960484100.7687786,1.8072941433719012e-05,6.056772376024179e-10,6.0567723760241785,1.0000000000000018,1.0006768695903747e-13,1.0006768695903747e-13,0.7500995887052422,0.7500995887052422,1.722182139823512e-08,3.444364279647024e-08,2.595527114682037e-12,7.786581344046111e-12,3.917573883881517e-06,1.1752721651644551e-05,0.062472044378927435,0.24988817751570974,2.427219701876676e-16,1.6990537913136733e-15,6.380083815351866e-08,4.466058670746306e-07,2.2959379871094125e-08,3.460243351369135e-12,5.222738344176003e-06,3.2358632619254403e-16,8.505648998374498e-08,8.505649030733131e-08
t0_50s,50.0,217.02411122148686,0.9545562998779502,954556299.8779502,1.7793954105320155e-05,6.0750628209355e-10,6.0750628209355,1.0000000000000018,9.470119938388931e-14,9.470119938388931e-14,0.7500995888939384,0.7500995888939384,1.682581349823556e-08,3.365162699647112e-08,2.4841142761595966e-12,7.45234282847879e-12,3.917278273839971e-06,1.1751834821519913e-05,0.0624720445646541,0.2498881782586164,2.3325968857090385e-16,1.632817819996327e-15,6.390763567691492e-08,4.473534497384044e-07,2.243143943465709e-08,3.311712621816731e-12,5.222344248470001e-06,3.1097162566754322e-16,8.519886775454726e-08,8.519886806551889e-08
t0_50s,50.0,219.39690153864555,0.948665083479644,948665083.479644,1.751927343224322e-05,6.093408499947481e-10,6.093408499947481,1.0000000000000018,8.967550097891357e-14,8.967550097891357e-14,0.7500995890772442,0.7500995890772442,1.6443928773096757e-08,3.288785754619351e-08,2.3789073417053108e-12,7.136722025115932e-12,3.916990848600295e-06,1.1750972545800885e-05,0.062472044743402025,0.2498881789736081,2.243019118624233e-16,1.5701133830369632e-15,6.40116454562021e-08,4.480815181934147e-07,2.192232739832015e-08,3.1714553325269643e-12,5.2219610644219795e-06,2.9902950905273064e-16,8.533752902724264e-08,8.533752932627215e-08
t0_50s,50.0,221.79563429076026,0.9428102257860628,942810225.7860627,1.7248832933762346e-05,6.111809579857906e-10,6.111809579857906,1.0000000000000018,8.496633189076855e-14,8.496633189076855e-14,0.7500995892553162,0.7500995892553162,1.6075565141231033e-08,3.2151130282462065e-08,2.2795010868099177e-12,6.838503260429753e-12,3.916711383729724e-06,1.1750134151189173e-05,0.06247204491548433,0.24988817966193733,2.158171430159036e-16,1.5107200011113252e-15,6.41129345270232e-08,4.4879054168916235e-07,2.143124109318675e-08,3.038931255878917e-12,5.221588492826875e-06,2.877179858612675e-16,8.54725631708094e-08,8.547256345852738e-08
t0_50s,50.0,224.22059311432682,0.9369915024029032,936991502.4029032,1.6982567155397663e-05,6.130266227968265e-10,6.130266227968265,1.0000000000000016,8.055124229447173e-14,8.055124229447173e-14,0.7500995894283067,0.7500995894283067,1.5720150346439386e-08,3.144030069287877e-08,2.1855205356352215e-12,6.556561606905664e-12,3.916439661386326e-06,1.1749318984158978e-05,0.062472045081198115,0.24988818032479246,2.0777605556758386e-16,1.4544323889730871e-15,6.421156844277332e-08,4.494809790994132e-07,2.0957417612267463e-08,2.913640490459314e-12,5.221226243266265e-06,2.7699795933222913e-16,8.560405757815783e-08,8.560405785515579e-08
t0_50s,50.0,226.672064746925,0.9312086903207492,931208690.3207492,1.6720411653073123e-05,6.148778612085296e-10,6.148778612085296,1.0000000000000018,7.640950478600712e-14,7.640950478600712e-14,0.7500995895963626,0.7500995895963626,1.537714045581733e-08,3.075428091163466e-08,2.0966185805715433e-12,6.28985574171463e-12,3.916175470139726e-06,1.1748526410419178e-05,0.06247204524082529,0.24988818096330115,2.0015140541390166e-16,1.4010598378973117e-15,6.430761129178881e-08,4.5015327904252166e-07,2.0500131807953597e-08,2.795120287560427e-12,5.220874033869377e-06,2.6683310881639795e-16,8.573209768904619e-08,8.57320979558793e-08
t0_50s,50.0,229.15033906112305,0.9254615679065298,925461567.9065298,1.6462302977519307e-05,6.167346900522465e-10,6.167346900522465,1.0000000000000018,7.252197811475815e-14,7.252197811475815e-14,0.750099589759626,0.750099589759626,1.504601773752028e-08,3.009203547504056e-08,2.0124731485997807e-12,6.037419445799342e-12,3.915918604590077e-06,1.1747755813770231e-05,0.062472045394633705,0.24988818157853482,1.9291782937552527e-16,1.3504248056286769e-15,6.44011257716694e-08,4.5080788040168577e-07,2.005869346274655e-08,2.682941273497683e-12,5.2205315908051055e-06,2.571896212306248e-16,8.585676708916363e-08,8.585676734635324e-08
t0_50s,50.0,231.65570909875453,0.9197499148950194,919749914.8950194,1.620817865891659e-05,6.185971262101508e-10,6.185971262101508,1.0000000000000018,6.887099919455573e-14,6.887099919455573e-14,0.750099589918235,0.750099589918235,1.4726289513959285e-08,2.945257902791857e-08,1.932785413994875e-12,5.7983562419846245e-12,3.915668865256191e-06,1.1747006595768573e-05,0.06247204554287778,0.24988818217151113,1.8605171915377993e-16,1.3023620340764596e-15,6.449217319177194e-08,4.5144521234240357e-07,1.963244576038834e-08,2.5767050668639337e-12,5.2201986481328704e-06,2.480360230220371e-16,8.597814751345477e-08,8.597814776149079e-08
t0_50s,50.0,234.18847110556712,0.9140735123804028,914073512.3804028,1.5957977191776027e-05,6.204651866153979e-10,6.204651866153979,1.0000000000000016,6.544024096898825e-14,6.544024096898825e-14,0.7500995900723229,0.7500995900723229,1.4417486622586065e-08,2.883497324517213e-08,1.857277794201861e-12,5.5718333826055824e-12,3.915426058317959e-06,1.1746278174953879e-05,0.062472045685799345,0.24988818274319738,1.7953110697738412e-16,1.2567177488416888e-15,6.45808135187657e-08,4.520656946313599e-07,1.9220763233847342e-08,2.476041606718898e-12,5.219874947459234e-06,2.3934302771725836e-16,8.609631890685204e-08,8.609631914619507e-08
t0_50s,50.0,236.74892456625395,0.9084321428078777,908432142.8078777,1.571163802005287e-05,6.223388882522804e-10,6.223388882522804,1.0000000000000016,6.221458929635051e-14,6.221458929635051e-14,0.7500995902220197,0.7500995902220197,1.4119161573752233e-08,2.8238323147504466e-08,1.7856917696311661e-12,5.357075308893498e-12,3.9151899952502834e-06,1.174556998575085e-05,0.06247204582362862,0.24988818329451448,1.7333545819584015e-16,1.213348207370881e-15,6.466710545432672e-08,4.5266973818028704e-07,1.8823049309456557e-08,2.3806062460354426e-12,5.219560237449855e-06,2.3108325941697307e-16,8.621135952785429e-08,8.621135975893755e-08
t0_50s,50.0,239.33737223986424,0.9028255899653235,902825589.9653234,1.5469101522490505e-05,6.242182481563793e-10,6.242182481563793,1.0000000000000018,5.918012441750661e-14,5.918012441750661e-14,0.7500995903674504,0.7500995903674504,1.3830888272737296e-08,2.766177654547459e-08,1.7177871794112826e-12,5.1533615382338476e-12,3.914960492925038e-06,1.1744881478775114e-05,0.062472045956584385,0.24988818382633754,1.6744555491875191e-16,1.1721188844312634e-15,6.475110638428553e-08,4.532577446899987e-07,1.8438735936333433e-08,2.2900788128277634e-12,5.219254273965435e-06,2.2323109766894495e-16,8.632334588073295e-08,8.632334610396405e-08
t0_50s,50.0,241.95412019560374,0.8972536389750098,897253638.9750098,1.523030899819012e-05,6.261032834147185e-10,6.261032834147184,1.0000000000000018,5.632398265617958e-14,5.632398265617958e-14,0.7500995905087369,0.7500995905087369,1.3552261234786588e-08,2.7104522469573175e-08,1.6533410561298541e-12,4.960023168389562e-12,3.914737373552197e-06,1.174421212065659e-05,0.062472046084874416,0.24988818433949767,1.6184372884542594e-16,1.1329061019179816e-15,6.483287237148114e-08,4.53830106600368e-07,1.8067282539902595e-08,2.2041620566790547e-12,5.218956819983225e-06,2.1576298786626367e-16,8.643235270600511e-08,8.643235292176809e-08
t0_50s,50.0,244.59947784902533,0.891716076285365,891716076.285365,1.4995202652403728e-05,6.279940111659262e-10,6.279940111659261,1.0000000000000018,5.363421364507796e-14,5.363421364507796e-14,0.7500995906459966,0.7500995906459966,1.3282893815700829e-08,2.6565787631401658e-08,1.592145671925875e-12,4.7764370157776245e-12,3.914520464298777e-06,1.1743561392896331e-05,0.06247204620869642,0.24988818483478567,1.5651349751560588e-16,1.0955944826092412e-15,6.491245824042384e-08,4.543872076829669e-07,1.7708173662995082e-08,2.122579043876955e-12,5.218667645089015e-06,2.0865695631271334e-16,8.653845309330231e-08,8.653845330195927e-08
t0_50s,50.0,247.27375799861653,0.8862126896627863,886212689.6627864,1.476372558254567e-05,6.29890448600382e-10,6.29890448600382,1.0000000000000018,5.1099768592204983e-14,5.1099768592204983e-14,0.7500995907793442,0.7500995907793442,1.30224171043946e-08,2.60448342087892e-08,1.534007292806972e-12,4.602021878420916e-12,3.914309597092409e-06,1.1742928791277226e-05,0.062472046328238655,0.24988818531295462,1.5143876373703165e-16,1.0600713461592215e-15,6.498991761386379e-08,4.549294232970465e-07,1.7360917489455592e-08,2.0450714967237314e-12,5.218386525215257e-06,2.018915429345704e-16,8.66417185301222e-08,8.664171873201375e-08
t0_50s,50.0,249.9772768627844,0.8807432681835126,880743268.1835126,1.4535821764421017e-05,6.317926129603794e-10,6.317926129603794,1.0000000000000018,4.871043458549208e-14,4.871043458549208e-14,0.75009959090889,0.75009959090889,1.2770479316324658e-08,2.5540958632649315e-08,1.478745413848498e-12,4.4362362415454935e-12,3.914104608569966e-06,1.1742313825709899e-05,0.06247204644368025,0.249888185774721,1.4660542929754142e-16,1.02623800508279e-15,6.506530290978207e-08,4.554571203684745e-07,1.7025045035487573e-08,1.9713987739370894e-12,5.218113242572596e-06,1.9544795261106693e-16,8.67422188978172e-08,8.674221909326515e-08
t0_50s,50.0,252.71035411724867,0.8753076022255336,875307602.2255336,1.431143603866576e-05,6.33700521540282e-10,6.33700521540282,1.0000000000000018,4.6456709704564135e-14,4.6456709704564135e-14,0.7500995910347417,0.7500995910347417,1.2526744899324756e-08,2.5053489798649512e-08,1.4261917323244608e-12,4.278575196973382e-12,3.9139053399321165e-06,1.174171601979635e-05,0.062472046555191715,0.24988818622076686,1.420011374573599e-16,9.940079622015194e-16,6.513866536426287e-08,4.559706575498401e-07,1.670010895759116e-08,1.9013365016731562e-12,5.217847585455942e-06,1.8930971187635666e-16,8.684002250208652e-08,8.684002269139623e-08
t0_50s,50.0,255.47331293283966,0.8699054834605604,869905483.4605604,1.4090514097396742e-05,6.356141916866771e-10,6.356141916866771,1.0000000000000016,4.4329799096406165e-14,4.4329799096406165e-14,0.7500995911570031,0.7500995911570031,1.229089356969932e-08,2.458178713939864e-08,1.3761891117921031e-12,4.128567335376309e-12,3.9137116367639125e-06,1.1741134910291738e-05,0.06247204666293542,0.24988818665174167,1.3761016238560807e-16,9.632711366992564e-16,6.521005506554497e-08,4.564703854588148e-07,1.638568226752535e-08,1.8346751924892777e-12,5.217589348005304e-06,1.8345585573956798e-16,8.693519611837234e-08,8.69351963018282e-08
t0_50s,50.0,258.26648001371257,0.8645367048460407,864536704.8460407,1.3873002471067624e-05,6.375336407985367e-10,6.375336407985367,1.0000000000000016,4.232154583424404e-14,4.232154583424404e-14,0.7500995912757757,0.7500995912757757,1.206261974940336e-08,2.412523949880672e-08,1.3285909050663496e-12,3.9857727151990486e-12,3.913523348997511e-06,1.1740570046992533e-05,0.062472046767065935,0.24988818706826374,1.3342314674760504e-16,9.339620272332352e-16,6.527952094630644e-08,4.569566466241451e-07,1.6081357581980752e-08,1.7712193427631002e-12,5.217338330156077e-06,1.7787390941071948e-16,8.702780498157383e-08,8.702780515944774e-08
t0_50s,50.0,261.0901856359776,0.8592010606172212,859201060.6172212,1.3658848515527637e-05,6.394588863273766e-10,6.394588863273766,1.0000000000000013,4.0424366403833936e-14,4.0424366403833936e-14,0.750099591391157,0.750099591391157,1.1841631611343188e-08,2.3683263222686377e-08,1.2832600643209597e-12,3.8497801929628796e-12,3.913340330682598e-06,1.1740020992047794e-05,0.06247204686773053,0.24988818747092212,1.2942829139939547e-16,9.059980397957683e-16,6.534711083816026e-08,4.5742977586712183e-07,1.5786745849816217e-08,1.7107862463182888e-12,5.217094337332995e-06,1.725481427864184e-16,8.711791285869863e-08,8.711791303124677e-08
t0_50s,50.0,263.94476368675475,0.8538983462792635,853898346.2792635,1.3448000399280122e-05,6.413899457774108e-10,6.413899457774107,1.0000000000000016,3.863120008534348e-14,3.863120008534348e-14,0.7500995915032428,0.7500995915032428,1.1627649630584407e-08,2.3255299261168813e-08,1.2400680752593085e-12,3.720204225777926e-12,3.913162439482909e-06,1.1739487318448726e-05,0.062472046965069986,0.24988818786027994,1.2561510698758125e-16,8.793057489130688e-16,6.541287161846774e-08,4.578901013292742e-07,1.5501474420592506e-08,1.6532045735075534e-12,5.216857179778896e-06,1.6746457191883193e-16,8.720558224458778e-08,8.720558241205235e-08
t0_50s,50.0,266.83055170365196,0.8486283585994053,848628358.5994053,1.3240407090937847e-05,6.43326836705714e-10,6.43326836705714,1.0000000000000016,3.6935500660939506e-14,3.6935500660939506e-14,0.7500995916121252,0.7500995916121252,1.1420406933477066e-08,2.2840813866954132e-08,1.1988948406229339e-12,3.5966845218688017e-12,3.912989537037898e-06,1.1738968611113695e-05,0.062472047059218334,0.24988818823687334,1.2197379356132227e-16,8.538165549292559e-16,6.547684907606055e-08,4.5833794353242386e-07,1.5225187510010713e-08,1.5983142159113182e-12,5.2166266730369e-06,1.626101319415124e-16,8.729087418290246e-08,8.729087434551259e-08
t0_50s,50.0,269.74789091467807,0.8433908955991739,843390895.5991739,1.303601834687199e-05,6.452695767223795e-10,6.452695767223795,1.0000000000000016,3.5331209489927905e-14,3.5331209489927905e-14,0.7500995917178935,0.7500995917178935,1.1219649965446996e-08,2.2439299930893993e-08,1.1596286666214256e-12,3.4788859998642766e-12,3.9128214895306115e-06,1.1738464468591834e-05,0.06247204715030264,0.24988818860121056,1.184952516440317e-16,8.294667615082219e-16,6.553908770435423e-08,4.587736139304796e-07,1.4957547090182415e-08,1.5459662682466206e-12,5.216402638707464e-06,1.5797269182969615e-16,8.737384799031188e-08,8.737384814828457e-08
t0_50s,50.0,272.69712627859195,0.8381857565466402,838185756.5466402,1.283478469905156e-05,6.472181834906828e-10,6.472181834906828,1.0000000000000016,3.3812653142621683e-14,3.3812653142621683e-14,0.7500995918206346,0.7500995918206346,1.10251353878205e-08,2.2050270775641e-08,1.1221644942058291e-12,3.3664934826174874e-12,3.9126581662999275e-06,1.1737974498899782e-05,0.06247204723844456,0.24988818895377823,1.1517088624139202e-16,8.061962036897441e-16,6.559963114247075e-08,4.5919741799729525e-07,1.4698228752611899e-08,1.496020670378079e-12,5.216184902598281e-06,1.5354079311235237e-16,8.745456184457846e-08,8.745456199811925e-08
t0_50s,50.0,275.67860652569016,0.8330127419487311,833012741.9487311,1.2636657443070867e-05,6.491726747272372e-10,6.491726747272372,1.0000000000000016,3.2374545583452697e-14,3.2374545583452697e-14,0.7500995919204329,0.7500995919204329,1.083663005877199e-08,2.167326011754398e-08,1.0864036565280853e-12,3.259210969584256e-12,3.912499440009132e-06,1.1737498320027396e-05,0.06247204732376035,0.2498881892950414,1.1199258236808611e-16,7.839480765766028e-16,6.565852210476469e-08,4.5960965473335285e-07,1.4446921682796344e-08,1.4483458839733993e-12,5.215973294949015e-06,1.493036172454894e-16,8.75330726906054e-08,8.7533072839909e-08
t0_50s,50.0,278.6926841990434,0.8278716535435792,827871653.5435792,1.2441588626361468e-05,6.511330682021572e-10,6.511330682021572,1.0000000000000016,3.101197952560033e-14,3.101197952560033e-14,0.7500995920173704,0.7500995920173704,1.0653911374648245e-08,2.130782274929649e-08,1.0522538569458785e-12,3.1567615708376353e-12,3.912345186962213e-06,1.173703556088664e-05,0.06247204740636076,0.24988818962544304,1.0895276291592722e-16,7.626693404114905e-16,6.571580226433528e-08,4.6001061585034697e-07,1.4203329115264373e-08,1.4028188631803854e-12,5.215767650852973e-06,1.4525106275941575e-16,8.760943608513983e-08,8.760943623039089e-08
t0_50s,50.0,281.7397156961824,0.8227622942929279,822762294.2929279,1.2249531036586412e-05,6.530993817392207e-10,6.530993817392208,1.0000000000000016,2.972037830471987e-14,2.972037830471987e-14,0.7500995921115268,0.7500995921115268,1.0476766378313593e-08,2.0953532756627185e-08,1.019628529941977e-12,3.058885589825931e-12,3.9121952868179006e-06,1.1736585860453701e-05,0.06247204748635145,0.2498881899454058,1.0604429914407856e-16,7.423100940085499e-16,6.577151233253513e-08,4.6040058632774593e-07,1.3967167144860785e-08,1.3593242026325165e-12,5.215567809875872e-06,1.413736259282109e-16,8.76837063027706e-08,8.768370644414423e-08
t0_50s,50.0,284.8200613112405,0.8176844683745754,817684468.3745754,1.2060438190213343e-05,6.550716332160315e-10,6.550716332160315,1.0000000000000016,2.8495475154676614e-14,2.8495475154676614e-14,0.7500995922029792,0.7500995922029792,1.0304991346267531e-08,2.0609982692535062e-08,9.884464793487297e-13,2.9653394380461893e-12,3.912049622512635e-06,1.1736148867537906e-05,0.06247204756383326,0.24988819025533304,1.0326048035100621e-16,7.228233624570435e-16,6.58256920727004e-08,4.6077984450890284e-07,1.3738164176309764e-08,1.3177536551456398e-12,5.215373615953151e-06,1.3766236033769715e-16,8.775593635423251e-08,8.775593649189488e-08
t0_50s,50.0,287.93408527755525,0.8126379811748733,812637981.1748732,1.1874264321264176e-05,6.570498405641783e-10,6.570498405641783,1.0000000000000013,2.73332844404652e-14,2.73332844404652e-14,0.7500995922918025,0.7500995922918025,1.0138391060524653e-08,2.0276782121049307e-08,9.586313625285839e-13,2.8758940875857514e-12,3.911908080037774e-06,1.1735724240113321e-05,0.06247204763890257,0.2498881905556103,1.0059501060799621e-16,7.041650742559735e-16,6.587838036055745e-08,4.611486625239021e-07,1.351605995351699e-08,1.2780054440499666e-12,5.215184917092942e-06,1.3410887253070644e-16,8.782617806693802e-08,8.782617820104689e-08
t0_50s,50.0,291.08215581073824,0.8076226392812664,807622639.2812665,1.1690964370238481e-05,6.590340217694031e-10,6.590340217694031,1.0000000000000016,2.6230090859426948e-14,2.6230090859426948e-14,0.7500995923780699,0.7500995923780699,9.976778609381755e-09,1.995355721876351e-08,9.30111473626378e-13,2.790334420879134e-12,3.9117705484495524e-06,1.1735311645348657e-05,0.06247204771165141,0.24988819084660563,9.804191512756842e-17,6.862934058929789e-16,6.592961517119897e-08,4.615073061983928e-07,1.3300605293961013e-08,1.2399839742314876e-12,5.215001565389356e-06,1.3070519718154002e-16,8.789448206761417e-08,8.789448219831937e-08
t0_50s,50.0,294.26464515221323,0.8026382504748794,802638250.4748794,1.1510493973207604e-05,6.610241948717597e-10,6.610241948717597,1.0000000000000016,2.5182427222536546e-14,2.5182427222536546e-14,0.7500995924618519,0.7500995924618519,9.81997513481556e-09,1.963995026963112e-08,9.028195023731031e-13,2.708458507119309e-12,3.911636919850051e-06,1.1734910759550152e-05,0.06247204778216761,0.24988819112867044,9.559562620373097e-17,6.691693834261168e-16,6.597943357541102e-08,4.618560350278772e-07,1.3091561751934932e-08,1.203599510579681e-12,5.214823416997106e-06,1.2744391166775992e-16,8.796089777740623e-08,8.796089790485015e-08
t0_50s,50.0,297.48192961323235,0.7976846237231514,797684623.7231514,1.1332809451077486e-05,6.630203779657811e-10,6.630203779657811,1.0000000000000016,2.418705000311034e-14,2.418705000311034e-14,0.7500995925432175,0.7500995925432175,9.667809234512066e-09,1.9335618469024132e-08,8.766921243354721e-13,2.6300763730064163e-12,3.911507089202625e-06,1.1734521267607874e-05,0.06247204785053515,0.2498881914021406,9.325092840169578e-17,6.527564988118705e-16,6.602787178964544e-08,4.621951025275181e-07,1.2888700821357998e-08,1.168767631726131e-12,5.214650331885444e-06,1.2431806299951172e-16,8.802547347849839e-08,8.802547360281645e-08
t0_50s,50.0,300.73438961937234,0.7927615691725127,792761569.1725128,1.1157867799016879e-05,6.650225892006404e-10,6.650225892006404,1.0000000000000016,2.324093074944238e-14,2.324093074944238e-14,0.7500995926222332,0.7500995926222332,9.520116640091116e-09,1.9040233280182232e-08,8.516697566703811e-13,2.5550092700111433e-12,3.911380954264308e-06,1.1734142862792923e-05,0.06247204791683428,0.2498881916673371,9.100264354223346e-17,6.370185047956342e-16,6.607496518970755e-08,4.625247563279529e-07,1.2691803506798673e-08,1.135408904427043e-12,5.214482173748048e-06,1.2132074785443112e-16,8.808825633236194e-08,8.80882564536827e-08
t0_50s,50.0,304.0224097555188,0.7878688981411093,787868898.1411092,1.0985626676049082e-05,6.670308467803231e-10,6.670308467803231,1.0000000000000016,2.2341236542411318e-14,2.2341236542411318e-14,0.7500995926989641,0.7500995926989641,9.376739934437833e-09,1.8753479868875667e-08,8.276963376957104e-13,2.4830890130871313e-12,3.911258415532822e-06,1.1733775246598465e-05,0.06247204798114168,0.2498881919245667,8.8846406615246e-17,6.21924846306722e-16,6.612074831986334e-08,4.628452382390434e-07,1.2500659946633222e-08,1.1034485896966592e-12,5.214318809932375e-06,1.1844614699171358e-16,8.814929239189634e-08,8.814929251034249e-08
t0_50s,50.0,307.3463788113392,0.7830064231115712,783006423.1115712,1.0816044394804057e-05,6.690451689637823e-10,6.690451689637824,1.0000000000000016,2.1485316162569543e-14,2.1485316162569543e-14,0.7500995927734732,0.7500995927734732,9.237528190557743e-09,1.8475056381115486e-08,8.047190729904942e-13,2.4141572189714826e-12,3.911139376152257e-06,1.1733418128456771e-05,0.06247204804353072,0.2498881921741229,8.677760183253704e-17,6.074432128277593e-16,6.616525491564987e-08,4.631567844095491e-07,1.2315068931583111e-08,1.072816304319093e-12,5.214160111313918e-06,1.1568810684415809e-16,8.820862663183913e-08,8.820862674752723e-08
t0_50s,50.0,310.7066898272573,0.778173957723826,778173957.723826,1.064907991142893e-05,6.710655740651117e-10,6.7106557406511165,1.0000000000000013,2.0670689602669878e-14,2.0670689602669878e-14,0.7500995928458217,0.7500995928458217,9.102336671322898e-09,1.8204673342645796e-08,7.826882253534468e-13,2.3480646760603404e-12,3.911023741840051e-06,1.1733071225520152e-05,0.06247204810407153,0.24988819241628613,8.479204664447481e-17,5.935443265113237e-16,6.620851792059386e-08,4.63459625444157e-07,1.2134837504429663e-08,1.0434457408302093e-12,5.214005952198853e-06,1.1304105141929238e-16,8.826630297105441e-08,8.826630308409546e-08
t0_50s,50.0,314.103740140926,0.7733713167679553,773371316.7679553,1.0484692815654222e-05,6.730920804537143e-10,6.730920804537143,1.0000000000000016,1.989503377326609e-14,1.989503377326609e-14,0.7500995929160695,0.7500995929160695,8.97102654268301e-09,1.794205308536602e-08,7.615569181441871e-13,2.2846707544325614e-12,3.910911420815143e-06,1.1732734262445427e-05,0.062472048162831216,0.24988819265132486,8.288589799749218e-17,5.802012859824453e-16,6.625056950296061e-08,4.6375398652072426e-07,1.1959780577679635e-08,1.0152744053407313e-12,5.213856210228265e-06,1.1049985732596777e-16,8.832236429486176e-08,8.832236440536162e-08
t0_50s,50.0,317.5379314342112,0.7685983161770986,768598316.1770986,1.0322843321013337e-05,6.751247065544607e-10,6.751247065544606,1.0000000000000016,1.915617196368526e-14,1.915617196368526e-14,0.750099592984274,0.750099592984274,8.843464593117423e-09,1.7686929186234846e-08,7.412809465569309e-13,2.2238428396707925e-12,3.9108023237257285e-06,1.1732406971177185e-05,0.062472048219873996,0.24988819287949599,8.105535549549172e-17,5.67387488468442e-16,6.6291441072944e-08,4.6404008751060794e-07,1.1789720559550855e-08,9.882433659345714e-13,5.213710766281831e-06,1.0805945804211504e-16,8.83768524779533e-08,8.837685258601276e-08
t0_50s,50.0,321.00966978068806,0.7638547730203963,763854773.0203962,1.0163492255213058e-05,6.771634708478632e-10,6.771634708478633,1.0000000000000013,1.8452065332206446e-14,1.8452065332206446e-14,0.7500995930504919,0.7500995930504919,8.71952302343687e-09,1.743904604687374e-08,7.218186275562593e-13,2.1654558826687777e-12,3.91069636360868e-06,1.1732089090826039e-05,0.0624720482752613,0.2498881931010452,7.929695347245706e-17,5.550786743071995e-16,6.633116328978476e-08,4.6431814302849335e-07,1.1624487073745056e-08,9.622970526097473e-13,5.21356950442371e-06,1.0571523329318658e-16,8.842980839388321e-08,8.842980849959844e-08
t0_50s,50.0,324.5193656936581,0.7591405054959786,759140505.4959786,1.0006601050652734e-05,6.792083918702429e-10,6.792083918702429,1.0000000000000016,1.778080147337414e-14,1.778080147337414e-14,0.7500995931147777,0.7500995931147777,8.599079146392537e-09,1.7198158292785075e-08,7.03130617773692e-13,2.109391853321076e-12,3.910593455794926e-06,1.1731780367384778e-05,0.06247204832905194,0.24988819331620776,7.760734983683095e-17,5.432514488578166e-16,6.636976608739403e-08,4.645883626117582e-07,1.1463916558979836e-08,9.373830145060502e-13,5.213432311776418e-06,1.0346272754870797e-16,8.848127194922815e-08,8.848127205269088e-08
t0_50s,50.0,328.06743417468755,0.7544553329240011,754455332.9240011,9.852131735089878e-06,6.81259488213898e-10,6.81259488213898,1.000000000000001,1.7140586041174007e-14,1.7140586041174007e-14,0.7500995931771843,0.7500995931771843,8.48201515581882e-09,1.696403031163764e-08,6.851797666978103e-13,2.055539300093431e-12,3.910493517847918e-06,1.1731480553543756e-05,0.06247204838130225,0.249888193525209,7.598340585528491e-17,5.318838409869943e-16,6.640727868928544e-08,4.648509508249981e-07,1.130785196121983e-08,9.134517241845256e-13,5.213299078438779e-06,1.0129775638651298e-16,8.853128210349408e-08,8.853128220479183e-08
t0_50s,50.0,331.65429476268196,0.7497990757397152,749799075.7397152,9.700046922449575e-06,6.833167785272694e-10,6.833167785272694,1.0000000000000013,1.6529735295230898e-14,1.6529735295230898e-14,0.750099593237764,0.750099593237764,8.368217921742437e-09,1.6736435843484873e-08,6.679309860997039e-13,2.003792958299112e-12,3.91039646951188e-06,1.1731189408535641e-05,0.06247204843206616,0.24988819372826465,7.44221501777447e-17,5.209550512442129e-16,6.644372962058907e-08,4.6510610734412347e-07,1.1156142460525116e-08,8.904564035511821e-13,5.213169697416935e-06,9.921635853247907e-17,8.857987688513247e-08,8.857987698434882e-08
t0_50s,50.0,335.28037158349167,0.7451715554865904,745171555.4865904,9.5503098037762e-06,6.853802815151157e-10,6.853802815151157,1.0000000000000013,1.5946668293807377e-14,1.5946668293807377e-14,0.7500995932965667,0.7500995932965667,8.257578769444067e-09,1.6515157538888135e-08,6.513511178879603e-13,1.9540533536638807e-12,3.910302232646571e-06,1.1730906697939712e-05,0.062472048481395356,0.24988819392558143,7.292076189905849e-17,5.104453332934095e-16,6.647914672497522e-08,4.6535402707482654e-07,1.1008643176505857e-08,8.683528476870346e-13,5.213044064537381e-06,9.721477327908353e-17,8.862709341410264e-08,8.862709351131742e-08
t0_50s,50.0,338.94609340006366,0.7405725948094716,740572594.8094716,9.402884138324428e-06,6.874500159386814e-10,6.874500159386813,1.000000000000001,1.538990002572765e-14,1.538990002572765e-14,0.7500995933536412,0.7500995933536412,8.149993283514935e-09,1.629998656702987e-08,6.354088162951796e-13,1.906226448885539e-12,3.9102107311723555e-06,1.1730632193517067e-05,0.06247204852933935,0.2498881941173574,7.147658209458235e-17,5.003360746620764e-16,6.651355717840259e-08,4.655949002488181e-07,1.0865214907099073e-08,8.470992677843119e-13,5.212922078373733e-06,9.528945586414158e-17,8.867296792020013e-08,8.867296801548959e-08
t0_50s,50.0,342.65189366313973,0.7360020174477847,736002017.4477847,9.257734244787994e-06,6.895260006158655e-10,6.895260006158655,1.0000000000000009,1.4858035017768195e-14,1.4858035017768195e-14,0.7500995934090353,0.7500995934090353,8.045361117602611e-09,1.6090722235205223e-08,6.200744365967572e-13,1.8602233097902716e-12,3.910121891014474e-06,1.1730365673043421e-05,0.062472048575945606,0.24988819430378242,7.008707941204168e-17,4.906095558842918e-16,6.654698750346369e-08,4.6582891252424585e-07,1.0725723874930047e-08,8.266561427911955e-13,5.212803640172424e-06,9.343703159937941e-17,8.871753576218123e-08,8.871753585561827e-08
t0_50s,50.0,346.3982105625109,0.7314596482287768,731459648.2287768,9.114824992663642e-06,6.91608254421393e-10,6.91608254421393,1.000000000000001,1.43497613482952e-14,1.43497613482952e-14,0.7500995934627951,0.7500995934627951,7.943585812242909e-09,1.5887171624485817e-08,6.053199308990418e-13,1.8159597926971255e-12,3.9100356400481245e-06,1.1730106920144374e-05,0.06247204862125959,0.24988819448503835,6.874986436407309e-17,4.812490505485116e-16,6.657946358376138e-08,4.6605624508632967e-07,1.0590041484453772e-08,8.069860804811457e-13,5.212688653779496e-06,9.165431492462617e-17,8.876083144692936e-08,8.876083153858367e-08
t0_50s,50.0,350.18548707882877,0.7269453130608082,726945313.0608082,8.974121793748717e-06,6.936967962869877e-10,6.936967962869876,1.000000000000001,1.3863845186847782e-14,1.3863845186847782e-14,0.7500995935149654,0.7500995935149654,7.844574626940709e-09,1.5689149253881417e-08,5.911187528413975e-13,1.7733562585241926e-12,3.90995190804845e-06,1.172985572414535e-05,0.062472048665324964,0.24988819466129986,6.746266693390049e-17,4.722386685373034e-16,6.661101067689646e-08,4.6627707473827523e-07,1.0458044098092423e-08,7.880536904058514e-13,5.2125770255739265e-06,8.993827955267986e-17,8.88028886467694e-08,8.880288873670768e-08
t0_50s,50.0,354.01417103598664,0.7224588389266754,722458838.9266754,8.8355905937697e-06,6.957916452015468e-10,6.957916452015469,1.000000000000001,1.3399125803023894e-14,1.3399125803023894e-14,0.75009959356559,0.75009959356559,7.748238385356998e-09,1.5496476770713996e-08,5.774457700292113e-13,1.7323373100876339e-12,3.909870626645486e-06,1.1729611879936457e-05,0.06247204870818354,0.24988819483273417,6.622333584520093e-17,4.635633509164065e-16,6.664165342596074e-08,4.664915739817252e-07,1.032961282984548e-08,7.698254671547406e-13,5.212468664407562e-06,8.828605749592404e-17,8.884374021478987e-08,8.884374030307593e-08
t0_50s,50.0,357.8847151540729,0.7180000538769818,718000053.8769819,8.699197864140056e-06,6.978928202113092e-10,6.978928202113092,1.0000000000000009,1.2954510156178933e-14,1.2954510156178933e-14,0.7500995936147113,0.7500995936147113,7.654491289696744e-09,1.5308982579393488e-08,5.642771693803576e-13,1.692831508141073e-12,3.90979172925545e-06,1.172937518776635e-05,0.06247204874987546,0.24988819499950185,6.502982994510955e-17,4.552088096157669e-16,6.667141587956944e-08,4.666999111569861e-07,1.0204633297839745e-08,7.522696641670208e-13,5.212363481513516e-06,8.669492757852649e-17,8.888341821154914e-08,8.888341829824407e-08
t0_50s,50.0,361.79757710290085,0.7135687870235481,713568787.0235481,8.564910593845393e-06,7.000003404200282e-10,7.000003404200282,1.0000000000000009,1.2528969019937821e-14,1.2528969019937821e-14,0.7500995936623709,0.7500995936623709,7.563250775136827e-09,1.5126501550273654e-08,5.515903796433513e-13,1.654771138930054e-12,3.909715151033783e-06,1.1729145453101348e-05,0.06247204879043927,0.2498881951617571,6.388020964155963e-17,4.471614674909173e-16,6.670032150461523e-08,4.6690225053230657e-07,1.0082995430259011e-08,7.353561904362648e-13,5.212261390443566e-06,8.516230402107497e-17,8.89219539220786e-08,8.892195400724091e-08
t0_50s,50.0,365.7532195561267,0.7091648685328625,709164868.5328625,8.432696281453838e-06,7.021142249891486e-10,7.021142249891486,1.0000000000000009,1.2121533233339428e-14,1.2121533233339428e-14,0.7500995937086089,0.7500995937086089,7.474437416309977e-09,1.4948874832619954e-08,5.393640137896536e-13,1.6180920413689608e-12,3.909640828859199e-06,1.1728922486577598e-05,0.06247204882991191,0.24988819531964765,6.277263691218742e-17,4.3940845838531193e-16,6.672839318839323e-08,4.670987523187526e-07,9.964593340672533e-09,7.190565337103492e-13,5.212162307046891e-06,8.36857364524486e-17,8.895937785871565e-08,8.895937794240138e-08
t0_50s,50.0,369.75211024595745,0.7047881296195705,704788129.6195705,8.302522927249736e-06,7.042344931379829e-10,7.042344931379828,1.0000000000000009,1.1731289048424125e-14,1.1731289048424125e-14,0.7500995937534642,0.7500995937534642,7.3879747492457e-09,1.47759494984914e-08,5.275777849046629e-13,1.5827333547139886e-12,3.9095687012604335e-06,1.17287061037813e-05,0.062472048868328904,0.24988819547331562,6.170536313065354e-17,4.3193754191457476e-16,6.675565326091192e-08,4.6728957282638343e-07,9.849325090654443e-09,7.033436483609964e-13,5.212066149372418e-06,8.226289368040143e-17,8.89957197908476e-08,8.89957198731105e-08
t0_50s,50.0,373.7947220184591,0.7004384025400073,700438402.5400074,8.17435902548874e-06,7.063611641438774e-10,7.063611641438774,1.0000000000000009,1.1357375179946401e-14,1.1357375179946401e-14,0.7500995937969751,0.7500995937969751,7.3037891578317835e-09,1.4607578315663567e-08,5.162124469546259e-13,1.5486373408638776e-12,3.9094987083810255e-06,1.1728496125143077e-05,0.062472048905724296,0.24988819562289719,6.067672962384632e-17,4.247371073669243e-16,6.67821235042175e-08,4.674748645295225e-07,9.737092538419179e-09,6.881918764168082e-13,5.211972837621861e-06,8.08915644344014e-17,8.903100875734244e-08,8.903100883823401e-08
t0_50s,50.0,377.88153288946523,0.6961155205857688,696115520.5857687,8.048173556772559e-06,7.084942573423954e-10,7.084942573423954,1.0000000000000009,1.099897915605698e-14,1.099897915605698e-14,0.7500995938391788,0.7500995938391788,7.2218097525515096e-09,1.4443619505103019e-08,5.052497345005597e-13,1.5157492035016791e-12,3.909430791937008e-06,1.1728292375811025e-05,0.06247204894213085,0.2498881957685234,5.968515659664263e-17,4.177960961764984e-16,6.680782516434639e-08,4.6765477615042474e-07,9.627801177159235e-09,6.735768671924987e-13,5.211882294093321e-06,7.956964260060526e-17,8.906527308248345e-08,8.90652731620531e-08
t0_50s,50.0,382.013026101103,0.6918193180773202,691819318.0773202,7.923935980541324e-06,7.106337921274904e-10,7.106337921274904,1.0000000000000009,1.0655334439163081e-14,1.0655334439163081e-14,0.7500995938801109,0.7500995938801109,7.141968251501031e-09,1.4283936503002062e-08,4.946723052960914e-13,1.4840169158882742e-12,3.909364895173308e-06,1.1728094685519923e-05,0.062472048977580005,0.24988819591032002,5.872914594652309e-17,4.1110402162566166e-16,6.683277896394323e-08,4.678294527476026e-07,9.521359976422727e-09,6.59475500762843e-13,5.211794443123169e-06,7.829513097418077e-17,8.909854039279105e-08,8.909854047108618e-08
t0_50s,50.0,386.18969017893073,0.6875496303576503,687549630.3576503,7.801616227681945e-06,7.12779787951683e-10,7.12779787951683,1.0000000000000009,1.0325717449708909e-14,1.0325717449708909e-14,0.7500995939198067,0.7500995939198067,7.064198872974113e-09,1.4128397745948226e-08,4.844636885088525e-13,1.4533910655265577e-12,3.909300962825292e-06,1.1727902888475876e-05,0.062472049012101995,0.24988819604840798,5.780726873046281e-17,4.0465088111323964e-16,6.68570051132547e-08,4.679990357927829e-07,9.417681238912053e-09,6.45865818933701e-13,5.211709211034763e-06,7.706612455071265e-17,8.913083763167908e-08,8.913083770874521e-08
t0_50s,50.0,390.412018989705,0.6833062937859562,683306293.7859561,7.681184693250405e-06,7.149322643262362e-10,7.149322643262361,1.0000000000000009,1.0009444940335164e-14,1.0009444940335164e-14,0.7500995939583003,0.7500995939583003,6.988438228875817e-09,1.3976876457751635e-08,4.746082347340917e-13,1.4238247042022752e-12,3.909238941078694e-06,1.1727716823236082e-05,0.06247204904572587,0.24988819618290348,5.691816849984259e-17,3.984271794988981e-16,6.688052332185836e-08,4.6816366325300856e-07,9.316680458387664e-09,6.327269586023483e-13,5.211626526085038e-06,7.588081497216061e-17,8.916219107509129e-08,8.91621911509721e-08
t0_50s,50.0,394.68051179977687,0.6790891457313759,679089145.7313759,7.562612229306615e-06,7.170912408213313e-10,7.170912408213313,1.0000000000000009,9.705871499182873e-15,9.705871499182873e-15,0.7500995939956246,0.7500995939956246,6.9146252252435835e-09,1.3829250450487167e-08,4.650910699265428e-13,1.3952732097796285e-12,3.909178777531981e-06,1.1727536332595943e-05,0.062472049078479565,0.24988819631391826,5.606055267783753e-17,3.924238687448627e-16,6.69033528097063e-08,4.683234696679441e-07,9.218276187047125e-09,6.200390903414564e-13,5.211546318414329e-06,7.473747903157048e-17,8.91926263462243e-08,8.919262642096177e-08
t0_50s,50.0,398.9956733341286,0.6748980245667503,674898024.5667503,7.445870137859655e-06,7.192567370662548e-10,7.192567370662547,1.0000000000000009,9.414387214459022e-15,9.414387214459022e-15,0.750099594031812,0.750099594031812,6.8427009666516795e-09,1.3685401933303359e-08,4.558980519072878e-13,1.3676941557218635e-12,3.909120421159321e-06,1.1727361263477962e-05,0.062472049110389935,0.24988819644155974,5.523319139545302e-17,3.8663233976817114e-16,6.692551231810622e-08,4.684785862267435e-07,9.122389908081296e-09,6.07783360415941e-13,5.211468519997003e-06,7.363447712132819e-17,8.9222168430167e-08,8.922216850380148e-08
t0_50s,50.0,403.35801383605207,0.6707327696624346,670732769.6624346,7.3309301639221315e-06,7.214287727495632e-10,7.214287727495632,1.0000000000000009,9.134415518161798e-15,9.134415518161798e-15,0.7500995940668941,0.7500995940668941,6.772608665131232e-09,1.3545217330262464e-08,4.470157296137528e-13,1.3410471888412584e-12,3.909063822274614e-06,1.1727191466823842e-05,0.06247204914148283,0.2498881965659313,5.4434912749869505e-17,3.8104438924908653e-16,6.694702012047772e-08,4.6862914084334405e-07,9.028945914250486e-09,5.959418364568369e-13,5.211393064593503e-06,7.257024691179207e-17,8.925084168824036e-08,8.925084176081061e-08
t0_50s,50.0,407.768049127485,0.6665932213801357,666593221.3801357,7.217764488671539e-06,7.236073676192753e-10,7.236073676192753,1.000000000000001,8.86541115498867e-15,8.86541115498867e-15,0.7500995941009012,0.7500995941009012,6.704293553454313e-09,1.3408587106908626e-08,4.3843130490912657e-13,1.3152939147273797e-12,3.9090089324966205e-06,1.172702679748986e-05,0.0624720491717831,0.2498881966871324,5.3664601081193507e-17,3.7565220756835455e-16,6.696789403285836e-08,4.687752582300085e-07,8.937871192278596e-09,5.844974565472836e-13,5.211319887703862e-06,7.154330105393271e-17,8.927866987200374e-08,8.927866994354704e-08
t0_50s,50.0,412.2263006700016,0.6624792210667997,662479221.0667996,7.106345722717402e-06,7.257925414830414e-10,7.257925414830415,1.0000000000000009,8.606858297972454e-15,8.606858297972454e-15,0.7500995941338631,0.7500995941338631,6.6377028022588714e-09,1.3275405604517743e-08,4.3013259668235385e-13,1.2903977900470615e-12,3.90895570471496e-06,1.172686711414488e-05,0.06247204920131468,0.24988819680525873,5.2921192276113454e-17,3.704483459327942e-16,6.698815142423609e-08,4.6891705996965263e-07,8.849095312367686e-09,5.734339813622032e-13,5.21124892652237e-06,7.055222091837196e-17,8.930567613702956e-08,8.930567620758178e-08
t0_50s,50.0,416.7332956264734,0.6583906110485267,658390611.0485266,6.996646899472137e-06,7.279843142083292e-10,7.279843142083292,1.0000000000000007,8.358268781046689e-15,8.358268781046689e-15,0.7500995941658086,0.7500995941658086,6.572785441046531e-09,1.3145570882093061e-08,4.2210800716251165e-13,1.266324021487535e-12,3.908904093057089e-06,1.1726712279171265e-05,0.06247204923010062,0.24988819692040248,5.220367304352035e-17,3.6542571130464246e-16,6.70078092266589e-08,4.690546645866123e-07,8.76255032287569e-09,5.627359492600994e-13,5.211180119893559e-06,6.959565562967201e-17,8.933188305638105e-08,8.93318831259767e-08
t0_50s,50.0,421.2895669234031,0.6543272346245318,654327234.6245317,6.88864146862446e-06,7.301827057226011e-10,7.301827057226011,1.0000000000000004,8.11918045179414e-15,8.11918045179414e-15,0.7500995941967661,0.7500995941967661,6.509492282762084e-09,1.3018984565524168e-08,4.1434649026458704e-13,1.2430394707937612e-12,3.908854052856165e-06,1.1726562158568496e-05,0.06247204925816308,0.24988819703265233,5.151107601030352e-17,3.6057753207212464e-16,6.702688394514691e-08,4.691881876160284e-07,8.678170649769095e-09,5.523886340830304e-13,5.211113408269349e-06,6.867231552826456e-17,8.935731263382663e-08,8.935731270249894e-08
t0_50s,50.0,425.8956533139412,0.6502889360611344,650288936.0611343,6.7823032897133345e-06,7.323877360135011e-10,7.323877360135011,1.0000000000000009,7.889155622736498e-15,7.889155622736498e-15,0.7500995942267631,0.7500995942267631,6.447775851173507e-09,1.2895551702347014e-08,4.068375216851188e-13,1.2205125650553563e-12,3.9088055406193055e-06,1.1726416621857916e-05,0.06247204928552343,0.24988819714209373,5.0842479622983585e-17,3.558973573608851e-16,6.704539166758714e-08,4.6931774167311e-07,8.595892999809137e-09,5.423780052894249e-13,5.211048733666735e-06,6.778097203931211e-17,8.938198631703113e-08,8.93819863848121e-08
t0_50s,50.0,430.55209944158804,0.6462755605857954,646275560.5857954,6.677606625801327e-06,7.345994251290294e-10,7.345994251290294,1.0000000000000007,7.667779623918253e-15,7.667779623918253e-15,0.7500995942558258,0.7500995942558258,6.387590311146744e-09,1.2775180622293489e-08,3.995710706868835e-13,1.1987132120606505e-12,3.908758513996382e-06,1.1726275541989147e-05,0.06247204931220227,0.2498881972488091,5.019700358010878e-17,3.5137902506076145e-16,6.70633480745367e-08,4.694434365217569e-07,8.515656267597206e-09,5.326906903386585e-13,5.210986039626196e-06,6.69204515833784e-17,8.940592501062513e-08,8.940592507754558e-08
t0_50s,50.0,435.2594559045979,0.64228695438118,642286954.38118,6.5745261372453776e-06,7.368177931777266e-10,7.368177931777266,1.0000000000000007,7.454659530037961e-15,7.454659530037961e-15,0.7500995942839805,0.7500995942839805,6.328891410285693e-09,1.2657782820571386e-08,3.9253757563831517e-13,1.1776127269149456e-12,3.908712931756257e-06,1.1726138795268772e-05,0.0624720493382194,0.2498881973528776,4.9573808443642474e-17,3.4701665910549733e-16,6.708076844643786e-08,4.69565379125065e-07,8.4374014577718e-09,5.233139420812754e-13,5.210925271179997e-06,6.608963505834707e-17,8.942914908582355e-08,8.942914915191319e-08
t0_50s,50.0,440.01827932108125,0.6383229645792657,638322964.5792657,6.473036875564021e-06,7.390428603288628e-10,7.390428603288628,1.0000000000000009,7.249422798898779e-15,7.249422798898779e-15,0.7500995943112525,0.7500995943112525,6.271636409864614e-09,1.2543272819729228e-08,3.8572791761681635e-13,1.1571837528504491e-12,3.90866875375301e-06,1.172600626125903e-05,0.062472049363593955,0.24988819745437582,4.897209277215106e-17,3.4280464940505744e-16,6.709766767456032e-08,4.696836737219222e-07,8.361071592930644e-09,5.142356035680766e-13,5.210866374807176e-06,6.528745401751301e-17,8.945167839501359e-08,8.945167846030105e-08
t0_50s,50.0,444.8291323948231,0.6343834392554835,634383439.2554835,6.373114277399044e-06,7.412746468126111e-10,7.412746468126111,1.0000000000000009,7.051716053348032e-15,7.051716053348032e-15,0.7500995943376659,0.7500995943376659,6.2157840166639e-09,1.24315680333278e-08,3.7913339512211463e-13,1.1374001853663438e-12,3.9086259408911505e-06,1.1725877822673451e-05,0.062472049388344365,0.24988819755337746,4.8391090860116255e-17,3.387376360208138e-16,6.711406027242315e-08,4.697984219069621e-07,8.286611622757115e-09,5.054440743390715e-13,5.210809298387166e-06,6.451288765573236e-17,8.947353228698186e-08,8.947353235149475e-08
t0_50s,50.0,449.6925839818191,0.6304682274228927,630468227.4228927,6.274734158570413e-06,7.435131729202378e-10,7.435131729202378,1.0000000000000009,6.861204140943135e-15,6.861204140943135e-15,0.7500995943632451,0.7500995943632451,6.161294342663096e-09,1.2322588685326192e-08,3.727457063516538e-13,1.1182371190549615e-12,3.90858445511203e-06,1.1725753365336088e-05,0.06247204941248839,0.24988819764995357,4.7830071604754525e-17,3.348105012332817e-16,6.712996037958641e-08,4.699097226571049e-07,8.213968370284722e-09,4.969282867938027e-13,5.210753991181668e-06,6.376496129871551e-17,8.949472961196921e-08,8.949472967573417e-08
t0_50s,50.0,454.60920915754104,0.6265771790263969,626577179.0263969,6.177872708223082e-06,7.45758459004287e-10,7.45758459004287,1.0000000000000009,6.6775689577916395e-15,6.6775689577916395e-15,0.7500995943880132,0.7500995943880132,6.108128839022461e-09,1.2216257678044922e-08,3.6655692572045684e-13,1.0996707771613706e-12,3.908544259358229e-06,1.1725632778074688e-05,0.062472049436043196,0.24988819774417279,4.728833637577602e-17,3.3101835463043213e-16,6.714538177354e-08,4.7001767241478e-07,8.14309044388422e-09,4.886776748886541e-13,5.2107004037871916e-06,6.30427435630829e-17,8.951528873752048e-08,8.951528880056323e-08
t0_50s,50.0,459.57958928493343,0.6227101449369907,622710144.9369907,6.082506483063976e-06,7.480105254787622e-10,7.480105254787621,1.0000000000000009,6.500508536961237e-15,6.500508536961237e-15,0.7500995944119929,0.7500995944119929,6.056250247943403e-09,1.2112500495886807e-08,3.6055948545034887e-13,1.0816784563510465e-12,3.9085053175510666e-06,1.17255159526532e-05,0.062472049459025306,0.24988819783610122,4.676521755121408e-17,3.2735652285849857e-16,6.716033787690443e-08,4.70122365138331e-07,8.073928173086043e-09,4.806821495924063e-13,5.210648488105056e-06,6.234534440439683e-17,8.953522755808418e-08,8.953522762042952e-08
t0_50s,50.0,464.60431208315816,0.6188669769460472,618866976.9460472,5.988612401688128e-06,7.502693928193133e-10,7.502693928193133,1.0000000000000009,6.329736111910348e-15,6.329736111910348e-15,0.7500995944352061,0.7500995944352061,6.005622550990643e-09,1.2011245101981286e-08,3.547461568065438e-13,1.0642384704196314e-12,3.908467594564126e-06,1.172540278369238e-05,0.062472049481450694,0.24988819792580277,4.626007685377673e-17,3.238205379764371e-16,6.717484176614884e-08,4.702238923630419e-07,8.006433539685657e-09,4.729320738716742e-13,5.2105981973061065e-06,6.167191289925792e-17,8.955456350663502e-08,8.955456356830694e-08
t0_50s,50.0,469.6839716970898,0.615047527759633,615047527.7596331,5.896167738992211e-06,7.525350815634262e-10,7.525350815634262,1.000000000000001,6.164979273962232e-15,6.164979273962232e-15,0.7500995944576744,0.7500995944576744,5.9562109219574936e-09,1.1912421843914987e-08,3.4911003298294574e-13,1.0473300989488372e-12,3.90843105619933e-06,1.172529316859799e-05,0.06247204950333477,0.24988819801333909,4.5772304005200047e-17,3.2040612803640034e-16,6.718890617945884e-08,4.703223432562119e-07,7.940560114905624e-09,4.654182398743383e-13,5.210549485798809e-06,6.102163545134782e-17,8.957331356516296e-08,8.957331362618459e-08
t0_50s,50.0,474.8191687675675,0.6112516509928684,611251650.9928684,5.805150120674489e-06,7.548076123106043e-10,7.548076123106044,1.000000000000001,6.005979164190534e-15,6.005979164190534e-15,0.7500995944794185,0.7500995944794185,5.9079816807160896e-09,1.1815963361432179e-08,3.4364451269050147e-13,1.0309335380715044e-12,3.908395669162798e-06,1.1725187007488393e-05,0.06247204952469242,0.2498881980987697,4.5301315272423026e-17,3.171092069069612e-16,6.720254352475007e-08,4.704178046732505e-07,7.876262997870738e-09,4.581318470502526e-13,5.2105023091970725e-06,6.039373385325303e-17,8.959149427535652e-08,8.959149433575026e-08
t0_50s,50.0,480.0105105024188,0.6074792011643124,607479201.1643124,5.715537517819504e-06,7.570870057225588e-10,7.570870057225588,1.000000000000001,5.85248972335732e-15,5.85248972335732e-15,0.7500995945004589,0.7500995945004589,5.860902249559205e-09,1.172180449911841e-08,3.383432847992762e-13,1.0150298543978286e-12,3.908361401041725e-06,1.1725084203125174e-05,0.06247204954553802,0.24988819818215208,4.484655222191208e-17,3.1392586555338455e-16,6.721576588737161e-08,4.705103612116013e-07,7.813498757404833e-09,4.5106448167673176e-13,5.210456624289421e-06,5.978746362578475e-17,8.960912174887262e-08,8.960912180866009e-08
t0_50s,50.0,485.25861074825815,0.603730033690391,603730033.6903911,5.6273082415665135e-06,7.593732825233932e-10,7.593732825233932,1.000000000000001,5.704276983296856e-15,5.704276983296856e-15,0.7500995945208153,0.7500995945208153,5.814941111158217e-09,1.1629882222316434e-08,3.3320031377586355e-13,9.996009413275907e-13,3.908328220281657e-06,1.1724984660844971e-05,0.062472049565885444,0.24988819826354178,4.4407480468785346e-17,3.108523632814974e-16,6.722858503772427e-08,4.706000952640699e-07,7.752225375982192e-09,4.4420809744434174e-13,5.210412389008698e-06,5.920211235036607e-17,8.962621167749301e-08,8.962621173669512e-08
t0_50s,50.0,490.56409006307194,0.6000040048798513,600004004.8798513,5.5404409378600765e-06,7.616664634998001e-10,7.616664634998001,1.000000000000001,5.561118403389262e-15,5.561118403389262e-15,0.750099594540507,0.750099594540507,5.77006776846255e-09,1.15401355369251e-08,3.28209825969653e-13,9.84629477908959e-13,3.908296096164485e-06,1.1724888288493456e-05,0.06247204958574812,0.24988819834299247,4.398358852680199e-17,3.0788511968761394e-16,6.724101243867917e-08,4.706870870707542e-07,7.692402196267225e-09,4.375549971743505e-13,5.210369562402728e-06,5.863699813588792e-17,8.964277934301431e-08,8.964277940165131e-08
t0_50s,50.0,495.9275757895933,0.5963009719282595,596300971.9282595,5.454914582281841e-06,7.639665695012399e-10,7.639665695012399,1.000000000000001,5.4228022461780266e-15,5.4228022461780266e-15,0.7500995945595526,0.7500995945595526,5.726252706231604e-09,1.1452505412463208e-08,3.2336629664085553e-13,9.700988899225667e-13,3.908264998786928e-06,1.1724794996360784e-05,0.06247204960513901,0.24988819842055604,4.357438670969367e-17,3.050207069678557e-16,6.72530592528632e-08,4.707714147700424e-07,7.633989869830519e-09,4.3109781552505897e-13,5.210328104605634e-06,5.809146815401215e-17,8.965883962696075e-08,8.965883968505221e-08
t0_50s,50.0,501.34970212948514,0.5926207929125226,592620792.9125226,5.370708474961898e-06,7.662736214401356e-10,7.662736214401356,1.000000000000001,5.289126990641929e-15,5.289126990641929e-15,0.7500995945779705,0.7500995945779705,5.683467354218142e-09,1.1366934708436284e-08,3.186644377094228e-13,9.559933131282685e-13,3.908234899039608e-06,1.1724704697118823e-05,0.06247204962407067,0.2498881984962827,4.317940609231804e-17,3.022558426462263e-16,6.726473634978597e-08,4.708531544485018e-07,7.576950308066543e-09,4.2482950265919476e-13,5.2102879768099375e-06,5.756489725422678e-17,8.967440702008541e-08,8.967440707765031e-08
t0_50s,50.0,506.8311102183278,0.5889633267854538,588963326.7854538,5.287802235568946e-06,7.685876402920609e-10,7.685876402920609,1.000000000000001,5.159900780714743e-15,5.159900780714743e-15,0.7500995945957784,0.7500995945957784,5.641684051919039e-09,1.1283368103838077e-08,3.1409918617898684e-13,9.422975585369605e-13,3.908205768586667e-06,1.1724617305760001e-05,0.062472049642555226,0.2498881985702209,4.2798197530285515e-17,2.995873827119986e-16,6.727605431281312e-08,4.709323801896918e-07,7.521246635200875e-09,4.1874330881121455e-13,5.2102491412393876e-06,5.70566866568553e-17,8.968949563166683e-08,8.968949568872351e-08
t0_50s,50.0,512.3724482014316,0.5853284333703627,585328433.3703626,5.206175798377571e-06,7.709086470959383e-10,7.709086470959383,1.000000000000001,5.034940906197879e-15,5.034940906197879e-15,0.7500995946129935,0.7500995946129935,5.600876014787329e-09,1.1201752029574659e-08,3.0966569318732596e-13,9.28997079561978e-13,3.908177579845895e-06,1.1724532739537683e-05,0.062472049660604385,0.24988819864241754,4.243033072905685e-17,2.9701231510339797e-16,6.728702344599854e-08,4.710091641219898e-07,7.466843143245593e-09,4.128327696898636e-13,5.210211561122468e-06,5.656626271201809e-17,8.970411919861738e-08,8.970411925518365e-08
t0_50s,50.0,517.9743713104749,0.5817159733556865,581715973.3556864,5.125809407411796e-06,7.732366629542176e-10,7.732366629542176,1.0000000000000009,4.91407331458823e-15,4.91407331458823e-15,0.7500995946296326,0.7500995946296326,5.5610173018622465e-09,1.1122034603724493e-08,3.053593136519686e-13,9.160779409559058e-13,3.908150305969366e-06,1.17244509179081e-05,0.06247204967822953,0.24988819871291812,4.207539336293658e-17,2.9452775354055603e-16,6.72976537807712e-08,4.710835764653984e-07,7.413705248845043e-09,4.070916926741469e-13,5.21017520066658e-06,5.609307572511305e-17,8.971829109439784e-08,8.971829115049092e-08
t0_50s,50.0,523.6375419409845,0.5781258082896468,578125808.2896467,5.0466836116634905e-06,7.755717090330755e-10,7.755717090330755,1.0000000000000009,4.797132151476993e-15,4.797132151476993e-15,0.7500995946457123,0.7500995946457123,5.5220827847545605e-09,1.1044165569509121e-08,3.01175596475681e-13,9.03526789427043e-13,3.908123920824596e-06,1.1724371762473788e-05,0.06247204969544163,0.24988819878176652,4.1732990240990924e-17,2.9213093168693645e-16,6.730795508247775e-08,4.7115568557734423e-07,7.361799451928454e-09,4.0151414375571357e-13,5.210140025032922e-06,5.563659884485378e-17,8.973202433773972e-08,8.973202439337632e-08
t0_50s,50.0,529.3626297306555,0.5745578005749464,574557800.5749464,4.9687792603847735e-06,7.779138065626124e-10,7.779138065626124,1.0000000000000009,4.683959327824656e-15,4.683959327824656e-15,0.7500995946612481,0.7500995946612481,5.4840481179128204e-09,1.0968096235825641e-08,2.971102752760567e-13,8.9133082582817e-13,3.908098398976146e-06,1.172429519692844e-05,0.06247204971225134,0.24988819884900537,4.140274251589536e-17,2.8981919761126754e-16,6.731793685678799e-08,4.712255579975159e-07,7.311093296070193e-09,3.9609443517995025e-13,5.210106000311972e-06,5.519632700853974e-17,8.974533160118475e-08,8.974533165638109e-08
t0_50s,50.0,535.1503116385371,0.5710118134634948,571011813.4634948,4.892077498452876e-06,7.802629768370336e-10,7.802629768370336,1.000000000000001,4.5744041123568675e-15,4.5744041123568675e-15,0.750099594676256,0.750099594676256,5.446889710116509e-09,1.0893779420233019e-08,2.9315925960936304e-13,8.794777788280891e-13,3.9080737156677275e-06,1.1724221147003182e-05,0.062472049728668946,0.24988819891467579,4.108428693411216e-17,2.8759000853878516e-16,6.732760835596358e-08,4.712932584917451e-07,7.261555330485673e-09,3.908271137459966e-13,5.210073093499614e-06,5.477177594242562e-17,8.975822521944205e-08,8.975822527421383e-08
t0_50s,50.0,541.001272025075,0.5674877110511662,567487711.0511663,4.81655976180669e-06,7.82619241214852e-10,7.82619241214852,1.0000000000000009,4.468322747545669e-15,4.468322747545669e-15,0.7500995946907506,0.7500995946907506,5.41058469714263e-09,1.082116939428526e-08,2.893186266602079e-13,8.679558799806238e-13,3.9080498468047434e-06,1.172414954041423e-05,0.06247204974470442,0.24988819897881767,4.077727512472289e-17,2.854409258730602e-16,6.733697858499265e-08,4.7135885009494855e-07,7.213155073591652e-09,3.8570694972777254e-13,5.210041272473884e-06,5.436248121362398e-17,8.977071719756654e-08,8.977071725192902e-08
t0_50s,50.0,546.9162027330352,0.563985358272593,563985358.272593,4.742207772953741e-06,7.849826211190793e-10,7.849826211190793,1.000000000000001,4.365578087676153e-15,4.365578087676153e-15,0.7500995947047471,0.7500995947047471,5.375110915550992e-09,1.0750221831101984e-08,2.855846133695309e-13,8.567538401085928e-13,3.908026768937288e-06,1.1724080306811865e-05,0.06247204976036744,0.24988819904146975,4.0481372924731475e-17,2.8336961047312034e-16,6.734605630759232e-08,4.7142239415314623e-07,7.165862978057913e-09,3.8072892637935934e-13,5.210010505972288e-06,5.396799733062872e-17,8.978281921896112e-08,8.978281927292913e-08
t0_50s,50.0,552.8958031693099,0.5605046208959864,560504620.8959864,4.669003536546483e-06,7.873531380374239e-10,7.8735313803742395,1.000000000000001,4.266039257574942e-15,4.266039257574942e-15,0.7500995947182594,0.7500995947182594,5.340446877537753e-09,1.0680893755075506e-08,2.819536089754638e-13,8.458608269263913e-13,3.90800445924356e-06,1.172401337773068e-05,0.06247204977566735,0.2498881991026694,4.019625973904143e-17,2.8137381817329e-16,6.735485005208234e-08,4.714839503645764e-07,7.119650397283107e-09,3.758882299908011e-13,5.209980763569701e-06,5.3587896890064737e-17,8.979454265320743e-08,8.979454270679532e-08
t0_50s,50.0,558.9407803876203,0.5570453655179942,557045365.5179942,4.596929335026884e-06,7.897308135224794e-10,7.897308135224794,1.0000000000000009,4.169581330824879e-15,4.169581330824879e-15,0.7500995947313014,0.7500995947313014,5.306571746809762e-09,1.0613143493619524e-08,2.784221479434747e-13,8.35266443830424e-13,3.9079828955137255e-06,1.1723948686541176e-05,0.06247204979061325,0.249888199162453,3.992162793242363e-17,2.794513955269654e-16,6.736336811713186e-08,4.71543576819923e-07,7.074489553231484e-09,3.7118024046288187e-13,5.209952015656844e-06,5.322176976608585e-17,8.980589856372683e-08,8.98058986169486e-08
t0_50s,50.0,565.0518491721175,0.5536074595585867,553607459.5585867,4.525967724338282e-06,7.921156691919242e-10,7.921156691919242,1.0000000000000013,4.076085026133428e-15,4.076085026133428e-15,0.750099594743887,0.750099594743887,5.273465315433709e-09,1.0546930630867419e-08,2.7498690326328795e-13,8.249607097898638e-13,3.9079620561341625e-06,1.1723886168402488e-05,0.06247204980521394,0.24988819922085576,3.965718225261988e-17,2.7760027576833915e-16,6.737161857738139e-08,4.7160133004166975e-07,7.030353505569183e-09,3.6660052237087147e-13,5.209924233419286e-06,5.2869222341281723e-17,8.981689771527562e-08,8.981689776814484e-08
t0_50s,50.0,571.2297321219065,0.5501907712559759,550190771.255976,4.456101529703432e-06,7.945077267287239e-10,7.945077267287239,1.000000000000001,3.985436420818126e-15,3.985436420818126e-15,0.7500995947560289,0.7500995947560289,5.241107981616927e-09,1.0482215963233854e-08,2.7164468009176334e-13,8.149340402752901e-13,3.90794192007212e-06,1.1723825760216359e-05,0.06247204981947794,0.24988819927791175,3.9402639282130317e-17,2.7581847497491224e-16,6.737960928894285e-08,4.7165726502259996e-07,6.987216122042574e-09,3.6214481648949054e-13,5.209897388816993e-06,5.25298767758248e-17,8.982755058127738e-08,8.982755063380725e-08
t0_50s,50.0,577.4751597364855,0.5467951696615654,546795169.6615654,4.387313841467669e-06,7.969070078813188e-10,7.969070078813188,1.0000000000000009,3.897526680333383e-15,3.897526680333383e-15,0.7500995947677402,0.7500995947677402,5.209480728378553e-09,1.0418961456757107e-08,2.6839240972209103e-13,8.051772291662731e-13,3.907922466860758e-06,1.1723767400582273e-05,0.06247204983341354,0.24988819933365417,3.9157726917353037e-17,2.7410408842147124e-16,6.738734789477953e-08,4.717114352634567e-07,6.94505205004358e-09,3.578090317529043e-13,5.209871454564379e-06,5.220337031308193e-17,8.983786735099524e-08,8.983786740319861e-08
t0_50s,50.0,583.7888705021254,0.5434205246349312,543420524.6349312,4.319588011006288e-06,7.993135344638257e-10,7.993135344638257,1.0000000000000009,3.812251802869241e-15,3.812251802869241e-15,0.7500995947790334,0.7500995947790334,5.178565103071774e-09,1.0357130206143548e-08,2.6522714386089187e-13,7.956814315826756e-13,3.907903676584572e-06,1.1723711029753716e-05,0.06247204984702879,0.24988819938811516,3.892218387351159e-17,2.724552871145811e-16,6.739484182996829e-08,4.7176389280977797e-07,6.9038366893096255e-09,3.535892376252027e-13,5.209846404110875e-06,5.188935461960541e-17,8.984785793654729e-08,8.984785798843665e-08
t0_50s,50.0,590.1716109791911,0.5400667068388354,540066706.8388354,4.2529076466951425e-06,8.017273283562392e-10,8.017273283562393,1.000000000000001,3.729512378100476e-15,3.729512378100476e-15,0.7500995947899204,0.7500995947899204,5.148343197719769e-09,1.0296686395439539e-08,2.6214604919592783e-13,7.864381475877835e-13,3.907885529865186e-06,1.1723656589595559e-05,0.06247204986033147,0.24988819944132587,3.869575921398095e-17,2.7087031449786666e-16,6.740209832684646e-08,4.7181468828792524e-07,6.863546165708382e-09,3.4948165685830934e-13,5.2098222116219965e-06,5.158749515765094e-17,8.985753197976823e-08,8.985753203135572e-08
t0_50s,50.0,596.6241358904173,0.5367335877342683,536733587.73426825,4.18725660994334e-06,8.041484115046252e-10,8.041484115046252,1.0000000000000009,3.6492133592370636e-15,3.6492133592370636e-15,0.7500995948004133,0.7500995948004133,5.118797630129704e-09,1.0237595260259408e-08,2.5914640223818893e-13,7.774392067145668e-13,3.9078680078474946e-06,1.1723604023542483e-05,0.06247204987332915,0.2498881994933166,3.847821190258695e-17,2.6934748331810865e-16,6.740912442004523e-08,4.7186387094031663e-07,6.824157306059757e-09,3.454826586156771e-13,5.209798851960854e-06,5.1297470588322666e-17,8.986689885891949e-08,8.986689891021695e-08
t0_50s,50.0,603.1472082101521,0.5334210395755203,533421039.57552034,4.122619011287213e-06,8.065768059213233e-10,8.065768059213234,1.0000000000000009,3.5712638475953915e-15,3.5712638475953915e-15,0.7500995948105235,0.7500995948105235,5.089911525752086e-09,1.0179823051504172e-08,2.562255844233537e-13,7.686767532700611e-13,3.907851092186165e-06,1.1723553276558494e-05,0.06247204988602918,0.24988819954411673,3.82693103776793e-17,2.678851726437551e-16,6.74159269514114e-08,4.719114886598798e-07,6.7856476139515935e-09,3.415887519417695e-13,5.209776300670173e-06,5.1018972203746086e-17,8.98759676952509e-08,8.987596774626988e-08
t0_50s,50.0,609.7415992545735,0.5301289354052884,530128935.4052884,4.0589792065446665e-06,8.090125336851489e-10,8.09012533685149,1.000000000000001,3.4955768888879705e-15,3.4955768888879705e-15,0.7500995948202622,0.7500995948202622,5.061668500248702e-09,1.0123337000497404e-08,2.5338107745741687e-13,7.601432323722506e-13,3.907834765032476e-06,1.1723504295097427e-05,0.06247204989843871,0.24988819959375483,3.806883214676334e-17,2.664818250273434e-16,6.742251257482144e-08,4.7195758802375005e-07,6.747995246499996e-09,3.3779657955705424e-13,5.209754533954742e-06,5.075170338664873e-17,8.988474735941848e-08,8.988474741017018e-08
t0_50s,50.0,616.4080887728912,0.5268571490498101,526857149.04981005,3.996321793028816e-06,8.114556169415902e-10,8.114556169415902,1.0000000000000009,3.422069280602924e-15,3.422069280602924e-15,0.7500995948296401,0.7500995948296401,5.034052642745513e-09,1.0068105285491025e-08,2.506104588944019e-13,7.518313766832057e-13,3.907819009021487e-06,1.172345702706446e-05,0.06247204991056466,0.24988819964225864,3.787656340062129e-17,2.65135943804349e-16,6.742888776088701e-08,4.720022143262091e-07,6.7111789920228245e-09,3.3410291196240366e-13,5.209733528664306e-06,5.0495379095923495e-17,8.989324647775769e-08,8.989324652825307e-08
t0_50s,50.0,623.1474650395497,0.5236055551140261,523605555.11402607,3.934631605820048e-06,8.139060779030095e-10,8.139060779030094,1.0000000000000009,3.3506613897771476e-15,3.3506613897771476e-15,0.7500995948386682,0.7500995948386682,5.007048499736078e-09,1.0014096999472155e-08,2.47911397932512e-13,7.437341937975359e-13,3.907803807259532e-06,1.1723411421778596e-05,0.06247204992241378,0.24988819968965512,3.769229864579618e-17,2.6384609052057326e-16,6.743505880155603e-08,4.720454116108922e-07,6.675178248580439e-09,3.3050464183470586e-13,5.20971326227689e-06,5.0249725376672223e-17,8.99014734384172e-08,8.990147348866693e-08
t0_50s,50.0,629.960524947437,0.520374028976776,520374028.976776,3.873893714095715e-06,8.163639388488493e-10,8.163639388488493,1.000000000000001,3.2812769805512234e-15,3.2812769805512234e-15,0.7500995948473564,0.7500995948473564,4.980641059607789e-09,9.961282119215577e-09,2.452816514168697e-13,7.358449542506091e-13,3.907789143312033e-06,1.1723367429936099e-05,0.06247204993399261,0.24988819973597043,3.751584035447189e-17,2.626108824813032e-16,6.744103181461108e-08,4.7208722270227753e-07,6.6399730033467594e-09,3.269987786978927e-13,5.2096937128825655e-06,5.001447889344118e-17,8.990943639735624e-08,8.990943644737072e-08
t0_50s,50.0,636.8480741021112,0.5171624467860211,517162446.78602105,3.8140934175164235e-06,8.188292221258328e-10,8.188292221258328,1.0000000000000009,3.213843050942832e-15,3.213843050942832e-15,0.7500995948557151,0.7500995948557151,4.954815737765895e-09,9.90963147553179e-09,2.427190600379417e-13,7.281571801138251e-13,3.907775001191604e-06,1.1723325003574813e-05,0.062472049945307515,0.24988819978123006,3.734699863083252e-17,2.6142899041582764e-16,6.744681274806676e-08,4.721276892364673e-07,6.605543812777255e-09,3.235824438548454e-13,5.209674859167578e-06,4.978938648542581e-17,8.991714328420674e-08,8.991714333399613e-08
t0_50s,50.0,643.8109269170617,0.5139706854540981,513970685.45409805,3.7552162426681073e-06,8.213019501481623e-10,8.213019501481623,1.000000000000001,3.148289678319579e-15,3.148289678319579e-15,0.7500995948637539,0.7500995948637539,4.9295583623311544e-09,9.859116724662309e-09,2.4022154471533724e-13,7.206646341460118e-13,3.907761365346482e-06,1.1723284096039445e-05,0.062472049956364684,0.24988819982545873,3.7185590892993724e-17,2.6029913625095607e-16,6.745240738446731e-08,4.7216685169127114e-07,6.571871783541686e-09,3.2025286556643245e-13,5.2096566803989236e-06,4.9574204742435594e-17,8.992460180800282e-08,8.992460185757703e-08
t0_50s,50.0,650.8499067100067,0.5107986226530002,510798622.65300024,3.6972479395590556e-06,8.237821453977332e-10,8.237821453977332,1.0000000000000009,3.0845498730148907e-15,3.0845498730148907e-15,0.750099594871482,0.750099594871482,4.904855160381361e-09,9.809710320762722e-09,2.377871031560475e-13,7.133613094681424e-13,3.907748220649217e-06,1.172324466194765e-05,0.062472049967170144,0.24988819986868058,3.703144156967459e-17,2.592200909877221e-16,6.74578213450884e-08,4.722047494156188e-07,6.538938554181904e-09,3.170073744631053e-13,5.209639156409288e-06,4.936869960051019e-17,8.993181946278248e-08,8.993181951215117e-08
t0_50s,50.0,657.9658458002455,0.5076461368096922,507646136.80969214,3.640174478171017e-06,8.26269830424328e-10,8.26269830424328,1.0000000000000009,3.0225594396807283e-15,3.0225594396807283e-15,0.7500995948789091,0.7500995948789091,4.880692744721901e-09,9.761385489443802e-09,2.3541380657926603e-13,7.062414197377981e-13,3.907735552385679e-06,1.1723206657157037e-05,0.062472049977729746,0.24988819991091898,3.688438181088597e-17,2.581906726762018e-16,6.746306009404216e-08,4.7224142065829507e-07,6.506726277474935e-09,3.1384339917857123e-13,5.209622267582369e-06,4.917264595622176e-17,8.993880353306006e-08,8.993880358223271e-08
t0_50s,50.0,665.1595856070763,0.5045131071014466,504513107.10144657,3.5839820450634833e-06,8.287650278458275e-10,8.287650278458274,1.000000000000001,2.962256845873305e-15,2.962256845873305e-15,0.7500995948860442,0.7500995948860442,4.857058101154343e-09,9.714116202308687e-09,2.3309979659740696e-13,6.992993897922209e-13,3.907723346244314e-06,1.172317003873294e-05,0.06247204998804921,0.24988819995219683,3.6744249211769986e-17,2.572097444823899e-16,6.746812894229048e-08,4.7227690259603334e-07,6.475217603460021e-09,3.107584621917036e-13,5.209605994838564e-06,4.898582729850988e-17,8.994556109917684e-08,8.994556114816266e-08
t0_50s,50.0,672.4319767492898,0.5013994134512169,501399413.4512169,3.5286570400304837e-06,8.312677603484144e-10,8.312677603484143,1.000000000000001,2.9035830975078712e-15,2.9035830975078712e-15,0.7500995948928957,0.7500995948928957,4.833938576230296e-09,9.667877152460592e-09,2.3084328224646903e-13,6.925298467394071e-13,3.907711588305686e-06,1.1723134764917056e-05,0.06247204999813404,0.24988819999253617,3.6610887549044e-17,2.56276212843308e-16,6.747303305156517e-08,4.723112313609562e-07,6.444395663112601e-09,3.0775017586755315e-13,5.20959031962103e-06,4.880803535732019e-17,8.995209904252705e-08,8.995209909133509e-08
t0_50s,50.0,679.7838791457486,0.4983049365230329,498304936.5230329,3.4741860728088944e-06,8.337780506867789e-10,8.337780506867789,1.0000000000000009,2.8464816207546233e-15,2.8464816207546233e-15,0.7500995948994723,0.7500995948994723,4.811321865463823e-09,9.622643730927646e-09,2.2864253715678676e-13,6.859276114703603e-13,3.907700265032281e-06,1.1723100795096842e-05,0.062472050007989666,0.24988820003195866,3.648414652924372e-17,2.5538902570470603e-16,6.747777743819969e-08,4.723444420673978e-07,6.414244052629614e-09,3.048162386855165e-13,5.209575223882086e-06,4.8639069767973e-17,8.995842405066624e-08,8.99584240993053e-08
t0_50s,50.0,687.2161621170707,0.4952295577174274,495229557.7174274,3.420555959837626e-06,8.362959216843293e-10,8.362959216843294,1.0000000000000007,2.7908981500335435e-15,2.7908981500335435e-15,0.7500995949057823,0.7500995949057823,4.789196001987335e-09,9.57839200397467e-09,2.2649589685750198e-13,6.794876905725059e-13,3.907689363258566e-06,1.1723068089775696e-05,0.062472050017621336,0.24988820007048534,3.636388154824487e-17,2.5454717083771406e-16,6.74823669768722e-08,4.723765688381054e-07,6.384746818306029e-09,3.0195443164577555e-13,5.209560690069962e-06,4.847873775056821e-17,8.996454262230132e-08,8.996454267078006e-08
t0_50s,50.0,694.7297044884167,0.4921731591668925,492173159.1668925,3.3677537210668338e-06,8.388213962333936e-10,8.388213962333936,1.0000000000000009,2.7367806217564013e-15,2.7367806217564013e-15,0.7500995949118339,0.7500995949118339,4.767549345631465e-09,9.53509869126293e-09,2.2440175620759658e-13,6.732052686227897e-13,3.9076788701812884e-06,1.1723036610543865e-05,0.062472050027034175,0.2498882001081367,3.624995346144373e-17,2.537496742301061e-16,6.748680640426259e-08,4.7240764482983814e-07,6.355888441976614e-09,2.9916261484446286e-13,5.209546701115862e-06,4.832685380359993e-17,8.997046107216595e-08,8.99704611204928e-08
t0_50s,50.0,702.3253946934117,0.48913562373135944,489135623.7313594,3.3157665768163254e-06,8.413544972954342e-10,8.413544972954343,1.0000000000000007,2.6840790734910876e-15,2.6840790734910876e-15,0.7500995949176347,0.7500995949176347,4.746370572410742e-09,9.492741144821484e-09,2.2235856694681693e-13,6.670757008404508e-13,3.907668773350046e-06,1.1723006320050138e-05,0.06247205003623316,0.24988820014493263,3.614222836402443e-17,2.52995598548171e-16,6.749110032262492e-08,4.7243770225837447e-07,6.3276538269986956e-09,2.9643872420866085e-13,5.209533240421401e-06,4.8183239411018554e-17,8.997618553578321e-08,8.997618558396645e-08
t0_50s,50.0,710.0041308791924,0.4861168349937117,486116834.9937117,3.2645819446825537e-06,8.438952479012511e-10,8.43895247901251,1.0000000000000009,2.6327455482491966e-15,2.6327455482491966e-15,0.7500995949231926,0.7500995949231926,4.725648664399039e-09,9.451297328798078e-09,2.2036483536042156e-13,6.610945060812647e-13,3.907659060658063e-06,1.172297718197419e-05,0.062472050045223146,0.24988820018089258,3.6040577380800384e-17,2.522840416656027e-16,6.749525320327733e-08,4.724667724229413e-07,6.300028284754544e-09,2.937807683831453e-13,5.209520291846303e-06,4.804772276205643e-17,8.998172197411812e-08,8.998172202216584e-08
t0_50s,50.0,717.766821012611,0.4831166772553213,483116677.2553213,3.214187436493263e-06,8.464436711511929e-10,8.46443671151193,1.0000000000000009,2.5827340036133057e-15,2.5827340036133057e-15,0.7500995949285149,0.7500995949285149,4.705372899979334e-09,9.410745799958668e-09,2.1841912005198386e-13,6.552573601559516e-13,3.9076497203332274e-06,1.1722949160999682e-05,0.06247205005400887,0.24988820021603547,3.5944876465150665e-17,2.5161413525605464e-16,6.749926939001053e-08,4.7249488573007374e-07,6.272997521652789e-09,2.911868257611836e-13,5.2095078396964474e-06,4.792013848317868e-17,8.998707617812175e-08,8.998707622604188e-08
t0_50s,50.0,725.6143829875953,0.4801350355316161,480135035.5316161,3.164570855309234e-06,8.489997902153676e-10,8.489997902153675,1.0000000000000009,2.534000225434511e-15,2.534000225434511e-15,0.7500995949336086,0.7500995949336086,4.685532844451495e-09,9.37106568890299e-09,2.1652002981857633e-13,6.49560089455729e-13,3.907640740929323e-06,1.1722922222787967e-05,0.062472050062594944,0.24988820025037978,3.585500620653608e-17,2.5098504344575254e-16,6.750315310241677e-08,4.725220717169174e-07,6.24654762660712e-09,2.8865504165182297e-13,5.209495868712193e-06,4.7800327381472075e-17,8.999225377316926e-08,8.999225382096959e-08
t0_50s,50.0,733.5477447336875,0.4771717955476703,477171795.5476703,3.1157201924722256e-06,8.51563628333856e-10,8.51563628333856,1.0000000000000009,2.4865017458471283e-15,2.4865017458471283e-15,0.750099594938481,0.750099594938481,4.6661183409841316e-09,9.332236681968263e-09,2.1466622162322306e-13,6.439986648696692e-13,3.90763211131752e-06,1.172289633395256e-05,0.062472050070985864,0.24988820028394346,3.577085164619945e-17,2.5039596152339614e-16,6.750690843914094e-08,4.725483590739866e-07,6.220665058973696e-09,2.8618362557685263e-13,5.209484364057019e-06,4.768813619894459e-17,8.999726022339405e-08,8.999726027108219e-08
t0_50s,50.0,741.5678443257616,0.47422684373382856,474226843.73382854,3.0676236246985796e-06,8.541352088169172e-10,8.541352088169173,1.000000000000001,2.440197765366683e-15,2.440197765366683e-15,0.7500995949431389,0.7500995949431389,4.647119501896527e-09,9.294239003793054e-09,2.1285639865969572e-13,6.385691959790872e-13,3.9076238206780525e-06,1.1722871462034158e-05,0.06247205007918602,0.24988820031674408,3.5692302100601695e-17,2.498461147042119e-16,6.751053938105567e-08,4.7257377566738974e-07,6.195336636928594e-09,2.837708486908745e-13,5.209473311306439e-06,4.7583417377138213e-17,9.000210083592072e-08,9.000210088350413e-08
t0_50s,50.0,749.6756300949512,0.471300067221349,471300067.221349,3.0202695112175754e-06,8.567145550452035e-10,8.567145550452036,1.0000000000000009,2.395049078847753e-15,2.395049078847753e-15,0.7500995949475889,0.7500995949475889,4.628526700257255e-09,9.25705340051451e-09,2.1108930850499658e-13,6.332679255149897e-13,3.90761585849211e-06,1.172284757547633e-05,0.062472050087199665,0.24988820034879866,3.561925099220104e-17,2.4933475694540725e-16,6.751404979436107e-08,4.725983485605275e-07,6.170549526267455e-09,2.8141504131827433e-13,5.209462696437189e-06,4.748602883153114e-17,9.000678076499752e-08,9.000678081248355e-08
t0_50s,50.0,757.8720607407788,0.4683913538380813,468391353.8380813,2.9736463909540955e-06,8.593016904699725e-10,8.593016904699725,1.0000000000000009,2.3510180050911908e-15,2.3510180050911908e-15,0.7500995949518375,0.7500995949518375,4.6103305617868166e-09,9.220661123573633e-09,2.093637413551413e-13,6.280912240654239e-13,3.907608214533952e-06,1.1722824643601855e-05,0.062472050095031,0.249888200380124,3.5551595687207613e-17,2.488611698104533e-16,6.751744343361162e-08,4.7262210403528137e-07,6.1462912296104324e-09,2.791145906012443e-13,5.209452505816713e-06,4.739583373523927e-17,9.001130501603163e-08,9.001130506342746e-08
t0_50s,50.0,766.1581054445203,0.46550059210416467,465500592.10416466,2.927742979754668e-06,8.618966386133047e-10,8.618966386133048,1.000000000000001,2.3080683199060884e-15,2.3080683199060884e-15,0.7500995949558911,0.7500995949558911,4.5925219570520795e-09,9.185043914104159e-09,2.0767852834008982e-13,6.230355850202695e-13,3.907600878863202e-06,1.1722802636589605e-05,0.06247205010268407,0.24988820041073628,3.5489237339935876e-17,2.4842466137955113e-16,6.752072394467127e-08,4.726450676126989e-07,6.122549575996157e-09,2.768679382533224e-13,5.209442726192893e-06,4.731270031151368e-17,9.001567844952878e-08,9.001567849684148e-08
t0_50s,50.0,774.5347439838034,0.4626276712277572,462627671.2277572,2.882548167656387e-06,8.644994230683089e-10,8.64499423068309,1.0000000000000009,2.2661651924379636e-15,2.2661651924379636e-15,0.7500995949597555,0.7500995949597555,4.575091993940903e-09,9.150183987881806e-09,2.0603253991389784e-13,6.180976197416935e-13,3.907593841817337e-06,1.1722781525452012e-05,0.062472050110162845,0.24988820044065138,3.543208074344286e-17,2.480245652041e-16,6.752389486759818e-08,4.726672640731873e-07,6.099312710849239e-09,2.7467357841321315e-13,5.209433344684033e-06,4.723650163461809e-17,9.001990578493911e-08,9.001990583217561e-08
t0_50s,50.0,783.0029668484609,0.45977248110078844,459772481.1007884,2.838051016197965e-06,8.671100674993416e-10,8.671100674993417,1.000000000000001,2.2252751245903897e-15,2.2252751245903897e-15,0.750099594963437,0.750099594963437,4.558032010405855e-09,9.11606402081171e-09,2.04424684316389e-13,6.132740529491671e-13,3.907587094004395e-06,1.1722761282013185e-05,0.06247205011747121,0.24988820046988483,3.538003418611652e-17,2.4766023930281565e-16,6.752695963946076e-08,4.7268871747622536e-07,6.076569086306508e-09,2.725300555939555e-13,5.209424348769135e-06,4.7167115438638636e-17,9.002399160441128e-08,9.00239916515784e-08
t0_50s,50.0,791.563775357652,0.45693491229473976,456934912.2947398,2.794240755772321e-06,8.697285956422224e-10,8.697285956422224,1.0000000000000013,2.1853658933736652e-15,2.1853658933736652e-15,0.7500995949669413,0.7500995949669413,4.541333567466124e-09,9.082667134932248e-09,2.02853906102793e-13,6.08561718308379e-13,3.90758062629582e-06,1.1722741878887459e-05,0.062472050124612925,0.2498882004984517,3.5333009313912965e-17,2.4733106519739077e-16,6.752992159708624e-08,4.727094511796037e-07,6.054307451887468e-09,2.7043596272270116e-13,5.20941572627837e-06,4.710442393382465e-17,9.002794035645686e-08,9.002794040356129e-08
t0_50s,50.0,800.218181778262,0.45411485605644997,454114856.05644995,2.7511067830200166e-06,8.723550313044525e-10,8.723550313044525,1.0000000000000009,2.1464064960268156e-15,2.1464064960268156e-15,0.7500995949702738,0.7500995949702738,4.524988442457754e-09,9.049976884915509e-09,2.0131918473808054e-13,6.039575542142417e-13,3.907574429819539e-06,1.1722723289458617e-05,0.0624720501315917,0.2498882005263668,3.529092099796158e-17,2.470364469857311e-16,6.753278397974324e-08,4.7272948785820273e-07,6.032516845495801e-09,2.6838993926674333e-13,5.2094074653838405e-06,4.7048313630085547e-17,9.003175635952656e-08,9.003175640657487e-08
t0_50s,50.0,808.9672094445942,0.4513122043039481,451312204.3039481,2.7086386582629284e-06,8.749893983654219e-10,8.74989398365422,1.000000000000001,2.108367097766669e-15,2.108367097766669e-15,0.7500995949734401,0.7500995949734401,4.508988622522293e-09,9.017977245044586e-09,1.998195332528204e-13,5.994585997584612e-13,3.90756849595318e-06,1.172270548785954e-05,0.06247205013841112,0.24988820055364447,3.525368720725671e-17,2.4677581045079693e-16,6.753554993175986e-08,4.7274884952231906e-07,6.011186584738723e-09,2.6639066944156355e-13,5.209399554590536e-06,4.6998675167268936e-17,9.00354438055005e-08,9.003544385249917e-08
t0_50s,50.0,817.8118928793773,0.4485268496223108,448526849.6223108,2.666826102977558e-06,8.776317207766353e-10,8.776317207766354,1.000000000000001,2.071218982024664e-15,2.071218982024664e-15,0.7500995949764458,0.7500995949764458,4.493326298324424e-09,8.986652596648848e-09,1.983539969575733e-13,5.950619908727199e-13,3.9075628163174776e-06,1.1722688448952432e-05,0.06247205014507471,0.24988820058029884,3.5221228886188124e-17,2.4654860220331685e-16,6.753822250507842e-08,4.727675575355489e-07,5.9903062585516e-09,2.644368804969184e-13,5.2093919827275475e-06,4.695540315188961e-17,9.003900676309419e-08,9.00390068100496e-08
t0_50s,50.0,826.7532779160896,0.4457586852595447,445758685.25954473,2.625658997307314e-06,8.802820225619287e-10,8.802820225619287,1.000000000000001,2.0349345030415653e-15,2.0349345030415653e-15,0.7500995949792959,0.7500995949792959,4.477993857989554e-09,8.955987715979108e-09,1.9692165221298274e-13,5.907649566389482e-13,3.90755738276984e-06,1.1722672148309518e-05,0.06247205015158591,0.24988820060634365,3.5193469836656325e-17,2.4635428885659425e-16,6.754080466174847e-08,4.727856326322393e-07,5.969865719115812e-09,2.6252734107717807e-13,5.209384738939494e-06,4.691839599997081e-17,9.004244918118202e-08,9.004244922810042e-08
t0_50s,50.0,835.7924218226229,0.4430076051224965,443007605.1224965,2.585127377613226e-06,8.829403278176844e-10,8.829403278176844,1.000000000000001,1.9994870406994698e-15,1.9994870406994698e-15,0.7500995949819952,0.7500995949819952,4.462983881253273e-09,8.925967762506546e-09,1.9552160525296615e-13,5.865648157588985e-13,3.907552187398083e-06,1.1722656562194251e-05,0.06247205015794807,0.2498882006317923,3.5170336604552734e-17,2.4619235623186915e-16,6.754329927635884e-08,4.728030949345119e-07,5.949855074059064e-09,2.606608596524563e-13,5.209377812678165e-06,4.688755578570461e-17,9.004577489203963e-08,9.004577493892719e-08
t0_50s,50.0,844.9303934263006,0.4402735037727847,440273503.77278465,2.545221434062418e-06,8.856066607130488e-10,8.856066607130488,1.000000000000001,1.9648509574715965e-15,1.9648509574715965e-15,0.7500995949845488,0.7500995949845488,4.448289133813609e-09,8.896578267627218e-09,1.9415299105834603e-13,5.824589731750381e-13,3.907547222514328e-06,1.1722641667542985e-05,0.06247205016416446,0.24988820065665784,3.5151758370368614e-17,2.460623085925803e-16,6.754570913841072e-08,4.7281996396887503e-07,5.930264678926054e-09,2.5883628301698437e-13,5.209371193694378e-06,4.6862788095616425e-17,9.00489876145075e-08,9.004898766137028e-08
t0_50s,50.0,854.1682732402588,0.4375562764227605,437556276.4227605,2.5059315082539006e-06,8.882810454901614e-10,8.882810454901614,1.000000000000001,1.9310015573848533e-15,1.9310015573848533e-15,0.7500995949869615,0.7500995949869615,4.433902561879198e-09,8.867805123758395e-09,1.9281497227866177e-13,5.784449168359854e-13,3.907542480649045e-06,1.1722627441947135e-05,0.062472050170238304,0.24988820068095322,3.5137666843742284e-17,2.45963667906196e-16,6.75480369546327e-08,4.728362586824289e-07,5.91108512991034e-09,2.570524948517181e-13,5.2093648720300494e-06,4.684400188798003e-17,9.005209095707728e-08,9.005209100392129e-08
t0_50s,50.0,863.5071535912093,0.43485581893149095,434855818.93149096,2.467248090880904e-06,8.909635064643631e-10,8.90963506464363,1.000000000000001,1.8979150468876944e-15,1.8979150468876944e-15,0.750099594989238,0.750099594989238,4.4198172869048935e-09,8.839634573809787e-09,1.91506738199751e-13,5.74520214599253e-13,3.907537954545257e-06,1.172261386363577e-05,0.0624720501761727,0.2498882007046908,3.512799616173311e-17,2.4589597313213174e-16,6.755028535123863e-08,4.728519974586704e-07,5.892307256836083e-09,2.553084143479622e-13,5.209358838010465e-06,4.6831109357200905e-17,9.005508842090204e-08,9.005508846773315e-08
t0_50s,50.0,872.9481387486032,0.4321720278007678,432172027.8007678,2.429161819429389e-06,8.936540680244273e-10,8.936540680244272,1.000000000000001,1.865568497529349e-15,1.865568497529349e-15,0.7500995949913826,0.7500995949913826,4.406026600508316e-09,8.812053201016632e-09,1.9022750375504878e-13,5.706825112651464e-13,3.907533637152887e-06,1.1722600911458661e-05,0.06247205018197074,0.24988820072788295,3.5122682790644906e-17,2.458587795345143e-16,6.755245687613038e-08,4.728671981329126e-07,5.873922116381004e-09,2.536029948892776e-13,5.2093530822367376e-06,4.682402580293142e-17,9.00579834027326e-08,9.005798344955662e-08
t0_50s,50.0,882.4923450552043,0.42950480017114023,429504800.17114025,2.3916634759120076e-06,8.963527546327735e-10,8.963527546327734,1.0000000000000013,1.8339398103560922e-15,1.8339398103560922e-15,0.7500995949933998,0.7500995949933998,4.392523959559958e-09,8.785047919119915e-09,1.8897650857848702e-13,5.66929525735461e-13,3.907529521623257e-06,1.1722588564869771e-05,0.062472050187635395,0.24988820075054158,3.5121665431215444e-17,2.458516580185081e-16,6.755455400104584e-08,4.7288187800732087e-07,5.8559209855307384e-09,2.5193522278884823e-13,5.209347595578477e-06,4.682266950367368e-17,9.00607791977814e-08,9.006077924460408e-08
t0_50s,50.0,892.1409010590883,0.4268540338179738,426854033.8179738,2.3547439846371204e-06,8.990595908256965e-10,8.990595908256966,1.000000000000001,1.8030076819386423e-15,1.8030076819386423e-15,0.7500995949952938,0.7500995949952938,4.379302981440335e-09,8.75860596288067e-09,1.8775301609707787e-13,5.632590482912336e-13,3.9075256013037175e-06,1.1722576803911153e-05,0.06247205019316959,0.24988820077267837,3.5124884927004525e-17,2.458741944890317e-16,6.755657912365385e-08,4.7289605386557697e-07,5.838295355255872e-09,2.503041160797532e-13,5.209342369166635e-06,4.682696159464651e-17,9.006347900251527e-08,9.006347904934223e-08
t0_50s,50.0,901.8949476470917,0.42421962714753064,424219627.1475306,2.3183944100121777e-06,9.017746012135872e-10,9.017746012135872,1.000000000000001,1.7727515719481671e-15,1.7727515719481671e-15,0.7500995949970687,0.7500995949970687,4.366357439457878e-09,8.732714878915756e-09,1.8655631266133615e-13,5.596689379840085e-13,3.90752186973242e-06,1.1722565609197259e-05,0.06247205019857618,0.2498882007943047,3.513228417582413e-17,2.4592598923076893e-16,6.755853456959717e-08,4.729097419871802e-07,5.821036924403274e-09,2.4870872335568346e-13,5.209337394386528e-06,4.6836825949707954e-17,9.006608591737899e-08,9.006608596421582e-08
t0_50s,50.0,911.7556381797089,0.4216014791930785,421601479.1930785,2.2826059543810807e-06,9.044978104811516e-10,9.044978104811516,1.000000000000001,1.743151672203403e-15,1.743151672203403e-15,0.7500995949987286,0.7500995949987286,4.353681258421375e-09,8.70736251684275e-09,1.8538570671179016e-13,5.561571201353705e-13,3.907518320633229e-06,1.1722554961899688e-05,0.06247205020385795,0.2498882008154318,3.5143808044057295e-17,2.460066563084011e-16,6.756042259448433e-08,4.729229581613903e-07,5.804137593793467e-09,2.471481226597708e-13,5.209332662871058e-06,4.685218906712896e-17,9.00686029494508e-08,9.006860299630298e-08
t0_50s,50.0,921.7241386274769,0.41899948961101796,418999489.61101794,2.247369955894863e-06,9.072292433876465e-10,9.072292433876466,1.0000000000000009,1.7141888771149536e-15,1.7141888771149536e-15,0.7500995950002773,0.7500995950002773,4.341268510361093e-09,8.682537020722187e-09,1.842405279799091e-13,5.527215839397273e-13,3.907514947910757e-06,1.1722544843732272e-05,0.062472050209017645,0.24988820083607058,3.5159403283723064e-17,2.4611582298606144e-16,6.756224538583185e-08,4.7293571770082296e-07,5.787589460516224e-09,2.4562142041929907e-13,5.209328166494094e-06,4.687297995902806e-17,9.007103301503166e-08,9.007103306190464e-08
t0_50s,50.0,931.8016277088393,0.4164135586770391,416413558.6770391,2.2126778864152825e-06,9.099689247670902e-10,9.099689247670902,1.000000000000001,1.6858447554579153e-15,1.6858447554579153e-15,0.7500995950017189,0.7500995950017189,4.329113410393002e-09,8.658226820786003e-09,1.8312012672187982e-13,5.493603801656394e-13,3.90751174564553e-06,1.172253523693659e-05,0.06247205021405794,0.24988820085623176,3.5179018452150944e-17,2.462531291650566e-16,6.756400506495763e-08,4.729480354547034e-07,5.7713848124169185e-09,2.4412775042420896e-13,5.2093238973640234e-06,4.6899130044284763e-17,9.007337894216942e-08,9.007337898906855e-08
t0_50s,50.0,941.9892970295261,0.41384358728229886,413843587.28229886,2.1785213494507776e-06,9.127168795284995e-10,9.127168795284994,1.000000000000001,1.6581015234065925e-15,1.6581015234065925e-15,0.7500995950030567,0.7500995950030567,4.317210312720654e-09,8.634420625441308e-09,1.8202387298372745e-13,5.460716189511823e-13,3.9075087080892655e-06,1.1722526124267797e-05,0.062472050218981424,0.2498882008759257,3.520260383413827e-17,2.464182268389679e-16,6.75657036888268e-08,4.729599258217876e-07,5.755516122766419e-09,2.426662728473886e-13,5.2093198478174655e-06,4.693057304476323e-17,9.007564347311968e-08,9.007564352005026e-08
t0_50s,50.0,952.2883512234524,0.41128947692962164,411289476.92962164,2.144892078124241e-06,9.154731326561099e-10,9.154731326561098,1.0000000000000013,1.630942018769365e-15,1.630942018769365e-15,0.7500995950042947,0.7500995950042947,4.305553706769592e-09,8.611107413539184e-09,1.8095115589635836e-13,5.428534676890751e-13,3.907505829660302e-06,1.1722517488980907e-05,0.06247205022379068,0.24988820089516273,3.523011136646765e-17,2.466107795652736e-16,6.756734325185085e-08,4.729714027629559e-07,5.739976045107638e-09,2.4123617330485606e-13,5.209316010413164e-06,4.6967244884682204e-17,9.007782926674422e-08,9.007782931371147e-08
t0_50s,50.0,962.7000080951638,0.4087511297297251,408751129.7297251,2.1117819331722275e-06,9.182377092096102e-10,9.182377092096102,1.000000000000001,1.6043496763647073e-15,1.6043496763647073e-15,0.7500995950054359,0.7500995950054359,4.2941382134492616e-09,8.588276426898523e-09,1.7990138299916967e-13,5.39704148997509e-13,3.907503104939116e-06,1.1722509314817348e-05,0.06247205022848819,0.24988820091395275,3.5261494564670346e-17,2.468304619526924e-16,6.756892568764139e-08,4.7298247981348974e-07,5.724757408272088e-09,2.3983666195402486e-13,5.209312377926026e-06,4.7009083592979157e-17,9.00799389008492e-08,9.007993894785828e-08
t0_50s,50.0,973.2254987638274,0.40622844839746836,406228448.3974683,2.0791829009749884e-06,9.210106343243604e-10,9.210106343243604,1.000000000000001,1.5783085044828617e-15,1.5783085044828617e-15,0.7500995950064839,0.7500995950064839,4.282958581537721e-09,8.565917163075442e-09,1.788739795909418e-13,5.366219387728255e-13,3.907500528663966e-06,1.1722501585991899e-05,0.0624720502330764,0.2498882009323056,3.529670845192549e-17,2.470769591634784e-16,6.757045287071917e-08,4.7299317009503415e-07,5.709853211560124e-09,2.3846697262834223e-13,5.209308943341303e-06,4.705602920852181e-17,9.008197487446327e-08,9.00819749215193e-08
t0_50s,50.0,983.8660678088136,0.4037213362481233,403721336.2481233,2.0470870916169523e-06,9.237919332116234e-10,9.237919332116235,1.000000000000001,1.5528030623799834e-15,1.5528030623799834e-15,0.750099595007442,0.750099595007442,4.272009684184459e-09,8.544019368368918e-09,1.7786838810678258e-13,5.336051643203477e-13,3.907498095726655e-06,1.1722494287179965e-05,0.062472050237557704,0.24988820095023082,3.5335709489993395e-17,2.4734996642995374e-16,6.757192661817988e-08,4.7300348632725913e-07,5.6952566200786635e-09,2.371263620066584e-13,5.209305699848947e-06,4.710802368803147e-17,9.008393961005868e-08,9.00839396571667e-08
t0_50s,50.0,994.622973416852,0.40122969719366885,401229697.19366884,2.0154867369771446e-06,9.265816311588035e-10,9.265816311588035,1.000000000000001,1.527818438755252e-15,1.527818438755252e-15,0.7500995950083136,0.7500995950083136,4.261286515527059e-09,8.522573031054118e-09,1.7688406751997226e-13,5.306522025599168e-13,3.907495801168388e-06,1.1722487403505164e-05,0.062472050241934446,0.24988820096773778,3.5378455512086076e-17,2.4764918858460253e-16,6.757334869131687e-08,4.7301344083921807e-07,5.680960960230661e-09,2.3581410881579236e-13,5.209302640838088e-06,4.716501081658892e-17,9.00858354557143e-08,9.00858355028793e-08
t0_50s,50.0,1000.0,0.4,400000000.0,2.000000000000001e-06,9.27967942874927e-10,9.27967942874927,1.0000000000000013,1.5156192237285557e-15,1.5156192237285557e-15,0.7500995950087145,0.7500995950087145,4.256051943536382e-09,8.512103887072764e-09,1.7640374652641007e-13,5.292112395792302e-13,3.907494713303955e-06,1.1722484139911867e-05,0.062472050244066456,0.24988820097626582,3.5401025958268335e-17,2.4780718170787833e-16,6.757403515061678e-08,4.7301824605431744e-07,5.673982457605428e-09,2.351737658575334e-13,5.209301190541982e-06,4.7195100749063935e-17,9.008675061320586e-08,9.008675066040096e-08
t0_50s,50.0,1005.4974875308103,0.3987534357391091,398753435.7391091,1.9843741888490666e-06,9.293797535296625e-10,9.293797535296624,1.000000000000001,1.5033402311633589e-15,1.5033402311633589e-15,0.7500995950091015,0.7500995950091015,4.250784187417419e-09,8.501568374834838e-09,1.759204927675952e-13,5.277614783027856e-13,3.907493640175757e-06,1.172248092052727e-05,0.062472050246208916,0.24988820098483566,3.5424905657582965e-17,2.4797433960308076e-16,6.757472079720288e-08,4.730230455804202e-07,5.666959715350655e-09,2.3452951306480924e-13,5.209299759891677e-06,4.7226936120600264e-17,9.008766468722457e-08,9.00876647344515e-08
t0_50s,50.0,1016.4908960000924,0.39629245697881177,396292456.97881174,1.953741917089598e-06,9.321863257645588e-10,9.321863257645589,1.0000000000000013,1.4793545263173516e-15,1.4793545263173516e-15,0.7500995950098089,0.7500995950098089,4.2404979262534075e-09,8.480995852506815e-09,1.7497715419889887e-13,5.249314625966966e-13,3.9074916080768084e-06,1.1722474824230424e-05,0.062472050250383354,0.24988820100153342,3.5475020308504354e-17,2.4832514215953046e-16,6.757604459023067e-08,4.730323121316147e-07,5.653246521480864e-09,2.332718953095965e-13,5.209297050781251e-06,4.729374678310612e-17,9.008942951015324e-08,9.008942955744698e-08
t0_50s,50.0,1027.6044987326823,0.39384666659287315,393846666.59287316,1.923582507796505e-06,9.350013733806736e-10,9.350013733806737,1.000000000000001,1.4558478812398002e-15,1.4558478812398002e-15,0.7500995950104388,0.7500995950104388,4.230423069912201e-09,8.460846139824402e-09,1.740535570453974e-13,5.221606711361922e-13,3.907489700337223e-06,1.172246910101167e-05,0.062472050254459954,0.24988820101783982,3.552876102766347e-17,2.487013271936443e-16,6.757732167361401e-08,4.730412517152981e-07,5.639815163282855e-09,2.320405959464292e-13,5.209294507461832e-06,4.7365391561328644e-17,9.00911320618345e-08,9.00911321091999e-08
t0_50s,50.0,1038.839609848853,0.39141597084350055,391415970.84350055,1.8938886615140425e-06,9.378249219722515e-10,9.378249219722514,1.0000000000000013,1.4328073052213816e-15,1.4328073052213816e-15,0.7500995950109937,0.7500995950109937,4.22055506478143e-09,8.44111012956286e-09,1.731492209117449e-13,5.194476627352347e-13,3.907487912556597e-06,1.172246373766979e-05,0.06247205025844086,0.24988820103376344,3.558609049841849e-17,2.491026334889294e-16,6.757855360085009e-08,4.7304987520595065e-07,5.626659570079587e-09,2.3083497453322475e-13,5.209292124066975e-06,4.7441820706351576e-17,9.00927744133226e-08,9.009277446076443e-08
t0_50s,50.0,1050.1975578365532,0.38900027657142106,389000276.571421,1.8646531914662673e-06,9.406569972108227e-10,9.406569972108226,1.0000000000000013,1.4102202425492206e-15,1.4102202425492206e-15,0.7500995950114767,0.7500995950114767,4.210889462884659e-09,8.421778925769318e-09,1.7226367928648867e-13,5.16791037859466e-13,3.907486240464813e-06,1.172245872139444e-05,0.06247205026232818,0.24988820104931272,3.564697246595402e-17,2.4952880726167817e-16,6.757974187714354e-08,4.730581931400048e-07,5.61377381202323e-09,2.2965440913729993e-13,5.209289894903926e-06,4.752298588483922e-17,9.009435857129019e-08,9.009435861881317e-08
t0_50s,50.0,1061.6796857084898,0.386599491192312,386599491.192312,1.8358690218176566e-06,9.434976248454409e-10,9.434976248454408,1.0000000000000013,1.3880745559682807e-15,1.3880745559682807e-15,0.7500995950118903,0.7500995950118903,4.201421919097603e-09,8.402843838195206e-09,1.7139647907182395e-13,5.141894372154718e-13,3.907484679918513e-06,1.1722454039755538e-05,0.062472050266123964,0.24988820106449586,3.571137168002291e-17,2.499796017601604e-16,6.758088796079381e-08,4.730662157255567e-07,5.601152096383952e-09,2.284982957084613e-13,5.2092878144489235e-06,4.7608840102702403e-17,9.009588647987811e-08,9.009588652748695e-08
t0_50s,50.0,1073.2873511609357,0.38421352269325065,384213522.69325066,1.8075291859605262e-06,9.46346830702922e-10,9.46346830702922,1.000000000000001,1.366358510841764e-15,1.366358510841764e-15,0.750099595012237,0.750099595012237,4.19214818845191e-09,8.38429637690382e-09,1.705471801315388e-13,5.116415403946164e-13,3.907483226897656e-06,1.1722449680692968e-05,0.062472050269830236,0.24988820107932094,3.577925383908713e-17,2.504547768736099e-16,6.758199326454606e-08,4.730739528518224e-07,5.588788763955431e-09,2.2736604747634416e-13,5.2092858773426085e-06,4.7699337630629486e-17,9.009736002249613e-08,9.009736007019547e-08
t0_50s,50.0,1085.021926734268,0.38184227962918926,381842279.62918925,1.779626824828918e-06,9.492046406880716e-10,9.492046406880716,1.0000000000000013,1.3450607599776552e-15,1.3450607599776552e-15,0.7500995950125199,0.7500995950125199,4.18306412352323e-09,8.36612824704646e-09,1.6971535485635658e-13,5.091460645690698e-13,3.907481877502163e-06,1.172244563250649e-05,0.06247205027344896,0.24988820109379584,3.585058553579688e-17,2.5095409875057815e-16,6.758305915690682e-08,4.7308141409834777e-07,5.576678285572745e-09,2.2625709437094665e-13,5.209284078385543e-06,4.779443393140147e-17,9.009878102357701e-08,9.009878107137144e-08
t0_50s,50.0,1096.8847999752622,0.37948567111944925,379485671.11944926,1.7521551852384979e-06,9.520710807839226e-10,9.520710807839226,1.0000000000000013,1.3241703290905981e-15,1.3241703290905981e-15,0.7500995950127407,0.7500995950127407,4.17416567190053e-09,8.34833134380106e-09,1.689005877459336e-13,5.067017632378007e-13,3.907480627948663e-06,1.1722441883845989e-05,0.06247205027698207,0.24988820110792828,3.5925334203753164e-17,2.5147733942627214e-16,6.758408696342492e-08,4.7308860874397444e-07,5.564815258738582e-09,2.251708824653675e-13,5.209282412533889e-06,4.789408558891831e-17,9.010015125028428e-08,9.010015129817837e-08
t0_50s,50.0,1108.8773736011653,0.37714360684423887,377143606.8442389,1.7251076182520958e-06,9.549461770519724e-10,9.549461770519724,1.0000000000000013,1.3036766028696211e-15,1.3036766028696211e-15,0.7500995950129024,0.7500995950129024,4.165448873733725e-09,8.33089774746745e-09,1.6810247500679834e-13,5.04307425020395e-13,3.907479474567305e-06,1.1722438423701915e-05,0.06247205028043145,0.2498882011217258,3.600346806550288e-17,2.5202427645852017e-16,6.758507796793887e-08,4.730955457755721e-07,5.553194404353831e-09,2.2410687343979548e-13,5.209280874895144e-06,4.7998250238868066e-17,9.010147241417502e-08,9.010147246217327e-08
t0_50s,50.0,1121.0010656655563,0.3748159970411905,374815997.0411905,1.698477577570465e-06,9.578299556324235e-10,9.578299556324236,1.000000000000001,1.2835693116238463e-15,1.2835693116238463e-15,0.7500995950130068,0.7500995950130068,4.156909859356758e-09,8.313819718713517e-09,1.6732062416555452e-13,5.019618724966636e-13,3.907478413798668e-06,1.1722435241396005e-05,0.062472050283798965,0.24988820113519586,3.6084956081718e-17,2.52594692572026e-16,6.758603341379119e-08,4.7310223389653834e-07,5.541810563548801e-09,2.230645440658492e-13,5.209279460724028e-06,4.810688650097496e-17,9.010274617281888e-08,9.010274622092577e-08
t0_50s,50.0,1133.2573097260213,0.3725027525019223,372502752.50192225,1.6722586179478985e-06,9.607224427444145e-10,9.607224427444146,1.0000000000000013,1.2638385184796782e-15,1.2638385184796782e-15,0.7500995950130567,0.7500995950130567,4.148544846983469e-09,8.297089693966939e-09,1.6655465369670087e-13,4.996639610901026e-13,3.907477442190748e-06,1.1722432326572244e-05,0.062472050287086404,0.24988820114834562,3.616976790151483e-17,2.5318837531060385e-16,6.758695450501047e-08,4.7310868153507327e-07,5.530658694611423e-09,2.220433857104025e-13,5.209278165418463e-06,4.8219953912767063e-17,9.010397413137385e-08,9.010397417959381e-08
t0_50s,50.0,1145.6475550136668,0.370203784568617,370203784.56861705,1.6464443936322695e-06,9.636236646862604e-10,9.636236646862605,1.0000000000000013,1.2444746071042774e-15,1.2444746071042774e-15,0.750099595013054,0.750099595013054,4.140350140473573e-09,8.280700280947146e-09,1.6580419266445033e-13,4.97412577993351e-13,3.907476556396013e-06,1.1722429669188038e-05,0.062472050290295573,0.2498882011611823,3.625787381387259e-17,2.5380511669710814e-16,6.758784240746223e-08,4.731148968522356e-07,5.519733870008979e-09,2.2104290385807346e-13,5.2092769845156506e-06,4.8337412864809765e-17,9.010515784412067e-08,9.010515789245809e-08
t0_50s,50.0,1158.1732666044813,0.3679190051306261,367919005.1306261,1.6210286568291972e-06,9.665336478356936e-10,9.665336478356936,1.0000000000000016,1.225468269931416e-15,1.225468269931416e-15,0.7500995950130007,0.7500995950130007,4.1323221271662734e-09,8.264644254332547e-09,1.650688803779612e-13,4.952066411338836e-13,3.907475753168549e-06,1.1722427259505649e-05,0.062472050293428165,0.24988820117371266,3.634924470011344e-17,2.544447129007941e-16,6.758869824996867e-08,4.7312088774978073e-07,5.509031273499957e-09,2.2006261765159363e-13,5.209275913688268e-06,4.845922453735418e-17,9.010629881595554e-08,9.010629886441476e-08
t0_50s,50.0,1170.835925592572,0.36564832662109115,365648326.6210911,1.5960052561898915e-06,9.694524186501066e-10,9.694524186501067,1.0000000000000018,1.2068104968669826e-15,1.2068104968669826e-15,0.750099595012899,0.750099595012899,4.124457275779085e-09,8.24891455155817e-09,1.6434836605941814e-13,4.930450981782545e-13,3.907475029361275e-06,1.1722425088083825e-05,0.06247205029648591,0.24988820118594365,3.644385198740986e-17,2.55106963911869e-16,6.758952312539889e-08,4.731266618777922e-07,5.498546197332847e-09,2.1910205944930812e-13,5.209274948740748e-06,4.858535083835521e-17,9.010739850384347e-08,9.010739855242882e-08
t0_50s,50.0,1183.6370292652998,0.3633916620135879,363391662.0135879,1.5713681353223242e-06,9.72380003666782e-10,9.72380003666782,1.0000000000000016,1.1884925644525408e-15,1.1884925644525408e-15,0.7500995950127507,0.7500995950127507,4.116752134369543e-09,8.233504268739086e-09,1.6364230852442914e-13,4.909269255732874e-13,3.9074743819232324e-06,1.1722423145769697e-05,0.06247205029947046,0.24988820119788183,3.654166760328782e-17,2.5579167322301474e-16,6.75903180917297e-08,4.731322266421079e-07,5.488274039528796e-09,2.1816077439909488e-13,5.209274085605673e-06,4.871575434281718e-17,9.010845831823274e-08,9.010845836694849e-08
t0_50s,50.0,1196.5780912803168,0.3611489248187929,361148924.8187929,1.5471113313254577e-06,9.75316429503147e-10,9.753164295031471,1.0000000000000016,1.1705060254663766e-15,1.1705060254663766e-15,0.750099595012558,0.750099595012558,4.109203328357558e-09,8.218406656715116e-09,1.6295037587422499e-13,4.88851127622675e-13,3.907473807896936e-06,1.1722421423690807e-05,0.062472050302383446,0.24988820120953378,3.664266393109718e-17,2.5649864751768027e-16,6.75910841730778e-08,4.7313758921154463e-07,5.478210301245081e-09,2.172383200280183e-13,5.209273320340238e-06,4.885039823342888e-17,9.010947962443068e-08,9.010947967328109e-08
t0_50s,50.0,1209.6606418445572,0.3589200290811654,358920029.0811654,1.523228973345987e-06,9.782617228570048e-10,9.782617228570048,1.0000000000000016,1.1528426989425583e-15,1.1528426989425583e-15,0.7500995950123226,0.7500995950123226,4.101807558606288e-09,8.203615117212576e-09,1.6227224519917687e-13,4.868167355975306e-13,3.907473304415803e-06,1.172241991324741e-05,0.06247205030522648,0.2498882012209059,3.674681376642418e-17,2.572276963649693e-16,6.759182236070422e-08,4.7314275652492956e-07,5.468350584216625e-09,2.1633426584707203e-13,5.2092726491228296e-06,4.898924624245465e-17,9.011046374394299e-08,9.011046379293224e-08
t0_50s,50.0,1222.8862278951674,0.35670488937565603,356704889.375656,1.499715281157472e-06,9.812159105067828e-10,9.812159105067828,1.0000000000000016,1.1354946605893625e-15,1.1354946605893625e-15,0.7500995950120465,0.7500995950120465,4.09456159955942e-09,8.18912319911884e-09,1.6160760229316297e-13,4.848228068794889e-13,3.907472868701658e-06,1.1722418606104973e-05,0.0624720503080011,0.2498882012320044,3.685409027442258e-17,2.5797863192095805e-16,6.75925336139914e-08,4.731477352979398e-07,5.458690588272697e-09,2.1544819297038492e-13,5.209272068249689e-06,4.91322625948501e-17,9.011141195577618e-08,9.011141200490844e-08
t0_50s,50.0,1236.2564132824277,0.354503420804431,354503420.80443096,1.4765645637613294e-06,9.841790193117754e-10,9.841790193117754,1.0000000000000016,1.1184542335894896e-15,1.1184542335894896e-15,0.7500995950117312,0.7500995950117312,4.087462297432949e-09,8.174924594865898e-09,1.6095614137834343e-13,4.828684241350302e-13,3.907472498062279e-06,1.1722417494186838e-05,0.062472050310708835,0.24988820124283534,3.696446694804378e-17,2.5875126863630644e-16,6.759321886139399e-08,4.7315253202975796e-07,5.449226108926273e-09,2.1457969374830306e-13,5.209271574131657e-06,4.927941195257634e-17,9.011232549770524e-08,9.011232554698465e-08
t0_50s,50.0,1249.7727789546648,0.3523155389936192,352315538.9936192,1.4537712180094569e-06,9.871510762123887e-10,9.871510762123886,1.0000000000000016,1.1017139797651452e-15,1.1017139797651452e-15,0.7500995950113786,0.7500995950113786,4.080506568459461e-09,8.161013136918922e-09,1.6031756483991467e-13,4.80952694519744e-13,3.907472189889028e-06,1.1722416569667084e-05,0.06247205031335123,0.2498882012534049,3.7077917567147984e-17,2.595454229700359e-16,6.759387900136347e-08,4.731571530095443e-07,5.439953035033384e-09,2.1372837141377573e-13,5.209271163290995e-06,4.9430659360088755e-17,9.011320556750616e-08,9.011320561693681e-08
t0_50s,50.0,1263.4369231451967,0.3501411600900773,350141160.0900773,1.4313297272480855e-06,9.901321082303803e-10,9.901321082303804,1.0000000000000016,1.0852666910920943e-15,1.0852666910920943e-15,0.7500995950109903,0.7500995950109903,4.073691397183137e-09,8.147382794366274e-09,1.5969158297044144e-13,4.790747489113243e-13,3.907471941654538e-06,1.1722415824963615e-05,0.0624720503159297,0.2498882012637188,3.719441615848124e-17,2.6036091310936866e-16,6.759451490324775e-08,4.731616043227342e-07,5.430867346520098e-09,2.1289383974151015e-13,5.209270832358317e-06,4.958597019098014e-17,9.01140533241554e-08,9.011405337374137e-08
t0_50s,50.0,1277.2504615613045,0.34798020075817787,347980200.7581779,1.4092346599826243e-06,9.93122142469111e-10,9.93122142469111,1.0000000000000018,1.0691053815474059e-15,1.0691053815474059e-15,0.7500995950105681,0.7500995950105681,4.0670138348037214e-09,8.134027669607443e-09,1.590779137233778e-13,4.772337411701334e-13,3.907471750910458e-06,1.1722415252731373e-05,0.06247205031844571,0.24988820127378283,3.7313936956505506e-17,2.6119755869553855e-16,6.759512740816588e-08,4.7316589185716115e-07,5.421965112174766e-09,2.1207572271937644e-13,5.209270578069577e-06,4.974531009576107e-17,9.011486988899592e-08,9.011486993874123e-08
t0_50s,50.0,1291.2150275752922,0.3458325781766131,345832578.1766131,1.3874806685630484e-06,9.961212061137927e-10,9.961212061137926,1.0000000000000018,1.0532232792763741e-15,1.0532232792763741e-15,0.7500995950101134,0.7500995950101134,4.060470997567693e-09,8.120941995135386e-09,1.5847628247540542e-13,4.754288474262163e-13,3.907471615285259e-06,1.1722414845855778e-05,0.06247205032090067,0.24988820128360267,3.743645436507132e-17,2.6205518055549923e-16,6.759571732985899e-08,4.7317002130901294e-07,5.413242487503205e-09,2.1127365423156738e-13,5.209270397263147e-06,4.99086449507636e-17,9.011565634687167e-08,9.011565639678032e-08
t0_50s,50.0,1305.3322724176126,0.34369821003522294,343698210.03522295,1.3660624878896346e-06,9.991293264317277e-10,9.991293264317276,1.0000000000000018,1.0376138190648648e-15,1.0376138190648648e-15,0.7500995950096274,0.7500995950096274,4.054060065205088e-09,8.108120130410176e-09,1.5788642179723816e-13,4.736592653917145e-13,3.907471532482097e-06,1.1722414597446292e-05,0.062472050323295926,0.2498882012931837,3.7561942919924374e-17,2.629336004394706e-16,6.759628545551749e-08,4.731739981886224e-07,5.404695712644739e-09,2.1048727775304518e-13,5.209270286876965e-06,5.007594080815664e-17,9.011641374723032e-08,9.011641379730626e-08
t0_50s,50.0,1319.6038653721234,0.3415770145318386,341577014.5318386,1.3449749341386324e-06,1.0021465307725604e-09,10.021465307725604,1.000000000000002,1.0222706351038798e-15,1.0222706351038798e-15,0.750099595009112,0.750099595009112,4.047778279410344e-09,8.095556558820689e-09,1.573080712325521e-13,4.719242136976562e-13,3.907471500276733e-06,1.1722414500830198e-05,0.062472050325632855,0.24988820130253142,3.769037725204009e-17,2.6383264076428065e-16,6.759683254658554e-08,4.7317782782609875e-07,5.396321110346917e-09,2.0971624605482043e-13,5.2092702439457606e-06,5.024716384706518e-17,9.011714310519576e-08,9.011714315544292e-08
t0_50s,50.0,1334.0314939734678,0.33946891036914867,339468910.3691487,1.3242129035076555e-06,1.0051728465685325e-09,10.051728465685324,1.0000000000000016,1.007187554033849e-15,1.007187554033849e-15,0.7500995950085684,0.7500995950085684,4.041622942365679e-09,8.083245884731359e-09,1.5674097708471944e-13,4.702229312541583e-13,3.907471516515506e-06,1.1722414549546517e-05,0.06247205032791278,0.24988820131165113,3.7821732051781504e-17,2.6475212436247055e-16,6.759735933954325e-08,4.7318151537680276e-07,5.388115083996961e-09,2.0896022091963532e-13,5.209270265598358e-06,5.0422280325787226e-17,9.011784540261095e-08,9.011784545303324e-08
t0_50s,50.0,1348.6168642066145,0.33737381675158223,337373816.7515822,1.3037713709803835e-06,1.0082083013347217e-09,10.082083013347217,1.0000000000000016,9.923585882566944e-16,9.923585882566944e-16,0.7500995950079979,0.7500995950079979,4.035591415305553e-09,8.071182830611106e-09,1.5618489221103642e-13,4.685546766331093e-13,3.907471579113362e-06,1.1722414737340085e-05,0.06247205033013699,0.24988820132054795,3.795598203387829e-17,2.6569187423714803e-16,6.759786654666707e-08,4.731850658266695e-07,5.380074115707959e-09,2.0821887286763713e-13,5.2092703490550454e-06,5.060125653510529e-17,9.011852158905152e-08,9.011852163965278e-08
t0_50s,50.0,1363.3617007085854,0.33529165338221345,335291653.3822135,1.2836453891103784e-06,1.0112529226692936e-09,10.112529226692937,1.000000000000002,9.777779295043024e-16,9.777779295043024e-16,0.7500995950074024,0.7500995950074024,4.029681117120818e-09,8.059362234241635e-09,1.5563957582414953e-13,4.669187274724486e-13,3.907471686051928e-06,1.1722415058155784e-05,0.062472050332306746,0.24988820132922698,3.809310190322633e-17,2.666517133225843e-16,6.759835485676896e-08,4.7318848399738274e-07,5.372194764457979e-09,2.0749188089164824e-13,5.209270491625004e-06,5.078405875269191e-17,9.01191725828113e-08,9.011917263359536e-08
t0_50s,50.0,1378.2677469723812,0.33322234045968246,333222340.45968246,1.2638300868236537e-06,1.0143067382537648e-09,10.143067382537648,1.000000000000002,9.634399426525384e-16,9.634399426525384e-16,0.7500995950067826,0.7500995950067826,4.023889523001194e-09,8.047779046002389e-09,1.5510479330039718e-13,4.653143799011915e-13,3.9074718353776495e-06,1.172241550613295e-05,0.062472050334423296,0.24988820133769318,3.823306632150889e-17,2.6763146425056223e-16,6.759882493591493e-08,4.7319177455140447e-07,5.364473664280287e-09,2.0677893220165607e-13,5.209270690703836e-06,5.0970653198610483e-17,9.011979927186027e-08,9.011979932283093e-08
t0_50s,50.0,1393.3367655531365,0.3311657986751389,331165798.6751389,1.2443206682397399e-06,1.0173697758532394e-09,10.173697758532393,1.000000000000002,9.493391597705055e-16,9.493391597705055e-16,0.7500995950061399,0.7500995950061399,4.018214163114819e-09,8.036428326229638e-09,1.5458031599479668e-13,4.6374094798439e-13,3.907472025199957e-06,1.1722416075599871e-05,0.06247205033648785,0.2498882013459514,3.837584987464217e-17,2.686309491224952e-16,6.759927742812322e-08,4.7319494199686253e-07,5.356907522502966e-09,2.0607972197816128e-13,5.2092709437711045e-06,5.1161005991915046e-17,9.012040251477524e-08,9.012040256593624e-08
t0_50s,50.0,1408.5705382765364,0.3291219492092009,329121949.2092009,1.2251124115109264e-06,1.020442063316664e-09,10.20442063316664,1.000000000000002,9.354702743951375e-16,9.354702743951375e-16,0.7500995950054752,0.7500995950054752,4.012652621323588e-09,8.025305242647176e-09,1.5406592106241668e-13,4.621977631872501e-13,3.907472253689508e-06,1.1722416761068524e-05,0.0624720503385016,0.2498882013540064,3.8521427041049776e-17,2.6964998928734844e-16,6.759971295604312e-08,4.7319799069230183e-07,5.3494931180362775e-09,2.0539395313403965e-13,5.209271248388004e-06,5.135508310835523e-17,9.012098314164493e-08,9.012098319300001e-08
t0_50s,50.0,1423.9708664495058,0.3270907137289344,327090713.7289344,1.2062006676794532e-06,1.0235236285770937e-09,10.235236285770936,1.0000000000000018,9.218281360217573e-16,9.218281360217573e-16,0.7500995950047901,0.7500995950047901,4.007202533933104e-09,8.014405067866209e-09,1.5356139128588846e-13,4.606841738576654e-13,3.907472519076441e-06,1.1722417557229323e-05,0.06247205034046572,0.24988820136186288,3.866977216077162e-17,2.7068840512540133e-16,6.760013212161444e-08,4.7320092485130103e-07,5.342227299706134e-09,2.0472133608458732e-13,5.209271602195023e-06,5.1552850339193524e-17,9.012154195494899e-08,9.012154200650184e-08
t0_50s,50.0,1439.5395710732016,0.3250720143848517,325072014.38485175,1.1875808595523218e-06,1.0266144996519315e-09,10.266144996519316,1.000000000000002,9.084077448016152e-16,9.084077448016152e-16,0.7500995950040857,0.7500995950040857,4.001861588476116e-09,8.003723176952231e-09,1.5306651490881684e-13,4.591995447264505e-13,3.907472819648713e-06,1.1722418458946138e-05,0.06247205034238133,0.24988820136952533,3.882085940541452e-17,2.7174601583790163e-16,6.76005355067083e-08,4.732037485469581e-07,5.3351069846322445e-09,2.0406158852543188e-13,5.209272002909732e-06,5.175427325114482e-17,9.012207973041245e-08,9.012207978216671e-08
t0_50s,50.0,1455.2784930583414,0.32306577380792656,323065773.80792654,1.1692484805934673e-06,1.0297147046431865e-09,10.297147046431865,1.000000000000002,8.952042464378511e-16,8.952042464378511e-16,0.750099595003363,0.750099595003363,3.99662752252829e-09,7.99325504505658e-09,1.5258108547486634e-13,4.57743256424599e-13,3.9074731537504456e-06,1.1722419461251338e-05,0.06247205034424954,0.24988820137699816,3.8974662748953106e-17,2.728226392426717e-16,6.760092367374983e-08,4.732064657162488e-07,5.328129156649354e-09,2.0341443521800897e-13,5.209272448324582e-06,5.1959317147449425e-17,9.012259721783578e-08,9.01225972697951e-08
t0_50s,50.0,1471.1894934428765,0.3210719151066302,321071915.1066302,1.1511990938330727e-06,1.0328242717377348e-09,10.328242717377348,1.000000000000002,8.822129272717061e-16,8.822129272717061e-16,0.7500995950026229,0.7500995950026229,3.991498122555296e-09,7.982996245110592e-09,1.521049016723027e-13,4.563147050169082e-13,3.9074735197803414e-06,1.1722420559341025e-05,0.06247205034607146,0.24988820138428583,3.9131155939390063e-17,2.7391809157573045e-16,6.760129716632305e-08,4.732090801642613e-07,5.321290864770216e-09,2.0277960778231166e-13,5.209272936304782e-06,5.216794703009169e-17,9.012309514190134e-08,9.01230951940693e-08
t0_50s,50.0,1487.2744536120467,0.3190903618639834,319090361.8639834,1.1334283307936672e-06,1.0359432292075709e-09,10.35943229207571,1.000000000000002,8.694292095511917e-16,8.694292095511917e-16,0.7500995950018668,0.7500995950018668,3.986471222790164e-09,7.972942445580328e-09,1.5163776718378268e-13,4.549133015513481e-13,3.90747391619013e-06,1.172242174857039e-05,0.06247205034784816,0.24988820139139264,3.929031247128696e-17,2.750321872990087e-16,6.760165650975853e-08,4.732115955683097e-07,5.314589221688944e-09,2.0215684449663687e-13,5.20927346478624e-06,5.238012756317936e-17,9.012357420295671e-08,9.012357425533685e-08
t0_50s,50.0,1503.535275520848,0.31712103813462866,317121038.13462865,1.1159318904328468e-06,1.0390716054100653e-09,10.390716054100652,1.000000000000002,8.56848646874755e-16,8.56848646874755e-16,0.7500995950010954,0.7500995950010954,3.981544704139934e-09,7.963089408279868e-09,1.511794905411924e-13,4.535384716235772e-13,3.907474341483051e-06,1.1722423024449153e-05,0.06247205034958067,0.24988820139832268,3.9452105559176973e-17,2.7616473891423884e-16,6.7602002211704e-08,4.7321401548192807e-07,5.308021402323408e-09,2.015458901040623e-13,5.209274031773535e-06,5.259582303749859e-17,9.012403507777563e-08,9.012403513037145e-08
t0_50s,50.0,1519.973881918926,0.3151638684419182,315163868.4419182,1.09870553810228e-06,1.042209428788224e-09,10.42209428788224,1.0000000000000022,8.444669198028476e-16,8.444669198028476e-16,0.7500995950003096,0.7500995950003096,3.976716493120665e-09,7.95343298624133e-09,1.5072988498534296e-13,4.521896549560289e-13,3.9074747942123885e-06,1.1722424382637166e-05,0.062472050351270035,0.24988820140508014,3.961650811187199e-17,2.773155567831039e-16,6.76023347626791e-08,4.732163433387537e-07,5.301584642395419e-09,2.0094649562539857e-13,5.209274635337958e-06,5.281499733626124e-17,9.012447842029723e-08,9.012447847311222e-08
t0_50s,50.0,1536.5922165779289,0.31321877777502294,313218777.7750229,1.081745104522815e-06,1.0453567278709441e-09,10.453567278709441,1.0000000000000022,8.322798316305944e-16,8.322798316305944e-16,0.7500995949995106,0.7500995949995106,3.971984560819865e-09,7.94396912163973e-09,1.5028876833034001e-13,4.5086630499102007e-13,3.907475272980032e-06,1.1722425818940097e-05,0.062472050352917245,0.24988820141166898,3.978349270767743e-17,2.78484448953742e-16,6.760265463661332e-08,4.732185824562932e-07,5.295276237047503e-09,2.003584181783728e-13,5.209275273615607e-06,5.303761390206241e-17,9.012490486234353e-08,9.012490491538115e-08
t0_50s,50.0,1553.3922445213534,0.3112856915860555,311285691.5860555,1.0650464847753789e-06,1.0485135312732788e-09,10.485135312732789,1.000000000000002,8.202833043150722e-16,8.202833043150722e-16,0.750099594998699,0.750099594998699,3.967346921885502e-09,7.934693843771005e-09,1.4985596283245236e-13,4.495678884973571e-13,3.907475776435089e-06,1.1722427329305267e-05,0.06247205035452329,0.24988820141809315,3.9953031570528826e-17,2.796712209937018e-16,6.760296229136927e-08,4.732207360395849e-07,5.289093539495089e-09,1.997814208028099e-13,5.209275944805524e-06,5.326363570506676e-17,9.01253150143169e-08,9.012531506758054e-08
t0_50s,50.0,1570.375952256887,0.3093645357872154,309364535.7872154,1.04860563730748e-06,1.051679867696691e-09,10.51679867696691,1.000000000000002,8.084733745510095e-16,8.084733745510095e-16,0.7500995949978759,0.7500995949978759,3.962801633540728e-09,7.925603267081456e-09,1.4943129506331102e-13,4.4829388518993307e-13,3.90747630327252e-06,1.1722428909817558e-05,0.06247205035608911,0.24988820142435644,4.0125096547064254e-17,2.808756758294498e-16,6.760325816925011e-08,4.7322280718475077e-07,5.283033959712976e-09,1.9921527229158705e-13,5.20927664716788e-06,5.349302521244246e-17,9.012570946587638e-08,9.012570951936941e-08
t0_50s,50.0,1587.5453480113135,0.3074552367479472,307455236.7479472,1.0324185829550224e-06,1.054855765929321e-09,10.548557659293209,1.0000000000000022,7.968461899889619e-16,7.968461899889619e-16,0.7500995949970422,0.7500995949970422,3.95834679462354e-09,7.91669358924708e-09,1.4901459578727718e-13,4.470437873618315e-13,3.907476852231818e-06,1.1722430556695454e-05,0.06247205035761567,0.24988820143046267,4.0299659084648203e-17,2.820976135925374e-16,6.76035426974926e-08,4.732247988824482e-07,5.277094963155057e-09,1.9865974702714614e-13,5.209277379022217e-06,5.3725744359063563e-17,9.01260887865953e-08,9.012608884032104e-08
t0_50s,50.0,1604.902461967963,0.30555772129212094,305557721.29212093,1.016481403979245e-06,1.058041254846239e-09,10.580412548462391,1.000000000000002,7.853980055903219e-16,7.853980055903219e-16,0.7500995949961982,0.7500995949961982,3.95398054465054e-09,7.90796108930108e-09,1.4860569984282486e-13,4.458170995284746e-13,3.907477422095728e-06,1.1722432266287185e-05,0.06247205035910389,0.24988820143641555,4.0476690210361653e-17,2.8333683147253156e-16,6.760381628874556e-08,4.732267140212189e-07,5.2712740695061706e-09,1.9811462482335836e-13,5.209278138745739e-06,5.3961754519500586e-17,9.012645352659897e-08,9.012645358056072e-08
t0_50s,50.0,1622.4493465067767,0.30367191669522525,303671916.69522524,1.000790243118501e-06,1.061236363409718e-09,10.61236363409718,1.0000000000000018,7.741251801137233e-16,7.741251801137233e-16,0.750099594995345,0.750099594995345,3.949701062904138e-09,7.899402125808276e-09,1.482044460277897e-13,4.446133380833691e-13,3.907478011688982e-06,1.1722434035066945e-05,0.06247205036055466,0.24988820144221863,4.065616051097423e-17,2.845931235768196e-16,6.760407934153461e-08,4.732285553907423e-07,5.265568851465184e-09,1.975796907725426e-13,5.209278924771625e-06,5.4201016481320105e-17,9.01268042171842e-08,9.012680427138521e-08
t0_50s,50.0,1640.1880764469852,0.3017977506815823,301797750.68158233,9.853413026547027e-07,1.0644411206694864e-09,10.644411206694864,1.000000000000002,7.630241727276784e-16,7.630241727276784e-16,0.7500995949944835,0.7500995949944835,3.945506567542374e-09,7.891013135084748e-09,1.4781067698834192e-13,4.434320309650258e-13,3.907478619877086e-06,1.1722435859631257e-05,0.06247205036196885,0.2498882014478754,4.083804011391415e-17,2.8586628079739907e-16,6.760433224071284e-08,4.732303256849899e-07,5.259976933558257e-09,1.9705473509744925e-13,5.209279735587409e-06,5.444349041971485e-17,9.012714137142018e-08,9.012714142586367e-08
t0_50s,50.0,1658.120749292451,0.2999351514215756,299935151.4215756,9.701308434941495e-07,1.067655555763006e-09,10.67655555763006,1.000000000000002,7.520915397444802e-16,7.520915397444802e-16,0.7500995949936143,0.7500995949936143,3.941395314730737e-09,7.882790629461475e-09,1.474242391115467e-13,4.422727173346401e-13,3.9074792455651305e-06,1.1722437736695392e-05,0.06247205036334733,0.24988820145338933,4.10222986692517e-17,2.871560906847619e-16,6.760457535789872e-08,4.7323202750529105e-07,5.2544959909814255e-09,1.9653955300802653e-13,5.209280569733404e-06,5.4689135873484815e-17,9.01274654847324e-08,9.012746553942153e-08
t0_50s,50.0,1676.2494854796748,0.29808404752889867,298084047.52889866,9.551551842625667e-07,1.0708796979157233e-09,10.708796979157233,1.0000000000000018,7.413239314706451e-16,7.413239314706451e-16,0.7500995949927382,0.7500995949927382,3.937365597795319e-09,7.874731195590637e-09,1.4704498242138137e-13,4.4113494726414414e-13,3.907479887696636e-06,1.1722439663089909e-05,0.06247205036469097,0.2498882014587639,4.120890533271181e-17,2.884623373289827e-16,6.760480905190083e-08,4.732336633633058e-07,5.249123748471611e-09,1.9603394456279495e-13,5.20928142580115e-06,5.493791172239036e-17,9.012777703546864e-08,9.012777709040655e-08
t0_50s,50.0,1694.576428628538,0.29624436805781834,296244368.05781835,9.404107004141013e-07,1.074113576441339e-09,10.741135764413391,1.0000000000000018,7.307180891693401e-16,7.307180891693401e-16,0.7500995949918555,0.7500995949918555,3.93341574639659e-09,7.86683149279318e-09,1.4667276047808344e-13,4.4001828143425034e-13,3.907480545252423e-06,1.1722441635757269e-05,0.062472050366000564,0.24988820146400226,4.139782874973169e-17,2.8978480124812184e-16,6.760503366912987e-08,4.7323523568390906e-07,5.243857979205146e-09,1.9553771453466255e-13,5.209282302431919e-06,5.5189776165898584e-17,9.012807648544846e-08,9.012807654063824e-08
t0_50s,50.0,1713.1037457957627,0.29441604250045567,294416042.5004557,9.258938233540819e-07,1.077357220742085e-09,10.77357220742085,1.0000000000000018,7.202708421304751e-16,7.202708421304751e-16,0.7500995949909673,0.7500995949909673,3.929544125723261e-09,7.859088251446522e-09,1.4630743028070963e-13,4.3892229084212887e-13,3.90748121724952e-06,1.172244365174856e-05,0.06247205036727693,0.24988820146910773,4.158903704057828e-17,2.91123259284048e-16,6.760524954399886e-08,4.73236746807992e-07,5.238696503723056e-09,1.9505067228102085e-13,5.20928319831525e-06,5.54446867033425e-17,9.012836428049658e-08,9.012836433594127e-08
t0_50s,50.0,1731.8336277311596,0.2925990007840844,292599000.7840844,9.116010395753115e-07,1.0806106603089748e-09,10.806106603089749,1.000000000000002,7.099791048442864e-16,7.099791048442864e-16,0.7500995949900742,0.7500995949900742,3.92574913570559e-09,7.85149827141118e-09,1.4594885217278904e-13,4.3784655651836713e-13,3.907481902740094e-06,1.1722445708220283e-05,0.062472050368520854,0.24988820147408342,4.178249778654091e-17,2.9247748450578636e-16,6.760545699931114e-08,4.73238198995178e-07,5.2336371888822815e-09,1.945726316179658e-13,5.20928411218753e-06,5.570260011551373e-17,9.012864085096026e-08,9.012864090666285e-08
t0_50s,50.0,1750.7682891366699,0.29079317326844395,290793173.26844394,8.975288898076906e-07,1.0838739247220821e-09,10.838739247220822,1.000000000000002,6.998398742744451e-16,6.998398742744451e-16,0.7500995949891764,0.7500995949891764,3.922029210247591e-09,7.844058420495182e-09,1.4559688975096062e-13,4.3679066925288187e-13,3.907482600810416e-06,1.1722447802431248e-05,0.06247205036973311,0.24988820147893245,4.197817801721328e-17,2.93847246120493e-16,6.760565634663676e-08,4.732395944264573e-07,5.228677946832093e-09,1.9410341069849734e-13,5.2092850428306115e-06,5.596347244770744e-17,9.012890661221097e-08,9.012890666817444e-08
t0_50s,50.0,1769.909968928241,0.2889984907430721,288998490.7430721,8.836739681809853e-07,1.0871470436508065e-09,10.871470436508064,1.000000000000002,6.898502272268732e-16,6.898502272268732e-16,0.7500995949882748,0.7500995949882748,3.918382816477562e-09,7.836765632955124e-09,1.4525140977648736e-13,4.3575422932946207e-13,3.907483310579848e-06,1.1722449931739544e-05,0.06247205037091445,0.2498882014836578,4.217604419887865e-17,2.952323093921505e-16,6.760584788667776e-08,4.732409352067443e-07,5.223816734014917e-09,1.9364283189455375e-13,5.209285989070462e-06,5.622725899423786e-17,9.01291619651315e-08,9.012916202135876e-08
t0_50s,50.0,1789.2609305005685,0.28721488442465065,287214884.42465067,8.700329214004977e-07,1.0904300468541485e-09,10.904300468541486,1.000000000000002,6.800073178106197e-16,6.800073178106197e-16,0.75009959498737,0.75009959498737,3.914808454016413e-09,7.829616908032825e-09,1.4491228208954537e-13,4.3473684626863614e-13,3.907484031199861e-06,1.1722452093599584e-05,0.062472050372065616,0.24988820148826246,4.237606222401177e-17,2.966324355680824e-16,6.76060319096225e-08,4.732422233673575e-07,5.219051550190918e-09,1.9319072168274583e-13,5.209286949775855e-06,5.649391428444284e-17,9.012940729658817e-08,9.012940735308208e-08
t0_50s,50.0,1808.823461994729,0.28544228595437,285442285.95436996,8.566024479354693e-07,1.093722964180973e-09,10.93722964180973,1.0000000000000022,6.703083749873017e-16,6.703083749873017e-16,0.7500995949864623,0.7500995949864623,3.9113046542633225e-09,7.822609308526645e-09,1.445793795261888e-13,4.337381385785664e-13,3.907484761853068e-06,1.1722454285559204e-05,0.062472050373187336,0.24988820149274935,4.257819740190936e-17,2.980473818133655e-16,6.760620869548913e-08,4.7324346086842394e-07,5.214380437485656e-09,1.9274691053365807e-13,5.209287923857084e-06,5.676339207019276e-17,9.012964297988894e-08,9.012964303665234e-08
t0_50s,50.0,1828.5998765687334,0.2836806273953099,283680627.3953099,8.433792972200265e-07,1.0970258255702813e-09,10.970258255702813,1.0000000000000022,6.607507002057613e-16,6.607507002057613e-16,0.7500995949855522,0.7500995949855522,3.907869979698164e-09,7.815739959396328e-09,1.4425257783789738e-13,4.3275773351369215e-13,3.9074855017523085e-06,1.1722456505256926e-05,0.06247205037428032,0.2498882014971213,4.278241445046111e-17,2.9947690115322777e-16,6.76063785144589e-08,4.7324464960121234e-07,5.209801479460116e-09,1.923112328045929e-13,5.209288910264738e-06,5.703564531492001e-17,9.012986937522754e-08,9.012986943226319e-08
t0_50s,50.0,1848.5925126710517,0.2819298412298351,281929841.2298351,8.303602688664387e-07,1.100338661051487e-09,11.00338661051487,1.0000000000000022,6.513316651187159e-16,6.513316651187159e-16,0.7500995949846405,0.7500995949846405,3.904503023200295e-09,7.80900604640059e-09,1.439317556136135e-13,4.3179526684084047e-13,3.907486250139733e-06,1.1722458750419197e-05,0.06247205037534527,0.24988820150138108,4.2988677489071615e-17,3.0092074242350133e-16,6.760654162719926e-08,4.7324579139039485e-07,5.2053128002025465e-09,1.9188352663563392e-13,5.209289907988478e-06,5.731062618418275e-17,9.013008683011436e-08,9.013008688742498e-08
t0_50s,50.0,1868.8037343171197,0.2801898603570068,280189860.35700685,8.175422118905337e-07,1.103661500744692e-09,11.03661500744692,1.0000000000000022,6.42048709378341e-16,6.42048709378341e-16,0.7500995949837274,0.7500995949837274,3.901202407383206e-09,7.802404814766412e-09,1.436167942041846e-13,4.308503826125538e-13,3.907487006285913e-06,1.172246101885774e-05,0.062472050376382836,0.24988820150553134,4.3196950032742903e-17,3.023786502292003e-16,6.760669828517713e-08,4.732468879962399e-07,5.200912563441443e-09,1.9146363384891604e-13,5.2092909160558634e-06,5.758828603777612e-17,9.013029567979407e-08,9.013029573738236e-08
t0_50s,50.0,1889.2359313688667,0.2784606180900128,278460618.09001285,8.049220239490712e-07,1.1069943748609508e-09,11.069943748609509,1.0000000000000022,6.328993385078214e-16,6.328993385078214e-16,0.7500995949828133,0.7500995949828133,3.897966783944606e-09,7.795933567889212e-09,1.433075776491242e-13,4.299227329473726e-13,3.907487769488998e-06,1.1722463308466994e-05,0.06247205037739369,0.24988820150957475,4.3407194987325587e-17,3.038503649112791e-16,6.760684873096281e-08,4.732479411167397e-07,5.196598971679112e-09,1.9105139985098612e-13,5.209291933531211e-06,5.786857542340115e-17,9.013049624765077e-08,9.013049630551934e-08
t0_50s,50.0,1909.8915198173104,0.27674204815360975,276742048.15360975,7.924966505888745e-07,1.1103373137025493e-09,11.103373137025493,1.000000000000002,6.238811218460401e-16,6.238811218460401e-16,0.750099594981899,0.750099594981899,3.894794833031528e-09,7.789589666063056e-09,1.4300399260561264e-13,4.290119778168379e-13,3.907488539073867e-06,1.17224656172216e-05,0.062472050378378455,0.24988820151351382,4.361937464594615e-17,3.0533562252162307e-16,6.760699319852441e-08,4.732489523896709e-07,5.192370265345251e-09,1.9064667353815e-13,5.209292959514476e-06,5.815144407190187e-17,9.013068884560038e-08,9.013068890375183e-08
t0_50s,50.0,1930.7729420682301,0.2750340846815839,275034084.68158394,7.802630845075764e-07,1.1136903476632863e-09,11.136903476632863,1.0000000000000018,6.1499169056270055e-16,6.1499169056270055e-16,0.7500995949809846,0.7500995949809846,3.891685262620041e-09,7.783370525240081e-09,1.4270592827965993e-13,4.281177848389798e-13,3.90748931439132e-06,1.172246794317396e-05,0.0624720503793378,0.2498882015173512,4.3833450686615987e-17,3.068341548063119e-16,6.76071319135133e-08,4.7324992339459307e-07,5.188224721970017e-09,1.9024930720470206e-13,5.209293993140174e-06,5.843684089407779e-17,9.013087377447148e-08,9.013087383290832e-08
t0_50s,50.0,1951.8826672309629,0.27333666221422753,273336662.21422756,7.682183648257621e-07,1.1170535072287412e-09,11.17053507228741,1.0000000000000022,6.062287357412693e-16,6.062287357412693e-16,0.750099594980071,0.750099594980071,3.888636807909165e-09,7.77727361581833e-09,1.4241327635935526e-13,4.2723982907806576e-13,3.907490094817289e-06,1.1722470284451866e-05,0.062472050380272336,0.24988820152108934,4.404938417102664e-17,3.0834568919718647e-16,6.760726509354088e-08,4.732508556547861e-07,5.184160655376012e-09,1.8985915645393592e-13,5.209295033576315e-06,5.872471397907764e-17,9.013105132437394e-08,9.013105138309866e-08
t0_50s,50.0,1973.2231914103675,0.27164971569582846,271649715.69582844,7.563595763703415e-07,1.1204268229765556e-09,11.204268229765557,1.000000000000002,5.97590006527238e-16,5.97590006527238e-16,0.7500995949791578,0.7500995949791578,3.885648230728642e-09,7.771296461457284e-09,1.4212593095013208e-13,4.2637779285039624e-13,3.907490879752057e-06,1.172247263925617e-05,0.06247205038118264,0.24988820152473057,4.426713554453438e-17,3.098699488117407e-16,6.760739294844688e-08,4.7325175063912816e-07,5.180176414888756e-09,1.8947608011184325e-13,5.209296080023387e-06,5.901501059437899e-17,9.013122177505697e-08,9.013122183407198e-08
t0_50s,50.0,1994.7970380019733,0.2699731804721782,269973180.4721782,7.446838489690035e-07,1.123810325576708e-09,11.238103255767081,1.000000000000002,5.890733083393111e-16,5.890733083393111e-16,0.750099594978246,0.750099594978246,3.882718318960147e-09,7.765436637920294e-09,1.4184378851198126e-13,4.2553136553594377e-13,3.907491668619524e-06,1.1722475005858573e-05,0.06247205038206936,0.24988820152827745,4.448666463733554e-17,3.1140665246134875e-16,6.760751568055906e-08,4.732526097639134e-07,5.176270384565068e-09,1.8909994014340848e-13,5.209297131713353e-06,5.930767718735499e-17,9.013138539625498e-08,9.013138545556265e-08
t0_50s,50.0,2016.6067579903545,0.268306992288093,268306992.28809303,7.331883567555445e-07,1.1272040457918022e-09,11.272040457918022,1.000000000000002,5.806765011412209e-16,5.806765011412209e-16,0.7500995949773357,0.7500995949773357,3.879845885971641e-09,7.759691771943282e-09,1.415667477985428e-13,4.2470024339562837e-13,3.907492460866471e-06,1.1722477382599414e-05,0.06247205038293302,0.24988820153173208,4.470793066683234e-17,3.129555146678264e-16,6.760763348494525e-08,4.732534343946167e-07,5.172440982438966e-09,1.88730601571409e-13,5.209298187908682e-06,5.960265938842853e-17,9.013154244802387e-08,9.013154250762654e-08
t0_50s,50.0,2038.6549302507783,0.26665108728495174,266651087.28495175,7.218703174859257e-07,1.1306080144773331e-09,11.30608014477333,1.000000000000002,5.723974977719448e-16,5.723974977719448e-16,0.7500995949764272,0.7500995949764272,3.877029770064477e-09,7.754059540128954e-09,1.412947097980157e-13,4.238841293940471e-13,3.907493255961842e-06,1.1722479767885527e-05,0.0624720503837742,0.2498882015350968,4.4930892241187793e-17,3.1451624568831453e-16,6.760774654965735e-08,4.732542258476014e-07,5.168686659784581e-09,1.8836793239763856e-13,5.2092992479013936e-06,5.989990201581138e-17,9.013169318106618e-08,9.013169324096609e-08
t0_50s,50.0,2060.944161854128,0.265005401998248,265005401.998248,7.107269918648903e-07,1.1340222625819757e-09,11.340222625819758,1.000000000000002,5.642342623322223e-16,5.642342623322223e-16,0.750099594975521,0.750099594975521,3.874268833932955e-09,7.74853766786591e-09,1.4102757767582242e-13,4.2308273302746726e-13,3.907494053396073e-06,1.172248216018822e-05,0.062472050384593455,0.24988820153837382,4.515550736406582e-17,3.160885515484608e-16,6.760785505596774e-08,4.732549853917742e-07,5.165005900395652e-09,1.8801180352647005e-13,5.209300311012155e-06,6.019934908182352e-17,9.013183783704625e-08,9.01318378972456e-08
t0_50s,50.0,2083.4770883751908,0.2633698733551585,263369873.35515848,6.99755682882979e-07,1.1374468211478677e-09,11.374468211478677,1.0000000000000022,5.56184808625312e-16,5.56184808625312e-16,0.7500995949746175,0.7500995949746175,3.871561964136019e-09,7.743123928272037e-09,1.4076525671896978e-13,4.2229577015690933e-13,3.907494852680406e-06,1.1722484558041218e-05,0.062472050385391324,0.2498882015415653,4.538173344055193e-17,3.176721340838635e-16,6.760795917859834e-08,4.732557142501884e-07,5.161397219881218e-09,1.8766208869067994e-13,5.2093013765893725e-06,6.050094380078633e-17,9.013197664889568e-08,9.013197670939663e-08
t0_50s,50.0,2106.256374204284,0.26174443867212477,261744438.67212477,6.889537351637655e-07,1.1408817213108843e-09,11.408817213108843,1.0000000000000022,5.482471986500479e-16,5.482471986500479e-16,0.7500995949737167,0.7500995949737167,3.868908070580749e-09,7.737816141161499e-09,1.405076542820495e-13,4.2152296284614853e-13,3.9074956533462405e-06,1.1722486960038721e-05,0.06247205038616834,0.24988820154467337,4.560952728424689e-17,3.1926669098972823e-16,6.760805908594258e-08,4.7325641360159806e-07,5.157859164977038e-09,1.8731866437945865e-13,5.209302444008329e-06,6.080462859847969e-17,9.013210984110922e-08,9.013210990191385e-08
t0_50s,50.0,2129.284712862313,0.26012903565245166,260129035.65245166,6.783185343211887e-07,1.1443269943009305e-09,11.443269943009305,1.0000000000000022,5.404195411443038e-16,5.404195411443038e-16,0.7500995949728189,0.7500995949728189,3.866306086017415e-09,7.73261217203483e-09,1.4025467973482379e-13,4.2076403920447136e-13,3.9074964549445005e-06,1.17224893648335e-05,0.06247205038692501,0.24988820154770003,4.5838845125525323e-17,3.208719158786773e-16,6.76081549402802e-08,4.7325708458196145e-07,5.154390312872408e-09,1.8698140976853368e-13,5.2093035126703345e-06,6.111034512315177e-17,9.013223763003112e-08,9.013223769114146e-08
t0_50s,50.0,2152.5648273192614,0.2585236023839191,258523602.3839191,6.678475063267847e-07,1.1477826714422149e-09,11.477826714422148,1.0000000000000022,5.32699990177058e-16,5.32699990177058e-16,0.7500995949719247,0.7500995949719247,3.863754965545729e-09,7.727509931091458e-09,1.4000624441134226e-13,4.2001873323402676e-13,3.907497257045011e-06,1.1722491771135035e-05,0.06247205038766182,0.24988820155064728,4.606964262094792e-17,3.2248749834663545e-16,6.76082468979855e-08,4.7325772828589846e-07,5.150989270551926e-09,1.8665020665233465e-13,5.209304582001893e-06,6.141803425806709e-17,9.013236022413263e-08,9.013236028555066e-08
t0_50s,50.0,2176.099470316174,0.2569280773364094,256928077.3364094,6.57538116886707e-07,1.1512487841535471e-09,11.51248784153547,1.0000000000000022,5.250867437873241e-16,5.250867437873241e-16,0.750099594971034,0.750099594971034,3.861253686132078e-09,7.722507372264157e-09,1.3976226156054065e-13,4.1928678468162196e-13,3.907498059235906e-06,1.172249417770772e-05,0.062472050388379274,0.2498882015535171,4.630187486381547e-17,3.2411312404670827e-16,6.760833510972877e-08,4.7325834576810136e-07,5.147654674151885e-09,1.8632493937813383e-13,5.209305651453924e-06,6.172763613557674e-17,9.013247782428085e-08,9.013247788600848e-08
t0_50s,50.0,2199.891424690639,0.2553423993595492,255342399.35954922,6.473878708283447e-07,1.1547253639486104e-09,11.547253639486103,1.000000000000002,5.175780426682771e-16,5.175780426682771e-16,0.7500995949701473,0.7500995949701473,3.858801246137441e-09,7.717602492274882e-09,1.3952264629827218e-13,4.1856793889481657e-13,3.907498861123044e-06,1.1722496583369132e-05,0.06247205038907786,0.24988820155631145,4.653549639584979e-17,3.257484747709485e-16,6.760841972067168e-08,4.7325893804470174e-07,5.14438518833091e-09,1.8600549478209616e-13,5.209306720500969e-06,6.203909015269076e-17,9.01325906239989e-08,9.013259068603799e-08
t0_50s,50.0,2223.943503705858,0.25376650768036546,253766507.68036547,6.373943114964227e-07,1.1582124424362576e-09,11.582124424362576,1.000000000000002,5.101721688949609e-16,5.101721688949609e-16,0.7500995949692647,0.7500995949692647,3.856396664855752e-09,7.712793329711503e-09,1.3928731556072416e-13,4.178619466821725e-13,3.907499662329429e-06,1.1722498986988287e-05,0.062472050389758046,0.24988820155903219,4.677046121998596e-17,3.2739322853990173e-16,6.760850087065597e-08,4.732595060945918e-07,5.141179505654535e-09,1.8569176212717653e-13,5.209307788640438e-06,6.23523349881323e-17,9.01326988097177e-08,9.013269887207003e-08
t0_50s,50.0,2248.258551383285,0.252200341900957,252200341.90095702,6.275550201584214e-07,1.161710051320793e-09,11.617100513207928,1.000000000000002,5.028674446940464e-16,5.028674446940464e-16,0.7500995949683865,0.7500995949683865,3.854038982062426e-09,7.708077964124851e-09,1.3905618805917506e-13,4.171685641775252e-13,3.907500462494669e-06,1.1722501387484008e-05,0.06247205039042029,0.24988820156168115,4.7006722814257037e-17,3.2904705969979926e-16,6.760857869438674e-08,4.732600508607072e-07,5.138036345993304e-09,1.8538363304280373e-13,5.209308855391868e-06,6.266730862084811e-17,9.013280256102012e-08,9.013280262368743e-08
t0_50s,50.0,2272.8394428389247,0.2506438419961787,250643841.9961787,6.178676154191664e-07,1.1652182224022627e-09,11.652182224022628,1.0000000000000018,4.956622312541403e-16,4.956622312541403e-16,0.7500995949675129,0.7500995949675129,3.851727257572839e-09,7.703454515145678e-09,1.3882918423604778e-13,4.1648755270814336e-13,3.907501261274441e-06,1.1722503783823323e-05,0.062472050391065036,0.24988820156426014,4.7244234146752064e-17,3.3070963902726446e-16,6.76086533216093e-08,4.732605732512651e-07,5.1349544559341595e-09,1.8508100146629265e-13,5.209309920296219e-06,6.298394834994976e-17,9.013290205087693e-08,9.013290211386089e-08
t0_50s,50.0,2297.6890846232914,0.24909694831134185,249096948.31134185,6.083297526444696e-07,1.168736987576744e-09,11.687369875767441,1.0000000000000018,4.885549275752247e-16,4.885549275752247e-16,0.750099594966644,0.750099594966644,3.849460570810503e-09,7.698921141621007e-09,1.3860622622221748e-13,4.1581867866665243e-13,3.9075020583399574e-06,1.1722506175019871e-05,0.062472050391692735,0.24988820156677094,4.748294769162479e-17,3.3238063384137354e-16,6.760872487728074e-08,4.732610741409652e-07,5.13193260820476e-09,1.8478376358592906e-13,5.209310982915168e-06,6.330219081605596e-17,9.013299744587546e-08,9.013299750917765e-08
t0_50s,50.0,2322.810415065105,0.24755960155992693,247559601.55992693,5.989391233936507e-07,1.1722663788366355e-09,11.722663788366356,1.0000000000000018,4.815439693558477e-16,4.815439693558477e-16,0.75009959496578,0.75009959496578,3.847238020384721e-09,7.694476040769442e-09,1.3838723779553317e-13,4.151617133865995e-13,3.907502853377471e-06,1.1722508560132414e-05,0.0624720503923038,0.2498882015692152,4.772281544613002e-17,3.340597081229101e-16,6.760879348173592e-08,4.732615543721514e-07,5.128969601110415e-09,1.8449181778567214e-13,5.2093120428304376e-06,6.362197202400457e-17,9.013308890644084e-08,9.013308897006281e-08
t0_50s,50.0,2348.2064046187124,0.2460317428213125,246031742.8213125,5.896934548608376e-07,1.1758064282709488e-09,11.758064282709489,1.000000000000002,4.746278279167481e-16,4.746278279167481e-16,0.7500995949649215,0.7500995949649215,3.845058723677482e-09,7.690117447354964e-09,1.3817214434051447e-13,4.145164330215434e-13,3.907503646087775e-06,1.1722510938263324e-05,0.06247205039289866,0.24988820157159464,4.79637889486616e-17,3.357465226406312e-16,6.760885925084797e-08,4.732620147559358e-07,5.126064257983364e-09,1.8420506459142418e-13,5.209313099643134e-06,6.394322736690003e-17,9.013317658705002e-08,9.013317665099325e-08
t0_50s,50.0,2373.880056215348,0.24451331353851546,244513313.53851548,5.805905093248678e-07,1.1793571680655967e-09,11.793571680655967,1.0000000000000018,4.678050091596294e-16,4.678050091596294e-16,0.7500995949640681,0.7500995949640681,3.842921816439415e-09,7.68584363287883e-09,1.3796087280918494e-13,4.138826184275548e-13,3.907504436185722e-06,1.1722513308557166e-05,0.06247205039347771,0.24988820157391084,4.820581929776515e-17,3.3744073508435603e-16,6.760892229618363e-08,4.732624560732854e-07,5.1232154266441135e-09,1.8392340661881528e-13,5.209314152973116e-06,6.426589165146042e-17,9.013326063643894e-08,9.013326070070482e-08
t0_50s,50.0,2399.834405618193,0.24300425551594876,243004255.51594877,5.716280836077085e-07,1.182918630503686e-09,11.82918630503686,1.0000000000000018,4.61074052559872e-16,4.61074052559872e-16,0.7500995949632202,0.7500995949632202,3.840826452394549e-09,7.681652904789099e-09,1.3775335168300628e-13,4.132600550490188e-13,3.907505223399772e-06,1.1722515670199315e-05,0.06247205039404136,0.24988820157616545,4.8448857172096067e-17,3.391420002046725e-16,6.760898272515378e-08,4.732628790760765e-07,5.120421978874522e-09,1.8364674852245557e-13,5.209315202458374e-06,6.458989912462447e-17,9.013334119780303e-08,9.013334126239294e-08
t0_50s,50.0,2426.072521781352,0.24150451091718905,241504510.91718906,5.628040085412154e-07,1.1864908479658204e-09,11.864908479658203,1.0000000000000018,4.544335301919904e-16,4.544335301919904e-16,0.750099594962378,0.750099594962378,3.838771802853728e-09,7.677543605707456e-09,1.375495109358788e-13,4.1264853280763645e-13,3.907506007471518e-06,1.1722518022414556e-05,0.062472050394589966,0.24988820157835986,4.8692852851292445e-17,3.408499699590471e-16,6.760904064115883e-08,4.7326328448811183e-07,5.117682809902418e-09,1.8337499694660912e-13,5.209316247754411e-06,6.491518350137849e-17,9.013341840899118e-08,9.013341847390637e-08
t0_50s,50.0,2452.5975072127317,0.24001402226276156,240014022.26276156,5.541161484421328e-07,1.190073852930381e-09,11.90073852930381,1.0000000000000018,4.478820457867072e-16,4.478820457867072e-16,0.7500995949615417,0.7500995949615417,3.83675705633643e-09,7.67351411267286e-09,1.3734928199817348e-13,4.120478459945205e-13,3.907506788155266e-06,1.1722520364465798e-05,0.06247205039512394,0.24988820158049577,4.8937756237730005e-17,3.4256429366411e-16,6.760909614372952e-08,4.7326367300610666e-07,5.114996837897432e-09,1.8310806047724304e-13,5.209317288533675e-06,6.524167799375907e-17,9.013349240269341e-08,9.01334924679351e-08
t0_50s,50.0,2479.412498340896,0.238532732427936,238532732.427936,5.455624005951945e-07,1.1936676779738307e-09,11.936676779738306,1.0000000000000018,4.4141823381854827e-16,4.4141823381854827e-16,0.750099594960711,0.750099594960711,3.834781418200842e-09,7.669562836401684e-09,1.3715259772176298e-13,4.114577931652889e-13,3.907507565217596e-06,1.1722522695652786e-05,0.06247205039564365,0.2498882015825746,4.9183516879125484e-17,3.442846181538784e-16,6.760914932866291e-08,4.7326404530064037e-07,5.112363003477827e-09,1.8284584959540846e-13,5.209318324484983e-06,6.5569315340987e-17,9.013356330662219e-08,9.01335633721915e-08
t0_50s,50.0,2506.520665885936,0.23706058464053786,237060584.64053786,5.371406947442071e-07,1.1972723557710057e-09,11.972723557710058,1.0000000000000016,4.3504075862289925e-16,4.3504075862289925e-16,0.7500995949598865,0.7500995949598865,3.832844110281993e-09,7.665688220563987e-09,1.3695939234602096e-13,4.108781770380629e-13,3.90750833843695e-06,1.172252501531085e-05,0.06247205039614946,0.24988820158459785,4.94300839919526e-17,3.460105879436682e-16,6.760920028815434e-08,4.732644020170804e-07,5.1097802692280675e-09,1.8258827663191208e-13,5.209319355312962e-06,6.589802784068427e-17,9.013363124368826e-08,9.013363130958628e-08
t0_50s,50.0,2533.925215234387,0.2355975224787721,235597522.4787721,5.288489925909878e-07,1.200887919095421e-09,12.00887919095421,1.0000000000000018,4.287483135415196e-16,4.287483135415196e-16,0.7500995949590685,0.7500995949590685,3.830944370537749e-09,7.661888741075498e-09,1.3676960146475908e-13,4.1030880439427726e-13,3.907509107603232e-06,1.1722527322809696e-05,0.0624720503966417,0.2498882015865668,4.9677406485633534e-17,3.4774184539943476e-16,6.760924911092453e-08,4.732647437764717e-07,5.107247619226879e-09,1.823352557232381e-13,5.209320380737517e-06,6.622774738112521e-17,9.013369633217018e-08,9.013369639839792e-08
t0_50s,50.0,2561.6293868182383,0.23414348986906128,234143489.8690613,5.206852873020349e-07,1.2045144008195536e-09,12.045144008195535,1.0000000000000018,4.2253962009552827e-16,4.2253962009552827e-16,0.7500995949582565,0.7500995949582565,3.829081452702517e-09,7.658162905405034e-09,1.3658316199407217e-13,4.0974948598221653e-13,3.90750987251741e-06,1.172252961755223e-05,0.06247205039712074,0.24988820158848296,4.992543298746749e-17,3.4947803091227245e-16,6.760929588234292e-08,4.7326507117640045e-07,5.10476405858559e-09,1.8208670276868115e-13,5.20932140049331e-06,6.655840547447019e-17,9.01337586858788e-08,9.013375875243721e-08
t0_50s,50.0,2589.6364564981086,0.23269843108389607,232698431.08389607,5.126476030228195e-07,1.2081518339151557e-09,12.081518339151557,1.0000000000000018,4.1641342718491625e-16,4.1641342718491625e-16,0.7500995949574512,0.7500995949574512,3.827254625948475e-09,7.65450925189695e-09,1.364000121410632e-13,4.092000364231896e-13,3.907510632991143e-06,1.1722531898973428e-05,0.06247205039758689,0.24988820159034755,5.0174111868256795e-17,3.5121878307779756e-16,6.760934068454669e-08,4.732653847918268e-07,5.102328612996482e-09,1.8184253538865113e-13,5.2093224143292515e-06,6.688993329092903e-17,9.013381841431574e-08,9.013381848120567e-08
t0_50s,50.0,2617.9497359505904,0.23126229073969945,231262290.73969945,5.047339943995671e-07,1.2118002514535476e-09,12.118002514535476,1.0000000000000016,4.103685103136865e-16,4.103685103136865e-16,0.7500995949566521,0.7500995949566521,3.825463174554161e-09,7.650926349108321e-09,1.3622009137342135e-13,4.0866027412026404e-13,3.907511388846408e-06,1.1722534166539225e-05,0.06247205039804049,0.24988820159216196,5.0423391268589034e-17,3.5296373888012324e-16,6.760938359655597e-08,4.7326568517589176e-07,5.099940328290982e-09,1.8160267288411673e-13,5.2093234220080086e-06,6.722226169379944e-17,9.013387562282723e-08,9.013387569004949e-08
t0_50s,50.0,2646.5725730598374,0.2298350137947044,229835013.79470438,4.969425461084291e-07,1.2154596866059205e-09,12.154596866059205,1.0000000000000016,4.0440367083973835e-16,4.0440367083973835e-16,0.7500995949558596,0.7500995949558596,3.823706397580273e-09,7.647412795160547e-09,1.3604334038982658e-13,4.0813002116947977e-13,3.907512139915135e-06,1.1722536419745405e-05,0.06247205039848187,0.24988820159392747,5.0673219125733505e-17,3.547125338801345e-16,6.760942469438505e-08,4.732659728606953e-07,5.097598270007442e-09,1.813670361971495e-13,5.209324423305516e-06,6.755532127532401e-17,9.013393041275217e-08,9.01339304803075e-08
t0_50s,50.0,2675.508352313442,0.2284165455468434,228416545.5468434,4.892713723919111e-07,1.219130172643633e-09,12.19130172643633,1.0000000000000013,3.985177352486562e-16,3.985177352486562e-16,0.750099594955074,0.750099594955074,3.8219836085525016e-09,7.643967217105003e-09,1.358697010911546e-13,4.0760910327346383e-13,3.907512886038868e-06,1.1722538658116603e-05,0.062472050398911315,0.24988820159564526,5.092354320110838e-17,3.564648024077587e-16,6.760946405115018e-08,4.732662483580513e-07,5.095301522968311e-09,1.8113554787253592e-13,5.209325418010527e-06,6.788904239330828e-17,9.013398288156594e-08,9.013398294945499e-08
t0_50s,50.0,2704.7604952026145,0.2270068316316536,227006831.6316536,4.817186166024759e-07,1.22281174293852e-09,12.2281174293852,1.0000000000000013,3.9270955445059245e-16,3.9270955445059245e-16,0.750099594954295,0.750099594954295,3.820294135151262e-09,7.640588270302523e-09,1.3569911655245923e-13,4.0709734965737773e-13,3.907513627068429e-06,1.1722540881205286e-05,0.062472050399329175,0.2498882015973167,5.1174311108274465e-17,3.582201777579213e-16,6.760950173717351e-08,4.732665121602146e-07,5.0930491908665005e-09,1.8090813202042543e-13,5.209326405924164e-06,6.822335520844084e-17,9.013403312301893e-08,9.013403319124228e-08
t0_50s,50.0,2734.332460626774,0.22560581802019125,225605818.02019125,4.7428245075317045e-07,1.2265044309631961e-09,12.26504430963196,1.0000000000000009,3.8697800309945017e-16,3.8697800309945017e-16,0.750099594953523,0.750099594953523,3.818637318908144e-09,7.637274637816288e-09,1.355315309957066e-13,4.0659459298711977e-13,3.907514362863577e-06,1.1722543088590731e-05,0.062472050399735725,0.2498882015989429,5.14254703414106e-17,3.599782923898742e-16,6.760953782008354e-08,4.732667647405848e-07,5.090840395860701e-09,1.8068471427998076e-13,5.209327386859463e-06,6.855818972225545e-17,9.01340812272705e-08,9.013408129582869e-08
t0_50s,50.0,2764.2277453025263,0.22421345101696272,224213451.0169627,4.6696107507520777e-07,1.230208270291356e-09,12.302082702913559,1.000000000000001,3.813219789336224e-16,3.813219789336224e-16,0.7500995949527578,0.7500995949527578,3.8170125149089936e-09,7.634025029817987e-09,1.3536688976323992e-13,4.0610066928971974e-13,3.907515093292699e-06,1.1722545279878097e-05,0.06247205040013126,0.24988820160052505,5.1676968304224433e-17,3.61738778129571e-16,6.76095723649125e-08,4.7326700655438756e-07,5.088674278179544e-09,1.8046522178400257e-13,5.2093283606409615e-06,6.889347581567367e-17,9.013412728101879e-08,9.013412734991226e-08
t0_50s,50.0,2794.449884177142,0.22282967725786537,222829677.25786537,4.597527175823632e-07,1.2339232945980784e-09,12.339232945980784,1.000000000000001,3.75740402137549e-16,3.75740402137549e-16,0.7500995949519997,0.7500995949519997,3.815419091503411e-09,7.630838183006822e-09,1.3520513929195178e-13,4.056154178758553e-13,3.907515818232499e-06,1.1722547454697498e-05,0.06247205040051606,0.24988820160206424,5.192875233925248e-17,3.6350126637476733e-16,6.760960543419009e-08,4.732672380393306e-07,5.086549995734322e-09,1.8024958312449669e-13,5.209329327104287e-06,6.92291432880663e-17,9.013417136762559e-08,9.013417143685473e-08
t0_50s,50.0,2825.0024508465376,0.22145444370814318,221454443.70814317,4.5265563364210896e-07,1.2376495376601385e-09,12.376495376601385,1.0000000000000013,3.7023221472339174e-16,3.7023221472339174e-16,0.7500995949512487,0.7500995949512487,3.813856430020574e-09,7.627712860041148e-09,1.3504622708814252e-13,4.0513868126442757e-13,3.907516537567702e-06,1.1722549612703108e-05,0.0624720504008904,0.2498882016035616,5.218076975750191e-17,3.652653883025134e-16,6.760963708803427e-08,4.7326745961623986e-07,5.08446672374013e-09,1.8003772831915685e-13,5.209330286095761e-06,6.956512189677066e-17,9.01342135672376e-08,9.013421363680273e-08
t0_50s,50.0,2855.889057977843,0.220087697660353,220087697.660353,4.456681055533557e-07,1.241387033356312e-09,12.41387033356312,1.000000000000001,3.647963799321496e-16,3.647963799321496e-16,0.7500995949505047,0.7500995949505047,3.812323924491249e-09,7.624647848982498e-09,1.3489010170304475e-13,4.0467030510913427e-13,3.907517251190751e-06,1.1722551753572255e-05,0.06247205040125454,0.24988820160501815,5.243296786838686e-17,3.6703077507870803e-16,6.760966738423891e-08,4.7326767168967235e-07,5.082423654345267e-09,1.7982958877873473e-13,5.2093312374719904e-06,6.990134139700029e-17,9.013425395690306e-08,9.01342540268044e-08
t0_50s,50.0,2887.113357736562,0.218729386732346,218729386.732346,4.3878844213072544e-07,1.245135815667681e-09,12.45135815667681,1.0000000000000013,3.5943188165356133e-16,3.5943188165356133e-16,0.7500995949497679,0.7500995949497679,3.810820981375825e-09,7.62164196275165e-09,1.347367127089935e-13,4.042101381269805e-13,3.9075179590015356e-06,1.1722553877004607e-05,0.062472050401608754,0.24988820160643502,5.268529400991085e-17,3.687970580693759e-16,6.760969637835842e-08,4.73267874648509e-07,5.080419996268663e-09,1.796250972752711e-13,5.209332181099513e-06,7.023773158208283e-17,9.013429261068467e-08,9.01342926809224e-08
t0_50s,50.0,2918.6790422184404,0.2173794588652585,217379458.8652585,4.3201497829522944e-07,1.2488959186779471e-09,12.488959186779471,1.0000000000000013,3.541377238641566e-16,3.541377238641566e-16,0.750099594949038,0.750099594949038,3.809347019298284e-09,7.618694038596569e-09,1.3458601067622253e-13,4.037580320286676e-13,3.907518660907112e-06,1.1722555982721336e-05,0.062472050401953326,0.2498882016078133,5.293769557904767e-17,3.705638690533337e-16,6.760972412378967e-08,4.732680688665277e-07,5.078454974445217e-09,1.7942418791116178e-13,5.209333116854422e-06,7.057422232396256e-17,9.01343295997688e-08,9.013432967034302e-08
t0_50s,50.0,2950.589843886015,0.2160378623215178,216037862.3215178,4.2534607467127327e-07,1.252667376573737e-09,12.52667376573737,1.0000000000000016,3.489129300828584e-16,3.489129300828584e-16,0.7500995949483155,0.7500995949483155,3.807901468785941e-09,7.615802937571882e-09,1.3443794715026892e-13,4.033138414508068e-13,3.907519356821446e-06,1.172255807046434e-05,0.06247205040228847,0.24988820160915387,5.319012006227181e-17,3.7233084043590267e-16,6.760975067185085e-08,4.7326825470295595e-07,5.07652782967883e-09,1.7922679608903426e-13,5.209334044622019e-06,7.09107436139021e-17,9.013436499257063e-08,9.013436506348137e-08
t0_50s,50.0,2982.8495360099705,0.21470454568285913,214704545.68285912,4.187801171898817e-07,1.2564502236449142e-09,12.564502236449142,1.0000000000000013,3.437565428435375e-16,3.437565428435375e-16,0.7500995949476,0.7500995949476,3.8064837720148535e-09,7.612967544029707e-09,1.3429247462996723e-13,4.028774238899017e-13,3.907520046665144e-06,1.1722560139995433e-05,0.062472050402614415,0.24988820161045766,5.3442515066190665e-17,3.7409760546333463e-16,6.760977607185792e-08,4.7326843250300547e-07,5.074637818303001e-09,1.7903285848241066e-13,5.209334964296459e-06,7.124722560332007e-17,9.013439885483602e-08,9.013439892608324e-08
t0_50s,50.0,3015.461933115297,0.21337945784835477,213379457.84835476,4.1231551669804527e-07,1.260244494284894e-09,12.602444942848939,1.000000000000001,3.386676231839591e-16,3.386676231839591e-16,0.7500995949468916,0.7500995949468916,3.805093382560792e-09,7.610186765121584e-09,1.3414954654601603e-13,4.024486396380481e-13,3.9075207303652075e-06,1.1722562191095622e-05,0.06247205040293145,0.2498882016117258,5.3694828348229705e-17,3.7586379843760794e-16,6.760980037119818e-08,4.732686025983873e-07,5.072784211848827e-09,1.7884231300713348e-13,5.209335875780425e-06,7.158359864469916e-17,9.013443124973968e-08,9.013443132132328e-08
t0_50s,50.0,3048.430891432353,0.2120625480324551,212062548.03245512,4.059507085740967e-07,1.2640502229909552e-09,12.640502229909552,1.0000000000000009,3.3364525015057005e-16,3.3364525015057005e-16,0.7500995949461905,0.7500995949461905,3.803729765155607e-09,7.607459530311214e-09,1.340091172400999e-13,4.0202735172029974e-13,3.907521407854795e-06,1.1722564223564385e-05,0.06247205040323979,0.24988820161295916,5.394700784732296e-17,3.7762905493126074e-16,6.760982361540147e-08,4.7326876530781026e-07,5.070966296720202e-09,1.7865509879353188e-13,5.209336778984805e-06,7.19197933325013e-17,9.013446223797995e-08,9.013446230989975e-08
t0_50s,50.0,3081.760309352817,0.2107537657630435,210753765.7630435,3.9968415234903297e-07,1.2678674443645516e-09,12.678674443645516,1.0000000000000007,3.286885203186046e-16,3.286885203186046e-16,0.7500995949454968,0.7500995949454968,3.802392395448927e-09,7.604784790897854e-09,1.3387114194455085e-13,4.0161342583365255e-13,3.907522079072978e-06,1.1722566237218935e-05,0.06247205040353964,0.24988820161415856,5.4199001714560507e-17,3.7939301200192357e-16,6.760984584820883e-08,4.732689209374618e-07,5.069183373876123e-09,1.784711561593072e-13,5.209337673828372e-06,7.225574054402559e-17,9.013449187787049e-08,9.013449195012623e-08
t0_50s,50.0,3115.4541278906763,0.20945306087950027,209453060.87950027,3.9351433133366737e-07,1.2716961931116217e-09,12.716961931116217,1.0000000000000007,3.2379654732698805e-16,3.2379654732698805e-16,0.7500995949448106,0.7500995949448106,3.801080759775054e-09,7.602161519550109e-09,1.337355767625329e-13,4.012067302875987e-13,3.907522743964528e-06,1.1722568231893583e-05,0.062472050403831254,0.24988820161532502,5.445075834374627e-17,3.8115530840622386e-16,6.760986711163892e-08,4.732690697814724e-07,5.067434758519931e-09,1.7829042658311614e-13,5.209338560237495e-06,7.259137148014663e-17,9.013452022542871e-08,9.013452029802008e-08
t0_50s,50.0,3149.5163311482092,0.20816038353078178,208160383.53078178,3.874397522515602e-07,1.2755365040429235e-09,12.755365040429234,1.0000000000000007,3.189684614275572e-16,3.189684614275572e-16,0.7500995949441317,0.7500995949441317,3.799794354924921e-09,7.599588709849842e-09,1.336023786487348e-13,4.008071359462044e-13,3.90752340247968e-06,1.172257020743904e-05,0.06247205040411482,0.24988820161645928,5.470222640181852e-17,3.829155848127296e-16,6.76098874460519e-08,4.732692121223633e-07,5.065719779795287e-09,1.7811285267883082e-13,5.209339438145833e-06,7.292661770586985e-17,9.013454733446105e-08,9.013454740738766e-08
t0_50s,50.0,3183.9509467870935,0.20687568417350838,206875684.17350838,3.8145894487758676e-07,1.2793884120743254e-09,12.793884120743254,1.0000000000000007,3.142034090481141e-16,3.142034090481141e-16,0.7500995949434599,0.7500995949434599,3.798532687923063e-09,7.597065375846125e-09,1.3347150539055654e-13,4.0041451617166964e-13,3.907524054573927e-06,1.172257216372178e-05,0.06247205040439057,0.24988820161756228,5.4953354859087093e-17,3.8467348401360967e-16,6.760990689021131e-08,4.7326934823147914e-07,5.064037780488848e-09,1.7793837817045774e-13,5.2093403074940515e-06,7.326141119064236e-17,9.013457325664538e-08,9.013457332990679e-08
t0_50s,50.0,3218.7620465046507,0.20559891357006693,205598913.57006693,3.755704616821118e-07,1.283251952227138e-09,12.83251952227138,1.0000000000000004,3.0950055236885947e-16,3.0950055236885947e-16,0.7500995949427957,0.7500995949427957,3.7972952758094205e-09,7.594590551618841e-09,1.3334291558977445e-13,4.000287467693234e-13,3.907524700207812e-06,1.1722574100623436e-05,0.062472050404658676,0.2498882016186347,5.520409301924208e-17,3.8642865113469456e-16,6.760992548134364e-08,4.732694783694055e-07,5.062388116739366e-09,1.7776694786769415e-13,5.209341168229545e-06,7.35956843483592e-17,9.013459804161036e-08,9.013459811520605e-08
t0_50s,50.0,3253.953746515299,0.20433002278672308,204330022.78672308,3.697728774806434e-07,1.2871271596284392e-09,12.871271596284393,1.0000000000000007,3.048590689117586e-16,3.048590689117586e-16,0.7500995949421386,0.7500995949421386,3.7960816454259535e-09,7.592163290851907e-09,1.3321656864467228e-13,3.9964970593401686e-13,3.907525339346724e-06,1.1722576018040172e-05,0.06247205040491938,0.2498882016196775,5.545439054908843e-17,3.88180733843619e-16,6.760994325519599e-08,4.7326960278637193e-07,5.06077015775322e-09,1.7759850764210634e-13,5.209342020306174e-06,7.392937007700435e-17,9.013462173701255e-08,9.013462181094191e-08
t0_50s,50.0,3289.5302080372817,0.20306896319174544,203068963.19174543,3.6406478908888954e-07,1.2910140695113743e-09,12.910140695113743,1.0000000000000007,3.0027815114241496e-16,3.0027815114241496e-16,0.7500995949414889,0.7500995949414889,3.794891333207888e-09,7.589782666415776e-09,1.3309242473262354e-13,3.992772741978706e-13,3.907525971960708e-06,1.1722577915882124e-05,0.062472050405172855,0.24988820162069142,5.570419750796346e-17,3.899293825557442e-16,6.760996024609146e-08,4.7326972172264017e-07,5.0591832855261125e-09,1.7743300440390897e-13,5.209342863684005e-06,7.426240179786876e-17,9.013464438860993e-08,9.013464446287232e-08
t0_50s,50.0,3325.4956377847016,0.20181568645354217,201815686.45354217,3.5844481498315254e-07,1.2949127172154891e-09,12.949127172154892,1.0000000000000007,2.957570060840373e-16,2.957570060840373e-16,0.7500995949408464,0.7500995949408464,3.793723884979538e-09,7.587447769959076e-09,1.3297044479311334e-13,3.9891133437934e-13,3.907526598024279e-06,1.1722579794072837e-05,0.062472050405419303,0.24988820162167721,5.595346437679357e-17,3.9167425063755495e-16,6.760997648698287e-08,4.7326983540888005e-07,5.057626894570866e-09,1.7727038607933058e-13,5.20934369832906e-06,7.459471349428753e-17,9.013466604033382e-08,9.013466611492853e-08
t0_50s,50.0,3361.8542884649332,0.20057014453880884,200570144.53880882,3.529115949659617e-07,1.2988231381870552e-09,12.988231381870552,1.0000000000000004,2.9129485494310213e-16,2.9129485494310213e-16,0.7500995949402113,0.7500995949402113,3.792578855754608e-09,7.585157711509216e-09,1.3285059051118617e-13,3.9855177153355855e-13,3.907527217516231e-06,1.1722581652548694e-05,0.0624720504056589,0.2498882016226356,5.620214208674896e-17,3.934149946072427e-16,6.760999200950432e-08,4.7326994406653027e-07,5.056100391651199e-09,1.771106015885469e-13,5.20934452421307e-06,7.492623974984108e-17,9.01346867343574e-08,9.013468680928365e-08
t0_50s,50.0,3398.610459281492,0.1993322897106872,199332289.7106872,3.4746378983686135e-07,1.3027453679793753e-09,13.027453679793753,1.0000000000000007,2.8689093274632265e-16,2.8689093274632265e-16,0.7500995949395836,0.7500995949395836,3.791455809540856e-09,7.582911619081712e-09,1.3273282430130852e-13,3.9819847290392553e-13,3.907527830419465e-06,1.1722583491258395e-05,0.062472050405891814,0.24988820162356726,5.645018204745507e-17,3.9515127433218545e-16,6.761000684402119e-08,4.7327004790814835e-07,5.0546031955213055e-09,1.7695360082416711e-13,5.209345341313236e-06,7.525691578596549e-17,9.013470651116244e-08,9.013470658641936e-08
t0_50s,50.0,3435.768496442386,0.19810207452693565,198102074.52693564,3.4210008106828997e-07,1.3066794422531294e-09,13.066794422531295,1.0000000000000004,2.8254448798855687e-16,2.8254448798855687e-16,0.7500995949389628,0.7500995949389628,3.790354319149039e-09,7.580708638298078e-09,1.326171092916337e-13,3.978513278749011e-13,3.907528436720818e-06,1.1722585310162453e-05,0.062472050406118265,0.24988820162447306,5.66975361747221e-17,3.9688275322305467e-16,6.76100210196781e-08,4.7327014713774673e-07,5.05313473667116e-09,1.7679933463025672e-13,5.209346149612015e-06,7.558667749892025e-17,9.013472540960334e-08,9.013472548519002e-08
t0_50s,50.0,3473.3327936740307,0.19687945183811073,196879451.83811074,3.3681917048645264e-07,1.3106253967766794e-09,13.106253967766794,1.0000000000000002,2.782547822912927e-16,2.782547822912927e-16,0.7500995949383494,0.7500995949383494,3.789273966006058e-09,7.578547932012116e-09,1.3250340930865795e-13,3.975102279259738e-13,3.9075290364108975e-06,1.1722587109232693e-05,0.06247205040633839,0.24988820162535355,5.694415691775346e-17,3.9860909842427425e-16,6.761003456444536e-08,4.7327024195111755e-07,5.0516944570773934e-09,1.766477547818812e-13,5.209346949096882e-06,7.591546149606132e-17,9.013474346696884e-08,9.01347435428843e-08
t0_50s,50.0,3511.30779274079,0.19566437478576007,195664374.78576007,3.3161977995712705e-07,1.3145832674264044e-09,13.145832674264044,1.0000000000000002,2.740210900713622e-16,2.740210900713622e-16,0.7500995949377434,0.7500995949377434,3.788214339972175e-09,7.57642867994435e-09,1.3239168886225653e-13,3.971750665867696e-13,3.907529629483928e-06,1.1722588888451783e-05,0.062472050406552355,0.24988820162620942,5.718999728579723e-17,4.003299810005806e-16,6.761004750516373e-08,4.732703325361461e-07,5.050281809959634e-09,1.764988139651572e-13,5.209347739760137e-06,7.624320513137175e-17,9.013476071904187e-08,9.013476079528508e-08
t0_50s,50.0,3549.6979839701703,0.19445679680062752,194456796.80062753,3.2650065107632285e-07,1.3185530901870206e-09,13.185530901870207,0.9999999999999999,2.698426982195533e-16,2.698426982195533e-16,0.7500995949371441,0.7500995949371441,3.78717503916228e-09,7.57435007832456e-09,1.3228191313108967e-13,3.9684573939326903e-13,3.907530215937584e-06,1.172259064781275e-05,0.06247205040676034,0.24988820162704137,5.743501087420478e-17,4.020450761194335e-16,6.761005986758748e-08,4.732704190731124e-07,5.048896259542219e-09,1.7635246575779643e-13,5.209348521598685e-06,7.656984654020198e-17,9.013477720015699e-08,9.013477727672683e-08
t0_50s,50.0,3588.5079067838024,0.19325667160086654,193256671.60086656,3.2146054486570217e-07,1.3225349011519138e-09,13.225349011519139,0.9999999999999998,2.657189057887882e-16,2.657189057887882e-16,0.7500995949365521,0.7500995949365521,3.786155669771041e-09,7.572311339542082e-09,1.3217404794836716e-13,3.9652214384510147e-13,3.907530795772847e-06,1.1722592387318541e-05,0.062472050406962486,0.24988820162784994,5.767915188986282e-17,4.037540632290397e-16,6.761007167642614e-08,4.73270501734983e-07,5.047537280821084e-09,1.7620866461012716e-13,5.209349294613829e-06,7.689532467317445e-17,9.013479294325576e-08,9.013479302015108e-08
t0_50s,50.0,3627.742150234176,0.19206395319026792,192063953.19026792,3.1649824147271885e-07,1.3265287365234674e-09,13.265287365234673,0.9999999999999999,2.616490236915652e-16,2.616490236915652e-16,0.7500995949359677,0.7500995949359677,3.785155845901924e-09,7.570311691803847e-09,1.3206805978796238e-13,3.962041793638871e-13,3.90753136899386e-06,1.172259410698158e-05,0.06247205040715897,0.24988820162863587,5.792237517596661e-17,4.0545662623176627e-16,6.761008295538438e-08,4.732705806876907e-07,5.046204359335834e-09,1.760673658265825e-13,5.209350058811093e-06,7.721957932921048e-17,9.013480797994022e-08,9.013480805715979e-08
t0_50s,50.0,3667.4053535472863,0.1908785958564963,190878595.8564963,3.116125398753757e-07,1.3305346326133904e-09,13.305346326133904,0.9999999999999999,2.57632374406351e-16,2.57632374406351e-16,0.7500995949353902,0.7500995949353902,3.784175189399953e-09,7.568350378799906e-09,1.3196391575086556e-13,3.958917472525967e-13,3.907531935607784e-06,1.1722595806823353e-05,0.06247205040734993,0.24988820162939973,5.816463623610374e-17,4.071524536527262e-16,6.761009372720078e-08,4.732706560904054e-07,5.044896990946786e-09,1.7592852554764046e-13,5.209350814200025e-06,7.754255118763762e-17,9.013482234052449e-08,9.013482241806704e-08
t0_50s,50.0,3707.5022066711867,0.18970055416933837,189700554.16933838,3.0680225759154087e-07,1.3345526258430427e-09,13.345526258430427,0.9999999999999998,2.536682916926387e-16,2.536682916926387e-16,0.7500995949348198,0.7500995949348198,3.7832133296881475e-09,7.566426659376295e-09,1.3186158355196704e-13,3.9558475065590115e-13,3.907532495624672e-06,1.1722597486874015e-05,0.06247205040753553,0.2498882016301421,5.840589125761905e-17,4.0884123880333333e-16,6.761010401368508e-08,4.732707280957955e-07,5.043614681616901e-09,1.757921007322037e-13,5.209351560794028e-06,7.786418183933861e-17,9.013483605408437e-08,9.013483613194855e-08
t0_50s,50.0,3748.0374508305636,0.18852978297896097,188529782.97896096,3.0206623039275254e-07,1.3385827527437775e-09,13.385827527437776,0.9999999999999996,2.497561203143862e-16,2.497561203143862e-16,0.7500995949342563,0.7500995949342563,3.782269903607564e-09,7.564539807215128e-09,1.3176103150716149e-13,3.9528309452148443e-13,3.9075330490573265e-06,1.172259914717198e-05,0.0624720504077159,0.2498882016308636,5.864609713423392e-17,4.105226799396374e-16,6.761011383575412e-08,4.732707968502788e-07,5.042356947198549e-09,1.756580491404077e-13,5.209352298610172e-06,7.818441381690661e-17,9.01348491485053e-08,9.013484922668971e-08
t0_50s,50.0,3789.015879087333,0.18736623741418204,187366237.41418204,2.974033120224457e-07,1.3426250499572619e-09,13.42625049957262,0.9999999999999997,2.45895215771566e-16,2.45895215771566e-16,0.7500995949336999,0.7500995949336999,3.781344555260845e-09,7.56268911052169e-09,1.3166222852076376e-13,3.9498668556229127e-13,3.907533595921182e-06,1.1722600787763545e-05,0.062472050407891166,0.24988820163156467,5.888521148789318e-17,4.1219648041525225e-16,6.761012321346631e-08,4.7327086249426416e-07,5.041123313224921e-09,1.755263293168438e-13,5.2093530276690286e-06,7.850319062377036e-17,9.013486165052823e-08,9.013486172903142e-08
t0_50s,50.0,3830.4423369074248,0.18620987288074958,186209872.88074958,2.928123739185191e-07,1.3466795542358147e-09,13.466795542358147,0.9999999999999997,2.42084944039553e-16,2.42084944039553e-16,0.7500995949331506,0.7500995949331506,3.780436935859213e-09,7.560873871718425e-09,1.3156514407322871e-13,3.946954322196861e-13,3.907534136234168e-06,1.1722602408702503e-05,0.062472050408061496,0.24988820163224598,5.912319268981724e-17,4.138623488287207e-16,6.761013216605516e-08,4.732709251623861e-07,5.0399133147060665e-09,1.7539690057418827e-13,5.2093537479945044e-06,7.882045676226014e-17,9.013487358579446e-08,9.013487366461491e-08
t0_50s,50.0,3872.321722733702,0.18506064505963307,185060645.05963308,2.8829230494019264e-07,1.3507463024427381e-09,13.507463024427382,0.9999999999999999,2.383246813161121e-16,2.383246813161121e-16,0.7500995949326082,0.7500995949326082,3.779546703572836e-09,7.559093407145673e-09,1.3146974820916607e-13,3.944092446274982e-13,3.90753467001661e-06,1.1722604010049832e-05,0.062472050408226995,0.24988820163290798,5.93599998807359e-17,4.1551999916515126e-16,6.76101407119612e-08,4.7327098498372837e-07,5.038726495929391e-09,1.7526972297722386e-13,5.209354459613697e-06,7.913615776058248e-17,9.01348849788881e-08,9.013488505802426e-08
t0_50s,50.0,3914.6589885651906,0.18391850990532527,183918509.90532526,2.8384201109908313e-07,1.3548253315526642e-09,13.548253315526642,0.9999999999999998,2.3461381377572375e-16,2.3461381377572375e-16,0.7500995949320727,0.7500995949320727,3.778673523384481e-09,7.557347046768961e-09,1.3137601152564158e-13,3.9412803457692475e-13,3.907535197291107e-06,1.1722605591873322e-05,0.06247205040838779,0.24988820163355116,5.9595592990284e-17,4.1716915093198797e-16,6.761014886886319e-08,4.732710420820423e-07,5.037562410264558e-09,1.7514475732724358e-13,5.209355162556734e-06,7.945024019867766e-17,9.013489585337772e-08,9.013489593282796e-08
t0_50s,50.0,3957.4591405426177,0.18278342364415362,182783423.64415362,2.794604152944213e-07,1.3589166786518739e-09,13.589166786518739,0.9999999999999993,2.309517373310183e-16,2.309517373310183e-16,0.7500995949315439,0.7500995949315439,3.777817066946381e-09,7.555634133892762e-09,1.3128390516075874e-13,3.938517154822762e-13,3.907535718082413e-06,1.172260715424724e-05,0.06247205040854402,0.24988820163417608,5.982993275554047e-17,4.188095292887833e-16,6.761015665370763e-08,4.7327109657595345e-07,5.036420619972678e-09,1.7502196514682836e-13,5.209355856856616e-06,7.976265173293517e-17,9.013490623185568e-08,9.013490631161834e-08
t0_50s,50.0,4000.727239540375,0.18165534277260223,181655342.77260223,2.751464570523632e-07,1.3630203809386481e-09,13.630203809386481,0.9999999999999994,2.2733785740108685e-16,2.2733785740108685e-16,0.750099594931022,0.750099594931022,3.776977012440269e-09,7.553954024880539e-09,1.3119340078251103e-13,3.9358020234753306e-13,3.907536232417344e-06,1.172260869725203e-05,0.06247205040869582,0.24988820163478329,6.006298073869399e-17,4.2044086517085793e-16,6.761016408273779e-08,4.7327114857916453e-07,5.0353006960196995e-09,1.749013086649852e-13,5.209356542549093e-06,8.007334111974462e-17,9.013491613597675e-08,9.013491621605009e-08
t0_50s,50.0,4044.4684017649092,0.18053422405564573,180534224.05564573,2.708990922693282e-07,1.3671364757235967e-09,13.671364757235967,0.9999999999999996,2.2377158868645143e-16,2.2377158868645143e-16,0.7500995949305069,0.7500995949305069,3.7761530444404655e-09,7.552306088880931e-09,1.3110447057789934e-13,3.93313411733698e-13,3.907536740324666e-06,1.1722610220973999e-05,0.06247205040884331,0.24988820163537323,6.029469934381964e-17,4.2206289540673744e-16,6.761017117152112e-08,4.732711982006478e-07,5.034202217893888e-09,1.7478275080263912e-13,5.209357219672516e-06,8.038225823786193e-17,9.013492558649478e-08,9.013492566687705e-08
t0_50s,50.0,4088.687799359718,0.17942002452509076,179420024.52509075,2.6671729295928955e-07,1.3712650004300016e-09,13.712650004300016,0.9999999999999994,2.2025235495047e-16,2.2025235495047e-16,0.7500995949299986,0.7500995949299986,3.775344853780021e-09,7.550689707560042e-09,1.3101708724230584e-13,3.930512617269175e-13,3.907537241834994e-06,1.1722611725504982e-05,0.062472050408986596,0.24988820163594638,6.052505183275434e-17,4.2367536282928036e-16,6.761017793497603e-08,4.732712455448322e-07,5.033124773427383e-09,1.7466625515846696e-13,5.2093578882677e-06,8.068935410957355e-17,9.013493460329837e-08,9.013493468398773e-08
t0_50s,50.0,4133.390661016898,0.1783127014779305,178312701.4779305,2.626000470049781e-07,1.375405992594157e-09,13.754059925941569,0.9999999999999993,2.1677958880698193e-16,2.1677958880698193e-16,0.7500995949294968,0.7500995949294968,3.774552137419757e-09,7.549104274839514e-09,1.3093122396911892e-13,3.9279367190735676e-13,3.907537736980709e-06,1.1722613210942128e-05,0.06247205040912579,0.24988820163650316,6.075400234005893e-17,4.252780163804125e-16,6.761018438739737e-08,4.732712907117816e-07,5.032067958621593e-09,1.7455178599506559e-13,5.209358548377813e-06,8.099458092064335e-17,9.013494320544483e-08,9.013494328643942e-08
t0_50s,50.0,4178.582272595423,0.17721221247470734,177212212.47470734,2.585463579129171e-07,1.37955948986571e-09,13.7955948986571,0.9999999999999994,2.1335273151397937e-16,2.1335273151397937e-16,0.7500995949290019,0.7500995949290019,3.773774598320227e-09,7.547549196640453e-09,1.3084685443960095e-13,3.9254056331880287e-13,3.90753822579585e-06,1.1722614677387549e-05,0.062472050409261,0.249888201637044,6.098151588705776e-17,4.2687061120940434e-16,6.761019054248136e-08,4.732713337973695e-07,5.031031377476507e-09,1.7443930822544411e-13,5.209359200048234e-06,8.129789203902951e-17,9.01349514111933e-08,9.013495149249119e-08
t0_50s,50.0,4224.2679777461635,0.17611851533788597,176118515.33788598,2.5455524457224067e-07,1.3837255300080082e-09,13.837255300080082,0.9999999999999994,2.0997123277313327e-16,2.0997123277313327e-16,0.7500995949285134,0.7500995949285134,3.773011945316474e-09,7.546023890632948e-09,1.307639528129939e-13,3.9229185843898173e-13,3.907538708316031e-06,1.1722616124948092e-05,0.06247205040939235,0.2498882016375694,6.120755839494766e-17,4.284529087646336e-16,6.761019641334932e-08,4.7327137489344523e-07,5.030014641823734e-09,1.743287873998333e-13,5.209359843326445e-06,8.159924203236092e-17,9.013495923803659e-08,9.013495931963583e-08
t0_50s,50.0,4270.453178543738,0.1750315681502381,175031568.1502381,2.5062574101723995e-07,1.3879041508984315e-09,13.879041508984315,0.9999999999999993,2.0663455053495644e-16,2.0663455053495644e-16,0.7500995949280314,0.7500995949280314,3.77226389299556e-09,7.54452778599112e-09,1.306824937168555e-13,3.920474811505665e-13,3.907539184578358e-06,1.1722617553735072e-05,0.06247205040951992,0.24988820163807968,6.143209669697062e-17,4.3002467687879435e-16,6.76102020125703e-08,4.732714140879921e-07,5.029017371163214e-09,1.7422018969280193e-13,5.209360478261914e-06,8.189858668416526e-17,9.013496670273124e-08,9.013496678462982e-08
t0_50s,50.0,4317.143336125293,0.17395132925323456,173951329.25323457,2.4675689619356814e-07,1.3920953905287493e-09,13.920953905287492,0.9999999999999994,2.0334215080944655e-16,2.0334215080944655e-16,0.750099594927556,0.750099594927556,3.771530161576759e-09,7.543060323153518e-09,1.3060245223761907e-13,3.9180735671285724e-13,3.907539654621345e-06,1.1722618963864033e-05,0.062472050409643834,0.24988820163857534,6.165509854964529e-17,4.31585689847517e-16,6.761020735218335e-08,4.7327145146528343e-07,5.028039192503511e-09,1.7411348189067155e-13,5.209361104905985e-06,8.219588300884217e-17,9.013497382132714e-08,9.013497390352302e-08
t0_50s,50.0,4364.3439713362395,0.17287775724544935,172877757.24544933,2.429477737280575e-07,1.3962992870054546e-09,13.962992870054546,0.9999999999999996,2.000935074820284e-16,2.000935074820284e-16,0.750099594927087,0.750099594927087,3.770810476794437e-09,7.541620953588873e-09,1.3052380391137384e-13,3.9157141173412155e-13,3.907540118484826e-06,1.1722620355454478e-05,0.06247205040976419,0.24988820163905676,6.187653264305516e-17,4.331357285013861e-16,6.761021244371876e-08,4.732714871060313e-07,5.027079740205667e-09,1.740086313792255e-13,5.209361723311764e-06,8.249108926537926e-17,9.0134980609196e-08,9.013498069168708e-08
t0_50s,50.0,4412.060665383054,0.17181081098097317,171810810.98097318,2.391974517020931e-07,1.4005158785501175e-09,14.005158785501175,0.9999999999999994,1.968881021346341e-16,1.968881021346341e-16,0.7500995949266243,0.7500995949266243,3.770104569783418e-09,7.540209139566837e-09,1.3044652471485624e-13,3.913395741445687e-13,3.907540576209884e-06,1.1722621728629652e-05,0.06247205040988107,0.24988820163952427,6.209636861019188e-17,4.346745802713432e-16,6.761021729821832e-08,4.732715210875282e-07,5.0261386558303835e-09,1.7390560613169868e-13,5.209362333534022e-06,8.278416496980809e-17,9.013498708105827e-08,9.013498716384244e-08
t0_50s,50.0,4460.299060493238,0.17075044956783603,170750449.56783602,2.3550502242847878e-07,1.404745203499732e-09,14.047452034997319,0.9999999999999993,1.937254238717282e-16,1.937254238717282e-16,0.750099594926168,0.750099594926168,3.769412176966991e-09,7.538824353933982e-09,1.3037059105665026e-13,3.911117731699508e-13,3.907541027838778e-06,1.1722623083516334e-05,0.06247205040999458,0.24988820163997832,6.23145770353554e-17,4.3620203924748783e-16,6.761022192625488e-08,4.7327155348378416e-07,5.025215587988703e-09,1.738043746970462e-13,5.209362935629096e-06,8.307507090640278e-17,9.01349932510092e-08,9.013499333408427e-08
t0_50s,50.0,4509.064860582475,0.16969663236643995,169696632.36643994,2.3186959223175105e-07,1.4089873003070626e-09,14.089873003070625,0.9999999999999994,1.90604969151174e-16,1.90604969151174e-16,0.7500995949257179,0.7500995949257179,3.768733039947261e-09,7.537466079894521e-09,1.3029597976858845e-13,3.9088793930576535e-13,3.907541473414871e-06,1.1722624420244613e-05,0.06247205041010482,0.24988820164041928,6.253112946161188e-17,4.3771790623128316e-16,6.761022633795158e-08,4.732715843656611e-07,5.024310192195847e-09,1.7370490618847972e-13,5.209363529654797e-06,8.336376913762274e-17,9.013499913254453e-08,9.013499921590829e-08
t0_50s,50.0,4558.36383192908,0.1686493189880019,168649318.98800188,2.2829028123188414e-07,1.4132422075409915e-09,14.132422075409915,0.9999999999999994,1.87526241619725e-16,1.87526241619725e-16,0.750099594925274,0.750099594925274,3.768066905397988e-09,7.536133810795976e-09,1.3022266809735023e-13,3.906680042920507e-13,3.907541912982555e-06,1.1722625738947664e-05,0.06247205041021188,0.24988820164084752,6.274599839731436e-17,4.392219887812005e-16,6.761023054299958e-08,4.732716138009971e-07,5.023422130728345e-09,1.7360717027226657e-13,5.209364115670306e-06,8.365022301280566e-17,9.01350047385841e-08,9.013500482223432e-08
t0_50s,50.0,4608.201803855851,0.16760846929300502,167608469.29300502,2.2476622313133212e-07,1.4175099638868791e-09,14.175099638868792,0.9999999999999996,1.8448875195305517e-16,1.8448875195305517e-16,0.7500995949248364,0.7500995949248364,3.7674135249597285e-09,7.534827049919457e-09,1.3015063369625132e-13,3.9045190108875397e-13,3.907542346587188e-06,1.1722627039761565e-05,0.062472050410315824,0.2498882016412633,6.295915732169045e-17,4.4071410125183313e-16,6.761023455067589e-08,4.7327164185473123e-07,5.022551072484237e-09,1.735111371567839e-13,5.209364693736094e-06,8.393439717561675e-17,9.01350100814956e-08,9.013501016543e-08
t0_50s,50.0,4658.584669419314,0.16657404338966084,166574043.38966084,2.2129656500536054e-07,1.4217906081469073e-09,14.217906081469073,0.9999999999999994,1.8149201770013901e-16,1.8149201770013901e-16,0.7500995949244047,0.7500995949244047,3.766772655137312e-09,7.533545310274624e-09,1.3007985461721972e-13,3.902395638516592e-13,3.907542774275034e-06,1.1722628322825102e-05,0.062472050410416764,0.24988820164166706,6.317058068950475e-17,4.421940648265333e-16,6.761023836985993e-08,4.732716685890195e-07,5.021696692846407e-09,1.7341677758182127e-13,5.209365263913837e-06,8.421625757026453e-17,9.013501517311672e-08,9.013501525733298e-08
t0_50s,50.0,4709.518386106591,0.1655460016323807,165546001.6323807,2.1788046709561532e-07,1.4260841792404316e-09,14.260841792404316,0.9999999999999993,1.7853556313187487e-16,1.7853556313187487e-16,0.7500995949239792,0.7500995949239792,3.766144057199537e-09,7.532288114399074e-09,1.3001030930295322e-13,3.900309279088596e-13,3.907543196093197e-06,1.1722629588279592e-05,0.06247205041051475,0.249888201642059,6.338024393480351e-17,4.436617075436246e-16,6.761024200904992e-08,4.732716940633495e-07,5.020858673548846e-09,1.7332406280812544e-13,5.209365826266334e-06,8.449577144649298e-17,9.013502002477693e-08,9.01350201092727e-08
t0_50s,50.0,4761.008976539794,0.16452430462025522,164524304.62025523,2.1451710260687244e-07,1.4303907162043355e-09,14.303907162043355,0.9999999999999996,1.7561891909380516e-16,1.7561891909380516e-16,0.7500995949235598,0.7500995949235598,3.765527497081076e-09,7.531054994162152e-09,1.299419765792544e-13,3.8982592973776323e-13,3.9075436120895615e-06,1.1722630836268684e-05,0.0624720504106099,0.2498882016424396,6.358812347375112e-17,4.451168643162579e-16,6.761024547637833e-08,4.732717183346483e-07,5.020036702545891e-09,1.7323296460718175e-13,5.20936638085742e-06,8.47729073633631e-17,9.013502464731802e-08,9.013502473209093e-08
t0_50s,50.0,4813.062529188196,0.16350891319554525,163508913.19554526,2.1120565750693447e-07,1.434710258193394e-09,14.347102581933939,0.9999999999999997,1.7274162286280744e-16,1.7274162286280744e-16,0.7500995949231464,0.7500995949231464,3.7649227452865275e-09,7.529845490573055e-09,1.298748356475372e-13,3.896245069426116e-13,3.907544022312728e-06,1.1722632066938184e-05,0.06247205041070227,0.2498882016428091,6.379419670657024e-17,4.465593769459917e-16,6.76102487796267e-08,4.7327174145738685e-07,5.0192304738843025e-09,1.731434552512242e-13,5.20936692775189e-06,8.504763519183938e-17,9.013502905111408e-08,9.013502913616172e-08
t0_50s,50.0,4865.6851990881405,0.1624997884421808,162499788.4421808,2.0794533032960837e-07,1.4390428444806151e-09,14.390428444806151,0.9999999999999997,1.6990321800763283e-16,1.6990321800763283e-16,0.7500995949227387,0.7500995949227387,3.764329576796566e-09,7.528659153593132e-09,1.2980886607750233e-13,3.8942659823250703e-13,3.907544426811984e-06,1.1722633280435952e-05,0.06247205041079195,0.2498882016431678,6.399844201859582e-17,4.479890941301708e-16,6.761025192624027e-08,4.732717634836819e-07,5.01843968757815e-09,1.730555075034707e-13,5.209367467015452e-06,8.531992611619494e-17,9.013503324609078e-08,9.01350333314107e-08
t0_50s,50.0,4918.883208570862,0.16149689168426887,161496891.68426886,2.047353319807266e-07,1.4433885144576142e-09,14.433885144576141,0.9999999999999996,1.6710325425317668e-16,1.6710325425317668e-16,0.7500995949223368,0.7500995949223368,3.763747770976153e-09,7.527495541952305e-09,1.2974404779997556e-13,3.892321433999267e-13,3.9075448256372175e-06,1.1722634476911653e-05,0.062472050410879,0.249888201643516,6.420083878045856e-17,4.494058714632099e-16,6.761025492334157e-08,4.73271784463391e-07,5.017664049486443e-09,1.7296909460857513e-13,5.209367998714615e-06,8.558975263425616e-17,9.013503724174353e-08,9.013503732733328e-08
t0_50s,50.0,4972.6628479982055,0.1605001844846123,160500184.48461232,2.0157488554716588e-07,1.4477473076349538e-09,14.477473076349538,0.9999999999999996,1.643412873483632e-16,1.643412873483632e-16,0.7500995949219408,0.7500995949219408,3.763177111484728e-09,7.526354222969457e-09,1.2968036109990613e-13,3.8904108329971836e-13,3.907545218838887e-06,1.1722635656516661e-05,0.06247205041096351,0.24988820164385403,6.440136734740992e-17,4.508095714318694e-16,6.761025777774387e-08,4.7327180444420703e-07,5.016903271193399e-09,1.7288419028329344e-13,5.2093685229166485e-06,8.585708855650276e-17,9.013504104715552e-08,9.013504113301261e-08
t0_50s,50.0,5027.03047650647,0.15950962864323556,159509628.64323556,1.9846322610880866e-07,1.452119263642519e-09,14.521192636425189,0.9999999999999994,1.61616878937529e-16,1.61616878937529e-16,0.7500995949215503,0.7500995949215503,3.762617386188384e-09,7.525234772376768e-09,1.2961778660952e-13,3.8885335982855996e-13,3.907545606467961e-06,1.1722636819403883e-05,0.06247205041104554,0.24988820164418216,6.46000090578063e-17,4.522000634046441e-16,6.761026049596387e-08,4.732718234717471e-07,5.016157069891366e-09,1.7280076870735566e-13,5.209369039689502e-06,8.612190900404704e-17,9.013504467101457e-08,9.013504475713647e-08
t0_50s,50.0,5081.992522758298,0.15852518619592162,158525186.19592163,1.9539960055341347e-07,1.4565044222298665e-09,14.565044222298665,0.9999999999999996,1.5892959643520645e-16,1.5892959643520645e-16,0.7500995949211655,0.7500995949211655,3.762068387073949e-09,7.524136774147898e-09,1.2955630530162503e-13,3.886689159048751e-13,3.907545988575886e-06,1.1722637965727657e-05,0.062472050411125156,0.24988820164450062,6.479674623076726e-17,4.535772236153708e-16,6.761026308423392e-08,4.7327184158963743e-07,5.0154251682662726e-09,1.727188045145408e-13,5.209369549101761e-06,8.638419040551184e-17,9.013504812162932e-08,9.013504820801351e-08
t0_50s,50.0,5137.555485702856,0.15754681941275595,157546819.41275594,1.9238326739433553e-07,1.460902823266589e-09,14.609028232665889,0.9999999999999996,1.562790129041969e-16,1.562790129041969e-16,0.7500995949207865,0.7500995949207865,3.761529910164921e-09,7.523059820329843e-09,1.294958984830644e-13,3.8848769544919314e-13,3.907546365214529e-06,1.1722639095643586e-05,0.06247205041120243,0.2498882016448097,6.499156216302633e-17,4.549409351411843e-16,6.761026554851391e-08,4.7327185883959734e-07,5.0147072943855595e-09,1.72638272783949e-13,5.209370051222573e-06,8.664391049283222e-17,9.013505140694526e-08,9.013505149358917e-08
t0_50s,50.0,5193.725935344279,0.15657449079668156,156574490.79668155,1.894134965910702e-07,1.4653145067426781e-09,14.653145067426781,0.9999999999999997,1.5366470693683477e-16,1.5366470693683477e-16,0.750099594920413,0.750099594920413,3.761001755439271e-09,7.522003510878542e-09,1.2943654778831148e-13,3.8830964336493443e-13,3.907546736436137e-06,1.172264020930841e-05,0.06247205041127744,0.24988820164510975,6.518444112499234e-17,4.562910878749463e-16,6.761026789450254e-08,4.7327187526151774e-07,5.0140031815886e-09,1.7255914903146287e-13,5.209370546121592e-06,8.690104829600466e-17,9.013505453455966e-08,9.013505462146072e-08
t0_50s,50.0,5250.510513518568,0.1556081630820607,155608163.08206072,1.86489569372558e-07,1.4697395127688955e-09,14.697395127688955,0.9999999999999997,1.5108626253934554e-16,1.5108626253934554e-16,0.7500995949200449,0.7500995949200449,3.760483726748992e-09,7.520967453497983e-09,1.2937823517320757e-13,3.881347055196227e-13,3.9075471022932964e-06,1.1722641306879888e-05,0.06247205041135022,0.24988820164540088,6.537536835604024e-17,4.576275784922817e-16,6.761027012764811e-08,4.732718908935368e-07,5.013312568379446e-09,1.7248140920139857e-13,5.209371033868926e-06,8.715558413680889e-17,9.013505751173599e-08,9.013505759889158e-08
t0_50s,50.0,5307.915934678908,0.15464779923324767,154647799.23324767,1.8361077806322342e-07,1.4741778815771266e-09,14.741778815771266,0.9999999999999997,1.4854326901920938e-16,1.4854326901920938e-16,0.7500995949196821,0.7500995949196821,3.759975631741418e-09,7.519951263482836e-09,1.2932094290883591e-13,3.8796282872650774e-13,3.907547462838896e-06,1.172264238851669e-05,0.0624720504114209,0.2498882016456836,6.556433005905216e-17,4.589503104133651e-16,6.761027225315926e-08,4.732719057721148e-07,5.012635198321927e-09,1.7240502965833906e-13,5.209371514535082e-06,8.740749962153032e-17,9.013506034541816e-08,9.013506043282566e-08
t0_50s,50.0,5365.948986689636,0.153693362443169,153693362.443169,1.8077642591169611e-07,1.4786296535207443e-09,14.786296535207443,0.9999999999999999,1.4603532087543066e-16,1.4603532087543066e-16,0.7500995949193248,0.7500995949193248,3.759477281782251e-09,7.518954563564502e-09,1.2926465357552852e-13,3.877939607265855e-13,3.907547818126081e-06,1.1722643454378242e-05,0.062472050411489455,0.24988820164595782,6.575131339422836e-17,4.602591937595985e-16,6.761027427601473e-08,4.7327191993210314e-07,5.0119708199370416e-09,1.7232998717914422e-13,5.209371988190912e-06,8.765677763270901e-17,9.013506304224361e-08,9.013506312990039e-08
t0_50s,50.0,5424.616531628878,0.15274481613191224,152744816.13191223,1.7798582692217572e-07,1.4830948690749927e-09,14.830948690749928,1.0,1.4356201769163686e-16,1.4356201769163686e-16,0.7500995949189728,0.7500995949189728,3.7589884918802284e-09,7.517976983760457e-09,1.2920935005700278e-13,3.876280501710083e-13,3.9075481682082215e-06,1.1722644504624665e-05,0.06247205041155598,0.2498882016462239,6.593630647219046e-17,4.615541453053332e-16,6.761027620097315e-08,4.7327193340681206e-07,5.011319186602522e-09,1.722562589451341e-13,5.209372454907568e-06,8.790340231994528e-17,9.013506560855634e-08,9.013506569645974e-08
t0_50s,50.0,5483.925506599927,0.1518021239453248,151802123.9453248,1.752383056884027e-07,1.4875735688373383e-09,14.875735688373384,0.9999999999999999,1.4112296403191687e-16,1.4112296403191687e-16,0.7500995949186261,0.7500995949186261,3.7585090806134555e-09,7.517018161226911e-09,1.291550155346251e-13,3.874650466038753e-13,3.907548513138882e-06,1.1722645539416644e-05,0.06247205041162051,0.24988820164648204,6.611929834639803e-17,4.628350884247862e-16,6.761027803258218e-08,4.7327194622807524e-07,5.010680056454628e-09,1.7218382253444138e-13,5.209372914756458e-06,8.814735908978984e-17,9.013506805041912e-08,9.013506813856648e-08
t0_50s,50.0,5543.882924551521,0.15086524975362048,150865249.75362048,1.7253319723018986e-07,1.4920657935278474e-09,14.920657935278474,1.0,1.3871776933931516e-16,1.3871776933931516e-16,0.7500995949182845,0.7500995949182845,3.7580388700573055e-09,7.516077740114611e-09,1.2910163348179896e-13,3.8730490044539685e-13,3.907548852971772e-06,1.1722646558915316e-05,0.06247205041168313,0.24988820164673253,6.630027900490141e-17,4.641019530343098e-16,6.761027977518747e-08,4.732719584263123e-07,5.0100531922920244e-09,1.721126559145299e-13,5.209373367809189e-06,8.838863459474888e-17,9.013507037362538e-08,9.013507046201401e-08
t0_50s,50.0,5604.495875107109,0.14993415764999404,149934157.64999405,1.6986984683247552e-07,1.4965715839895487e-09,14.965715839895488,1.0,1.3634604783691193e-16,1.3634604783691193e-16,0.750099594917948,0.750099594917948,3.757577685713887e-09,7.515155371427773e-09,1.290491876584724e-13,3.8714756297541714e-13,3.907549187760734e-06,1.1722647563282203e-05,0.0624720504117439,0.2498882016469756,6.647923936145362e-17,4.653546755301754e-16,6.761028143294128e-08,4.73271970030589e-07,5.009438361481746e-09,1.7204273743487203e-13,5.209373814137539e-06,8.862721672143505e-17,9.013507258371076e-08,9.013507267233798e-08
t0_50s,50.0,5665.771525403124,0.14900881194924614,149008811.94924614,1.672476098868674e-07,1.5010909811888162e-09,15.010909811888162,1.0,1.3400741843140906e-16,1.3400741843140906e-16,0.7500995949176167,0.7500995949176167,3.757125356443025e-09,7.51425071288605e-09,1.2899766210576361e-13,3.869929863172908e-13,3.9075495175596925e-06,1.1722648552679077e-05,0.06247205041180285,0.2498882016472114,6.665617124600467e-17,4.665931987220327e-16,6.76102830098106e-08,4.7327198106867424e-07,5.008835335867192e-09,1.7197404581978397e-13,5.209374253813399e-06,8.886309457789469e-17,9.013507468596385e-08,9.013507477482695e-08
t0_50s,50.0,5727.717120936469,0.14808917718641454,148089177.18641454,1.6466585173562497e-07,1.5056240262157351e-09,15.05624026215735,0.9999999999999999,1.3170150461914698e-16,1.3170150461914698e-16,0.7500995949172902,0.7500995949172902,3.756681714394735e-09,7.51336342878947e-09,1.2894704114070148e-13,3.8684112342210445e-13,3.907549842422643e-06,1.172264952726793e-05,0.062472050411860026,0.2498882016474401,6.683106739460186e-17,4.67817471762213e-16,6.761028450958498e-08,4.7327199156709483e-07,5.008243891678099e-09,1.7190656016141408e-13,5.209374686908756e-06,8.909625848014356e-17,9.013507668543673e-08,9.013507677453299e-08
t0_50s,50.0,5790.339986421278,0.14717521811541595,147175218.11541596,1.6212394751805646e-07,1.5101707602844716e-09,15.101707602844716,1.0,1.2942793439448666e-16,1.2942793439448666e-16,0.7500995949169688,0.7500995949169688,3.756246594943131e-09,7.512493189886263e-09,1.2889730935107727e-13,3.8669192805323183e-13,3.907550162403612e-06,1.1722650487210836e-05,0.062472050411915524,0.2498882016476621,6.700392143872042e-17,4.69027450071043e-16,6.761028593588417e-08,4.732720015511892e-07,5.00766380944243e-09,1.7184025991287914e-13,5.209375113495632e-06,8.932669993794267e-17,9.01350785869551e-08,9.013507867628181e-08
t0_50s,50.0,5853.647526654983,0.14626689970769413,146266899.70769414,1.5962128201928206e-07,1.5147312247336577e-09,15.147312247336577,1.0000000000000002,1.2718634016048845e-16,1.2718634016048845e-16,0.7500995949166522,0.7500995949166522,3.755819836621784e-09,7.511639673243568e-09,1.2884845159040653e-13,3.865453547712196e-13,3.907550477556628e-06,1.1722651432669884e-05,0.06247205041196934,0.24988820164787737,6.717472789404798e-17,4.702230952583359e-16,6.761028729216529e-08,4.73272011045157e-07,5.007094873900198e-09,1.7177512488154804e-13,5.209375533646059e-06,8.95544116398465e-17,9.013508039512787e-08,9.013508048468228e-08
t0_50s,50.0,5917.647227393911,0.1453641871508784,145364187.1508784,1.5715724952133654e-07,1.5193054610267587e-09,15.193054610267586,0.9999999999999998,1.2497635864181867e-16,1.2497635864181867e-16,0.7500995949163404,0.7500995949163404,3.755401281060425e-09,7.51080256212085e-09,1.2880045297299642e-13,3.8640135891898925e-13,3.907550787935706e-06,1.172265236380712e-05,0.06247205041202154,0.24988820164808617,6.734348214874801e-17,4.714043750412361e-16,6.761028858172982e-08,4.7327202007210873e-07,5.006536873919083e-09,1.7171113522246565e-13,5.209375947432048e-06,8.97793874375561e-17,9.013508211435641e-08,9.01350822041358e-08
t0_50s,50.0,5982.346656238444,0.14446704584744838,144467045.84744838,1.5473125365656446e-07,1.5238935107524477e-09,15.238935107524476,0.9999999999999999,1.2279763079982662e-16,1.2279763079982662e-16,0.7500995949160335,0.7500995949160335,3.754990772923043e-09,7.509981545846087e-09,1.2875329886911785e-13,3.8625989660735356e-13,3.907551093594818e-06,1.1722653280784453e-05,0.06247205041207216,0.24988820164828865,6.751018045122659e-17,4.725712631585861e-16,6.761028980773027e-08,4.7327202865411193e-07,5.005989602411902e-09,1.7164827143191639e-13,5.2093763549255495e-06,9.00016223296104e-17,9.013508374884351e-08,9.013508383884513e-08
t0_50s,50.0,6047.753463527814,0.1435754414134089,143575441.41340888,1.5234270726328555e-07,1.528495415624997e-09,15.28495415624997,1.0000000000000002,1.206498017497282e-16,1.206498017497282e-16,0.7500995949157314,0.7500995949157314,3.754588159847267e-09,7.509176319694535e-09,1.287069749002788e-13,3.861209247008364e-13,3.9075513945878664e-06,1.17226541837636e-05,0.06247205041212127,0.24988820164848508,6.767481989742678e-17,4.737237392819874e-16,6.76102909731766e-08,4.7327203681223623e-07,5.005452856255801e-09,1.7158651434112313e-13,5.209376756198426e-06,9.022111244444756e-17,9.013508530260192e-08,9.013508539282304e-08
t0_50s,50.0,6113.875383244728,0.1426893396769719,142689339.67697188,1.4999103224368237e-07,1.5331112174846395e-09,15.331112174846394,1.0000000000000002,1.1853252067983766e-16,1.1853252067983766e-16,0.750099594915434,0.750099594915434,3.75419329238509e-09,7.50838658477018e-09,1.2866146693459578e-13,3.8598440080378737e-13,3.907551690968659e-06,1.1722655072905976e-05,0.06247205041216889,0.24988820164867556,6.783739841767576e-17,4.748617889237303e-16,6.761029208094232e-08,4.732720445665962e-07,5.004926436213229e-09,1.715258451100764e-13,5.209377151322412e-06,9.04378550228703e-17,9.013508677946251e-08,9.013508686990036e-08
t0_50s,50.0,6180.720233929886,0.14180870667724618,141808706.67724618,1.476756594238834e-07,1.5377409582979698e-09,15.377409582979698,1.0000000000000002,1.1644544077279186e-16,1.1644544077279186e-16,0.7500995949151411,0.7500995949151411,3.753806023944788e-09,7.507612047889576e-09,1.286167610822629e-13,3.8585028324678873e-13,3.907551982790899e-06,1.1722655948372698e-05,0.062472050412215076,0.2498882016488603,6.799791476310916e-17,4.759854033417642e-16,6.76102931337705e-08,4.7327205193639347e-07,5.004410146854507e-09,1.71466245221494e-13,5.209377540369105e-06,9.065184839994718e-17,9.013508818308222e-08,9.013508827373407e-08
t0_50s,50.0,6248.295919606441,0.1409335086629369,140933508.66293693,1.453960284162082e-07,1.542384680158305e-09,15.42384680158305,1.0000000000000002,1.1438821912871424e-16,1.1438821912871424e-16,0.7500995949148528,0.7500995949148528,3.753426210734151e-09,7.506852421468301e-09,1.2857284369111483e-13,3.857185310733445e-13,3.90755227010815e-06,1.1722656810324452e-05,0.06247205041225986,0.24988820164903944,6.815636849169698e-17,4.770945794418789e-16,6.761029413427917e-08,4.732720589399542e-07,5.003903796482144e-09,1.7140769647490574e-13,5.20937792340991e-06,9.086309198638311e-17,9.013508951695131e-08,9.01350896078144e-08
t0_50s,50.0,6316.610430714626,0.14006371209105087,140063712.09105086,1.4315158748353513e-07,1.5470424252860864e-09,15.470424252860864,1.0000000000000002,1.123605166902634e-16,1.123605166902634e-16,0.7500995949145689,0.7500995949145689,3.753053711704857e-09,7.506107423409713e-09,1.2852970134228168e-13,3.8558910402684504e-13,3.90755255297383e-06,1.172265765892149e-05,0.0624720504123033,0.2498882016492132,6.831275995389599e-17,4.781893196772719e-16,6.761029508496702e-08,4.7327206559476915e-07,5.003407197056683e-09,1.713501809808607e-13,5.209378300516044e-06,9.107158624939177e-17,9.013509078440091e-08,9.01350908754725e-08
t0_50s,50.0,6385.671845056596,0.13919928362561204,139199283.62561205,1.4094179340576728e-07,1.551714236029246e-09,15.517142360292459,1.0000000000000002,1.1036199816951857e-16,1.1036199816951857e-16,0.7500995949142896,0.7500995949142896,3.752688388498064e-09,7.505376776996128e-09,1.2848732084593348e-13,3.854619625378005e-13,3.907552831441183e-06,1.172265849432355e-05,0.0624720504123454,0.2498882016493816,6.8467090277953e-17,4.79269631945671e-16,6.761029598821846e-08,4.7327207191752917e-07,5.002920164124161e-09,1.7129368115525397e-13,5.20937867175849e-06,9.127733269310246e-17,9.013509198860982e-08,9.013509207988715e-08
t0_50s,50.0,6455.4883287515395,0.13834019013638288,138340190.13638288,1.3876611134835426e-07,1.5564001548636003e-09,15.564001548636003,1.0000000000000002,1.0839233197665226e-16,1.0839233197665226e-16,0.7500995949140146,0.7500995949140146,3.7523301053911294e-09,7.504660210782259e-09,1.284456892371128e-13,3.853370677113384e-13,3.907553105563264e-06,1.1722659316689793e-05,0.062472050412386224,0.2498882016495449,6.86193613548827e-17,4.803355294841789e-16,6.761029684630852e-08,4.7327207792415966e-07,5.0024425167450815e-09,1.712381797137709e-13,5.209379037207979e-06,9.148033383853338e-17,9.013509313261104e-08,9.013509322409138e-08
t0_50s,50.0,6526.068137201302,0.1374863986975956,137486398.6975956,1.3662401473285028e-07,1.5611002243932365e-09,15.611002243932365,1.0000000000000002,1.0645119015034279e-16,1.0645119015034279e-16,0.750099594913744,0.750099594913744,3.751978729245481e-09,7.503957458490962e-09,1.284047937716524e-13,3.8521438131495724e-13,3.907553375392927e-06,1.172266012617878e-05,0.06247205041242582,0.24988820164970327,6.876957582314443e-17,4.81387030762011e-16,6.76102976614079e-08,4.7327208362985533e-07,5.00197407742492e-09,1.7118365966644473e-13,5.209379396934973e-06,9.168059320316315e-17,9.013509421929843e-08,9.013509431097903e-08
t0_50s,50.0,6597.419616066557,0.13663787658668916,136637876.58668917,1.3451498510946372e-07,1.5658144873509044e-09,15.658144873509045,1.0000000000000002,1.0453824828988326e-16,1.0453824828988326e-16,0.7500995949134774,0.7500995949134774,3.751634129455553e-09,7.503268258911106e-09,1.28364621922177e-13,3.85093865766531e-13,3.9075536409828e-06,1.17226609229484e-05,0.062472050412464196,0.24988820164985678,6.891773705304159e-17,4.824241593712911e-16,6.76102984355872e-08,4.732720890491104e-07,5.001514672046046e-09,1.7113010431232617e-13,5.209379751009635e-06,9.187811528013306e-17,9.013509525143247e-08,9.013509534331059e-08
t0_50s,50.0,6669.55120225359,0.13579459128305615,135794591.28305614,1.324385120315792e-07,1.570542986598394e-09,15.70542986598394,1.0,1.0265318548894387e-16,1.0265318548894387e-16,0.7500995949132151,0.7500995949132151,3.75129617789884e-09,7.50259235579768e-09,1.2832516137418644e-13,3.849754841225593e-13,3.907553902385277e-06,1.172266170715583e-05,0.06247205041250141,0.24988820165000564,6.906384913086707e-17,4.834469439160695e-16,6.761029917082158e-08,4.7327209419575104e-07,5.001064129801132e-09,1.7107749723426178e-13,5.209380099501817e-06,9.207290551711017e-17,9.013509623164634e-08,9.013509632371925e-08
t0_50s,50.0,6742.471424911948,0.1349565104667958,134956510.4667958,1.3039409293221342e-07,1.575285765126928e-09,15.75285765126928,1.0000000000000002,1.0079568427094341e-16,1.0079568427094341e-16,0.7500995949129572,0.7500995949129572,3.750964748886963e-09,7.501929497773925e-09,1.2828640002221785e-13,3.8485920006665355e-13,3.907554159652503e-06,1.1722662478957509e-05,0.06247205041253747,0.24988820165014988,6.920791684281747e-17,4.844554178997223e-16,6.76102998689948e-08,4.732720990829636e-07,5.000622283127923e-09,1.7102582229377742e-13,5.209380442481031e-06,9.22649702948426e-17,9.013509716245135e-08,9.013509725471632e-08
t0_50s,50.0,6816.188906442941,0.1341236020174756,134123602.01747562,1.2838123300238094e-07,1.5800428660575656e-09,15.800428660575657,1.0,9.896543052599308e-17,9.896543052599308e-17,0.7500995949127034,0.7500995949127034,3.75063971911778e-09,7.50127943823556e-09,1.2824832596608657e-13,3.847449778982597e-13,3.9075544128363585e-06,1.1722663238509076e-05,0.06247205041257244,0.24988820165028977,6.93499456586997e-17,4.854496196108979e-16,6.76103005319033e-08,4.7327210372332305e-07,5.000188967645396e-09,1.7097506362606703e-13,5.209380780016446e-06,9.245431690543793e-17,9.01350980462425e-08,9.013509813869682e-08
t0_50s,50.0,6890.712363519228,0.13329583401289963,133295834.01289962,1.2639944507133274e-07,1.584814332641577e-09,15.84814332641577,0.9999999999999998,9.716211344937158e-17,9.716211344937158e-17,0.7500995949124534,0.7500995949124534,3.750320967628517e-09,7.500641935257034e-09,1.2821092750720288e-13,3.846327825216087e-13,3.9075546619884445e-06,1.1722663985965334e-05,0.062472050412606325,0.2498882016504253,6.94899417154513e-17,4.864295920081591e-16,6.761030116126009e-08,4.7327210812882066e-07,4.9997640220912654e-09,1.709252056350821e-13,5.209381112176854e-06,9.264095353039312e-17,9.013509888530351e-08,9.013509897794447e-08
t0_50s,50.0,6966.050608115466,0.1324731747278862,132473174.7278862,1.2444824948865085e-07,1.5896002082608415e-09,15.896002082608415,1.0,9.538542548149642e-17,9.538542548149642e-17,0.7500995949122078,0.7500995949122078,3.750008375749833e-09,7.500016751499666e-09,1.281741931449622e-13,3.8452257943488663e-13,3.907554907160067e-06,1.1722664721480201e-05,0.06247205041263917,0.24988820165055667,6.96279118004972e-17,4.873953826034804e-16,6.761030175869848e-08,4.7327211231088935e-07,4.99934728826075e-09,1.7087623298871908e-13,5.209381439030653e-06,9.282488921840641e-17,9.013509968181177e-08,9.013509977463665e-08
t0_50s,50.0,7042.212548550301,0.13165559263305068,131655592.63305068,1.2252717400815533e-07,1.5944005364282518e-09,15.944005364282518,0.9999999999999999,9.363506224935355e-17,9.363506224935355e-17,0.7500995949119658,0.7500995949119658,3.749701827060898e-09,7.499403654121797e-09,1.281381115732088e-13,3.844143347196264e-13,3.907555148402239e-06,1.1722665445206717e-05,0.06247205041267101,0.24988820165068404,6.976386333496427e-17,4.883470433447499e-16,6.761030232577557e-08,4.73272116280429e-07,4.9989386109466916e-09,1.7082813061410533e-13,5.209381760645855e-06,9.300613386299988e-17,9.013510043784325e-08,9.013510053084939e-08
t0_50s,50.0,7119.207190539743,0.130843056393598,130843056.393598,1.2063575367360922e-07,1.5992153607880984e-09,15.992153607880985,1.0000000000000002,9.191072250935283e-17,9.191072250935283e-17,0.7500995949117282,0.7500995949117282,3.749401207345375e-09,7.49880241469075e-09,1.281026716767691e-13,3.843080150303073e-13,3.907555385765662e-06,1.1722666157296985e-05,0.06247205041270186,0.24988820165080744,6.989780435677466e-17,4.892846304974226e-16,6.761030286397558e-08,4.7327212004782905e-07,4.998537837880856e-09,1.7078088369297713e-13,5.209382077090048e-06,9.318469817998002e-17,9.013510115537654e-08,9.013510124856124e-08
t0_50s,50.0,7197.043638262001,0.13003553486812156,130035534.86812155,1.1877353070618489e-07,1.6040447251164669e-09,16.040447251164668,1.0,9.02121080915757e-17,9.02121080915757e-17,0.7500995949114938,0.7500995949114938,3.749106404548316e-09,7.498212809096631e-09,1.280678625280557e-13,3.842035875841671e-13,3.907555619300709e-06,1.1722666857902127e-05,0.06247205041273176,0.24988820165092704,7.002974350363858e-17,4.9020820452547005e-16,6.761030337471313e-08,4.732721236229919e-07,4.998144819676489e-09,1.7073447765715268e-13,5.209382388430395e-06,9.336059368476471e-17,9.013510183629768e-08,9.013510192965827e-08
t0_50s,50.0,7275.731095434022,0.12923299710740957,129232997.10740957,1.1694005439366902e-07,1.6088886733216487e-09,16.088886733216487,1.0000000000000002,8.853892384538349e-17,8.853892384538349e-17,0.7500995949112638,0.7500995949112638,3.748817308733981e-09,7.497634617467961e-09,1.280336733837376e-13,3.841010201512128e-13,3.907555849057425e-06,1.1722667547172276e-05,0.06247205041276073,0.24988820165104292,7.015968999596681e-17,4.911178299717676e-16,6.761030385933656e-08,4.732721270153559e-07,4.9977594097720625e-09,1.706888981840923e-13,5.209382694733606e-06,9.353383266960256e-17,9.01351024824041e-08,9.013510257593794e-08
t0_50s,50.0,7355.278866399798,0.12843541235325842,128435412.35325842,1.1513488098137443e-07,1.6137472494445247e-09,16.137472494445248,0.9999999999999999,8.689087758635365e-17,8.689087758635365e-17,0.750099594911037,0.750099594911037,3.748533812044498e-09,7.497067624088996e-09,1.2800009368147718e-13,3.840002810444315e-13,3.907556075085511e-06,1.1722668225256533e-05,0.06247205041278881,0.24988820165115525,7.028765361972225e-17,4.920135753380558e-16,6.761030431913065e-08,4.732721302339145e-07,4.997381464376181e-09,1.7064413119254945e-13,5.209382996065948e-06,9.370442818071178e-17,9.013510309540874e-08,9.013510318911316e-08
t0_50s,50.0,7435.6963572305085,0.12764275003729486,127642750.03729486,1.1335757356474192e-07,1.6186204976589704e-09,16.186204976589703,1.0,8.526768004451955e-17,8.526768004451955e-17,0.7500995949108143,0.7500995949108143,3.748255808659412e-09,7.496511617318823e-09,1.279671130367314e-13,3.839013391101942e-13,3.907556297434315e-06,1.1722668892302946e-05,0.062472050412816005,0.24988820165126402,7.041364470923013e-17,4.928955129646109e-16,6.761030475531949e-08,4.732721332872364e-07,4.997010842413631e-09,1.706001628383048e-13,5.209383292493202e-06,9.387239399536297e-17,9.01351036769434e-08,9.01351037708158e-08
t0_50s,50.0,7516.993076836758,0.12685497977980376,126854979.77980375,1.1160770198359503e-07,1.6235084622722625e-09,16.235084622722624,1.0,8.366904481387982e-17,8.366904481387982e-17,0.7500995949105952,0.7500995949105952,3.747983194756037e-09,7.495966389512073e-09,1.279347212396164e-13,3.8380416371884924e-13,3.907556516152843e-06,1.1722669548458528e-05,0.06247205041284236,0.24988820165136943,7.053767412996491e-17,4.937637189097544e-16,6.761030516906933e-08,4.732721361834853e-07,4.996647405472551e-09,1.7055697950998762e-13,5.209383584080707e-06,9.4037744598932e-17,9.013510422856293e-08,9.013510432260068e-08
t0_50s,50.0,7599.178638092972,0.1260720713885635,126072071.3885635,1.0988484271802768e-07,1.6284111877254761e-09,16.284111877254762,0.9999999999999996,8.209468830315319e-17,8.209468830315319e-17,0.7500995949103793,0.7500995949103793,3.747715868470656e-09,7.495431736941313e-09,1.279029082518332e-13,3.8370872475549963e-13,3.907556731289713e-06,1.1722670193869138e-05,0.06247205041286789,0.24988820165147155,7.065975326133222e-17,4.946182728293255e-16,6.761030556149126e-08,4.7327213893043883e-07,4.996291017752686e-09,1.705145678249764e-13,5.20938387089328e-06,9.420049516194517e-17,9.013510475174865e-08,9.013510484594914e-08
t0_50s,50.0,7682.262758974019,0.12529399485768974,125293994.85768974,1.0818857878590235e-07,1.6333287185938877e-09,16.33328718593888,0.9999999999999998,8.054432968775324e-17,8.054432968775324e-17,0.7500995949101674,0.7500995949101674,3.747453729860504e-09,7.494907459721008e-09,1.278716642036542e-13,3.836149926109626e-13,3.907556942893184e-06,1.1722670828679553e-05,0.06247205041289262,0.24988820165157047,7.077989397946314e-17,4.95459257856242e-16,6.761030593364343e-08,4.73272141535504e-07,4.995941546014703e-09,1.7047291462538146e-13,5.209384152995252e-06,9.436066151714133e-17,9.013510524791111e-08,9.013510534227178e-08
t0_50s,50.0,7766.255263704331,0.12452072036648432,124520720.36648431,1.0651849964192667e-07,1.638261099587399e-09,16.38261099587399,0.9999999999999999,7.901769086295585e-17,7.901769086295585e-17,0.7500995949099591,0.7500995949099591,3.747196680866533e-09,7.494393361733065e-09,1.2784097939096782e-13,3.8352293817290345e-13,3.907557151011135e-06,1.1722671453033405e-05,0.062472050412916605,0.24988820165166642,7.089810864003804e-17,4.962867604802662e-16,6.761030628653376e-08,4.7327214400573626e-07,4.9955988595305674e-09,1.7043200697410543e-13,5.209384430450456e-06,9.451826013657366e-17,9.01351057183941e-08,9.013510581291236e-08
t0_50s,50.0,7851.16608391958,0.12375221827829343,123752218.27829343,1.0487420107829027e-07,1.6432083755509129e-09,16.43208375550913,1.0,7.751449639823578e-17,7.751449639823578e-17,0.7500995949097541,0.7500995949097541,3.746944625276942e-09,7.493889250553885e-09,1.278108442723817e-13,3.834325328171451e-13,3.907557355691056e-06,1.1722672067073168e-05,0.0624720504129398,0.2498882016517592,7.101441006115586e-17,4.97100870428091e-16,6.76103066211219e-08,4.7327214634785325e-07,4.995262830034916e-09,1.7039183215098105e-13,5.209384703322206e-06,9.467330810877153e-17,9.013510616447702e-08,9.013510625915033e-08
t0_50s,50.0,7937.005259840999,0.12298845913937083,122988459.13937083,1.0325528512683323e-07,1.648170591464755e-09,16.48170591464755,0.9999999999999998,7.603447349275069e-17,7.603447349275069e-17,0.7500995949095524,0.7500995949095524,3.746697468691466e-09,7.493394937382932e-09,1.2778124946638096e-13,3.833437483991429e-13,3.907557556980052e-06,1.1722672670940156e-05,0.06247205041296229,0.24988820165184916,7.112881150626498e-17,4.979016805438549e-16,6.761030693832184e-08,4.7327214856825287e-07,4.994933331677437e-09,1.7035237764898264e-13,5.2093849716733e-06,9.482582311598468e-17,9.013510658737837e-08,9.01351066822042e-08
t0_50s,50.0,8023.782941462597,0.1222294136777496,122229413.6777496,1.0166135996272877e-07,1.6531477924450978e-09,16.53147792445098,0.9999999999999997,7.457735193194781e-17,7.457735193194781e-17,0.7500995949093539,0.7500995949093539,3.746455118486372e-09,7.492910236972744e-09,1.2775218574854245e-13,3.8325655724562734e-13,3.907557754924829e-06,1.1722673264774488e-05,0.06247205041298407,0.2498882016519363,7.124132666717063e-17,4.986892866701944e-16,6.761030723900368e-08,4.7327215067302577e-07,4.994610240976219e-09,1.703136311705124e-13,5.209385235566005e-06,9.497582341152955e-17,9.013510698825812e-08,9.013510708323394e-08
t0_50s,50.0,8111.509389751364,0.12147505280211983,121475052.80211984,1.0009203980964731e-07,1.6581400237443434e-09,16.581400237443432,0.9999999999999996,7.314286404527279e-17,7.314286404527279e-17,0.7500995949091588,0.7500995949091588,3.746217483780195e-09,7.49243496756039e-09,1.2772364404880243e-13,3.831709321464073e-13,3.907557949571688e-06,1.1722673848715065e-05,0.06247205041300516,0.24988820165202064,7.135196964713345e-17,4.994637875299342e-16,6.761030752399569e-08,4.7327215266796984e-07,4.9942934367720635e-09,1.7027558062375766e-13,5.209385495062046e-06,9.51233277972568e-17,9.013510736822044e-08,9.013510746334376e-08
t0_50s,50.0,8200.194977860525,0.12072534760071411,120725347.60071412,9.85469448463899e-08,1.6631473307515561e-09,16.631473307515563,0.9999999999999997,7.173074466496089e-17,7.173074466496089e-17,0.7500995949089672,0.7500995949089672,3.745984475400162e-09,7.491968950800325e-09,1.276956154487763e-13,3.830868463463289e-13,3.9075581409665364e-06,1.172267442289961e-05,0.06247205041302557,0.2498882016521023,7.14607549440735e-17,5.002252846085145e-16,6.761030779408628e-08,4.732721545586039e-07,4.993982800183726e-09,1.7023821411911782e-13,5.209385750222625e-06,9.526835560115994e-17,9.013510772831645e-08,9.01351078235848e-08
t0_50s,50.0,8289.850192356133,0.1199802693401993,119980269.3401993,9.702570111495895e-08,1.668169758992859e-09,16.68169758992859,0.9999999999999997,7.034073108588845e-17,7.034073108588845e-17,0.7500995949087788,0.7500995949087788,3.745756005849293e-09,7.491512011698586e-09,1.2766809117913047e-13,3.8300427353739143e-13,3.907558329154858e-06,1.1722674987464575e-05,0.062472050413045356,0.24988820165218142,7.156769743389265e-17,5.009738820372485e-16,6.761030805002587e-08,4.732721563501811e-07,4.993678214564057e-09,1.7020151996570063e-13,5.2093860011083795e-06,9.541092665514125e-17,9.013510806954657e-08,9.01351081649575e-08
t0_50s,50.0,8380.485634457062,0.1192397894645747,119239789.4645747,9.552794043004989e-08,1.6732073541318768e-09,16.73207354131877,0.9999999999999996,6.89725630264665e-17,6.89725630264665e-17,0.7500995949085935,0.7500995949085935,3.745531989274171e-09,7.491063978548343e-09,1.2764106261700416e-13,3.829231878510125e-13,3.907558514181734e-06,1.1722675542545203e-05,0.062472050413064514,0.24988820165225806,7.167281235392864e-17,5.017096864775005e-16,6.76103082925286e-08,4.732721580477002e-07,4.993379565457036e-09,1.7016548666788495e-13,5.209386247779411e-06,9.555106127295354e-17,9.013510839286287e-08,9.013510848841393e-08
t0_50s,50.0,8472.1120212885,0.11850387959407875,118503879.59407875,9.405330028993993e-08,1.6782601619701106e-09,16.782601619701104,0.9999999999999997,6.7625982590559e-17,6.7625982590559e-17,0.7500995949084114,0.7500995949084114,3.745312341433382e-09,7.490624682866764e-09,1.2761452128348057e-13,3.828435638504417e-13,3.907558696091827e-06,1.172267608827548e-05,0.062472050413083055,0.24988820165233222,7.177611528655286e-17,5.0243280700587e-16,6.761030852227391e-08,4.732721596559174e-07,4.9930867405556885e-09,1.7013010292194939e-13,5.209386490295262e-06,9.568878022833337e-17,9.013510869917116e-08,9.013510879485994e-08
t0_50s,50.0,8564.74018714921,0.11777251152410013,117772511.52410014,9.26014237887507e-08,1.68332822844738e-09,16.8332822844738,0.9999999999999997,6.630073423040498e-17,6.630073423040498e-17,0.7500995949082323,0.7500995949082323,3.745096979666576e-09,7.490193959333153e-09,1.2758845884110564e-13,3.827653765233169e-13,3.907558874929375e-06,1.1722676624788124e-05,0.06247205041310102,0.24988820165240408,7.18776221429235e-17,5.031433550004645e-16,6.761030873990841e-08,4.732721611793589e-07,4.992799629660851e-09,1.700953576127646e-13,5.209386728714909e-06,9.582410473334152e-17,9.013510898933348e-08,9.013510908515759e-08
t0_50s,50.0,8658.381084792649,0.11704565722409789,117045657.2240979,9.117195953006905e-08,1.6884115996422399e-09,16.8841159964224,0.9999999999999997,6.499656471052935e-17,6.499656471052935e-17,0.7500995949080562,0.7500995949080562,3.744885822864166e-09,7.489771645728332e-09,1.2756286709145446e-13,3.826886012743634e-13,3.907559050738205e-06,1.1722677152214615e-05,0.06247205041311841,0.24988820165247363,7.197734914690512e-17,5.038414440283358e-16,6.761030894604715e-08,4.732721626223301e-07,4.992518124640765e-09,1.700612398105488e-13,5.209386963096782e-06,9.595705641692523e-17,9.013510926416981e-08,9.013510936012686e-08
t0_50s,50.0,8753.045786722016,0.11632328883652622,116323288.83652622,8.976456154189616e-08,1.6935103217723853e-09,16.935103217723853,0.9999999999999993,6.371322307262585e-17,6.371322307262585e-17,0.7500995949078829,0.7500995949078829,3.7446787914376285e-09,7.489357582875257e-09,1.2753773797274332e-13,3.8261321391823e-13,3.9075592235617155e-06,1.1722677670685146e-05,0.062472050413135236,0.24988820165254094,7.207531281916574e-17,5.045271897341601e-16,6.761030914127515e-08,4.73272163988926e-07,4.992242119391491e-09,1.700277387676843e-13,5.2093871934987365e-06,9.608765730371718e-17,9.013510952446005e-08,9.013510962054771e-08
t0_50s,50.0,8848.74548649955,0.11560537867576735,115605378.67576735,8.837888919291425e-08,1.698624441195085e-09,16.98624441195085,0.9999999999999992,6.245046060139373e-17,6.245046060139373e-17,0.7500995949077128,0.7500995949077128,3.7444758072904e-09,7.4889516145808e-09,1.2751306355748693e-13,3.825391906724608e-13,3.9075593934428755e-06,1.1722678180328627e-05,0.06247205041315153,0.2498882016526061,7.217152996146046e-17,5.052007097302233e-16,6.761030932614885e-08,4.7327216528304196e-07,4.991971509798102e-09,1.69994843915594e-13,5.209387419978057e-06,9.621592979308296e-17,9.013510977094603e-08,9.013510986716196e-08
t0_50s,50.0,8945.491500070088,0.11489189922707041,114891899.2270704,8.701460711004412e-08,1.7037540044076146e-09,17.037540044076145,0.9999999999999997,6.120803079131507e-17,6.120803079131507e-17,0.750099594907546,0.750099594907546,3.7442767937893774e-09,7.488553587578755e-09,1.274888360501996e-13,3.824665081505988e-13,3.907559560424229e-06,1.1722678681272688e-05,0.0624720504131673,0.2498882016526692,7.226601764111191e-17,5.058621234877833e-16,6.761030950119745e-08,4.732721665083821e-07,4.991706193696693e-09,1.699625448616771e-13,5.209387642591459e-06,9.634189663843121e-17,9.013511000433323e-08,9.013511010067513e-08
t0_50s,50.0,9043.295267099142,0.11418282314549645,114182823.14549646,8.567138509727229e-08,1.7088990580476396e-09,17.088990580476395,0.9999999999999999,5.998568931435496e-17,5.998568931435496e-17,0.750099594907382,0.750099594907382,3.744081675736973e-09,7.488163351473945e-09,1.2746504778513925e-13,3.8239514335541777e-13,3.90755972454789e-06,1.172267917364367e-05,0.062472050413182566,0.24988820165273026,7.235879317569578e-17,5.065115522298705e-16,6.761030966692419e-08,4.732721676684693e-07,4.991446070837128e-09,1.6993083138630132e-13,5.2093878613950904e-06,9.64655809267971e-17,9.013511022529259e-08,9.013511032175817e-08
t0_50s,50.0,9142.168352325523,0.11347812325487111,113478123.25487112,8.434889805573712e-08,1.7140596488936735e-09,17.140596488936733,1.0,5.878319398857284e-17,5.878319398857284e-17,0.7500995949072206,0.7500995949072206,3.743890379343734e-09,7.487780758687469e-09,1.274416912240942e-13,3.8232507367228256e-13,3.907559885855541e-06,1.1722679657566623e-05,0.062472050413197346,0.24988820165278938,7.244987411794043e-17,5.07149118825583e-16,6.761030982380748e-08,4.7327216876665236e-07,4.991191042846536e-09,1.6989969343985234e-13,5.209388076444522e-06,9.658700605871106e-17,9.013511043446192e-08,9.013511053104893e-08
t0_50s,50.0,9242.122446928837,0.11277777254674251,112777772.54674251,8.304682590504407e-08,1.7192358238654997e-09,17.192358238654997,1.0,5.760030474762733e-17,5.760030474762733e-17,0.7500995949070618,0.7500995949070618,3.743702832201514e-09,7.487405664403028e-09,1.2741875895421078e-13,3.822562768626323e-13,3.907560044388439e-06,1.1722680133165317e-05,0.06247205041321166,0.24988820165284664,7.253927824084732e-17,5.077749476859312e-16,6.761030997230218e-08,4.7327216980611526e-07,4.990941013193539e-09,1.6986912113983759e-13,5.209388287794757e-06,9.670619572836193e-17,9.013511063244764e-08,9.013511072915384e-08
t0_50s,50.0,9343.16936991192,0.11208174417934633,112081744.17934632,8.176485350579635e-08,1.7244276300245786e-09,17.244276300245787,0.9999999999999996,5.643678361116256e-17,5.643678361116256e-17,0.7500995949069055,0.7500995949069055,3.743518963257181e-09,7.487037926514361e-09,1.2739624368586124e-13,3.821887310575837e-13,3.907560200187394e-06,1.1722680600562183e-05,0.06247205041322551,0.24988820165290204,7.262702352304086e-17,5.08389164661286e-16,6.76103101128407e-08,4.7327217078988494e-07,4.990695887153208e-09,1.6983910476804393e-13,5.209388495500201e-06,9.682317390406612e-17,9.013511081982626e-08,9.013511091664943e-08
t0_50s,50.0,9445.32106949832,0.1113900114765768,111390011.4765768,8.050267058332246e-08,1.7296351145744928e-09,17.29635114574493,0.9999999999999994,5.529239465606285e-17,5.529239465606285e-17,0.7500995949067523,0.7500995949067523,3.743338702786834e-09,7.486677405573668e-09,1.2737413825055143e-13,3.8212241475165426e-13,3.907560353292799e-06,1.1722681059878397e-05,0.06247205041323889,0.24988820165295555,7.271312813435331e-17,5.089918969404732e-16,6.761031024583386e-08,4.7327217172083704e-07,4.9904555717726824e-09,1.6980963476774812e-13,5.2093886996147e-06,9.693796480904986e-17,9.013511099714533e-08,9.01351110940833e-08
t0_50s,50.0,9548.58962454513,0.11070254792696506,110702547.92696506,7.925997165258246e-08,1.734858324861387e-09,17.34858324861387,1.0000000000000002,5.4166903988560595e-17,5.4166903988560595e-17,0.7500995949066022,0.7500995949066022,3.743161982370565e-09,7.48632396474113e-09,1.2735243559886683e-13,3.820573067966005e-13,3.907560503744607e-06,1.1722681511233822e-05,0.06247205041325188,0.2498882016530075,7.279761042165153e-17,5.095832729515607e-16,6.761031037167232e-08,4.7327217260170626e-07,4.990219975837529e-09,1.6978070174097877e-13,5.209388900191518e-06,9.705059290255429e-17,9.01351111649257e-08,9.013511126197629e-08
t0_50s,50.0,9652.987245971266,0.1100193271826621,110019327.1826621,7.803645594422813e-08,1.7400973083743591e-09,17.40097308374359,1.0,5.306007971718531e-17,5.306007971718531e-17,0.7500995949064542,0.7500995949064542,3.742988734867698e-09,7.485977469735396e-09,1.27331128798457e-13,3.8199338639537103e-13,3.907560651582337e-06,1.172268195474701e-05,0.0624720504132644,0.2498882016530576,7.288048889491158e-17,5.10163422264381e-16,6.76103104907272e-08,4.732721734350904e-07,4.989989009838741e-09,1.6975229644582947e-13,5.209389097283346e-06,9.71610828612707e-17,9.013511132366223e-08,9.013511142082332e-08
t0_50s,50.0,9758.526278201301,0.1093403230584296,109340323.0584296,7.683182733181109e-08,1.7453521127459343e-09,17.453521127459343,0.9999999999999993,5.197169192654256e-17,5.197169192654256e-17,0.7500995949063081,0.7500995949063081,3.742818894392523e-09,7.485637788785046e-09,1.273102110320569e-13,3.819306330961707e-13,3.9075607968450765e-06,1.172268239053523e-05,0.06247205041327657,0.24988820165310627,7.29617822135456e-17,5.107324754948192e-16,6.761031060335108e-08,4.7327217422345756e-07,4.989762585940369e-09,1.6972440979382037e-13,5.209389290942297e-06,9.726945956111197e-17,9.013511147382503e-08,9.013511157109449e-08
t0_50s,50.0,9865.219200625132,0.10866550953063632,108665509.53063633,7.564579426011047e-08,1.7506227857524717e-09,17.506227857524717,1.0,5.0901512651907596e-17,5.0901512651907596e-17,0.750099594906166,0.750099594906166,3.742652396290504e-09,7.485304792581007e-09,1.272896755955436e-13,3.818690267866308e-13,3.9075609395714825e-06,1.1722682818714447e-05,0.06247205041328828,0.24988820165315312,7.304150917298686e-17,5.11290564210908e-16,6.761031070987893e-08,4.732721749691525e-07,4.989540617947797e-09,1.6969703284730737e-13,5.209389481219891e-06,9.737574805932806e-17,9.013511161586038e-08,9.013511171323614e-08
t0_50s,50.0,9973.078629073632,0.10799486073626022,107994860.73626022,7.447806967456718e-08,1.755909375314604e-09,17.55909375314604,1.0000000000000002,4.9849315854623234e-17,4.9849315854623234e-17,0.7500995949060258,0.7500995949060258,3.742489177114996e-09,7.484978354229993e-09,1.2726951589602978e-13,3.8180854768808935e-13,3.907561079799774e-06,1.1722683239399323e-05,0.06247205041329966,0.24988820165319864,7.311968869153638e-17,5.118378208407547e-16,6.761031081062892e-08,4.7327217567440245e-07,4.989323021276746e-09,1.6967015681694162e-13,5.209389668167095e-06,9.747997357697145e-17,9.013511175019271e-08,9.01351118476727e-08
t0_50s,50.0,10082.117317310349,0.10732835097189775,107328350.97189775,7.332837095181003e-08,1.761211929497687e-09,17.61211929497687,0.9999999999999993,4.8814877398290156e-17,4.8814877398290156e-17,0.7500995949058871,0.7500995949058871,3.742329174604378e-09,7.484658349208755e-09,1.2724972544999164e-13,3.817491763499749e-13,3.907561217567747e-06,1.1722683652703239e-05,0.062472050413310665,0.24988820165324266,7.319633979747602e-17,5.123743785823321e-16,6.761031090590343e-08,4.7327217634132395e-07,4.989109712922745e-09,1.6964377305917264e-13,5.209389851834299e-06,9.758216148171598e-17,9.01351118772252e-08,9.013511197480736e-08
t0_50s,50.0,10192.348158539597,0.10666595469277866,106665954.69277866,7.219641983125156e-08,1.7665304965122133e-09,17.665304965122132,1.0,4.779797502573645e-17,4.779797502573645e-17,0.7500995949057524,0.7500995949057524,3.7421723276596525e-09,7.484344655319305e-09,1.2723029788143028e-13,3.8169089364429084e-13,3.907561352912751e-06,1.1722684058738254e-05,0.062472050413321274,0.2498882016532851,7.327148161645032e-17,5.129003713151523e-16,6.761031099598928e-08,4.73272176971925e-07,4.988900611431265e-09,1.6961787307379678e-13,5.209390032271279e-06,9.768233727103485e-17,9.013511199733991e-08,9.013511209502225e-08
t0_50s,50.0,10303.784186930994,0.10600764651178655,106007646.51178655,7.108194234774111e-08,1.77186512471428e-09,17.718651247142798,1.0,4.6798388336755626e-17,4.6798388336755626e-17,0.7500995949056194,0.7500995949056194,3.742018576322496e-09,7.484037152644992e-09,1.2721122692006724e-13,3.816336807602017e-13,3.907561485871722e-06,1.1722684457615166e-05,0.06247205041333155,0.2498882016533262,7.334513335912164e-17,5.134159335138514e-16,6.761031108115912e-08,4.7327217756811385e-07,4.988695636868504e-09,1.695924485015533e-13,5.209390209527292e-06,9.778052655574387e-17,9.01351121109006e-08,9.013511220868113e-08
t0_50s,50.0,10416.438579160682,0.10535340119848653,105353401.19848654,6.998466876525725e-08,1.777215862605992e-09,17.77215862605992,0.9999999999999994,4.5815898766601365e-17,4.5815898766601365e-17,0.750099594905488,0.750099594905488,3.741867861753735e-09,7.48373572350747e-09,1.2719250639957178e-13,3.8157751919871535e-13,3.907561616481163e-06,1.172268484944349e-05,0.0624720504133415,0.249888201653366,7.341731430909959e-17,5.139212001636972e-16,6.761031116167189e-08,4.7327217813170326e-07,4.9884947107926476e-09,1.6956749112175956e-13,5.209390383651004e-06,9.787675504390869e-17,9.013511221825248e-08,9.013511231612924e-08
t0_50s,50.0,10530.324655969374,0.10470319367815782,104703193.67815782,6.890433351162436e-08,1.7825827588359416e-09,17.825827588359417,1.0000000000000002,4.485028956522738e-17,4.485028956522738e-17,0.7500995949053605,0.7500995949053605,3.741720126212239e-09,7.483440252424478e-09,1.2717413025582146e-13,3.815223907674644e-13,3.907561744777143e-06,1.1722685234331429e-05,0.062472050413351125,0.2498882016534045,7.348804381114878e-17,5.144163066780415e-16,6.761031123777312e-08,4.732721786644118e-07,4.9882977562257306e-09,1.6954299284999204e-13,5.209390554690484e-06,9.797104852512381e-17,9.013511231972263e-08,9.013511241769368e-08
t0_50s,50.0,10645.455883737537,0.10405699903083243,104056999.03083242,6.784067511423443e-08,1.7879658621996107e-09,17.879658621996107,0.9999999999999991,4.3901345777260065e-17,4.3901345777260065e-17,0.7500995949052333,0.7500995949052333,3.741575313034233e-09,7.483150626068466e-09,1.2715609252519267e-13,3.81468277575578e-13,3.907561870795309e-06,1.1722685612385928e-05,0.06247205041336043,0.24988820165344172,7.355734125967531e-17,5.149013888177272e-16,6.761031130969601e-08,4.7327217916787205e-07,4.988104697626106e-09,1.6951894573580916e-13,5.20939072269328e-06,9.806343285516433e-17,9.013511241562238e-08,9.01351125136858e-08
t0_50s,50.0,10761.845876077587,0.10341479249034083,103414792.49034083,6.679343613676598e-08,1.7933652216398533e-09,17.93365221639853,1.0000000000000002,4.2968854222695274e-17,4.2968854222695274e-17,0.7500995949051105,0.7500995949051105,3.741433366613024e-09,7.482866733226047e-09,1.271383873428829e-13,3.8141516202864866e-13,3.9075619945708905e-06,1.1722685983712672e-05,0.06247205041336943,0.24988820165347772,7.362522608749417e-17,5.153765826124592e-16,6.761031137766192e-08,4.732721796436334e-07,4.987915460861333e-09,1.6949534196051157e-13,5.209390887706328e-06,9.815393394100946e-17,9.013511250624632e-08,9.013511260440026e-08
t0_50s,50.0,10879.508395443685,0.1027765494433624,102776549.4433624,6.576236311687509e-08,1.7987808862473108e-09,17.98780886247311,0.9999999999999997,4.2052603478304367e-17,4.2052603478304367e-17,0.7500995949049882,0.7500995949049882,3.741294232379109e-09,7.482588464758218e-09,1.2712100894126203e-13,3.8136302682378606e-13,3.907562116138678e-06,1.1722686348416033e-05,0.062472050413378125,0.2498882016535125,7.369171775487919e-17,5.158420242841543e-16,6.761031144188089e-08,4.732721800931662e-07,4.987729973181764e-09,1.6947217383494771e-13,5.2093910497760385e-06,9.824257772624633e-17,9.013511259187493e-08,9.01351126901175e-08
t0_50s,50.0,10998.457354759143,0.10214224542848191,102142245.4284819,6.474720650485076e-08,1.8042129052608836e-09,18.042129052608836,1.0000000000000002,4.115238385973974e-17,4.115238385973974e-17,0.7500995949048693,0.7500995949048693,3.741157856780685e-09,7.48231571356137e-09,1.2710395164825455e-13,3.8131185494476365e-13,3.9075622355330565e-06,1.172268670659917e-05,0.062472050413386535,0.24988820165354614,7.375683573889516e-17,5.162978501722661e-16,6.761031150255235e-08,4.7327218051786644e-07,4.9875481631944535e-09,1.694494337973538e-13,5.209391208948232e-06,9.832939017684618e-17,9.013511267277376e-08,9.013511277110316e-08
t0_50s,50.0,11118.7068190614,0.10151185613525202,101511856.13525201,6.374772060321574e-08,1.8096613280681539e-09,18.096613280681538,0.9999999999999999,4.0267987404330275e-17,4.0267987404330275e-17,0.7500995949047516,0.7500995949047516,3.741024187264536e-09,7.482048374529072e-09,1.2708720988574911e-13,3.8126162965724734e-13,3.907562352787982e-06,1.1722687058363948e-05,0.062472050413394674,0.2498882016535787,7.382059952301402e-17,5.167441966610981e-16,6.76103115598654e-08,4.732721809190578e-07,4.987369960837767e-09,1.6942711441123598e-13,5.209391365268192e-06,9.841439726732266e-17,9.013511274919515e-08,9.013511284760955e-08
t0_50s,50.0,11240.271007165242,0.10088535740326202,100885357.40326202,6.276366350726199e-08,1.8151262042058482e-09,18.15126204205848,1.0000000000000002,3.93992078545515e-17,3.93992078545515e-17,0.7500995949046368,0.7500995949046368,3.740893172257273e-09,7.481786344514546e-09,1.2707077816803727e-13,3.8121233450411185e-13,3.907562467936999e-06,1.1722687403810997e-05,0.06247205041340255,0.2498882016536102,7.388302858701384e-17,5.171812001090969e-16,6.761031161399945e-08,4.7327218129799617e-07,4.987195297356303e-09,1.6940520836328712e-13,5.209391518780627e-06,9.849762496726436e-17,9.01351128213781e-08,9.013511291987572e-08
t0_50s,50.0,11363.16429334405,0.10026272522121138,100262725.22121137,6.179479704650167e-08,1.8206075833602888e-09,18.20607583360289,0.9999999999999999,3.854584064216247e-17,3.854584064216247e-17,0.7500995949045232,0.7500995949045232,3.740764761146986e-09,7.481529522293973e-09,1.2705465110027992e-13,3.8116395330083977e-13,3.907562581013235e-06,1.1722687743039705e-05,0.06247205041341019,0.24988820165364076,7.394414239716211e-17,5.176089967801348e-16,6.761031166512464e-08,4.7327218165587246e-07,4.987024105276489e-09,1.6938370846134393e-13,5.209391669529713e-06,9.857909922824867e-17,9.013511288954962e-08,9.013511298812872e-08
t0_50s,50.0,11487.401209029496,0.0996439357259898,99643935.7259898,6.08408867270235e-08,1.8261055153678385e-09,18.261055153678384,1.0000000000000004,3.770768287299579e-17,3.770768287299579e-17,0.7500995949044128,0.7500995949044128,3.740638904265195e-09,7.48127780853039e-09,1.2703882337700023e-13,3.8111647013100073e-13,3.907562692049408e-06,1.1722688076148224e-05,0.062472050413417524,0.2498882016536701,7.40039603966814e-17,5.180277227767699e-16,6.76103117134025e-08,4.732721819938175e-07,4.98685631838246e-09,1.6936260763237598e-13,5.209391817559052e-06,9.865884597112991e-17,9.013511295392483e-08,9.013511305258368e-08
t0_50s,50.0,11612.996444529792,0.09902896520176206,99028965.20176207,5.990170167473748e-08,1.831620050215362e-09,18.31620050215362,0.9999999999999991,3.688453331239029e-17,3.688453331239029e-17,0.7500995949043024,0.7500995949043024,3.740515552869202e-09,7.481031105738404e-09,1.2702328978060387e-13,3.810698693418116e-13,3.907562801077815e-06,1.1722688403233446e-05,0.062472050413424594,0.24988820165369838,7.406250199649764e-17,5.184375139754835e-16,6.7610311758986e-08,4.73272182312902e-07,4.986691871692607e-09,1.6934189892051532e-13,5.209391962911727e-06,9.873689107370672e-17,9.013511301470802e-08,9.013511311344492e-08
t0_50s,50.0,11739.964850766735,0.0984177900790599,98417790.0790599,5.897701457949792e-08,1.837151238040673e-09,18.37151238040673,1.0000000000000007,3.6076192371254154e-17,3.6076192371254154e-17,0.7500995949041968,0.7500995949041968,3.7403946591247526e-09,7.480789318249505e-09,1.2700804517992508e-13,3.8102413553977525e-13,3.907562908130363e-06,1.1722688724391088e-05,0.06247205041343148,0.2498882016537259,7.411978656626985e-17,5.18838505963889e-16,6.761031180202041e-08,4.7327218261414286e-07,4.986530701436358e-09,1.6932157548511493e-13,5.209392105630239e-06,9.881326035876141e-17,9.01351130720923e-08,9.013511317090557e-08
t0_50s,50.0,11868.321441031749,0.0978103869338782,97810386.9338782,5.8066601640086944e-08,1.84269912913299e-09,18.426991291329898,0.9999999999999991,3.5282462092746747e-17,3.5282462092746747e-17,0.7500995949040898,0.7500995949040898,3.740276176089047e-09,7.480552352178094e-09,1.2699308452879815e-13,3.8097925358639445e-13,3.907563013238539e-06,1.1722689039715617e-05,0.06247205041343816,0.24988820165375264,7.417583342569993e-17,5.192308339798995e-16,6.761031184264337e-08,4.7327218289850357e-07,4.986372745031666e-09,1.6930163059884854e-13,5.209392245756609e-06,9.888797958247702e-17,9.013511312626191e-08,9.013511322514989e-08
t0_50s,50.0,11998.08139276112,0.09720673248677723,97206732.48677723,5.717024251004826e-08,1.8482637739334027e-09,18.482637739334027,1.0000000000000004,3.450314613956754e-17,3.450314613956754e-17,0.7500995949039884,0.7500995949039884,3.740160057694084e-09,7.480320115388168e-09,1.269784028646543e-13,3.8093520859396293e-13,3.907563116433424e-06,1.1722689349300272e-05,0.06247205041344451,0.24988820165377804,7.42306618361215e-17,5.196146328528505e-16,6.761031188098525e-08,4.732721831668968e-07,4.9862179410626385e-09,1.6928205764583483e-13,5.209392383332225e-06,9.896107442322097e-17,9.013511317738983e-08,9.01351132763509e-08
t0_50s,50.0,12129.260049330613,0.09660680360199059,96606803.60199058,5.628772024435709e-08,1.8538452230353268e-09,18.53845223035327,1.0,3.3738049781840036e-17,3.3738049781840036e-17,0.7500995949038863,0.7500995949038863,3.740046258730309e-09,7.480092517460618e-09,1.2696399530714277e-13,3.8089198592142833e-13,3.907563217745713e-06,1.1722689653237139e-05,0.06247205041345075,0.249888201653803,7.428429099236536e-17,5.199900369465576e-16,6.761031191716977e-08,4.732721834201884e-07,4.986066229257913e-09,1.6926285011980475e-13,5.209392518398049e-06,9.903257047070362e-17,9.013511322564171e-08,9.013511332467427e-08
t0_50s,50.0,12261.872921869839,0.0960105772865382,96010577.2865382,5.541882124691238e-08,1.8594435271849544e-09,18.594435271849544,0.9999999999999999,3.298697988557748e-17,3.298697988557748e-17,0.7500995949037867,0.7500995949037867,3.739934734830601e-09,7.479869469661202e-09,1.269498570567761e-13,3.808495711703283e-13,3.907563317205688e-06,1.1722689951617063e-05,0.06247205041345673,0.2498882016538269,7.433674001490046e-17,5.203571801043032e-16,6.761031195131415e-08,4.7327218365919903e-07,4.9859175504691646e-09,1.6924400162229072e-13,5.209392650994433e-06,9.910249321549818e-17,9.013511327117346e-08,9.013511337027596e-08
t0_50s,50.0,12395.935691096218,0.09541803068934562,95418030.68934563,5.4563335218841505e-08,1.8650587372817256e-09,18.650587372817256,1.0000000000000004,3.2249744901720525e-17,3.2249744901720525e-17,0.7500995949036899,0.7500995949036899,3.73982544245455e-09,7.4796508849091e-09,1.2693598339359944e-13,3.8080795018079833e-13,3.907563414843252e-06,1.1722690244529757e-05,0.0624720504134625,0.24988820165385,7.438802794224797e-17,5.207161955957357e-16,6.761031198352949e-08,4.732721838847064e-07,4.985771846650217e-09,1.6922550586085513e-13,5.209392781161239e-06,9.917086803892905e-17,9.013511331413317e-08,9.013511341330404e-08
t0_50s,50.0,12531.46420916919,0.09482914110036807,94829141.10036807,5.3721055107601205e-08,1.8706909043787825e-09,18.706909043787824,0.9999999999999989,3.152615485573143e-17,3.152615485573143e-17,0.7500995949035921,0.7500995949035921,3.739718338873038e-09,7.479436677746076e-09,1.26922369675882e-13,3.80767109027646e-13,3.907563510687897e-06,1.1722690532063691e-05,0.06247205041346814,0.24988820165387257,7.443817372366608e-17,5.210672160656625e-16,6.761031201392099e-08,4.732721840974469e-07,4.985629060836504e-09,1.6920735664734616e-13,5.209392908937811e-06,9.923772020331963e-17,9.013511335466155e-08,9.013511345389927e-08
t0_50s,50.0,12668.474501564739,0.09424388594971922,94243885.94971922,5.289177705686426e-08,1.876340079683454e-09,18.76340079683454,1.0000000000000002,3.0816021337733365e-17,3.0816021337733365e-17,0.7500995949034998,0.7500995949034998,3.739613382153136e-09,7.479226764306271e-09,1.2690901133883219e-13,3.8072703401649656e-13,3.907563604768745e-06,1.1722690814306235e-05,0.06247205041347349,0.24988820165389397,7.448719621210299e-17,5.214103734847209e-16,6.761031204258841e-08,4.7327218429811884e-07,4.985489137124833e-09,1.6918954789618173e-13,5.209393034362928e-06,9.930307484259574e-17,9.01351133928908e-08,9.013511349219387e-08
t0_50s,50.0,12806.98276897015,0.0936622428068075,93662242.8068075,5.2075300357181516e-08,1.8820063145576933e-09,18.820063145576935,1.0000000000000009,3.0119157493183595e-17,3.0119157493183595e-17,0.7500995949034075,0.7500995949034075,3.7395105311432725e-09,7.479021062286545e-09,1.268959038933349e-13,3.8068771168000467e-13,3.9075636971145125e-06,1.1722691091343537e-05,0.06247205041347878,0.24988820165391512,7.45351141574157e-17,5.217457991019099e-16,6.76103120696262e-08,4.7327218448738343e-07,4.9853520206537645e-09,1.6917207362267093e-13,5.2093931574749095e-06,9.936695695324806e-17,9.01351134289475e-08,9.013511352831445e-08
t0_50s,50.0,12947.005389199754,0.09308418937947573,93084189.37947573,5.12714273974037e-08,1.8876896605185623e-09,18.87689660518562,0.999999999999998,2.943537801406417e-17,2.943537801406417e-17,0.7500995949033143,0.7500995949033143,3.739409745458687e-09,7.478819490917374e-09,1.2688304292470988e-13,3.8064912877412963e-13,3.907563787753553e-06,1.172269136326066e-05,0.06247205041348376,0.24988820165393505,7.458194619985155e-17,5.220736233989608e-16,6.761031209512392e-08,4.732721846658674e-07,4.985217657584105e-09,1.691549279413552e-13,5.209393278311564e-06,9.942939138563986e-17,9.013511346295113e-08,9.013511356238052e-08
t0_50s,50.0,13088.558919131483,0.09250970351314639,92509703.51314639,5.047996361685328e-08,1.8933901692386964e-09,18.933901692386964,1.0000000000000007,2.876449913057992e-17,2.876449913057992e-17,0.7500995949032279,0.7500995949032279,3.739310985467172e-09,7.478621970934345e-09,1.2687042409149216e-13,3.806112722744765e-13,3.907563876713822e-06,1.1722691630141466e-05,0.062472050413488675,0.2498882016539547,7.462771086378961e-17,5.223939760465273e-16,6.76103121191662e-08,4.732721848341634e-07,4.98508599507988e-09,1.691381050643815e-13,5.209393396910108e-06,9.949040283566278e-17,9.013511349501363e-08,9.013511359450403e-08
t0_50s,50.0,13231.660096664627,0.09193876318997334,91938763.18997334,4.9700717458236184e-08,1.899107892546772e-09,18.991078925467722,1.0000000000000007,2.8106338603348473e-17,2.8106338603348473e-17,0.7500995949031405,0.7500995949031405,3.739214212275082e-09,7.478428424550165e-09,1.2685804312423333e-13,3.805741293727e-13,3.907563964022904e-06,1.1722691892068714e-05,0.06247205041349337,0.2498882016539735,7.467242655173877e-17,5.227069858621714e-16,6.761031214183335e-08,4.7327218499283345e-07,4.984956981289829e-09,1.6912159929990945e-13,5.209393513307368e-06,9.955001583673851e-17,9.013511352524299e-08,9.013511362479301e-08
t0_50s,50.0,13376.325842699005,0.09137134652799737,91371346.52799737,4.893350032127862e-08,1.9048428824279825e-09,19.048428824279824,0.999999999999998,2.7460715716069888e-17,2.7460715716069888e-17,0.7500995949030522,0.7500995949030522,3.739119387713611e-09,7.478238775427223e-09,1.2684589582432362e-13,3.8053768747297086e-13,3.907564049708011e-06,1.1722692149124033e-05,0.06247205041349789,0.24988820165399156,7.471611153858952e-17,5.230127807701266e-16,6.761031216320141e-08,4.732721851424099e-07,4.984830565328967e-09,1.69105405050536e-13,5.2093936275396205e-06,9.960825475215238e-17,9.013511355374057e-08,9.013511365334882e-08
t0_50s,50.0,13522.573263135744,0.09080743178030794,90807431.78030793,4.817812651708067e-08,1.910595191024503e-09,19.105951910245032,1.0000000000000009,2.6827451268661287e-17,2.6827451268661287e-17,0.7500995949029706,0.7500995949029706,3.739026474325334e-09,7.478052948650669e-09,1.2683397806283322e-13,3.8050193418849965e-13,3.907564133795985e-06,1.1722692401387955e-05,0.06247205041350241,0.24988820165400963,7.475878396611524e-17,5.233114877628067e-16,6.761031218334225e-08,4.7327218528339577e-07,4.984706697260645e-09,1.6908951681175067e-13,5.209393739642599e-06,9.966514376772286e-17,9.013511358060127e-08,9.01351136802664e-08
t0_50s,50.0,13670.419650899981,0.09024699733420903,90246997.33420902,4.743441322317351e-08,1.9163648706359755e-09,19.163648706359755,1.0000000000000009,2.6206367570842947e-17,2.6206367570842947e-17,0.7500995949028886,0.7500995949028886,3.738935435351006e-09,7.477870870702012e-09,1.2682228577937503e-13,3.804668573381251e-13,3.9075642163132974e-06,1.1722692648939893e-05,0.06247205041350651,0.24988820165402603,7.480046183772071e-17,5.23603232864045e-16,6.761031220232401e-08,4.732721854162681e-07,4.984585328079088e-09,1.6907392917042442e-13,5.209393849651644e-06,9.972070688480338e-17,9.013511360591678e-08,9.013511370563749e-08
t0_50s,50.0,13819.8824879856,0.08969002171039181,89690021.7103918,4.670218043927202e-08,1.922151973719966e-09,19.22151973719966,0.9999999999999991,2.5597288436161627e-17,2.5597288436161627e-17,0.7500995949028056,0.7500995949028056,3.7388462347166076e-09,7.477692469433215e-09,1.2681081498098535e-13,3.80432444942956e-13,3.907564297286057e-06,1.172269289185817e-05,0.06247205041351066,0.24988820165404263,7.484116301343316e-17,5.238881410940322e-16,6.76103122202111e-08,4.7327218554147766e-07,4.984466409691995e-09,1.6905863680331262e-13,5.209393957601564e-06,9.977496791360183e-17,9.013511362977303e-08,9.013511372954799e-08
t0_50s,50.0,13970.979447522506,0.0891364835621104,89136483.56211041,4.598125094370885e-08,1.927956552892477e-09,19.27956552892477,0.9999999999999999,2.5000039176436094e-17,2.5000039176436094e-17,0.7500995949027267,0.7500995949027267,3.738758837020631e-09,7.477517674041262e-09,1.267995617410244e-13,3.803986852230732e-13,3.907564376740001e-06,1.1722693130220002e-05,0.062472050413514654,0.24988820165405862,7.488090520513272e-17,5.241663364359291e-16,6.761031223706457e-08,4.73272185659452e-07,4.98434989490359e-09,1.6904363447558964e-13,5.209394063526638e-06,9.98279504668221e-17,9.01351136522508e-08,9.013511375207876e-08
t0_50s,50.0,14123.728395866203,0.08858636167436462,88586361.67436463,4.5271450250541884e-08,1.9337786609283863e-09,19.337786609283864,1.0000000000000009,2.441444659661198e-17,2.441444659661198e-17,0.7500995949026503,0.7500995949026503,3.738673207521646e-09,7.477346415043291e-09,1.2678852219809525e-13,3.8036556659428573e-13,3.907564454700525e-06,1.1722693364101574e-05,0.06247205041351837,0.24988820165407347,7.49197059720183e-17,5.24437941804128e-16,6.761031225294212e-08,4.7327218577059483e-07,4.984235737398124e-09,1.6902891703941015e-13,5.209394167460733e-06,9.987967795362101e-17,9.013511367342725e-08,9.013511377330693e-08
t0_50s,50.0,14278.147394710464,0.0880396349630863,88039634.96308629,4.45726065673231e-08,1.939618350761937e-09,19.39618350761937,1.0000000000000007,2.384033899000935e-17,2.384033899000935e-17,0.7500995949025732,0.7500995949025732,3.738589312126042e-09,7.477178624252084e-09,1.2677769255498145e-13,3.803330776649443e-13,3.907564531192655e-06,1.1722693593577965e-05,0.062472050413522114,0.24988820165408845,7.495758271630498e-17,5.247030790141349e-16,6.761031226789844e-08,4.732721858752891e-07,4.984123891723511e-09,1.6901447943249188e-13,5.209394269437233e-06,9.993017357387169e-17,9.013511369337564e-08,9.013511379330581e-08
t0_50s,50.0,14434.254703223116,0.08749628247433121,87496282.47433122,4.388455075352014e-08,1.945475675487238e-09,19.45475675487238,0.9999999999999981,2.327754613394854e-17,2.327754613394854e-17,0.7500995949024952,0.7500995949024952,3.738507117376051e-09,7.477014234752102e-09,1.2676706907760237e-13,3.803012072328071e-13,3.9075646062410675e-06,1.1722693818723202e-05,0.06247205041352577,0.24988820165410308,7.499455267914887e-17,5.249618687540421e-16,6.761031228198505e-08,4.732721859738954e-07,4.984014313275314e-09,1.6900031667672172e-13,5.2093943694890386e-06,9.997946031273e-17,9.013511371216466e-08,9.013511381214412e-08
t0_50s,50.0,14592.06878020491,0.0869562833834766,86956283.3834766,4.320711627957966e-08,1.951350688358722e-09,19.513506883587223,0.9999999999999998,2.2725899285740583e-17,2.2725899285740583e-17,0.750099594902424,0.750099594902424,3.738426590437992e-09,7.476853180875984e-09,1.2675664809398588e-13,3.8026994428195763e-13,3.9075646798701e-06,1.17226940396103e-05,0.06247205041352905,0.2498882016541162,7.503063293679592e-17,5.252144305575715e-16,6.761031229525098e-08,4.7327218606675683e-07,4.983906958281056e-09,1.6898642387678518e-13,5.209394467648543e-06,1.000275609354998e-16,9.013511372985877e-08,9.013511382988633e-08
t0_50s,50.0,14751.608286272287,0.08641961699442227,86419616.99442227,4.254013918662184e-08,1.9572434427916553e-09,19.572434427916555,1.0000000000000013,2.2185231179024895e-17,2.2185231179024895e-17,0.7500995949023531,0.7500995949023531,3.738347699090692e-09,7.476695398181384e-09,1.2674642599325933e-13,3.80239277979778e-13,3.9075647521037375e-06,1.1722694256311213e-05,0.062472050413532376,0.2498882016541295,7.506584039694962e-17,5.254608827786474e-16,6.761031230774233e-08,4.732721861541963e-07,4.983801783784918e-09,1.6897279621882611e-13,5.209394563947763e-06,1.0007449798279331e-16,9.013511374652021e-08,9.01351138465947e-08
t0_50s,50.0,14912.892086063848,0.08588626273879789,85886262.73879789,4.188345804675778e-08,1.963153992362602e-09,19.63153992362602,1.0000000000000013,2.1655376020440162e-17,2.1655376020440162e-17,0.7500995949022815,0.7500995949022815,3.738270411714202e-09,7.476540823428404e-09,1.2673639922465693e-13,3.802091976739708e-13,3.907564822965625e-06,1.1722694468896876e-05,0.062472050413535735,0.24988820165414294,7.510019179535432e-17,5.257013425674802e-16,6.761031231950283e-08,4.732721862365198e-07,4.983698747632575e-09,1.6895942896911895e-13,5.209394658418232e-06,1.0012029376597373e-16,9.01351137622074e-08,9.01351138623277e-08
t0_50s,50.0,15075.939250471012,0.08535620017517452,85356200.17517452,4.1236913924019146e-08,1.9690823908099166e-09,19.690823908099166,0.999999999999998,2.1136169486612524e-17,2.1136169486612524e-17,0.7500995949022091,0.7500995949022091,3.738194697278667e-09,7.476389394557334e-09,1.267265642965432e-13,3.801796928896296e-13,3.90756489247907e-06,1.172269467743721e-05,0.06247205041353877,0.24988820165415507,7.513370369258944e-17,5.25935925848126e-16,6.761031233057383e-08,4.732721863140168e-07,4.983597808456379e-09,1.6894631747276788e-13,5.209394751091022e-06,1.0016497036288182e-16,9.013511377697547e-08,9.013511387714043e-08
t0_50s,50.0,15240.769058893016,0.08482940898828133,84829408.98828132,4.060035033589128e-08,1.9750286920342337e-09,19.750286920342337,0.9999999999999991,2.0627448721445243e-17,2.0627448721445243e-17,0.7500995949021424,0.7500995949021424,3.7381205253334275e-09,7.476241050666855e-09,1.267169177754547e-13,3.801507533263641e-13,3.9075649606670414e-06,1.1722694882001124e-05,0.062472050413541626,0.2498882016541665,7.516639247107091e-17,5.261647472974963e-16,6.76103123409944e-08,4.7327218638696075e-07,4.9834989256607995e-09,1.6893345715242804e-13,5.209394841996709e-06,1.0020854961383772e-16,9.013511379087573e-08,9.013511389108428e-08
t0_50s,50.0,15407.401001516617,0.08430586898822647,84305868.98822646,3.997361321543921e-08,1.9809929500989634e-09,19.809929500989632,1.000000000000001,2.0129052333694185e-17,2.0129052333694185e-17,0.7500995949020776,0.7500995949020776,3.7380478659963194e-09,7.476095731992639e-09,1.2670745628515532e-13,3.80122368855466e-13,3.907565027552177e-06,1.1722695082656533e-05,0.06247205041354452,0.24988820165417808,7.519827433225468e-17,5.263879203257827e-16,6.761031235080152e-08,4.732721864556106e-07,4.983402059408266e-09,1.6892084350704983e-13,5.209394931165499e-06,1.0025105311791498e-16,9.013511380395795e-08,9.0135113904209e-08
t0_50s,50.0,15575.854781620676,0.08378556010972396,83785560.10972396,3.93565508740199e-08,1.986975219230777e-09,19.869752192307768,1.000000000000002,1.9640820394813322e-17,1.9640820394813322e-17,0.7500995949020122,0.7500995949020122,3.737976689943194e-09,7.475953379886387e-09,1.2669817650570965e-13,3.8009452951712895e-13,3.9075650931567926e-06,1.1722695279470378e-05,0.06247205041354744,0.24988820165418976,7.522936529403849e-17,5.2660555705826945e-16,6.761031236003015e-08,4.7327218652021105e-07,4.983307170605121e-09,1.6890847211064102e-13,5.209395018627159e-06,1.002925022294752e-16,9.013511381626902e-08,9.013511391656152e-08
t0_50s,50.0,15746.150317905973,0.08326846241132432,83268462.41132432,3.8749013964568575e-08,1.992975553820098e-09,19.92975553820098,1.0000000000000007,1.9162594437053827e-17,1.9162594437053827e-17,0.750099594901946,0.750099594901946,3.737906968397619e-09,7.475813936795237e-09,1.2668907517257026e-13,3.800672255177108e-13,3.907565157502869e-06,1.1722695472508607e-05,0.06247205041355021,0.24988820165420084,7.525968118835789e-17,5.268177683185053e-16,6.761031236871317e-08,4.7327218658099217e-07,4.983214220887885e-09,1.6889633861104967e-13,5.209395104410997e-06,1.0033291805496299e-16,9.013511382785279e-08,9.013511392818571e-08
t0_50s,50.0,15918.307746850438,0.08275455607465045,82754556.07465045,3.8150855445452634e-08,1.9989940084215986e-09,19.989940084215984,0.9999999999999958,1.869421745180118e-17,1.869421745180118e-17,0.750099594901879,0.750099594901879,3.737838673120768e-09,7.475677346241535e-09,1.266801490756813e-13,3.8004044722704393e-13,3.907565220612074e-06,1.1722695661836222e-05,0.062472050413552596,0.24988820165421038,7.52892376589714e-17,5.270246636127998e-16,6.761031237688177e-08,4.7327218663817235e-07,4.983123172609787e-09,1.6888443872876963e-13,5.209395188545895e-06,1.0037232144995363e-16,9.013511383875085e-08,9.013511393912317e-08
t0_50s,50.0,16092.347425090315,0.08224382140363737,82243821.40363736,3.756193054488278e-08,2.0050306377547138e-09,20.050306377547138,0.9999999999999991,1.8235533888133268e-17,1.8235533888133268e-17,0.7500995949018209,0.7500995949018209,3.737771776401519e-09,7.475543552803038e-09,1.2667139505859617e-13,3.800141851757885e-13,3.907565282505755e-06,1.1722695847517264e-05,0.06247205041355501,0.24988820165422004,7.5318050159431e-17,5.27226351116017e-16,6.76103123845655e-08,4.7327218669195857e-07,4.983033988827509e-09,1.6887276825576203e-13,5.209395271060249e-06,1.0041073301644595e-16,9.013511384900147e-08,9.01351139494122e-08
t0_50s,50.0,16268.289931827008,0.08173623882377852,81736238.82377852,3.6982096725874834e-08,2.0110854967041e-09,20.110854967041,1.0000000000000016,1.7786389651584936e-17,1.7786389651584936e-17,0.7500995949017623,0.7500995949017623,3.737706251046727e-09,7.475412502093453e-09,1.2666281001761045e-13,3.7998843005283134e-13,3.907565343204941e-06,1.1722696029614824e-05,0.06247205041355745,0.2498882016542298,7.534613395123334e-17,5.274229376586334e-16,6.761031239179213e-08,4.7327218674254486e-07,4.982946633288397e-09,1.6886132305430589e-13,5.2093953519821595e-06,1.0044817310040161e-16,9.013511385864273e-08,9.01351139590909e-08
t0_50s,50.0,16446.156071260568,0.08123178888137492,81231788.88137491,3.6411213651751353e-08,2.01715864032017e-09,20.1715864032017,1.0000000000000024,1.7346632103100724e-17,1.7346632103100724e-17,0.750099594901703,0.750099594901703,3.737642070371681e-09,7.475284140743362e-09,1.2665439090090914e-13,3.7996317270272743e-13,3.907565402730356e-06,1.1722696208191067e-05,0.062472050413559924,0.2498882016542397,7.537350410214704e-17,5.276145287150293e-16,6.761031239858799e-08,4.732721867901159e-07,4.982861070417564e-09,1.6885009905585486e-13,5.209395431339253e-06,1.0048466178951129e-16,9.01351138677098e-08,9.013511396819445e-08
t0_50s,50.0,16625.966875049766,0.08073045224278902,80730452.24278902,3.584914315217514e-08,2.0232501238195716e-09,20.232501238195717,1.0000000000000018,1.6916110058160434e-17,1.6916110058160434e-17,0.7500995949016431,0.7500995949016431,3.737579208190743e-09,7.475158416381486e-09,1.266461347077274e-13,3.799384041231822e-13,3.907565461102413e-06,1.1722696383307238e-05,0.06247205041356242,0.2498882016542497,7.540017548471232e-17,5.278012283929863e-16,6.761031240497793e-08,4.732721868348455e-07,4.982777265305461e-09,1.6883909225992036e-13,5.2093955091587435e-06,1.0052021891119563e-16,9.013511387623578e-08,9.0135113976756e-08
t0_50s,50.0,16807.743604798754,0.08023220969370495,80232209.69370495,3.5295749189709595e-08,2.029360002585698e-09,20.293600025856982,0.9999999999999976,1.6494673786062065e-17,1.6494673786062065e-17,0.7500995949015825,0.7500995949015825,3.737517638808154e-09,7.475035277616308e-09,1.2663803848752618e-13,3.7991411546257856e-13,3.9075655183412155e-06,1.1722696555023646e-05,0.06247205041356436,0.24988820165425743,7.542616277490793e-17,5.279831394243556e-16,6.761031241098534e-08,4.7327218687689736e-07,4.982695183695624e-09,1.688282987329727e-13,5.209395585467435e-06,1.0055486403082819e-16,9.013511388425187e-08,9.013511398480674e-08
t0_50s,50.0,16991.50775457129,0.07973704213839111,79737042.1383911,3.4750897826892616e-08,2.0354883321692023e-09,20.354883321692025,0.9999999999999969,1.6082175009344175e-17,1.6082175009344175e-17,0.7500995949015263,0.7500995949015263,3.737457337009025e-09,7.47491467401805e-09,1.2663009933918053e-13,3.798902980175416e-13,3.907565574466575e-06,1.1722696723399725e-05,0.062472050413566266,0.24988820165426506,7.545148045098132e-17,5.281603631568692e-16,6.76103124166324e-08,4.732721869164268e-07,4.9826147919726335e-09,1.6881771460735775e-13,5.209395660291702e-06,1.0058861645017506e-16,9.013511389178704e-08,9.013511399237565e-08
t0_50s,50.0,17177.28105343222,0.07924493059896887,79244930.59896886,3.4214457193820125e-08,2.041635168288474e-09,20.41635168288474,1.0000000000000002,1.5678466903332856e-17,1.5678466903332856e-17,0.7500995949014748,0.7500995949014748,3.737398278050489e-09,7.474796556100978e-09,1.266223144101822e-13,3.7986694323054656e-13,3.9075656294980005e-06,1.1722696888494002e-05,0.0624720504135682,0.2498882016542728,7.547614279243744e-17,5.283329995470621e-16,6.761031242194004e-08,4.7327218695358026e-07,4.982536057150377e-09,1.6880733608023608e-13,5.209395733657552e-06,1.006214952060482e-16,9.013511389886915e-08,9.013511399949064e-08
t0_50s,50.0,17365.085468016852,0.07875585621468476,78755856.21468475,3.3686297456229654e-08,2.047800566830179e-09,20.47800566830179,1.0000000000000018,1.5283404095796376e-17,1.5283404095796376e-17,0.7500995949014226,0.7500995949014226,3.73734043765301e-09,7.47468087530602e-09,1.266146808958543e-13,3.798440426875629e-13,3.9075656834547066e-06,1.1722697050364119e-05,0.06247205041357016,0.24988820165428063,7.550016387918219e-17,5.285011471542753e-16,6.761031242692791e-08,4.732721869884954e-07,4.9824589468604735e-09,1.6879715941253625e-13,5.2093958055906365e-06,1.0065351906916353e-16,9.013511390552504e-08,9.013511400617856e-08
t0_50s,50.0,17554.94320512836,0.07826980024118795,78269800.24118795,3.316629078407675e-08,2.0539845838497487e-09,20.539845838497488,1.0000000000000027,1.4896842666691854e-17,1.4896842666691854e-17,0.7500995949013699,0.7500995949013699,3.737283791991879e-09,7.474567583983759e-09,1.2660719603858017e-13,3.7982158811574054e-13,3.907565736355612e-06,1.1722697209066838e-05,0.062472050413572136,0.24988820165428854,7.552355759081571e-17,5.2866490313571e-16,6.761031243161473e-08,4.7327218702130314e-07,4.9823834293408625e-09,1.687871809279242e-13,5.2093958761161785e-06,1.0068470654319744e-16,9.013511391177964e-08,9.013511401246434e-08
t0_50s,50.0,17746.876714363618,0.07778674404981183,77786744.04981183,3.2654311320596285e-08,2.060187275571882e-09,20.601872755718823,1.000000000000002,1.4518640147987614e-17,1.4518640147987614e-17,0.7500995949013166,0.7500995949013166,3.7372283176888395e-09,7.474456635377679e-09,1.2659985712704362e-13,3.797995713811309e-13,3.907565788219357e-06,1.1722697364658069e-05,0.062472050413574134,0.24988820165429654,7.55463376060716e-17,5.288243632425012e-16,6.761031243601806e-08,4.732721870521264e-07,4.9823094734246736e-09,1.6877739701179166e-13,5.209395945259026e-06,1.0071507586403977e-16,9.013511391765636e-08,9.013511401837144e-08
t0_50s,50.0,17940.90869076775,0.07730666912685998,77306669.12685998,3.215023515184167e-08,2.066408698391077e-09,20.66408698391077,1.0,1.4148655523545642e-17,1.4148655523545642e-17,0.7500995949012628,0.7500995949012628,3.7371739918038816e-09,7.474347983607763e-09,1.2659266149548246e-13,3.797779844864474e-13,3.90756583906429e-06,1.172269751719287e-05,0.062472050413576154,0.24988820165430461,7.556851740239726e-17,5.289796218167808e-16,6.761031244015444e-08,4.7327218708108106e-07,4.982237048529288e-09,1.6876780411026103e-13,5.209396013043643e-06,1.0074464499923441e-16,9.013511392317727e-08,9.013511402392191e-08
t0_50s,50.0,18137.062077517632,0.07682955707289646,76829557.07289647,3.165394027669364e-08,2.072648908872127e-09,20.72648908872127,0.9999999999999946,1.3786749229048226e-17,1.3786749229048226e-17,0.7500995949012083,0.7500995949012083,3.737120791827217e-09,7.474241583654434e-09,1.265856065229541e-13,3.7975681956886233e-13,3.907565888908483e-06,1.172269766672545e-05,0.062472050413577646,0.24988820165431058,7.559011025567167e-17,5.291307717897017e-16,6.761031244403954e-08,4.732721871082768e-07,4.982166124645639e-09,1.6875839872920614e-13,5.209396079494121e-06,1.0077343164760309e-16,9.013511392836327e-08,9.01351140291367e-08
t0_50s,50.0,18335.360068634956,0.07635538960204073,76355389.60204074,3.11653065773327e-08,2.078907963750647e-09,20.789079637506468,0.999999999999998,1.3432783151953047e-17,1.3432783151953047e-17,0.7500995949011637,0.7500995949011637,3.737068695671327e-09,7.474137391342654e-09,1.2657868963261238e-13,3.7973606889783714e-13,3.907565937769728e-06,1.1722697813309183e-05,0.062472050413579026,0.2498882016543161,7.561112924005618e-17,5.292779046803932e-16,6.761031244768815e-08,4.73272187133817e-07,4.982096672327544e-09,1.6874917743328593e-13,5.209396144634107e-06,1.008014532390449e-16,9.013511393323278e-08,9.013511403403423e-08
t0_50s,50.0,18535.82611172857,0.07588414854126704,75884148.54126704,3.068421579016734e-08,2.0851859199335844e-09,20.851859199335845,1.0000000000000007,1.3086620631462011e-17,1.3086620631462011e-17,0.7500995949011192,0.7500995949011192,3.737017681663262e-09,7.474035363326523e-09,1.2657190829099793e-13,3.7971572487299383e-13,3.907565985665547e-06,1.1722697956996642e-05,0.062472050413580414,0.24988820165432166,7.563158722797344e-17,5.29421110595814e-16,6.761031245111416e-08,4.732721871577991e-07,4.982028662681639e-09,1.6874013684500536e-13,5.209396208487029e-06,1.0082872693451257e-16,9.013511393780554e-08,9.013511403863427e-08
t0_50s,50.0,18738.48391076711,0.07541581582970787,75415815.82970788,3.021055147721055e-08,2.091482834499722e-09,20.91482834499722,1.000000000000002,1.2748126458487707e-17,1.2748126458487707e-17,0.7500995949010741,0.7500995949010741,3.736967728536991e-09,7.473935457073982e-09,1.2656526000733815e-13,3.7969578002201446e-13,3.907566032613181e-06,1.1722698097839542e-05,0.06247205041358182,0.2498882016543273,7.565149689021122e-17,5.295604782314786e-16,6.761031245433075e-08,4.7327218718031526e-07,4.981962067356984e-09,1.6873127364377532e-13,5.209396271075876e-06,1.0085526962614667e-16,9.013511394209918e-08,9.013511404295445e-08
t0_50s,50.0,18943.357428882016,0.07495037351796102,74950373.51796103,2.9744198997898126e-08,2.097798764700242e-09,20.97798764700242,1.0000000000000027,1.2417166875602752e-17,1.2417166875602752e-17,0.7500995949010287,0.7500995949010287,3.736918815425945e-09,7.47383763085189e-09,1.2655874233285975e-13,3.796762269985792e-13,3.90756607862961e-06,1.172269823588883e-05,0.062472050413583245,0.24988820165433298,7.56708706961469e-17,5.296960948730283e-16,6.761031245735029e-08,4.7327218720145206e-07,4.9818968585351785e-09,1.6872258456499826e-13,5.209396332423284e-06,1.0088109793757619e-16,9.013511394613016e-08,9.013511404701125e-08
t0_50s,50.0,19150.470891200766,0.0744878037674029,74487803.7674029,2.9285045481342968e-08,2.104133767959182e-09,21.04133767959182,1.000000000000002,1.2093609576958108e-17,1.2093609576958108e-17,0.7500995949009827,0.7500995949009827,3.736870921855704e-09,7.473741843711408e-09,1.2655235286011224e-13,3.7965705858033675e-13,3.907566123731558e-06,1.1722698371194676e-05,0.06247205041358468,0.24988820165433873,7.568972091408773e-17,5.298280463986141e-16,6.761031246018443e-08,4.7327218722129095e-07,4.981833008920624e-09,1.6871406639916645e-13,5.209396392551551e-06,1.0090622822437226e-16,9.013511394991402e-08,9.013511405082025e-08
t0_50s,50.0,19359.84878771154,0.0740280888495039,74028088.8495039,2.8832979799016692e-08,2.1104879018740165e-09,21.104879018740164,0.9999999999999999,1.1777323708154533e-17,1.1777323708154533e-17,0.7500995949009361,0.7500995949009361,3.736824027736772e-09,7.473648055473544e-09,1.2654608922230213e-13,3.796382676669064e-13,3.907566167935473e-06,1.1722698503806418e-05,0.06247205041358613,0.24988820165434453,7.570805961172352e-17,5.299564172820646e-16,6.761031246284418e-08,4.732721872399092e-07,4.981770491730882e-09,1.687057159909742e-13,5.2093964514826e-06,1.0093067657465154e-16,9.013511395346549e-08,9.013511405439616e-08
t0_50s,50.0,19571.515876158966,0.07357121114514921,73571211.14514922,2.8387892537852995e-08,2.1168612242161356e-09,21.168612242161355,0.999999999999997,1.146817986605391e-17,1.146817986605391e-17,0.7500995949008892,0.7500995949008892,3.736778113357517e-09,7.473556226715034e-09,1.2653994909263828e-13,3.7961984727791487e-13,3.907566211257542e-06,1.1722698633772626e-05,0.0624720504135876,0.2498882016543504,7.572589865668737e-17,5.300812905968116e-16,6.761031246533997e-08,4.732721872573798e-07,4.9817092806872645e-09,1.6869753023844524e-13,5.209396509238016e-06,1.0095445880982384e-16,9.013511395679842e-08,9.013511405775287e-08
t0_50s,50.0,19785.4971849716,0.07311715314396372,73117153.14396372,2.794967597376713e-08,2.123253792931396e-09,21.23253792931396,0.9999999999999929,1.1166050098516212e-17,1.1166050098516212e-17,0.7500995949008417,0.7500995949008417,3.7367331593772635e-09,7.473466318754527e-09,1.2653393018368709e-13,3.796017905510613e-13,3.90756625371371e-06,1.172269876114113e-05,0.06247205041358909,0.24988820165435635,7.574324971722087e-17,5.302027480205461e-16,6.761031246768155e-08,4.732721872737709e-07,4.981649350005629e-09,1.6868950609207308e-13,5.209396565839054e-06,1.0097759048547898e-16,9.013511395992582e-08,9.013511406090341e-08
t0_50s,50.0,20001.818016221372,0.0726658974436406,72665897.4436406,2.751822404558311e-08,2.129665666140649e-09,21.29665666140649,0.9999999999999976,1.0870807904048557e-17,1.0870807904048557e-17,0.7500995949008036,0.7500995949008036,3.7366891468194765e-09,7.473378293638953e-09,1.2652803024673952e-13,3.7958409074021855e-13,3.9075662953196625e-06,1.1722698885958987e-05,0.06247205041359059,0.24988820165436235,7.576012426293955e-17,5.303208698405769e-16,6.761031246987811e-08,4.7327218728914676e-07,4.981590674387222e-09,1.6868164055397488e-13,5.209396621306556e-06,1.010000868924058e-16,9.013511396285874e-08,9.013511406385883e-08
t0_50s,50.0,20220.503948615442,0.07221742674927469,72217426.74927469,2.709343232936392e-08,2.1360969021402462e-09,21.36096902140246,1.000000000000003,1.0582328231353115e-17,1.0582328231353115e-17,0.7500995949007672,0.7500995949007672,3.736646057065081e-09,7.473292114130161e-09,1.2652224707118649e-13,3.7956674121355946e-13,3.907566336090845e-06,1.1722699008272533e-05,0.06247205041359204,0.24988820165436815,7.577653356569468e-17,5.304357349598627e-16,6.761031247193846e-08,4.7327218730356924e-07,4.981533229009959e-09,1.6867393067706494e-13,5.209396675661167e-06,1.0102196305774485e-16,9.013511396560989e-08,9.013511406663186e-08
t0_50s,50.0,20441.580840520703,0.07177172387269916,71771723.87269916,2.6675198013137897e-08,2.1425475594026045e-09,21.425475594026043,1.0000000000000049,1.0300487478760851e-17,1.0300487478760851e-17,0.7500995949007304,0.7500995949007304,3.736603871845903e-09,7.473207743691806e-09,1.2651657848390639e-13,3.7954973545171913e-13,3.907566376042443e-06,1.172269912812733e-05,0.0624720504135928,0.2498882016543712,7.579248870052773e-17,5.305474209036941e-16,6.761031247387064e-08,4.7327218731709445e-07,4.9814769895195215e-09,1.6866637356423292e-13,5.209396728923147e-06,1.0104323374625771e-16,9.01351139681902e-08,9.013511406923344e-08
t0_50s,50.0,20665.074833021416,0.07132877173182736,71328771.73182736,2.626341987201522e-08,2.1490176965766967e-09,21.490176965766967,1.0000000000000056,1.0025163493538687e-17,1.0025163493538687e-17,0.7500995949006931,0.7500995949006931,3.736562573238257e-09,7.473125146476515e-09,1.265110223486604e-13,3.7953306704598123e-13,3.9075664151894155e-06,1.1722699245568247e-05,0.06247205041359358,0.2498882016543743,7.58080005467137e-17,5.306560038269959e-16,6.761031247568236e-08,4.7327218732977655e-07,4.981421932020836e-09,1.686589663675387e-13,5.209396781112439e-06,1.0106391346171843e-16,9.013511397060999e-08,9.01351140716739e-08
t0_50s,50.0,20891.01235301018,0.07088855334999769,70888553.34999768,2.5857998243688638e-08,2.155507372488623e-09,21.55507372488623,1.0000000000000053,9.756235571057955e-18,9.756235571057955e-18,0.7500995949006555,0.7500995949006555,3.7365221436566105e-09,7.473044287313221e-09,1.2650557656549833e-13,3.79516729696495e-13,3.9075664535464725e-06,1.1722699360639418e-05,0.06247205041359436,0.24988820165437745,7.582307978888984e-17,5.307615585222289e-16,6.761031247738094e-08,4.732721873416666e-07,4.981368033069638e-09,1.6865170628742035e-13,5.209396832248653e-06,1.0108401644841841e-16,9.0135113972879e-08,9.0135114073963e-08
t0_50s,50.0,21119.420116312944,0.07045105185532305,70451051.85532305,2.545883500431201e-08,2.162016646142115e-09,21.62016646142115,1.000000000000004,9.493584453812098e-18,9.493584453812098e-18,0.7500995949006175,0.7500995949006175,3.7364825658474e-09,7.4729651316948e-09,1.2650023907017563e-13,3.7950071721052687e-13,3.907566491128089e-06,1.1722699473384267e-05,0.06247205041359515,0.2498882016543806,7.583773691826515e-17,5.308641584278561e-16,6.761031247897319e-08,4.7327218735281235e-07,4.981315269664232e-09,1.6864459057191726e-13,5.209396882351086e-06,1.0110355669277902e-16,9.013511397500626e-08,9.013511407610982e-08
t0_50s,50.0,21350.325130847737,0.07001625048004413,70016250.48004413,2.506583354475166e-08,2.1685455767190957e-09,21.68545576719096,1.0000000000000018,9.237092330273074e-18,9.237092330273074e-18,0.750099594900579,0.750099594900579,3.736443822882925e-09,7.47288764576585e-09,1.264950078335761e-13,3.794850235007283e-13,3.907566527948509e-06,1.1722699583845527e-05,0.06247205041359596,0.24988820165438383,7.58519822339087e-17,5.309638756373609e-16,6.761031248046553e-08,4.732721873632587e-07,4.9812636192373455e-09,1.6863761651590044e-13,5.209396931438728e-06,1.0112254792506908e-16,9.013511397700042e-08,9.013511407812297e-08
t0_50s,50.0,21583.754699818346,0.0695841325598872,69584132.5598872,2.4678898747204337e-08,2.1750942235801927e-09,21.750942235801926,0.9999999999999984,8.98664283357447e-18,8.98664283357447e-18,0.7500995949005401,0.7500995949005401,3.736405898155401e-09,7.472811796310802e-09,1.264898808611474e-13,3.794696425834422e-13,3.907566564021743e-06,1.172269969206523e-05,0.06247205041359677,0.24988820165438708,7.586582584411173e-17,5.310607809087821e-16,6.761031248186407e-08,4.7327218737304855e-07,4.981213059648208e-09,1.686307814603198e-13,5.209396979530257e-06,1.0114100362122072e-16,9.013511397886957e-08,9.013511408001057e-08
t0_50s,50.0,21819.736424942865,0.06915468153342483,69154681.53342482,2.429793696217574e-08,2.18166264626532e-09,21.8166264626532,0.9999999999999942,8.742121040011757e-18,8.742121040011757e-18,0.7500995949005008,0.7500995949005008,3.736368775371096e-09,7.472737550742193e-09,1.264848561923439e-13,3.794545685770317e-13,3.907566599361574e-06,1.1722699798084722e-05,0.06247205041359759,0.24988820165439035,7.587927766782059e-17,5.311549436747441e-16,6.761031248317451e-08,4.732721873822216e-07,4.981163569174728e-09,1.6862408279146165e-13,5.209397026644048e-06,1.0115893700473977e-16,9.013511398062131e-08,9.013511408178025e-08
t0_50s,50.0,22058.29820971721,0.06872788094144139,68727880.94144139,2.392285598581437e-08,2.18825090449417e-09,21.8825090449417,0.999999999999989,8.503413467349655e-18,8.503413467349655e-18,0.7500995949004611,0.7500995949004611,3.736332438544547e-09,7.472664877089095e-09,1.264799319000779e-13,3.794397957002337e-13,3.907566633981573e-06,1.172269990194472e-05,0.062472050413598414,0.24988820165439365,7.589234743613739e-17,5.3124643205296175e-16,6.761031248440213e-08,4.732721873908149e-07,4.981115126505784e-09,1.6861751794021686e-13,5.209397072798194e-06,1.0117636104870631e-16,9.013511398226269e-08,9.013511408343905e-08
t0_50s,50.0,22299.46826271471,0.06830371442630247,68303714.42630246,2.355356503759601e-08,2.1948590581667833e-09,21.948590581667833,0.9999999999999839,8.270408072926515e-18,8.270408072926515e-18,0.750099594900422,0.750099594900422,3.736296871992944e-09,7.472593743985888e-09,1.2647510609018116e-13,3.7942531827054347e-13,3.907566667895073e-06,1.1722700003685219e-05,0.062472050413599246,0.24988820165439699,7.590504469388471e-17,5.31335312857193e-16,6.761031248555208e-08,4.732721873988646e-07,4.981067710733731e-09,1.6861108438136286e-13,5.209397118010462e-06,1.0119328847786051e-16,9.013511398380045e-08,9.013511408499374e-08
t0_50s,50.0,22543.275100921557,0.06788216573132766,67882165.73132765,2.3189974738351876e-08,2.201487167364091e-09,22.01487167364091,0.9999999999999902,8.042994251547363e-18,8.042994251547363e-18,0.750099594900395,0.750099594900395,3.736262060330569e-09,7.472524120661138e-09,1.2647037690087365e-13,3.7941113070262095e-13,3.907566701115196e-06,1.1722700103345589e-05,0.06247205041360009,0.24988820165440037,7.591737880123069e-17,5.314216516086148e-16,6.761031248662912e-08,4.7327218740640386e-07,4.981021301346927e-09,1.686047796328533e-13,5.209397162298266e-06,1.0120973177076796e-16,9.013511398523956e-08,9.013511408644929e-08
t0_50s,50.0,22789.7475531088,0.06746321870016767,67463218.70016767,2.2831997088636394e-08,2.2081352923484548e-09,22.08135292348455,0.9999999999999958,7.82106283315676e-18,7.82106283315676e-18,0.7500995949003676,0.7500995949003676,3.73622798846336e-09,7.47245597692672e-09,1.2646574250224135e-13,3.7939722750672404e-13,3.907566733654854e-06,1.1722700200964562e-05,0.06247205041360095,0.2498882016544038,7.592935893537234e-17,5.315055125476064e-16,6.76103124876377e-08,4.7327218741346393e-07,4.980975878222713e-09,1.6859860125512963e-13,5.209397205678906e-06,1.0122570316206837e-16,9.013511398658745e-08,9.013511408781316e-08
t0_50s,50.0,23038.91476324116,0.06704685727618478,67046857.27618478,2.2479545447428463e-08,2.214803493564226e-09,22.14803493564226,1.0000000000000004,7.60450608028358e-18,7.60450608028358e-18,0.75009959490034,0.75009959490034,3.7361946415835485e-09,7.472389283167097e-09,1.2646120109572215e-13,3.793836032871665e-13,3.907566765526743e-06,1.1722700296580228e-05,0.062472050413601814,0.24988820165440725,7.594099409227256e-17,5.315869586459079e-16,6.761031248858204e-08,4.732721874200743e-07,4.980931421620016e-09,1.6859254685042737e-13,5.209397248169307e-06,1.0124121464478629e-16,9.013511398784972e-08,9.013511408909093e-08
t0_50s,50.0,23290.80619392315,0.06663306550183797,66633065.50183797,2.213253451116228e-08,2.2214918316382805e-09,22.214918316382803,1.0000000000000042,7.393217685250179e-18,7.393217685250179e-18,0.750099594900312,0.750099594900312,3.736162005164431e-09,7.472324010328862e-09,1.2645675091360002e-13,3.7937025274080007e-13,3.907566796743335e-06,1.1722700390230005e-05,0.06247205041360269,0.24988820165441075,7.595229308844882e-17,5.316660516191418e-16,6.761031248946612e-08,4.732721874262628e-07,4.9808879121724705e-09,1.6858661406210477e-13,5.209397289786098e-06,1.0125627797271756e-16,9.01351139890317e-08,9.013511409028798e-08
t0_50s,50.0,23545.451629882868,0.06622182751807097,66221827.51807097,2.1790880293081077e-08,2.2282003673805787e-09,22.282003673805786,1.0000000000000073,7.187092767138962e-18,7.187092767138962e-18,0.7500995949002837,0.7500995949002837,3.736130064955211e-09,7.472260129910422e-09,1.2645239021850694e-13,3.793571706555208e-13,3.9075668273169256e-06,1.1722700481950777e-05,0.062472050413603576,0.2498882016544143,7.596326456280999e-17,5.317428519396699e-16,6.761031249029356e-08,4.7327218743205493e-07,4.980845330881538e-09,1.685808005739787e-13,5.2093973305456695e-06,1.0127090466287794e-16,9.01351139901382e-08,9.01351140914091e-08
t0_50s,50.0,23802.8811814938,0.06581312756370464,65813127.56370464,2.145450010291003e-08,2.2349291617847177e-09,22.349291617847175,1.0000000000000098,6.986027868510123e-18,6.986027868510123e-18,0.7500995949002551,0.7500995949002551,3.736098806975944e-09,7.472197613951887e-09,1.264481173029333e-13,3.793443519087999e-13,3.907566857259584e-06,1.1722700571778753e-05,0.062472050413604464,0.24988820165441786,7.597391697853817e-17,5.318174188497671e-16,6.761031249106795e-08,4.732721874374756e-07,4.980803659109766e-09,1.68575104109672e-13,5.209397370464111e-06,1.0128510599801195e-16,9.013511399117402e-08,9.013511409245912e-08
t0_50s,50.0,24063.125288335425,0.06540694997483247,65406949.97483247,2.11233125268425e-08,2.2416782760284923e-09,22.416782760284924,1.0000000000000113,6.789920951864108e-18,6.789920951864108e-18,0.7500995949002262,0.7500995949002262,3.736068217512586e-09,7.472136435025172e-09,1.264439304887449e-13,3.793317914662347e-13,3.907566886583176e-06,1.172270065974953e-05,0.062472050413605366,0.24988820165442147,7.598425862501318e-17,5.318898103750922e-16,6.761031249179258e-08,4.732721874425481e-07,4.980762878574193e-09,1.6856952243196948e-13,5.209397409557244e-06,1.0129889302915856e-16,9.013511399214355e-08,9.013511409344245e-08
t0_50s,50.0,24326.214722792196,0.06500327918422089,65003279.18422089,2.0797237407835972e-08,2.248447771474435e-09,22.48447771474435,1.000000000000012,6.598671395844336e-18,6.598671395844336e-18,0.750099594900197,0.750099594900197,3.736038283112093e-09,7.472076566224186e-09,1.2643982812670863e-13,3.793194843801259e-13,3.907566915299386e-06,1.1722700745898159e-05,0.06247205041360628,0.24988820165442513,7.599429761977596e-17,5.319600833384317e-16,6.761031249247048e-08,4.732721874472933e-07,4.980722971339805e-09,1.6856405334218563e-13,5.209397447840643e-06,1.0131227657826856e-16,9.013511399305079e-08,9.013511409436307e-08
t0_50s,50.0,24592.18059369237,0.06460209972071239,64602099.720712386,2.04761958262115e-08,2.2552377096703798e-09,22.552377096703797,1.0000000000000118,6.412179991174345e-18,6.412179991174345e-18,0.7500995949001674,0.7500995949001674,3.736008990577655e-09,7.47201798115531e-09,1.2643580859602507e-13,3.793074257880752e-13,3.907566943419695e-06,1.1722700830259085e-05,0.062472050413607205,0.24988820165442882,7.600404191052931e-17,5.320282933737052e-16,6.761031249310461e-08,4.732721874517323e-07,4.980683919813194e-09,1.6855869467954148e-13,5.209397485329615e-06,1.0132526724087202e-16,9.013511399389974e-08,9.013511409522501e-08
t0_50s,50.0,24861.054349986593,0.06420339620863205,64203396.20863205,2.016011008055261e-08,2.262048152350041e-09,22.620481523500413,1.0000000000000109,6.230348936325595e-18,6.230348936325595e-18,0.7500995949001376,0.7500995949001376,3.735980326964002e-09,7.471960653928003e-09,1.2643187030386854e-13,3.792956109116056e-13,3.907566970955389e-06,1.1722700912866166e-05,0.06247205041360814,0.24988820165443257,7.601349927717218e-17,5.320944949402052e-16,6.761031249369771e-08,4.732721874558839e-07,4.980645706736291e-09,1.6855344432055146e-13,5.2093975220392055e-06,1.0133787538879023e-16,9.013511399469402e-08,9.013511409603189e-08
t0_50s,50.0,25132.86778446626,0.06380715336719917,63807153.36719917,1.9848903668899738e-08,2.268879161433541e-09,22.688791614335408,1.0000000000000093,6.0530818329124295e-18,6.0530818329124295e-18,0.7500995949001075,0.7500995949001075,3.7359522795727715e-09,7.471904559145543e-09,1.2642801168493454e-13,3.792840350548036e-13,3.907566997917558e-06,1.1722700993752673e-05,0.062472050413609086,0.24988820165443634,7.602267733386499e-17,5.321587413370549e-16,6.761031249425232e-08,4.732721874597662e-07,4.980608315180195e-09,1.6854830017841997e-13,5.209397557984201e-06,1.0135011117288913e-16,9.013511399543702e-08,9.013511409678713e-08
t0_50s,50.0,25407.65303752303,0.0634133560099409,63413356.0099409,1.9542501270234236e-08,2.275730799028002e-09,22.757307990280022,1.000000000000007,5.880283680810288e-18,5.880283680810288e-18,0.7500995949000769,0.7500995949000769,3.735924835948015e-09,7.47184967189603e-09,1.2642423120099374e-13,3.792726936029812e-13,3.90756702431712e-06,1.1722701072951361e-05,0.062472050413610036,0.24988820165444015,7.603158353112457e-17,5.32221084717872e-16,6.761031249477086e-08,4.73272187463396e-07,4.98057172853918e-09,1.6854326020244698e-13,5.209397593179156e-06,1.0136198452587216e-16,9.0135113996132e-08,9.013511409749398e-08
t0_50s,50.0,25685.442600949194,0.06302198904411066,63021989.04411066,1.9240828726248644e-08,2.282603127428089e-09,22.82603127428089,1.0000000000000038,5.7118608729950646e-18,5.7118608729950646e-18,0.7500995949000461,0.7500995949000461,3.73589798387172e-09,7.47179596774344e-09,1.2642052734045403e-13,3.792615820213621e-13,3.907567050164799e-06,1.1722701150494397e-05,0.062472050413611,0.249888201654444,7.604022515794364e-17,5.322815761056055e-16,6.761031249525565e-08,4.732721874667896e-07,4.980535930524725e-09,1.6853832237744389e-13,5.209397627638365e-06,1.0137350516510587e-16,9.0135113996782e-08,9.01351140981555e-08
t0_50s,50.0,25966.269321779644,0.06263303747010912,62633037.47010912,1.8943813023397916e-08,2.289496209116599e-09,22.89496209116599,0.9999999999999976,5.547721190101222e-18,5.547721190101222e-18,0.7500995949000149,0.7500995949000149,3.735871711359459e-09,7.471743422718917e-09,1.2641689861792797e-13,3.792506958537839e-13,3.907567075471141e-06,1.1722701226413423e-05,0.0624720504136114,0.2498882016544456,7.604860934393598e-17,5.323402654075518e-16,6.761031249570874e-08,4.7327218746996114e-07,4.980500905159713e-09,1.685334847231571e-13,5.209397661375891e-06,1.013846825954798e-16,9.013511399738978e-08,9.013511409877447e-08
t0_50s,50.0,26250.166406175857,0.06224648638091001,62246486.38091001,1.865138227522846e-08,2.2964101067650056e-09,22.964101067650056,0.999999999999989,5.387773794697112e-18,5.387773794697112e-18,0.7500995948999833,0.7500995948999833,3.73584600665611e-09,7.47169201331222e-09,1.2641334357380816e-13,3.7924003072142445e-13,3.907567100246504e-06,1.172270130073951e-05,0.0624720504136114,0.2498882016544456,7.60567430615012e-17,5.323972014305084e-16,6.761031249613212e-08,4.7327218747292485e-07,4.980466636772733e-09,1.6852874529370176e-13,5.2093976944055415e-06,1.0139552611229238e-16,9.013511399795801e-08,9.013511409935353e-08
t0_50s,50.0,26537.16742335232,0.06186232096148832,61862320.96148832,1.836346570497922e-08,2.3033448832340477e-09,23.03344883234048,0.9999999999999802,5.2319292252764335e-18,5.2319292252764335e-18,0.7500995948999521,0.7500995948999521,3.735820858231632e-09,7.471641716463264e-09,1.2640986077384835e-13,3.792295823215451e-13,3.907567124501085e-06,1.1722701373503254e-05,0.0624720504136114,0.2498882016544456,7.606463312800979e-17,5.324524318960686e-16,6.761031249652774e-08,4.732721874756942e-07,4.980433109992432e-09,1.6852410217700335e-13,5.209397726740905e-06,1.0140604480416396e-16,9.013511399848918e-08,9.013511409989522e-08
t0_50s,50.0,26827.306309545907,0.061480526488252696,61480526.4882527,1.8079993628451723e-08,2.3103006015742856e-09,23.103006015742857,0.9999999999999861,5.080099389965176e-18,5.080099389965176e-18,0.750099594899936,0.750099594899936,3.7357962547769605e-09,7.471592509553921e-09,1.2640644880875236e-13,3.792193464262571e-13,3.907567148244894e-06,1.1722701444734681e-05,0.0624720504136114,0.2498882016544456,7.607228620800381e-17,5.325060034560266e-16,6.761031249689731e-08,4.7327218747828117e-07,4.98040030974196e-09,1.6851955349424645e-13,5.209397758395226e-06,1.0141624755596878e-16,9.013511399898381e-08,9.013511410040006e-08
t0_50s,50.0,27120.617372028646,0.06110108832848106,61101088.32848106,1.7800897437144528e-08,2.3172773250266936e-09,23.172773250266935,0.9999999999999915,4.932197559944181e-18,4.932197559944181e-18,0.7500995948999197,0.7500995948999197,3.735772185199914e-09,7.471544370399828e-09,1.264031062937678e-13,3.792093188813034e-13,3.907567171487767e-06,1.1722701514463302e-05,0.0624720504136114,0.2498882016544456,7.607970881541283e-17,5.325579617078898e-16,6.76103124972425e-08,4.732721874806975e-07,4.980368221233809e-09,1.6851509739934312e-13,5.209397789381722e-06,1.0142614305179512e-16,9.013511399944596e-08,9.01351141008721e-08
t0_50s,50.0,27417.135293164305,0.06072399193975982,60723991.93975981,1.7526109581647724e-08,2.3242751170232002e-09,23.242751170232,0.9999999999999961,4.788138362587578e-18,4.788138362587578e-18,0.7500995948999033,0.7500995948999033,3.735748638621256e-09,7.471497277242512e-09,1.2639983186828666e-13,3.7919949560486e-13,3.907567194239385e-06,1.1722701582718154e-05,0.0624720504136114,0.2498882016544456,7.60869073157821e-17,5.326083512104747e-16,6.761031249756488e-08,4.7327218748295415e-07,4.980336829964255e-09,1.6851073207839023e-13,5.209397819713299e-06,1.0143573977790974e-16,9.013511399987772e-08,9.013511410131346e-08
t0_50s,50.0,27716.8951345096,0.060349222869426365,60349222.86942636,1.7255563555294374e-08,2.3312940411873255e-09,23.312940411873253,1.0000000000000002,4.647837774318069e-18,4.647837774318069e-18,0.7500995948998866,0.7500995948998866,3.735725604370743e-09,7.471451208741485e-09,1.2639662419545325e-13,3.7918987258635973e-13,3.907567216509246e-06,1.1722701649527737e-05,0.0624720504136114,0.2498882016544456,7.609388792851076e-17,5.326572154995753e-16,6.76103124978659e-08,4.7327218748506135e-07,4.980306121708195e-09,1.6850645574915022e-13,5.20939784940262e-06,1.0144504602574377e-16,9.013511400028104e-08,9.013511410172609e-08
t0_50s,50.0,28019.93234095969,0.0599767667540156,59976766.7540156,1.698919387806378e-08,2.3383341613346895e-09,23.383341613346893,1.0000000000000036,4.511213113180746e-18,4.511213113180746e-18,0.7500995948998698,0.7500995948998698,3.735703071983308e-09,7.471406143966617e-09,1.2639348196177647e-13,3.791804458853294e-13,3.907567238306691e-06,1.1722701714920071e-05,0.0624720504136114,0.2498882016544456,7.610065672909878e-17,5.327045971036915e-16,6.76103124981469e-08,4.7327218748702827e-07,4.980276082514062e-09,1.685022666605341e-13,5.209397878462138e-06,1.014540698948883e-16,9.013511400065766e-08,9.013511410211174e-08
t0_50s,50.0,28326.282744939515,0.059606609318708946,59606609.31870895,1.672693608073329e-08,2.3453955414736315e-09,23.453955414736317,1.0000000000000067,4.3781830311370095e-18,4.3781830311370095e-18,0.7500995948998528,0.7500995948998528,3.735681031195294e-09,7.471362062390588e-09,1.2639040387674866e-13,3.7917121163024597e-13,3.907567259640891e-06,1.1722701778922674e-05,0.0624720504136114,0.2498882016544456,7.610721965140004e-17,5.327505375598002e-16,6.761031249840918e-08,4.7327218748886427e-07,4.9802466986987934e-09,1.684981630920935e-13,5.209397906904079e-06,1.0146281929609795e-16,9.013511400100938e-08,9.01351141024722e-08
t0_50s,50.0,28635.982570640925,0.05923873637678737,59238736.37678737,1.6468726689274982e-08,2.3524782458057948e-09,23.52478245805795,1.0000000000000089,4.2486675060810614e-18,4.2486675060810614e-18,0.7500995948998356,0.7500995948998356,3.735659471940739e-09,7.471318943881478e-09,1.2638738867247166e-13,3.7916216601741497e-13,3.90756728052087e-06,1.172270184156261e-05,0.0624720504136114,0.2498882016544456,7.611358248987979e-17,5.327950774291585e-16,6.761031249865399e-08,4.732721874905779e-07,4.980217956842891e-09,1.6849414335352198e-13,5.2093979347404745e-06,1.0147130195430062e-16,9.01351140013378e-08,9.013511410280911e-08
t0_50s,50.0,28949.068438305665,0.05887313382908798,58873133.82908798,1.6214503209493235e-08,2.359582338726686e-09,23.59582338726686,1.0000000000000107,4.122587833582077e-18,4.122587833582077e-18,0.7500995948998183,0.7500995948998183,3.735638384347751e-09,7.471276768695502e-09,1.263844351032863e-13,3.791533053098589e-13,3.90756730095549e-06,1.1722701902866469e-05,0.0624720504136114,0.2498882016544456,7.611975090187518e-17,5.328382563131262e-16,6.761031249888236e-08,4.732721874921765e-07,4.980189843785578e-09,1.6849020578416117e-13,5.209397961983137e-06,1.0147952541161094e-16,9.013511400164434e-08,9.013511410312386e-08
t0_50s,50.0,29265.577368555725,0.05850978766346319,58509787.66346319,1.5964204111899116e-08,2.3667078848262945e-09,23.667078848262946,1.0000000000000118,3.999866618354884e-18,3.999866618354884e-18,0.7500995948998007,0.7500995948998007,3.735617758734927e-09,7.471235517469855e-09,1.2638154194540929e-13,3.791446258362279e-13,3.907567320953458e-06,1.1722701962860374e-05,0.0624720504136114,0.2498882016544456,7.61257304098566e-17,5.328801128689962e-16,6.761031249909542e-08,4.7327218749366795e-07,4.980162346620033e-09,1.6848634875251666e-13,5.209397988643676e-06,1.0148749703034512e-16,9.01351140019305e-08,9.0135114103418e-08
t0_50s,50.0,29585.54678677076,0.058148683954244,58148683.954244,1.5717768816818525e-08,2.3738549488896506e-09,23.738549488896506,1.0000000000000124,3.8804277654631125e-18,3.8804277654631125e-18,0.750099594899783,0.750099594899783,3.735597585607863e-09,7.471195171215727e-09,1.263787079965756e-13,3.7913612398972684e-13,3.907567340523327e-06,1.172270202156998e-05,0.0624720504136114,0.2498882016544456,7.613152640368814e-17,5.32920684825817e-16,6.761031249929412e-08,4.7327218749505883e-07,4.98013545268873e-09,1.684825706557813e-13,5.2093980147334935e-06,1.0149522399603441e-16,9.013511400219753e-08,9.013511410369275e-08
t0_50s,50.0,29909.014527513435,0.05778980886170621,57789808.86170621,1.547513767973014e-08,2.3810235958974224e-09,23.810235958974225,1.0000000000000124,3.764196471258841e-18,3.764196471258841e-18,0.750099594899765,0.750099594899765,3.735577855655685e-09,7.47115571131137e-09,1.2637593207568507e-13,3.791277962270552e-13,3.907567359673506e-06,1.1722702079020518e-05,0.0624720504136114,0.2498882016544456,7.613714414288543e-17,5.32960009000198e-16,6.761031249947942e-08,4.7327218749635595e-07,4.980109149578819e-09,1.6847886991936392e-13,5.2093980402638e-06,1.0150271332043521e-16,9.013511400244673e-08,9.013511410394944e-08
t0_50s,50.0,30236.018839003147,0.05743314863154002,57433148.631540015,1.523625197682976e-08,2.3882138910265114e-09,23.882138910265112,1.000000000000012,3.651099214063237e-18,3.651099214063237e-18,0.7500995948997468,0.7500995948997468,3.735558559747718e-09,7.471117119495437e-09,1.2637321302245632e-13,3.7911963906736897e-13,3.907567378412246e-06,1.172270213523674e-05,0.0624720504136114,0.2498882016544456,7.614258875887015e-17,5.329981213120911e-16,6.761031249965222e-08,4.732721874975655e-07,4.980083425117684e-09,1.6847524499642814e-13,5.209398065245596e-06,1.0150997184453467e-16,9.013511400267928e-08,9.013511410418926e-08
t0_50s,50.0,30566.598387638656,0.057078689594322614,57078689.594322614,1.5001053890817215e-08,2.3954258996506413e-09,23.954258996506415,1.0000000000000109,3.541063744593035e-18,3.541063744593035e-18,0.7500995948997284,0.7500995948997284,3.7355396889301215e-09,7.471079377860243e-09,1.2637054969708462e-13,3.791116490912539e-13,3.907567396747662e-06,1.1722702190242986e-05,0.0624720504136114,0.2498882016544456,7.614786525721895e-17,5.330350568005326e-16,6.761031249981327e-08,4.732721874986929e-07,4.9800582673684546e-09,1.68471694367436e-13,5.209398089689698e-06,1.0151700624154879e-16,9.013511400289619e-08,9.013511410441319e-08
t0_50s,50.0,30900.792262570158,0.056726418164994706,56726418.16499471,1.476948649690323e-08,2.4026596873409544e-09,24.026596873409545,1.000000000000009,3.4340190761381128e-18,3.4340190761381128e-18,0.7500995948997099,0.7500995948997099,3.735521234422651e-09,7.471042468845303e-09,1.2636794097990496e-13,3.791038229397149e-13,3.907567414687724e-06,1.1722702244063173e-05,0.0624720504136114,0.2498882016544456,7.615297851990499e-17,5.330708496393349e-16,6.761031249996336e-08,4.732721874997435e-07,4.9800336646256945e-09,1.6846821653969918e-13,5.209398113606734e-06,1.0152382301991087e-16,9.013511400309851e-08,9.013511410462233e-08
t0_50s,50.0,31238.639980321313,0.05637632084233965,56376320.84233965,1.4541493749031797e-08,2.40991531986661e-09,24.099153198666098,1.000000000000007,3.3298954744959087e-18,3.3298954744959087e-18,0.7500995948996911,0.7500995948996911,3.735503187615466e-09,7.471006375230932e-09,1.263653857710616e-13,3.7909615731318475e-13,3.907567432240245e-06,1.1722702296720735e-05,0.0624720504136114,0.2498882016544456,7.615793330753198e-17,5.331055331527238e-16,6.761031250010324e-08,4.732721875007227e-07,4.980009605411139e-09,1.6846481004693798e-13,5.209398137007118e-06,1.0153042852624974e-16,9.013511400328724e-08,9.013511410481766e-08
t0_50s,50.0,31580.181489462077,0.056028384208465835,56028384.20846584,1.4317020466315237e-08,2.417192863195367e-09,24.171928631953673,1.0000000000000042,3.228624447667452e-18,3.228624447667452e-18,0.7500995948996722,0.7500995948996722,3.735485540065962e-09,7.470971080131924e-09,1.2636288299018116e-13,3.790886489705435e-13,3.90756744941292e-06,1.172270234823876e-05,0.0624720504136114,0.2498882016544456,7.616273426155754e-17,5.331391398309028e-16,6.761031250023357e-08,4.7327218750163503e-07,4.9799860784694774e-09,1.6846147344884588e-13,5.2093981599011095e-06,1.0153682894835387e-16,9.013511400346328e-08,9.01351141050001e-08
t0_50s,50.0,31925.457175332034,0.05568259492829265,55682594.928292654,1.4096012319679136e-08,2.4244923834942202e-09,24.244923834942202,1.0000000000000009,3.1301387353237378e-18,3.1301387353237378e-18,0.7500995948996529,0.7500995948996529,3.735468283495707e-09,7.470936566991415e-09,1.2636043157605159e-13,3.790812947281548e-13,3.9075674662132854e-06,1.1722702398639855e-05,0.0624720504136114,0.2498882016544456,7.616738590650695e-17,5.331717013455486e-16,6.761031250035494e-08,4.7327218750248456e-07,4.9799630727642664e-09,1.684582053306613e-13,5.209398182298756e-06,1.0154303031812262e-16,9.013511400362739e-08,9.013511410517041e-08
t0_50s,50.0,32274.50786481591,0.055338939749039494,55338939.74903949,1.3878415818712968e-08,2.4318139471299547e-09,24.318139471299546,0.9999999999999971,3.0343722980466807e-18,3.0343722980466807e-18,0.7500995948996336,0.7500995948996336,3.735451409787411e-09,7.470902819574822e-09,1.2635803048630578e-13,3.7907409145891737e-13,3.9075674826487706e-06,1.172270244794631e-05,0.0624720504136114,0.2498882016544456,7.617189265217402e-17,5.332032485652182e-16,6.761031250046795e-08,4.7327218750327563e-07,4.979940577473888e-09,1.6845500430274595e-13,5.209398204209961e-06,1.0154903851450037e-16,9.013511400378037e-08,9.01351141053294e-08
t0_50s,50.0,32627.374831171317,0.054997405499717406,54997405.49971741,1.3664178298723705e-08,2.4391576206697833e-09,24.39157620669783,0.9999999999999928,2.9412603063512565e-18,2.9412603063512565e-18,0.7500995948996141,0.7500995948996141,3.735434910981937e-09,7.470869821963875e-09,1.2635567869711023e-13,3.7906703609133073e-13,3.907567498726655e-06,1.1722702496179965e-05,0.0624720504136114,0.2498882016544456,7.61762587958087e-17,5.332338115706609e-16,6.761031250057322e-08,4.7327218750401255e-07,4.979918581987571e-09,1.684518690001698e-13,5.20939822564443e-06,1.0155485926639299e-16,9.013511400392306e-08,9.013511410547791e-08
t0_50s,50.0,32984.09979890869,0.05465797909062486,54657979.090624854,1.345324790798978e-08,2.446523470881938e-09,24.46523470881938,0.9999999999999878,2.8507391294979198e-18,2.8507391294979198e-18,0.7500995948995942,0.7500995948995942,3.735418779275396e-09,7.470837558550793e-09,1.2635337520285798e-13,3.79060125608574e-13,3.9075675144540835e-06,1.1722702543362251e-05,0.0624720504136114,0.2498882016544456,7.618048852429029e-17,5.33263419670032e-16,6.76103125006712e-08,4.732721875046984e-07,4.97989707590151e-09,1.6844879808230162e-13,5.209398246611688e-06,1.01560498155565e-16,9.013511400405607e-08,9.013511410561656e-08
t0_50s,50.0,33344.72494872525,0.05432064751284555,54320647.51284555,1.3245573595211064e-08,2.4539115647362726e-09,24.539115647362728,0.9999999999999825,2.7627463241012714e-18,2.7627463241012714e-18,0.7500995948995742,0.7500995948995742,3.735403007016257e-09,7.470806014032514e-09,1.2635111901586675e-13,3.7905335704760023e-13,3.907567529838075e-06,1.1722702589514224e-05,0.0624720504136114,0.2498882016544456,7.618458591628609e-17,5.332921014140027e-16,6.76103125007624e-08,4.732721875053368e-07,4.979876049015018e-09,1.6844579023240647e-13,5.209398267121091e-06,1.0156596061951737e-16,9.013511400418005e-08,9.013511410574601e-08
t0_50s,50.0,33709.29292249253,0.05398539783775016,53985397.83775016,1.3041105097153305e-08,2.4613219694048942e-09,24.613219694048944,0.9999999999999765,2.6772206225416703e-18,2.6772206225416703e-18,0.7500995948995539,0.7500995948995539,3.7353875867025476e-09,7.470775173405095e-09,1.2634890916608142e-13,3.790467274982443e-13,3.9075675448855235e-06,1.172270263465657e-05,0.0624720504136114,0.2498882016544456,7.618855494439238e-17,5.333198846107466e-16,6.761031250084722e-08,4.7327218750593055e-07,4.9798554913267946e-09,1.6844284415724934e-13,5.209398287181834e-06,1.0157125195434189e-16,9.013511400429558e-08,9.013511410586683e-08
t0_50s,50.0,34077.84682829857,0.05365221721650077,53652217.216500774,1.2839792926482766e-08,2.468754752262741e-09,24.687547522627412,0.99999999999997,2.5941019211898363e-18,2.5941019211898363e-18,0.7500995948995335,0.7500995948995335,3.735372510979076e-09,7.470745021958152e-09,1.263467447007812e-13,3.790402341023436e-13,3.9075675596032105e-06,1.1722702678809632e-05,0.0624720504136114,0.2498882016544456,7.619239947725882e-17,5.333467963408118e-16,6.761031250092609e-08,4.732721875064826e-07,4.979835393031219e-09,1.6843995858670446e-13,5.2093983068029525e-06,1.015763773175532e-16,9.013511400440318e-08,9.013511410597955e-08
t0_50s,50.0,34450.43024554519,0.05332109287955827,53321092.879558265,1.2641588359788897e-08,2.4762099808882327e-09,24.762099808882326,0.999999999999963,2.5133312684499024e-18,2.5133312684499024e-18,0.7500995948995128,0.7500995948995128,3.735357772634715e-09,7.47071554526943e-09,1.2634462468429036e-13,3.790338740528711e-13,3.907567573997761e-06,1.1722702721993284e-05,0.0624720504136114,0.2498882016544456,7.619612328169454e-17,5.333728629718618e-16,6.761031250099958e-08,4.7327218750699707e-07,4.979815744514729e-09,1.684371322733698e-13,5.209398325993282e-06,1.0158134173089663e-16,9.013511400450363e-08,9.013511410608497e-08
t0_50s,50.0,34827.087230100995,0.052992012136193124,52992012.13619313,1.244644342579185e-08,2.4836877230638484e-09,24.836877230638482,0.9999999999999556,2.4348508526300167e-18,2.4348508526300167e-18,0.750099594899492,0.750099594899492,3.735343364599752e-09,7.470686729199504e-09,1.2634254819769522e-13,3.7902764459308567e-13,3.907567588075718e-06,1.1722702764227155e-05,0.0624720504136114,0.2498882016544456,7.619973002475454e-17,5.333981101732818e-16,6.761031250106774e-08,4.7327218750747416e-07,4.9797965363522985e-09,1.6843436399218992e-13,5.209398344761544e-06,1.0158615008312965e-16,9.0135114004597e-08,9.013511410618315e-08
t0_50s,50.0,35207.86231951074,0.05266496237399894,52664962.37399894,1.2254310893732036e-08,2.4911880467767656e-09,24.911880467767656,0.9999999999999476,2.3586039896494526e-18,2.3586039896494526e-18,0.7500995948994708,0.7500995948994708,3.735329279943224e-09,7.470658559886448e-09,1.2634051433856395e-13,3.7902154301569184e-13,3.907567601843487e-06,1.172270280553046e-05,0.0624720504136114,0.2498882016544456,7.620322327580688e-17,5.334225629306482e-16,6.761031250113115e-08,4.7327218750791806e-07,4.979777759303866e-09,1.6843165254008202e-13,5.209398363116279e-06,1.0159080713277778e-16,9.013511400468409e-08,9.013511410627489e-08
t0_50s,50.0,35592.800538261654,0.05233993105840906,52339931.058409065,1.2065144261938896e-08,2.4987110202194667e-09,24.987110202194668,0.999999999999939,2.2845351105889153e-18,2.2845351105889153e-18,0.7500995948994494,0.7500995948994494,3.735315511870395e-09,7.47063102374079e-09,1.263385222206709e-13,3.7901556666201267e-13,3.907567615307366e-06,1.1722702845922098e-05,0.0624720504136114,0.2498882016544456,7.620660650857927e-17,5.334462455600549e-16,6.761031250119011e-08,4.732721875083308e-07,4.9797594043109866e-09,1.6842899673556887e-13,5.209398381065882e-06,1.0159531751086298e-16,9.013511400476526e-08,9.013511410636057e-08
t0_50s,50.0,35981.94740310723,0.05201690573221626,52016905.73221626,1.1878897746576236e-08,2.5062567117903725e-09,25.062567117903725,0.9999999999999301,2.2125897490938662e-18,2.2125897490938662e-18,0.7500995948994278,0.7500995948994278,3.7353020537202005e-09,7.470604107440401e-09,1.263365709737254e-13,3.7900971292117615e-13,3.907567628473509e-06,1.1722702885420525e-05,0.0624720504136114,0.2498882016544456,7.620988310318303e-17,5.334691817222813e-16,6.761031250124497e-08,4.732721875087148e-07,4.9797414624934225e-09,1.6842639541841694e-13,5.2093983986185585e-06,1.01599685723602e-16,9.013511400484099e-08,9.013511410644067e-08
t0_50s,50.0,36375.348928449646,0.0516958740150949,51695874.0150949,1.1695526270560861e-08,2.5138251900944426e-09,25.138251900944425,0.9999999999999205,2.142714528638636e-18,2.142714528638636e-18,0.7500995948994059,0.7500995948994059,3.73528889896276e-09,7.47057779792552e-09,1.2633465974310453e-13,3.7900397922931356e-13,3.9075676413479835e-06,1.172270292404395e-05,0.0624720504136114,0.2498882016544456,7.621305634811676e-17,5.334913944368173e-16,6.76103125012958e-08,4.732721875090706e-07,4.979723925145821e-09,1.6842384744928034e-13,5.209398415782398e-06,1.0160391615507739e-16,9.01351140049114e-08,9.013511410651532e-08
t0_50s,50.0,36773.051631780225,0.05137682360312706,51376823.603127055,1.1514985452653116e-08,2.521416523943827e-09,25.214165239438273,0.9999999999999104,2.0748571496602213e-18,2.0748571496602213e-18,0.7500995948993838,0.7500995948993838,3.735276041196955e-09,7.47055208239391e-09,1.263327876895892e-13,3.789983630687676e-13,3.907567653936749e-06,1.1722702961810246e-05,0.0624720504136114,0.2498882016544456,7.621612944224598e-17,5.335129060957219e-16,6.761031250134303e-08,4.7327218750940116e-07,4.979706783734491e-09,1.6842135170934882e-13,5.209398432565343e-06,1.0160801306987693e-16,9.0135114004977e-08,9.013511410658501e-08
t0_50s,50.0,37175.10253918013,0.051059742268330696,51059742.26833069,1.1337231596715034e-08,2.5290307823584587e-09,25.290307823584588,0.9999999999999,2.0089663765704355e-18,2.0089663765704355e-18,0.7500995948993615,0.7500995948993615,3.735263474148027e-09,7.470526948296054e-09,1.2633095398910695e-13,3.7899286196732085e-13,3.9075676662456445e-06,1.1722702998736934e-05,0.0624720504136114,0.2498882016544456,7.621910549676054e-17,5.335337384773238e-16,6.761031250138689e-08,4.732721875097082e-07,4.9796900298941975e-09,1.68418907100005e-13,5.20939844897518e-06,1.0161198061570292e-16,9.013511400503816e-08,9.013511410665014e-08
t0_50s,50.0,37581.549190881124,0.05074461785819062,50744617.85819062,1.1162221681134527e-08,2.536668034566727e-09,25.36668034566727,0.9999999999998889,1.9449920246549286e-18,1.9449920246549286e-18,0.750099594899339,0.750099594899339,3.735251191665237e-09,7.470502383330474e-09,1.2632915783247464e-13,3.7898747349742393e-13,3.907567678280394e-06,1.1722703034841181e-05,0.0624720504136114,0.2498882016544456,7.622198753710751e-17,5.335539127597525e-16,6.761031250142782e-08,4.7327218750999477e-07,4.979673655425045e-09,1.6841651254248127e-13,5.209398465019538e-06,1.0161582282594922e-16,9.013511400509544e-08,9.013511410671126e-08
t0_50s,50.0,37992.43964688648,0.050431438295193434,50431438.295193434,1.0989913348413134e-08,2.5443283500060524e-09,25.443283500060524,0.9999999999998774,1.8828849468683613e-18,1.8828849468683613e-18,0.7500995948993162,0.7500995948993162,3.735239187719552e-09,7.470478375439104e-09,1.2632739842514784e-13,3.7898219527544355e-13,3.907567690046618e-06,1.1722703070139854e-05,0.0624720504136114,0.2498882016544456,7.622477850490021e-17,5.335734495343015e-16,6.761031250146545e-08,4.7327218751025815e-07,4.979657652289391e-09,1.6841416697752572e-13,5.209398480705912e-06,1.0161954362224613e-16,9.013511400514834e-08,9.013511410676789e-08
t0_50s,50.0,38407.82249265413,0.05012019157636416,50120191.57636416,1.0820264894914156e-08,2.5520117983235654e-09,25.520117983235654,0.9999999999998787,1.8225970205333935e-18,1.8225970205333935e-18,0.7500995948993063,0.7500995948993063,3.735227456401367e-09,7.470454912802734e-09,1.2632567498697307e-13,3.789770249609192e-13,3.907567701549851e-06,1.1722703104649552e-05,0.0624720504136114,0.2498882016544456,7.62274812598028e-17,5.335923688186196e-16,6.761031250150043e-08,4.73272187510503e-07,4.97964201260872e-09,1.684118693650689e-13,5.209398496041588e-06,1.0162314681697116e-16,9.013511400519616e-08,9.013511410681931e-08
t0_50s,50.0,38827.746844841524,0.04981086577280628,49810865.77280628,1.065323526076905e-08,2.5597184493767015e-09,25.597184493767013,0.9999999999998893,1.7640811339536035e-18,1.7640811339536035e-18,0.7500995948993063,0.7500995948993063,3.7352159919182786e-09,7.470431983836557e-09,1.2632398675194498e-13,3.7897196025583494e-13,3.907567712795517e-06,1.172270313838655e-05,0.0624720504136114,0.2498882016544456,7.623009858138898e-17,5.336106900697229e-16,6.761031250153292e-08,4.732721875107305e-07,4.9796267286608726e-09,1.6840961868390658e-13,5.2093985110338185e-06,1.0162663611573093e-16,9.013511400523948e-08,9.013511410686612e-08
t0_50s,50.0,39252.2623571134,0.04950344902924476,49503449.02924476,1.0488784019939967e-08,2.567448373233859e-09,25.67448373233859,0.9999999999999,1.707291172947925e-18,1.707291172947925e-18,0.7500995948993063,0.7500995948993063,3.735204788592909e-09,7.470409577185818e-09,1.2632233296796464e-13,3.7896699890389394e-13,3.907567723788914e-06,1.1722703171366743e-05,0.0624720504136114,0.2498882016544456,7.623263317097604e-17,5.336284321968322e-16,6.76103125015631e-08,4.732721875109417e-07,4.979611792877083e-09,1.684074139313756e-13,5.209398525689736e-06,1.0163001511980491e-16,9.01351140052797e-08,9.013511410690972e-08
t0_50s,50.0,39681.41922601304,0.04919792956357139,49197929.56357139,1.0326871370435325e-08,2.5752016401750416e-09,25.752016401750417,0.9999999999999102,1.6521820073159782e-18,1.6521820073159782e-18,0.7500995948993063,0.7500995948993063,3.735193840860768e-09,7.470387681721536e-09,1.2632071289660381e-13,3.789621386898114e-13,3.907567734535266e-06,1.1722703203605799e-05,0.0624720504136114,0.2498882016544456,7.623508765343277e-17,5.336456135740294e-16,6.76103125015912e-08,4.732721875111384e-07,4.9795971978390175e-09,1.684052541230357e-13,5.209398540016302e-06,1.0163328732855348e-16,9.013511400531717e-08,9.013511410695045e-08
t0_50s,50.0,40115.268196897734,0.048894295666393466,48894295.66639347,1.0167458124676606e-08,2.5829783206924797e-09,25.829783206924798,0.9999999999999204,1.5987094772425e-18,1.5987094772425e-18,0.7500995948993063,0.7500995948993063,3.735183143268112e-09,7.470366286536224e-09,1.2631912581287273e-13,3.789573774386182e-13,3.907567745039709e-06,1.1722703235119126e-05,0.0624720504136114,0.2498882016544456,7.623746457896123e-17,5.336622520527286e-16,6.761031250161704e-08,4.7327218751131927e-07,4.979582936275981e-09,1.6840313829236217e-13,5.209398554020366e-06,1.0163645614179458e-16,9.013511400535162e-08,9.013511410698808e-08
t0_50s,50.0,40553.86056993913,0.04859253570058492,48592535.700584926,1.0010505700013818e-08,2.5907784854912657e-09,25.907784854912656,0.9999999999999302,1.5468303796497913e-18,1.5468303796497913e-18,0.7500995948993063,0.7500995948993063,3.735172690469909e-09,7.470345380939817e-09,1.2631757100498914e-13,3.789527130149674e-13,3.907567755307242e-06,1.1722703265921727e-05,0.0624720504136114,0.2498882016544456,7.623976642485239e-17,5.336783649739667e-16,6.761031250164075e-08,4.7327218751148523e-07,4.979569001062212e-09,1.6840106549043805e-13,5.209398567708593e-06,1.0163952486214426e-16,9.013511400538322e-08,9.013511410702274e-08
t0_50s,50.0,40997.2482061891,0.048292638100840245,48292638.10084025,9.855976109387404e-09,2.598602205490039e-09,25.986022054900392,0.9999999999999399,1.4965024545064706e-18,1.4965024545064706e-18,0.7500995948993063,0.7500995948993063,3.735162477227773e-09,7.470324954455546e-09,1.263160477741536e-13,3.789481433224608e-13,3.907567765342804e-06,1.1722703296028412e-05,0.0624720504136114,0.2498882016544456,7.624199559721478e-17,5.336939691805035e-16,6.761031250166301e-08,4.7327218751164103e-07,4.979555385214123e-09,1.6839903478565447e-13,5.209398581087565e-06,1.0164249669732129e-16,9.01351140054129e-08,9.013511410705539e-08
t0_50s,50.0,41445.48353371236,0.047994591373231234,47994591.37323123,9.703831952134132e-09,2.6064495518215788e-09,26.06449551821579,0.9999999999999495,1.4476843711009927e-18,1.4476843711009927e-18,0.7500995948993063,0.7500995948993063,3.735152498407991e-09,7.470304996815981e-09,1.2631455543432683e-13,3.7894366630298053e-13,3.907567775151232e-06,1.1722703325453696e-05,0.0624720504136114,0.2498882016544456,7.624415443267665e-17,5.337090810287366e-16,6.761031250168377e-08,4.732721875117864e-07,4.979542081887671e-09,1.683970452634138e-13,5.2093985941637326e-06,1.0164537476241631e-16,9.013511400544058e-08,9.013511410708595e-08
t0_50s,50.0,41898.61955378525,0.047698384094766746,47698384.09476674,9.55403640493528e-09,2.6143205958334767e-09,26.143205958334768,0.9999999999999587,1.4003357142883312e-18,1.4003357142883312e-18,0.7500995948993063,0.7500995948993063,3.735142748979539e-09,7.470285497959077e-09,1.2631309331201025e-13,3.7893927993603075e-13,3.907567784737275e-06,1.1722703354211825e-05,0.0624720504136114,0.2498882016544456,7.62462452000615e-17,5.337237164004305e-16,6.76103125017024e-08,4.7327218751191674e-07,4.9795290843757165e-09,1.6839509602583717e-13,5.209398606943427e-06,1.0164816208212568e-16,9.013511400546541e-08,9.013511410711357e-08
t0_50s,50.0,42356.70984716315,0.04740400491295449,47404004.91295449,9.406553212904052e-09,2.6222154090887796e-09,26.222154090887795,0.9999999999999677,1.3544169707178515e-18,1.3544169707178515e-18,0.7500995948993063,0.7500995948993063,3.735133224012173e-09,7.470266448024347e-09,1.2631166074602967e-13,3.78934982238089e-13,3.907567794105579e-06,1.1722703382316737e-05,0.0624720504136114,0.2498882016544456,7.624827010203547e-17,5.337378907142483e-16,6.761031250172059e-08,4.732721875120441e-07,4.979516386105474e-09,1.6839318619147608e-13,5.2093986194328396e-06,1.0165086159294763e-16,9.013511400548967e-08,9.013511410714053e-08
t0_50s,50.0,42819.808580416284,0.04711144254536617,47111442.545366175,9.261346680811076e-09,2.630134063366661e-09,26.30134063366661,0.9999999999999766,1.3098895150506202e-18,1.3098895150506202e-18,0.7500995948993063,0.7500995948993063,3.735123918674537e-09,7.470247837349074e-09,1.2631025708732432e-13,3.7893077126197296e-13,3.9075678032607115e-06,1.1722703409782135e-05,0.0624720504136114,0.2498882016544456,7.625023127672884e-17,5.337516189371019e-16,6.761031250173617e-08,4.7327218751215317e-07,4.979503980635987e-09,1.6839131489503106e-13,5.2093986316380626e-06,1.01653476145344e-16,9.013511400551044e-08,9.01351141071639e-08
t0_50s,50.0,43287.970512334156,0.04682068577920514,46820685.779205136,9.118381664444983e-09,2.6380766306630354e-09,26.380766306630356,0.9999999999999852,1.2667155961740319e-18,1.2667155961740319e-18,0.7500995948993063,0.7500995948993063,3.735114828232276e-09,7.470229656464552e-09,1.2630888169873625e-13,3.7892664509620874e-13,3.907567812207153e-06,1.172270343662146e-05,0.0624720504136114,0.2498882016544456,7.625213079932908e-17,5.3376491559530355e-16,6.761031250175167e-08,4.732721875122617e-07,4.979491861655623e-09,1.6838948128707097e-13,5.2093986435650674e-06,1.0165600850586408e-16,9.01351140055311e-08,9.01351141071871e-08
t0_50s,50.0,43761.25100040076,0.04653172347087647,46531723.47087647,8.977623562106544e-09,2.6460431831912444e-09,26.460431831912445,0.9999999999999937,1.2248583234216037e-18,1.2248583234216037e-18,0.7500995948993063,0.7500995948993063,3.735105948046256e-09,7.470211896092513e-09,1.2630753395480435e-13,3.7892260186441305e-13,3.9075678209492955e-06,1.1722703462847886e-05,0.0624720504136114,0.2498882016544456,7.625397068364753e-17,5.337777947855327e-16,6.761031250176517e-08,4.7327218751235614e-07,4.979480022979693e-09,1.6838768453375837e-13,5.20939865521971e-06,1.0165846135923309e-16,9.01351140055491e-08,9.013511410720755e-08
t0_50s,50.0,44239.706007340246,0.04624454454555988,46244544.54555988,8.839038306233929e-09,2.6540337933826934e-09,26.540337933826933,1.000000000000002,1.1842816528054642e-18,1.1842816528054642e-18,0.7500995948993063,0.7500995948993063,3.735097273570731e-09,7.470194547141462e-09,1.2630621324156124e-13,3.789186397246837e-13,3.907567829491458e-06,1.1722703488474375e-05,0.0624720504136114,0.2498882016544456,7.625575288365823e-17,5.337902701856076e-16,6.761031250177783e-08,4.732721875124448e-07,4.979468458548004e-09,1.6838592381657884e-13,5.209398666607748e-06,1.0166083731040387e-16,9.013511400556598e-08,9.013511410722682e-08
t0_50s,50.0,44723.39210773415,0.04595913799678545,45959137.99678545,8.702592355157557e-09,2.6620485338875253e-09,26.620485338875252,1.00000000000001,1.144950373269255e-18,1.144950373269255e-18,0.7500995948993063,0.7500995948993063,3.735088800351615e-09,7.47017760070323e-09,1.2630491895633394e-13,3.7891475686900183e-13,3.907567837837854e-06,1.1722703513513562e-05,0.0624720504136114,0.2498882016544456,7.625747929500933e-17,5.338023550650653e-16,6.761031250179064e-08,4.732721875125345e-07,4.979457162422564e-09,1.6838419833207505e-13,5.209398677734798e-06,1.0166313888657168e-16,9.013511400558305e-08,9.01351141072462e-08
t0_50s,50.0,45212.36649471105,0.045675492886011644,45675492.886011645,8.568252684981903e-09,2.670087477575266e-09,26.70087477575266,1.000000000000018,1.1068300929685347e-18,1.1068300929685347e-18,0.7500995948993063,0.7500995948993063,3.735080524024728e-09,7.470161048049456e-09,1.2630365050754686e-13,3.789109515226406e-13,3.907567845992632e-06,1.1722703537977896e-05,0.0624720504136114,0.2498882016544456,7.625915175650762e-17,5.338140622955533e-16,6.76103125018006e-08,4.7327218751260416e-07,4.97944612878524e-09,1.6838250729158427e-13,5.209398688606392e-06,1.0166536853915336e-16,9.013511400559633e-08,9.01351141072617e-08
t0_50s,50.0,45706.68698670931,0.045393598342206104,45393598.342206106,8.435986781592787e-09,2.6781506975355007e-09,26.781506975355008,1.0000000000000255,1.0698872255860545e-18,1.0698872255860545e-18,0.7500995948993063,0.7500995948993063,3.735072440314124e-09,7.470144880628247e-09,1.2630240731452645e-13,3.789072219435793e-13,3.907567853959862e-06,1.1722703561879585e-05,0.0624720504136114,0.2498882016544456,7.626077205157505e-17,5.338254043610254e-16,6.76103125018104e-08,4.7327218751267283e-07,4.979435351935527e-09,1.6838084992097794e-13,5.2093986992279544e-06,1.0166752864572914e-16,9.01351140056094e-08,9.013511410727693e-08
t0_50s,50.0,46206.41203431379,0.04511344356142893,45113443.56142893,8.30576263278801e-09,2.6862382670785478e-09,26.86238267078548,1.000000000000033,1.0340889766887746e-18,1.0340889766887746e-18,0.7500995948993063,0.7500995948993063,3.735064545030394e-09,7.470129090060788e-09,1.2630118880731216e-13,3.789035664219365e-13,3.907567861743524e-06,1.1722703585230571e-05,0.0624720504136114,0.2498882016544456,7.626234190967891e-17,5.338363933677524e-16,6.761031250182033e-08,4.732721875127423e-07,4.979424826288289e-09,1.6837922546040953e-13,5.2093987096047925e-06,1.0166962151194922e-16,9.013511400562263e-08,9.013511410729224e-08
t0_50s,50.0,46711.600727167286,0.04483501780641881,44835017.806418814,8.177548720529472e-09,2.694350259736083e-09,26.94350259736083,1.0000000000000406,9.994033301334206e-19,9.994033301334206e-19,0.7500995948993063,0.7500995948993063,3.735056834069041e-09,7.470113668138081e-09,1.2629999442646754e-13,3.7889998327940263e-13,3.9075678693475316e-06,1.1722703608042595e-05,0.0624720504136114,0.2498882016544456,7.626386300773436e-17,5.338470410541406e-16,6.761031250182938e-08,4.732721875128057e-07,4.979414546371587e-09,1.6837763316406282e-13,5.209398719742123e-06,1.0167164937340361e-16,9.01351140056347e-08,9.013511410730635e-08
t0_50s,50.0,47222.312800957465,0.04455831040618137,44558310.40618137,8.051314013314936e-09,2.702486749261861e-09,27.024867492618608,1.000000000000048,9.657990345271672e-19,9.657990345271672e-19,0.7500995948993063,0.7500995948993063,3.735049303408887e-09,7.470098606817773e-09,1.2629882362289408e-13,3.7889647086868224e-13,3.907567876775724e-06,1.1722703630327173e-05,0.0624720504136114,0.2498882016544456,7.626533697148007e-17,5.338573588003605e-16,6.761031250183615e-08,4.7327218751285303e-07,4.979404506824565e-09,1.683760722999037e-13,5.209398729645065e-06,1.0167361439745607e-16,9.013511400564372e-08,9.013511410731734e-08
t0_50s,50.0,47738.60864448062,0.04428331075558003,44283310.75558003,7.927027958667285e-09,2.710647809632333e-09,27.10647809632333,1.0000000000000548,9.332455897500334e-19,9.332455897500334e-19,0.7500995948993063,0.7500995948993063,3.73504194911048e-09,7.47008389822096e-09,1.2629767585765068e-13,3.7889302757295205e-13,3.907567884031848e-06,1.1722703652095545e-05,0.0624720504136114,0.2498882016544456,7.626676537682681e-17,5.338673576377877e-16,6.761031250184297e-08,4.7327218751290084e-07,4.979394702395318e-09,1.683745421494394e-13,5.2093987393186125e-06,1.0167551868504194e-16,9.013511400565283e-08,9.013511410732835e-08
t0_50s,50.0,48260.54930678177,0.04401000831492989,44010008.31492989,7.804660475740265e-09,2.718833515047373e-09,27.18833515047373,1.0000000000000617,9.017132335449188e-19,9.017132335449188e-19,0.7500995948993063,0.7500995948993063,3.735034767314551e-09,7.470069534629101e-09,1.2629655060177228e-13,3.7888965180531685e-13,3.907567891119604e-06,1.1722703673358811e-05,0.0624720504136114,0.2498882016544456,7.62681497511797e-17,5.338770482582579e-16,6.761031250184988e-08,4.7327218751294917e-07,4.979385127938835e-09,1.6837304200747688e-13,5.209398748767698e-06,1.0167736427243101e-16,9.013511400566203e-08,9.013511410733939e-08
t0_50s,50.0,48788.19650437363,0.04373839260959369,43738392.60959369,7.684181948037852e-09,2.7270439399309026e-09,27.270439399309026,1.0000000000000684,8.711729281814025e-19,8.711729281814025e-19,0.7500995948993063,0.7500995948993063,3.735027754240477e-09,7.470055508480953e-09,1.2629544733609372e-13,3.788863420082812e-13,3.907567898042589e-06,1.1722703694127766e-05,0.0624720504136114,0.2498882016544456,7.626949157473352e-17,5.338864410231346e-16,6.761031250185687e-08,4.732721875129981e-07,4.979375778414956e-09,1.6837157118188774e-13,5.20939875799712e-06,1.0167915313295424e-16,9.013511400567134e-08,9.01351141073505e-08
t0_50s,50.0,49321.61262853451,0.04346845322957997,43468453.22957997,7.56556321624613e-09,2.735279158931622e-09,27.35279158931622,1.000000000000075,8.415963471993256e-19,8.415963471993256e-19,0.7500995948993063,0.7500995948993063,3.7350209061847915e-09,7.470041812369583e-09,1.2629436555107553e-13,3.788830966532266e-13,3.907567904804361e-06,1.1722703714413084e-05,0.0624720504136114,0.2498882016544456,7.627079228174177e-17,5.338955459721924e-16,6.761031250186393e-08,4.732721875130475e-07,4.979366648886382e-09,1.6837012899337633e-13,5.209398767011619e-06,1.0168088717869578e-16,9.013511400568075e-08,9.013511410736165e-08
t0_50s,50.0,49860.86075268516,0.043200179829144716,43200179.829144716,7.44877557117607e-09,2.7435392469236313e-09,27.435392469236312,1.0000000000000815,8.129558622373008e-19,8.129558622373008e-19,0.7500995948993063,0.7500995948993063,3.73501421951972e-09,7.47002843903944e-09,1.2629330474663213e-13,3.788799142398964e-13,3.9075679114083925e-06,1.1722703734225178e-05,0.0624720504136114,0.2498882016544456,7.627205326175954e-17,5.339043728323168e-16,6.761031250186771e-08,4.73272187513074e-07,4.979357734516721e-09,1.6836871477525033e-13,5.209398775815825e-06,1.016825682621497e-16,9.01351140056858e-08,9.013511410736837e-08
t0_50s,50.0,50406.004639847255,0.04293356212639442,42933562.12639442,7.333790746814945e-09,2.7518242790071473e-09,27.518242790071472,1.000000000000088,7.852245299519194e-19,7.852245299519194e-19,0.7500995948993063,0.7500995948993063,3.735007690691759e-09,7.470015381383518e-09,1.2629226443196322e-13,3.7887679329588967e-13,3.907567917858093e-06,1.1722703753574278e-05,0.0624720504136114,0.2498882016544456,7.627327586086085e-17,5.339129310260259e-16,6.761031250187132e-08,4.7327218751309925e-07,4.9793490305685975e-09,1.683673278731963e-13,5.209398784414283e-06,1.0168419817784305e-16,9.013511400569061e-08,9.013511410737482e-08
t0_50s,50.0,50957.10875018288,0.04266858990289215,42668589.90289215,7.2205809134851675e-09,2.760134330509176e-09,27.60134330509176,1.000000000000094,7.583760790326592e-19,7.583760790326592e-19,0.7500995948993063,0.7500995948993063,3.735001316220214e-09,7.470002632440428e-09,1.262912441253866e-13,3.7887373237615977e-13,3.907567924156788e-06,1.1722703772470365e-05,0.0624720504136114,0.2498882016544456,7.627446138282873e-17,5.339212296798011e-16,6.761031250187496e-08,4.732721875131247e-07,4.979340532401703e-09,1.6836596764505648e-13,5.209398792811429e-06,1.0168577866392242e-16,9.013511400569547e-08,9.013511410738125e-08
t0_50s,50.0,51514.23824861659,0.042405253003265954,42405253.003265955,7.1091186711087194e-09,2.7684694769841973e-09,27.684694769841972,1.0000000000001,7.323848973173631e-19,7.323848973173631e-19,0.7500995948993063,0.7500995948993063,3.734995092695832e-09,7.469990185391665e-09,1.2629024335417535e-13,3.7887073006252604e-13,3.907567930307756e-06,1.1722703790923268e-05,0.0624720504136114,0.2498882016544456,7.627561109032223e-17,5.339292776322556e-16,6.761031250187866e-08,4.732721875131506e-07,4.979332235470971e-09,1.6836463346061212e-13,5.2093988010116304e-06,1.0168731140370967e-16,9.01351140057004e-08,9.013511410738771e-08
t0_50s,50.0,52077.45901254078,0.042143541334819415,42143541.33481941,6.9993770425754326e-09,2.776829794214859e-09,27.76829794214859,1.000000000000106,7.072260190132482e-19,7.072260190132482e-19,0.7500995948993063,0.7500995948993063,3.734989016779464e-09,7.469978033558927e-09,1.2628926165439567e-13,3.78867784963187e-13,3.907567936314209e-06,1.1722703808942626e-05,0.0624720504136114,0.2498882016544456,7.627672620601535e-17,5.339370834421075e-16,6.761031250188238e-08,4.732721875131766e-07,4.97932413532479e-09,1.6836332470136687e-13,5.209398809019171e-06,1.0168879802722032e-16,9.013511400570535e-08,9.013511410739414e-08
t0_50s,50.0,52646.83763960534,0.041883444867145195,41883444.867145196,6.891329467213895e-09,2.7852153582126505e-09,27.852153582126505,1.0000000000001117,6.828751120277108e-19,6.828751120277108e-19,0.7500995948993063,0.7500995948993063,3.734983085200669e-09,7.469966170401338e-09,1.2628829857074892e-13,3.7886489571224676e-13,3.907567942179277e-06,1.172270382653783e-05,0.0624720504136114,0.2498882016544456,7.627780791371362e-17,5.339446553959954e-16,6.761031250188615e-08,4.73272187513203e-07,4.979316227603155e-09,1.6836204076033652e-13,5.2093988168382225e-06,1.0169024011265222e-16,9.013511400571037e-08,9.013511410740061e-08
t0_50s,50.0,53222.44145559242,0.041624953631740375,41624953.63174038,6.784949794362871e-09,2.793626245218597e-09,27.93626245218597,1.000000000000117,6.593084654134493e-19,6.593084654134493e-19,0.7500995948993063,0.7500995948993063,3.734977294756432e-09,7.469954589512864e-09,1.262873536564138e-13,3.7886206096924143e-13,3.9075679479060605e-06,1.1722703843718182e-05,0.0624720504136114,0.2498882016544456,7.627885735944378e-17,5.339520015161065e-16,6.761031250188996e-08,4.732721875132297e-07,4.979308508035946e-09,1.683607810418384e-13,5.209398824472921e-06,1.016916391878381e-16,9.013511400571546e-08,9.01351141074071e-08
t0_50s,50.0,53804.338522377235,0.04136805772162446,41368057.721624464,6.680212277042245e-09,2.8020625317040037e-09,28.020625317040036,1.0000000000001226,6.365029769318283e-19,6.365029769318283e-19,0.7500995948993063,0.7500995948993063,3.734971642309863e-09,7.469943284619726e-09,1.2628642647289377e-13,3.7885927941868135e-13,3.907567953497574e-06,1.1722703860492721e-05,0.0624720504136114,0.2498882016544456,7.627987565252052e-17,5.339591295676436e-16,6.761031250189381e-08,4.7327218751325664e-07,4.979300972441196e-09,1.6835954496128814e-13,5.209398831927282e-06,1.0169299673166783e-16,9.013511400572059e-08,9.01351141074136e-08
t0_50s,50.0,54392.597645976384,0.04111274729095955,41112747.29095955,6.577091565721168e-09,2.810524294371044e-09,28.10524294371044,1.000000000000128,6.144361407384317e-19,6.144361407384317e-19,0.7500995948993063,0.7500995948993063,3.734966124788944e-09,7.469932249577887e-09,1.2628551658986415e-13,3.7885654976959243e-13,3.907567958956772e-06,1.1722703876870315e-05,0.0624720504136114,0.2498882016544456,7.628086386658815e-17,5.33966047066117e-16,6.76103125018977e-08,4.732721875132839e-07,4.979293616723426e-09,1.6835833194499562e-13,5.209398839205246e-06,1.0169431417547709e-16,9.013511400572578e-08,9.013511410742009e-08
t0_50s,50.0,54987.28838468319,0.04085901255467325,40859012.554673254,6.47556270218312e-09,2.8190116101535567e-09,28.190116101535565,1.000000000000133,5.930860351945705e-19,5.930860351945705e-19,0.7500995948993063,0.7500995948993063,3.73496073918524e-09,7.46992147837048e-09,1.2628462358502387e-13,3.7885387075507163e-13,3.907567964286558e-06,1.1722703892859673e-05,0.0624720504136114,0.2498882016544456,7.628182304063883e-17,5.339727612844718e-16,6.761031250190165e-08,4.732721875133115e-07,4.979286436871923e-09,1.6835714142996752e-13,5.209398846310684e-06,1.0169559290440482e-16,9.013511400573103e-08,9.013511410742663e-08
t0_50s,50.0,55588.481057292825,0.04060684378808355,40606843.78808355,6.375601113485117e-09,2.8275245562177045e-09,28.275245562177044,1.0000000000001381,5.724313108079558e-19,5.724313108079558e-19,0.7500995948993063,0.7500995948993063,3.734955482552721e-09,7.469910965105442e-09,1.262837470439472e-13,3.7885124113184165e-13,3.907567969489784e-06,1.1722703908469352e-05,0.0624720504136114,0.2498882016544456,7.628275418000718e-17,5.339792792600502e-16,6.761031250190445e-08,4.732721875133312e-07,4.979279428959167e-09,1.6835597286370964e-13,5.209398853247398e-06,1.0169683425871921e-16,9.013511400573478e-08,9.013511410743162e-08
t0_50s,50.0,56196.24675141749,0.04035623132652581,40356231.326525815,6.277182606010212e-09,2.8360632099626655e-09,28.360632099626656,1.0000000000001432,5.524511783059694e-19,5.524511783059694e-19,0.7500995948993063,0.7500995948993063,3.734950352006533e-09,7.469900704013067e-09,1.2628288655993985e-13,3.7884865967981957e-13,3.907567974569219e-06,1.1722703923707656e-05,0.0624720504136114,0.2498882016544456,7.628365825734158e-17,5.33985607801391e-16,6.761031250190445e-08,4.732721875133312e-07,4.979272589139199e-09,1.6835482570403482e-13,5.209398860019078e-06,1.0169803953511257e-16,9.013511400573478e-08,9.013511410743282e-08
t0_50s,50.0,56810.657331891445,0.04010716556498287,40107165.564982876,6.1802833596122125e-09,2.844627649021362e-09,28.446276490213616,1.000000000000148,5.331253968446004e-19,5.331253968446004e-19,0.7500995948993063,0.7500995948993063,3.7349453447218275e-09,7.469890689443655e-09,1.2628204173389595e-13,3.7884612520168786e-13,3.9075679795276e-06,1.1722703938582801e-05,0.0624720504136114,0.2498882016544456,7.628453621355217e-17,5.339917534948652e-16,6.761031250190445e-08,4.732721875133312e-07,4.979265913646051e-09,1.6835369941887265e-13,5.2093988666293755e-06,1.0169920998796519e-16,9.013511400573478e-08,9.013511410743399e-08
t0_50s,50.0,57431.785449269024,0.039859636957716583,39859636.957716584,6.084879921850321e-09,2.8532179512611518e-09,28.532179512611517,1.0000000000001528,5.144342623557058e-19,5.144342623557058e-19,0.7500995948993063,0.7500995948993063,3.7349404579325935e-09,7.469880915865187e-09,1.2628121217415823e-13,3.788436365224747e-13,3.907567984367604e-06,1.1722703953102813e-05,0.0624720504136114,0.2498882016544456,7.62853889587372e-17,5.339977227111604e-16,6.761031250190445e-08,4.732721875133312e-07,4.979259398792201e-09,1.683525934860827e-13,5.209398873081857e-06,1.0170034683058026e-16,9.013511400573478e-08,9.013511410743513e-08
t0_50s,50.0,58059.7045484151,0.03961363601790208,39613636.01790208,5.990949202313012e-09,2.861834194784527e-09,28.61834194784527,1.0000000000001574,4.963585960353514e-19,4.963585960353514e-19,0.7500995948993063,0.7500995948993063,3.734935688930534e-09,7.469871377861067e-09,1.2628039749637884e-13,3.7884119248913654e-13,3.907567989091842e-06,1.1722703967275527e-05,0.0624720504136114,0.2498882016544456,7.628621737308583e-17,5.340035216116008e-16,6.761031250190445e-08,4.732721875133312e-07,4.9792530409670635e-09,1.6835150739326925e-13,5.2093988793800056e-06,1.0170145123638752e-16,9.013511400573478e-08,9.013511410743623e-08
t0_50s,50.0,58694.48887718948,0.03936915331726402,39369153.31726402,5.89846846702948e-09,2.8704764579298702e-09,28.704764579298704,1.0000000000001619,4.788797329756633e-19,4.788797329756633e-19,0.7500995948993063,0.7500995948993063,3.734931035063915e-09,7.46986207012783e-09,1.2627959732338416e-13,3.788387919701525e-13,3.9075679937029e-06,1.17227039811087e-05,0.0624720504136114,0.2498882016544456,7.628702230776076e-17,5.340091561543253e-16,6.761031250190445e-08,4.732721875133312e-07,4.979246836635466e-09,1.683504406376009e-13,5.209398885527266e-06,1.0170252434011987e-16,9.013511400573478e-08,9.01351141074373e-08
t0_50s,50.0,59336.213495226286,0.03912617948571548,39126179.48571548,5.807415332967349e-09,2.8791448192721026e-09,28.791448192721028,1.0000000000001663,4.619795109423967e-19,4.619795109423967e-19,0.7500995948993063,0.7500995948993063,3.734926493736527e-09,7.469852987473054e-09,1.2627881128504035e-13,3.78836433855121e-13,3.907567998203283e-06,1.1722703994609848e-05,0.0624720504136114,0.2498882016544456,7.62878045857568e-17,5.340146321002976e-16,6.761031250190445e-08,4.732721875133312e-07,4.979240782336251e-09,1.683493927256314e-13,5.209398891526979e-06,1.0170356723895805e-16,9.013511400573478e-08,9.013511410743834e-08
t0_50s,50.0,59984.954282809376,0.038884705210998696,38884705.2109987,5.717767762615337e-09,2.8878393576234326e-09,28.878393576234327,1.0000000000001705,4.456402593003275e-19,4.456402593003275e-19,0.7500995948993063,0.7500995948993063,3.7349220624065495e-09,7.469844124813099e-09,1.262780390181217e-13,3.7883411705436514e-13,3.9075680025954526e-06,1.1722704007786357e-05,0.0624720504136114,0.2498882016544456,7.628856500274079e-17,5.340199550191855e-16,6.761031250190445e-08,4.732721875133312e-07,4.979234874680777e-09,1.6834836317312413e-13,5.209398897382428e-06,1.0170458099365031e-16,9.013511400573478e-08,9.013511410743936e-08
t0_50s,50.0,60640.7879498447,0.03864472123832823,38644721.23832823,5.6295040586495296e-09,2.896560152034064e-09,28.965601520340638,1.000000000000175,4.298447880882142e-19,4.298447880882142e-19,0.7500995948993063,0.7500995948993063,3.734917738585525e-09,7.46983547717105e-09,1.2627728016618005e-13,3.788318404985402e-13,3.907568006881821e-06,1.1722704020645464e-05,0.0624720504136114,0.2498882016544456,7.62893043278688e-17,5.340251302950815e-16,6.761031250190445e-08,4.732721875133312e-07,4.979229110351541e-09,1.683473515048779e-13,5.209398903096828e-06,1.017055666296019e-16,9.013511400573478e-08,9.013511410744034e-08
t0_50s,50.0,61303.79204493085,0.038406218370036056,38406218.37003606,5.5426028586819954e-09,2.9053072817929496e-09,29.053072817929497,1.000000000000179,4.145763772451328e-19,4.145763772451328e-19,0.7500995948993063,0.7500995948993063,3.734913519837313e-09,7.469827039674626e-09,1.2627653437941844e-13,3.788296031382553e-13,3.90756801106476e-06,1.1722704033194279e-05,0.0624720504136114,0.2498882016544456,7.629002330458333e-17,5.340301631320834e-16,6.761031250190445e-08,4.732721875133312e-07,4.979223486100788e-09,1.6834635725455878e-13,5.209398908673338e-06,1.017065251379379e-16,9.013511400573478e-08,9.013511410744131e-08
t0_50s,50.0,61974.044964528606,0.03816918746521943,38169187.46521943,5.457043130090507e-09,2.9140808264284584e-09,29.140808264284583,1.000000000000183,3.9981876598963506e-19,3.9981876598963506e-19,0.7500995948993063,0.7500995948993063,3.7349094037770615e-09,7.469818807554123e-09,1.2627580131456364e-13,3.7882740394369093e-13,3.907568015146576e-06,1.1722704045439728e-05,0.0624720504136114,0.2498882016544456,7.629072265139011e-17,5.340350585597308e-16,6.761031250190445e-08,4.732721875133312e-07,4.979217998749135e-09,1.6834537996452984e-13,5.209398914115038e-06,1.017074574765387e-16,9.013511400573478e-08,9.013511410744223e-08
t0_50s,50.0,62651.62596223134,0.03793361943939017,37933619.439390175,5.372804164927879e-09,2.9228808657090937e-09,29.228808657090937,1.000000000000187,3.8555614235303256e-19,3.8555614235303256e-19,0.7500995948993063,0.7500995948993063,3.73490538807023e-09,7.46981077614046e-09,1.2627508063474277e-13,3.7882524190422835e-13,3.90756801912955e-06,1.172270405738865e-05,0.0624720504136114,0.2498882016544456,7.629140306261603e-17,5.340398214383122e-16,6.761031250190445e-08,4.732721875133312e-07,4.979212645184277e-09,1.683444191856869e-13,5.2093989194249645e-06,1.0170836457105061e-16,9.013511400573478e-08,9.013511410744315e-08
t0_50s,50.0,63336.61515813561,0.037699505264126694,37699505.264126696,5.28986557491027e-09,2.9317074796443052e-09,29.317074796443052,1.0000000000001907,3.717731328680367e-19,3.717731328680367e-19,0.7500995948993063,0.7500995948993063,3.7349014704315705e-09,7.469802940863141e-09,1.2627437200936172e-13,3.7882311602808513e-13,3.907568023015894e-06,1.1722704069047683e-05,0.0624720504136114,0.2498882016544456,7.629206520914611e-17,5.340444564640228e-16,6.761031250190445e-08,4.732721875133312e-07,4.97920742235962e-09,1.6834347447729638e-13,5.2093989246060685e-06,1.0170924731586821e-16,9.013511400573478e-08,9.013511410744402e-08
t0_50s,50.0,64029.09354831522,0.037466835966728056,37466835.966728054,5.208207286482474e-09,2.9405607484851075e-09,29.405607484851075,1.0000000000001945,3.584547924136253e-19,3.584547924136253e-19,0.7500995948993063,0.7500995948993063,3.734897648624185e-09,7.46979529724837e-09,1.2627367511398477e-13,3.7882102534195435e-13,3.907568026807794e-06,1.1722704080423381e-05,0.0624720504136114,0.2498882016544456,7.629270973914211e-17,5.340489681739947e-16,6.761031250190445e-08,4.732721875133312e-07,4.97920232729303e-09,1.6834254540683469e-13,5.209398929661264e-06,1.0171010657509244e-16,9.013511400573478e-08,9.013511410744488e-08
t0_50s,50.0,64729.143014398986,0.03723560262986977,37235602.62986977,5.12780953595957e-09,2.9494407527249024e-09,29.494407527249024,1.000000000000198,3.4558659421705213e-19,3.4558659421705213e-19,0.7500995948993063,0.7500995948993063,3.734893920458593e-09,7.469787840917186e-09,1.2627298963021604e-13,3.788189688906481e-13,3.907568030507367e-06,1.17227040915221e-05,0.0624720504136114,0.2498882016544456,7.629333727874216e-17,5.340533609511951e-16,6.761031250190445e-08,4.732721875133312e-07,4.979197357065586e-09,1.6834163154983035e-13,5.209398934593372e-06,1.0171094318346327e-16,9.013511400573478e-08,9.013511410744573e-08
t0_50s,50.0,65436.846333251946,0.037005796391262405,37005796.391262405,5.048652864743571e-09,2.95834757310015e-09,29.5834757310015,1.0000000000002016,3.331544200136713e-19,3.331544200136713e-19,0.7500995948993063,0.7500995948993063,3.7348902837917654e-09,7.469780567583531e-09,1.2627231524558378e-13,3.7881694573675136e-13,3.9075680341167105e-06,1.1722704102350132e-05,0.0624720504136114,0.2498882016544456,7.629394843274225e-17,5.340576390291958e-16,6.761031250190445e-08,4.732721875133312e-07,4.979192508820297e-09,1.6834073248970974e-13,5.209398939405192e-06,1.017117579472683e-16,9.013511400573478e-08,9.013511410744654e-08
t0_50s,50.0,66152.28718676382,0.03677740844331163,36777408.44331163,4.970718114613736e-09,2.9672812905910874e-09,29.672812905910874,1.0000000000002052,3.2114455036503746e-19,3.2114455036503746e-19,0.7500995948993063,0.7500995948993063,3.734886736526224e-09,7.469773473052448e-09,1.2627165165342514e-13,3.788149549602754e-13,3.907568037637867e-06,1.1722704112913601e-05,0.0624720504136114,0.2498882016544456,7.629454378525915e-17,5.34061806496814e-16,6.761031250190445e-08,4.732721875133312e-07,4.979187779760895e-09,1.6833984781764332e-13,5.209398944099444e-06,1.0171255164522646e-16,9.013511400573478e-08,9.013511410744733e-08
t0_50s,50.0,66875.55017174374,0.03655043003278081,36550430.03278081,4.893986423089915e-09,2.9762419864225386e-09,29.762419864225386,1.0000000000002085,3.0954365513570473e-19,3.0954365513570473e-19,0.7500995948993063,0.7500995948993063,3.734883276609174e-09,7.469766553218347e-09,1.2627099855277461e-13,3.7881299565832384e-13,3.907568041072836e-06,1.1722704123218506e-05,0.0624720504136114,0.2498882016544456,7.629512390037549e-17,5.340658673026285e-16,6.761031250190445e-08,4.732721875133312e-07,4.979183167150685e-09,1.6833897713239703e-13,5.209398948678794e-06,1.0171332502934811e-16,9.013511400573478e-08,9.013511410744811e-08
t0_50s,50.0,67606.72080992341,0.03632485246045549,36324852.46045549,4.818439218867212e-09,2.9852297420646243e-09,29.85229742064624,1.0000000000002118,2.9833878412890254e-19,2.9833878412890254e-19,0.7500995948993063,0.7500995948993063,3.734879902031584e-09,7.469759804063169e-09,1.2627035564825108e-13,3.7881106694475323e-13,3.9075680444235785e-06,1.1722704133270736e-05,0.0624720504136114,0.2498882016544456,7.629568932276829e-17,5.34069825259378e-16,6.761031250190445e-08,4.732721875133312e-07,4.979178668311314e-09,1.6833812004018167e-13,5.209398953145858e-06,1.017140788257728e-16,9.013511400573478e-08,9.013511410744887e-08
t0_50s,50.0,68345.88555806947,0.036100667080810056,36100667.080810055,4.744058217321129e-09,2.9942446392334556e-09,29.942446392334556,1.0000000000002152,2.875173578812272e-19,2.875173578812272e-19,0.7500995948993063,0.7500995948993063,3.7348766108273405e-09,7.469753221654681e-09,1.2626972264995026e-13,3.788091679498508e-13,3.907568047692005e-06,1.1722704143076014e-05,0.0624720504136114,0.2498882016544456,7.629624057831953e-17,5.340736840482367e-16,6.761031250190445e-08,4.732721875133312e-07,4.979174280621644e-09,1.6833727615450953e-13,5.209398957503182e-06,1.0171481373558342e-16,9.013511400573478e-08,9.013511410744959e-08
t0_50s,50.0,69093.13181820659,0.03587786530167613,35877865.30167613,4.67082541608216e-09,3.00328675989193e-09,30.0328675989193,1.0000000000002183,2.770671586162846e-19,2.770671586162846e-19,0.7500995948993063,0.7500995948993063,3.734873401072393e-09,7.469746802144785e-09,1.2626909927333618e-13,3.7880729782000855e-13,3.9075680508800135e-06,1.172270415264004e-05,0.0624720504136114,0.2498882016544456,7.629677817471052e-17,5.340774472229736e-16,6.761031250190445e-08,4.732721875133312e-07,4.9791700015166165e-09,1.6833644509604968e-13,5.209398961753295e-06,1.0171553043559852e-16,9.013511400573478e-08,9.013511410745031e-08
t0_50s,50.0,69848.54794795223,0.035656438583913624,35656438.583913624,4.59872309067878e-09,3.0123561862504584e-09,30.123561862504584,1.0000000000002212,2.6697632135710877e-19,2.6697632135710877e-19,0.7500995948993063,0.7500995948993063,3.734870270883919e-09,7.469740541767838e-09,1.2626848523913617e-13,3.788054557174085e-13,3.907568053989427e-06,1.1722704161968281e-05,0.0624720504136114,0.2498882016544456,7.629730260199985e-17,5.340811182139989e-16,6.761031250190445e-08,4.732721875133312e-07,4.979165828486135e-09,1.6833562649248797e-13,5.20939896589863e-06,1.0171622957914279e-16,9.013511400573478e-08,9.013511410745101e-08
t0_50s,50.0,70612.22327096433,0.03543637844108332,35436378.44108332,4.527733790247566e-09,3.021453000767709e-09,30.21453000767709,1.0000000000002243,2.5723332519707717e-19,2.5723332519707717e-19,0.7500995948993063,0.7500995948993063,3.734867218419541e-09,7.469734436839082e-09,1.2626788027323532e-13,3.7880364081970596e-13,3.90756805702205e-06,1.172270417106615e-05,0.0624720504136114,0.2498882016544456,7.62978143331853e-17,5.34084700332297e-16,6.761031250190445e-08,4.732721875133312e-07,4.979161759074021e-09,1.6833481997838644e-13,5.209398969941589e-06,1.0171691179679619e-16,9.013511400573478e-08,9.01351141074517e-08
t0_50s,50.0,71384.24808750379,0.03521767643912133,35217676.439121336,4.457840333309453e-09,3.030577286151356e-09,30.30577286151356,1.0000000000002272,2.4782698472888884e-19,2.4782698472888884e-19,0.7500995948993063,0.7500995948993063,3.7348642418764625e-09,7.469728483752925e-09,1.26267284106576e-13,3.78801852319728e-13,3.907568059979648e-06,1.1722704179938942e-05,0.0624720504136114,0.2498882016544456,7.629831382474975e-17,5.340881967732482e-16,6.761031250190445e-08,4.732721875133312e-07,4.979157790876866e-09,1.6833402519504915e-13,5.2093989738845294e-06,1.0171757769712176e-16,9.013511400573478e-08,9.013511410745236e-08
t0_50s,50.0,72164.71368511122,0.03500032419601638,35000324.196016386,4.389025803611574e-09,3.0397291253588665e-09,30.397291253588666,1.00000000000023,2.3874644163112935e-19,2.3874644163112935e-19,0.7500995948993063,0.7500995948993063,3.734861339490738e-09,7.469722678981476e-09,1.2626669647505518e-13,3.7880008942516555e-13,3.907568062863941e-06,1.1722704188591821e-05,0.0624720504136114,0.2498882016544456,7.629880151719223e-17,5.340916106203456e-16,6.761031250190445e-08,4.732721875133312e-07,4.979153921543054e-09,1.6833324179038556e-13,5.209398977729743e-06,1.0171822786737354e-16,9.013511400573478e-08,9.013511410745301e-08
t0_50s,50.0,72953.71234940152,0.03478431338148825,34784313.38148825,4.321273546032827e-09,3.0489086015981923e-09,30.489086015981922,1.000000000000233,2.2998115641170905e-19,2.2998115641170905e-19,0.7500995948993063,0.7500995948993063,3.734858509536475e-09,7.46971701907295e-09,1.2626611711942522e-13,3.7879835135827567e-13,3.907568065676623e-06,1.1722704197029868e-05,0.0624720504136114,0.2498882016544456,7.629927783554409e-17,5.340949448488087e-16,6.761031250190445e-08,4.732721875133312e-07,4.979150148771702e-09,1.6833246941877796e-13,5.209398981479488e-06,1.0171886287418478e-16,9.013511400573478e-08,9.013511410745364e-08
t0_50s,50.0,73751.33737497665,0.03456963571666842,34569635.71666842,4.254567162552876e-09,3.058115798328566e-09,30.58115798328566,1.0000000000002356,2.215209003075143e-19,2.215209003075143e-19,0.7500995948993063,0.7500995948993063,3.734855750325054e-09,7.469711500650108e-09,1.2626554578519753e-13,3.787966373555926e-13,3.907568068419345e-06,1.1722704205258035e-05,0.0624720504136114,0.2498882016544456,7.629974318986997e-17,5.340982023290898e-16,6.761031250190445e-08,4.732721875133312e-07,4.979146470311616e-09,1.6833170774095335e-13,5.209398985135965e-06,1.017194832642357e-16,9.013511400573478e-08,9.013511410745426e-08
t0_50s,50.0,74557.68307645619,0.034356282973782966,34356282.973782964,4.18889050828344e-09,3.067350799261275e-09,30.673507992612752,1.000000000000238,2.1335574733941995e-19,2.1335574733941995e-19,0.7500995948993063,0.7500995948993063,3.734853060204431e-09,7.469706120408862e-09,1.262649822225446e-13,3.787949466676338e-13,3.907568071093728e-06,1.1722704213281185e-05,0.0624720504136114,0.2498882016544456,7.630019797575461e-17,5.341013858302823e-16,6.761031250190445e-08,4.732721875133312e-07,4.979142883960362e-09,1.683309564238526e-13,5.209398988701335e-06,1.0172008956490261e-16,9.013511400573478e-08,9.013511410745487e-08
t0_50s,50.0,75372.84479963021,0.03414424697583722,34144246.97583722,4.12422768756069e-09,3.0766136883603674e-09,30.766136883603675,1.0000000000002407,2.0547606652170343e-19,2.0547606652170343e-19,0.7500995948993063,0.7500995948993063,3.734850437558371e-09,7.469700875116742e-09,1.2626442618620736e-13,3.787932785586221e-13,3.907568073701352e-06,1.1722704221104056e-05,0.0624720504136114,0.2498882016544456,7.630064257477593e-17,5.341044980234315e-16,6.761031250190445e-08,4.732721875133312e-07,4.979139387563246e-09,1.6833021514050698e-13,5.209398992177706e-06,1.0172068228488852e-16,9.013511400573478e-08,9.013511410745546e-08
t0_50s,50.0,76196.91893273317,0.03393351959630222,33933519.59630222,4.060563050098056e-09,3.0859045498434814e-09,30.859045498434813,1.0000000000002434,1.9787251422487176e-19,1.9787251422487176e-19,0.7500995948993063,0.7500995948993063,3.734847880805734e-09,7.469695761611468e-09,1.2626387743539923e-13,3.787916323061977e-13,3.907568076243771e-06,1.1722704228731313e-05,0.0624720504136114,0.2498882016544456,7.630107735496427e-17,5.341075414847499e-16,6.761031250190445e-08,4.732721875133312e-07,4.979135979012362e-09,1.683294835699104e-13,5.209398995567148e-06,1.0172126191483539e-16,9.013511400573478e-08,9.013511410745604e-08
t0_50s,50.0,77030.00291784124,0.03372409275880343,33724092.75880343,3.9978811871984096e-09,3.0952234681825555e-09,30.952234681825555,1.0000000000002458,1.9053602669079263e-19,1.9053602669079263e-19,0.7500995948993063,0.7500995948993063,3.734845388399801e-09,7.469690776799601e-09,1.2626333573371637e-13,3.787900072011491e-13,3.907568078722498e-06,1.1722704236167493e-05,0.0624720504136114,0.2498882016544456,7.630150267124822e-17,5.341105186987376e-16,6.761031250190445e-08,4.732721875133312e-07,4.979132656245692e-09,1.683287613968996e-13,5.209398998871679e-06,1.0172182892791851e-16,9.013511400573478e-08,9.013511410745661e-08
t0_50s,50.0,77872.19526239434,0.03351595843681101,33515958.43681101,3.93616692802466e-09,3.1045705281046205e-09,31.045705281046207,1.000000000000248,1.8345781269893904e-19,1.8345781269893904e-19,0.7500995948993063,0.7500995948993063,3.7348429588275305e-09,7.469685917655061e-09,1.262628008490477e-13,3.787884025471431e-13,3.90756808113902e-06,1.1722704243417062e-05,0.0624720504136114,0.2498882016544456,7.630191886588802e-17,5.341134320612161e-16,6.761031250190445e-08,4.732721875133312e-07,4.979129417246115e-09,1.6832804831203417e-13,5.20939900209328e-06,1.0172238378042428e-16,9.013511400573478e-08,9.013511410745716e-08
t0_50s,50.0,78723.59555084405,0.03330910865333237,33309108.65333237,3.8754053359280515e-09,3.1139458145925855e-09,31.139458145925854,1.0000000000002505,1.7662934638250247e-19,1.7662934638250247e-19,0.7500995948993063,0.7500995948993063,3.7348405906089164e-09,7.469681181217833e-09,1.2626227255348498e-13,3.7878681766045493e-13,3.90756808349479e-06,1.172270425048437e-05,0.0624720504136114,0.2498882016544456,7.630232626889386e-17,5.34116283882257e-16,6.761031250190445e-08,4.732721875133312e-07,4.979126260040552e-09,1.6832734401147688e-13,5.20939900523389e-06,1.0172292691230785e-16,9.013511400573478e-08,9.01351141074577e-08
t0_50s,50.0,79584.30445642893,0.033103535480606364,33103535.480606362,3.815581704833002e-09,3.1233494128859794e-09,31.233494128859792,1.0000000000002527,1.700423601930394e-19,1.700423601930394e-19,0.7500995948993063,0.7500995948993063,3.734838282296341e-09,7.469676564592682e-09,1.2626175062323567e-13,3.78785251869707e-13,3.9075680857912285e-06,1.1722704257373685e-05,0.0624720504136114,0.2498882016544456,7.630272519843548e-17,5.341190763890483e-16,6.761031250190445e-08,4.732721875133312e-07,4.979123182699102e-09,1.6832664819687724e-13,5.209399008295401e-06,1.0172345874773921e-16,9.013511400573478e-08,9.013511410745824e-08
t0_50s,50.0,80454.42375307852,0.03289923103979946,32899231.039799463,3.7566815556778335e-09,3.132781408481746e-09,31.327814084817458,1.000000000000255,1.636888380122425e-19,1.636888380122425e-19,0.7500995948993063,0.7500995948993063,3.734836032473865e-09,7.46967206494773e-09,1.2626123483853776e-13,3.787837045156133e-13,3.907568088029723e-06,1.1722704264089169e-05,0.0624720504136114,0.2498882016544456,7.630311596123687e-17,5.341218117286581e-16,6.761031250190445e-08,4.732721875133312e-07,4.9791201833340954e-09,1.6832596057525817e-13,5.209399011279664e-06,1.0172397969562939e-16,9.013511400573478e-08,9.013511410745876e-08
t0_50s,50.0,81334.05632744737,0.03269618750070375,32696187.500703752,3.6986906329103633e-09,3.1422418871349975e-09,31.422418871349976,1.0000000000002571,1.575610084093956e-19,1.575610084093956e-19,0.7500995948993063,0.7500995948993063,3.734833839756623e-09,7.469667679513246e-09,1.262607249835735e-13,3.7878217495072047e-13,3.907568090211638e-06,1.1722704270634914e-05,0.0624720504136114,0.2498882016544456,7.630349885296008e-17,5.3412449197072055e-16,6.761031250190445e-08,4.732721875133312e-07,4.979117260099292e-09,1.6832528085890084e-13,5.2093990141884975e-06,1.0172449015014212e-16,9.013511400573478e-08,9.013511410745927e-08
t0_50s,50.0,82223.3061910815,0.0324943970814368,32494397.0814368,3.6415949010377237e-09,3.1517309348598574e-09,31.517309348598573,1.0000000000002591,1.5165133804298128e-19,1.5165133804298128e-19,0.7500995948993063,0.7500995948993063,3.734831702790192e-09,7.469663405580384e-09,1.2626022084638777e-13,3.787806625391633e-13,3.907568092338305e-06,1.1722704277014915e-05,0.0624720504136114,0.2498882016544456,7.630387415857707e-17,5.341271191100395e-16,6.761031250190445e-08,4.732721875133312e-07,4.9791144111890334e-09,1.68324608765236e-13,5.209399017023678e-06,1.0172499049118955e-16,9.013511400573478e-08,9.013511410745977e-08
t0_50s,50.0,83122.27849271613,0.03229385204814363,32293852.048143633,3.585380541229326e-09,3.1612486379301523e-09,31.612486379301522,1.0000000000002611,1.4595252520488608e-19,1.4595252520488608e-19,0.7500995948993063,0.7500995948993063,3.734829620249976e-09,7.469659240499951e-09,1.2625972221880583e-13,3.787791666564175e-13,3.907568094411031e-06,1.1722704283233094e-05,0.0624720504136114,0.2498882016544456,7.630424215273085e-17,5.34129695069116e-16,6.761031250190445e-08,4.732721875133312e-07,4.979111634837426e-09,1.6832394401673418e-13,5.209399019786946e-06,1.0172548108491374e-16,9.013511400573478e-08,9.013511410746026e-08
t0_50s,50.0,84031.07953070945,0.03209454471469999,32094544.71469999,3.530033947972273e-09,3.1707950828802647e-09,31.707950828802648,1.0000000000002633,1.4045749350555015e-19,1.4045749350555015e-19,0.7500995948993063,0.7500995948993063,3.73482759084059e-09,7.46965518168118e-09,1.2625922889635177e-13,3.7877768668905534e-13,3.9075680964310804e-06,1.172270428929324e-05,0.0624720504136114,0.2498882016544456,7.630460310008547e-17,5.341322217005983e-16,6.761031250190445e-08,4.732721875133312e-07,4.979108929317519e-09,1.68323286340797e-13,5.209399022479987e-06,1.0172596228415325e-16,9.013511400573478e-08,9.013511410746074e-08
t0_50s,50.0,84949.81676561231,0.03189646744241796,31896467.44241796,3.4755417257784563e-09,3.1803703565058847e-09,31.803703565058846,1.0000000000002651,1.3515938569841268e-19,1.3515938569841268e-19,0.7500995948993063,0.7500995948993063,3.734825613295264e-09,7.469651226590528e-09,1.2625874067816962e-13,3.7877622203450885e-13,3.9075680983997044e-06,1.1722704295199113e-05,0.0624720504136114,0.2498882016544456,7.630495725566504e-17,5.341347007896553e-16,6.761031250190445e-08,4.732721875133312e-07,4.979106292940511e-09,1.6832263546965206e-13,5.20939902510447e-06,1.0172643442889507e-16,9.013511400573478e-08,9.013511410746121e-08
t0_50s,50.0,85878.59883287374,0.03169961263975325,31699612.639753252,3.4218906859424823e-09,3.1899745458648097e-09,31.899745458648095,1.0000000000002671,1.3005155764193706e-19,1.3005155764193706e-19,0.7500995948993063,0.7500995948993063,3.73482368637527e-09,7.46964737275054e-09,1.2625825736694643e-13,3.787747721008393e-13,3.907568100318127e-06,1.1722704300954382e-05,0.0624720504136114,0.2498882016544456,7.630530486518296e-17,5.341371340562807e-16,6.761031250190445e-08,4.732721875133312e-07,4.979103724054982e-09,1.6832199114025037e-13,5.209399027662028e-06,1.0172689784671357e-16,9.013511400573478e-08,9.013511410746168e-08
t0_50s,50.0,86817.53555568727,0.03150397276201408,31503972.762014084,3.3690678433495832e-09,3.199607738277748e-09,31.996077382777482,1.000000000000269,1.2512757239744928e-19,1.2512757239744928e-19,0.7500995948993063,0.7500995948993063,3.734821808869358e-09,7.469643617738717e-09,1.2625777876883292e-13,3.7877333630649876e-13,3.907568102187534e-06,1.1722704306562602e-05,0.0624720504136114,0.2498882016544456,7.630564616535977e-17,5.3413952315751835e-16,6.761031250190445e-08,4.732721875133312e-07,4.979101221046149e-09,1.6832135309416054e-13,5.209399030154239e-06,1.017273528531942e-16,9.013511400573478e-08,9.013511410746213e-08
t0_50s,50.0,87766.73795797655,0.03130954031107207,31309540.311072066,3.317060413332854e-09,3.209270021329113e-09,32.09270021329113,1.0000000000002707,1.2038119446101264e-19,1.2038119446101264e-19,0.7500995948993063,0.7500995948993063,3.7348199795931455e-09,7.469639959186291e-09,1.2625730469337167e-13,3.78771914080115e-13,3.907568104009099e-06,1.1722704312027296e-05,0.0624720504136114,0.2498882016544456,7.63059813842327e-17,5.341418696896289e-16,6.761031250190445e-08,4.732721875133312e-07,4.979098782335043e-09,1.6832072107747306e-13,5.20939903258267e-06,1.0172779975234628e-16,9.013511400573478e-08,9.013511410746258e-08
t0_50s,50.0,88726.31827752352,0.031116307835074967,31116307.83507497,3.2658558085789884e-09,3.2189614828677762e-09,32.18961482867776,1.0000000000002724,1.1580638412750495e-19,1.1580638412750495e-19,0.7500995948993063,0.7500995948993063,3.734818197388652e-09,7.469636394777304e-09,1.2625683495341806e-13,3.787705048602542e-13,3.9075681057839505e-06,1.172270431735185e-05,0.0624720504136114,0.2498882016544456,7.630631074145504e-17,5.341441751901853e-16,6.761031250190445e-08,4.732721875133312e-07,4.979096406377896e-09,1.683200948406949e-13,5.2093990349488244e-06,1.0172823883700194e-16,9.013511400573478e-08,9.013511410746301e-08
t0_50s,50.0,89696.3899792397,0.03092426792816094,30924267.92816094,3.2154416360817866e-09,3.2286822110079177e-09,32.28682211007918,1.0000000000002742,1.113972919850539e-19,1.113972919850539e-19,0.7500995948993063,0.7500995948993063,3.734816461123654e-09,7.469632922247308e-09,1.2625636936507155e-13,3.7876910809521467e-13,3.9075681075132225e-06,1.1722704322539667e-05,0.0624720504136114,0.2498882016544456,7.630663444858517e-17,5.341464411400962e-16,6.761031250190445e-08,4.732721875133312e-07,4.9790940916652765e-09,1.6831947413865788e-13,5.209399037254214e-06,1.0172867038920158e-16,9.013511400573478e-08,9.013511410746345e-08
t0_50s,50.0,90677.06776858286,0.03073341323017477,30733413.23017477,3.1658056941426937e-09,3.2384322941298113e-09,32.384322941298116,1.000000000000276,1.0714825353794095e-19,1.0714825353794095e-19,0.7500995948993063,0.7500995948993063,3.734814769691236e-09,7.469629539382472e-09,1.2625590774760105e-13,3.7876772324280313e-13,3.9075681091979956e-06,1.1722704327593987e-05,0.0624720504136114,0.2498882016544456,7.63069527093677e-17,5.341486689655738e-16,6.761031250190445e-08,4.732721875133312e-07,4.979091836721494e-09,1.6831885873041926e-13,5.20939903950028e-06,1.0172909468056862e-16,9.013511400573478e-08,9.013511410746387e-08
t0_50s,50.0,91668.46760512024,0.03054373642638571,30543736.42638571,3.1169359694175906e-09,3.2482118208806125e-09,32.48211820880613,1.0000000000002776,1.0305378395608678e-19,1.0305378395608678e-19,0.7500995948993063,0.7500995948993063,3.734813122009255e-09,7.46962624401851e-09,1.2625544992337458e-13,3.7876634977012373e-13,3.9075681108393345e-06,1.1722704332518003e-05,0.0624720504136114,0.2498882016544456,7.630726572000554e-17,5.341508600400388e-16,6.761031250190445e-08,4.732721875133312e-07,4.979089640103882e-09,1.683182483791678e-13,5.209399041688441e-06,1.0172951197267219e-16,9.013511400573478e-08,9.01351141074643e-08
t0_50s,50.0,92670.70671624003,0.03035523024720731,30355230.24720731,3.0688206340092926e-09,3.25802088017518e-09,32.5802088017518,1.000000000000279,9.910857294917299e-20,9.910857294917299e-20,0.7500995948993063,0.7500995948993063,3.7348115170197915e-09,7.469623034039583e-09,1.2625499571778962e-13,3.7876498715336886e-13,3.907568112438291e-06,1.1722704337314874e-05,0.0624720504136114,0.2498882016544456,7.630757366942215e-17,5.34153015685955e-16,6.761031250190445e-08,4.732721875133312e-07,4.9790875004020686e-09,1.6831764285213105e-13,5.2093990438201e-06,1.017299225173768e-16,9.013511400573478e-08,9.013511410746471e-08
t0_50s,50.0,93683.90361101343,0.030167887467918538,30167887.467918538,3.0214480426047646e-09,3.2678595611968874e-09,32.67859561196887,1.0000000000002807,9.530747976347054e-20,9.530747976347054e-20,0.7500995948993063,0.7500995948993063,3.7348099536886935e-09,7.469619907377387e-09,1.2625454495920572e-13,3.7876363487761716e-13,3.907568113995882e-06,1.1722704341987648e-05,0.0624720504136114,0.2498882016544456,7.630787673951774e-17,5.341551371766242e-16,6.761031250190445e-08,4.732721875133312e-07,4.979085416237368e-09,1.6831704192048547e-13,5.2093990458966135e-06,1.0173032655718384e-16,9.013511400573478e-08,9.01351141074651e-08
t0_50s,50.0,94708.17809420668,0.02998170090838719,29981700.908387188,2.9748067296566933e-09,3.277727953398407e-09,32.77727953398407,1.0000000000002822,9.1645528299428e-20,9.1645528299428e-20,0.7500995948993063,0.7500995948993063,3.734808431005043e-09,7.469616862010086e-09,1.2625409747887548e-13,3.787622924366264e-13,3.907568115513112e-06,1.1722704346539337e-05,0.0624720504136114,0.2498882016544456,7.630817510541485e-17,5.341572257379039e-16,6.761031250190445e-08,4.732721875133312e-07,4.979083386262067e-09,1.6831644535926443e-13,5.209399047919318e-06,1.0173072432555905e-16,9.013511400573478e-08,9.01351141074655e-08
t0_50s,50.0,95743.65128044777,0.0297966634327944,29796663.4327944,2.9288854066084567e-09,3.287626146502588e-09,32.87626146502588,1.0000000000002838,8.811790234803319e-20,8.811790234803319e-20,0.7500995948993063,0.7500995948993063,3.734806947980704e-09,7.469613895961408e-09,1.2625365311087874e-13,3.787609593326362e-13,3.90756811699094e-06,1.1722704350972821e-05,0.0624720504136114,0.2498882016544456,7.630846893569788e-17,5.341592825498851e-16,6.761031250190445e-08,4.732721875133312e-07,4.979081409158827e-09,1.6831585294727038e-13,5.209399049889493e-06,1.0173111604725178e-16,9.013511400573478e-08,9.01351141074659e-08
t0_50s,50.0,96790.44560854818,0.029612767949361345,29612767.949361343,2.8836729591619347e-09,3.2975542305031815e-09,32.975542305031816,1.000000000000285,8.471994094397821e-20,8.471994094397821e-20,0.7500995948993063,0.7500995948993063,3.734805503649879e-09,7.469611007299758e-09,1.2625321169205758e-13,3.7875963507617273e-13,3.907568118430334e-06,1.1722704355291002e-05,0.0624720504136114,0.2498882016544456,7.630875839264325e-17,5.341613087485028e-16,6.761031250190445e-08,4.732721875133312e-07,4.9790794836400905e-09,1.6831526446698837e-13,5.20939905180843e-06,1.0173150193860187e-16,9.013511400573478e-08,9.013511410746628e-08
t0_50s,50.0,97848.68485597942,0.029430007410077477,29430007.410077475,2.8391584445875975e-09,3.30751229566572e-09,33.075122956657204,1.0000000000002864,8.144713383364698e-20,8.144713383364698e-20,0.7500995948993063,0.7500995948993063,3.7348040970685625e-09,7.469608194137125e-09,1.2625277306195185e-13,3.7875831918585555e-13,3.907568119832222e-06,1.1722704359496666e-05,0.0624720504136114,0.2498882016544456,7.630904363244402e-17,5.341633054271082e-16,6.761031250190445e-08,4.732721875133312e-07,4.979077608447348e-09,1.6831467970449988e-13,5.209399053677367e-06,1.0173188220783905e-16,9.013511400573478e-08,9.013511410746667e-08
t0_50s,50.0,98918.49415350975,0.02924837481043016,29248374.81043016,2.7953310890759634e-09,3.3175004325283295e-09,33.1750043252833,1.0000000000002878,7.829511705592193e-20,7.829511705592193e-20,0.7500995948993063,0.7500995948993063,3.734802727314139e-09,7.469605454628278e-09,1.2625233706273536e-13,3.787570111882061e-13,3.907568121197516e-06,1.1722704363592548e-05,0.0624720504136114,0.2498882016544456,7.630932480542514e-17,5.34165273637976e-16,6.761031250190445e-08,4.732721875133312e-07,4.97907578235061e-09,1.6831409844939795e-13,5.209399055497516e-06,1.0173225705537e-16,9.013511400573478e-08,9.013511410746704e-08
t0_50s,50.0,100000.0,0.0290678631891365,29067863.1891365,2.752180285130095e-09,3.32751873190254e-09,33.2751873190254,1.000000000000289,7.525966863382746e-20,7.525966863382746e-20,0.7500995948993063,0.7500995948993063,3.734801393484934e-09,7.469602786969868e-09,1.2625190353915564e-13,3.787557106174669e-13,3.9075681225271085e-06,1.1722704367581325e-05,0.0624720504136114,0.2498882016544456,7.630960205625327e-17,5.341672143937729e-16,6.761031250190445e-08,4.732721875133312e-07,4.979074004147803e-09,1.6831352049470678e-13,5.2093990572700704e-06,1.01732626674058e-16,9.013511400573478e-08,9.013511410746741e-08
