model,t0_s,n_over_p_initial,p_over_n_initial,t_s,T9,T_K,rho_g_cm3,eta,eta10,baryon_sum,Y_n,X_n,Y_H1,X_H1,Y_H2,X_H2,Y_H3,X_H3,Y_He3,X_He3,Y_He4,X_He4,Y_Li6,X_Li6,Y_Li7,X_Li7,Y_Be7,X_Be7,D/H,T/H,He3/H,Li7/H,Be7/H,Li7_plus_Be7_over_H
pynucastro,50.0,0.14285714285714285,7.0,50.0,1.7,1700000000.0,0.0002,1.2088326550782676e-09,12.088326550782677,1.0,0.125,0.125,0.875,0.875,1e-27,2e-27,6.628191391730481e-56,1.9884574175191446e-55,2.1017800238311734e-55,6.30534007149352e-55,4.035589066363353e-85,1.6142356265453412e-84,0.0,0.0,0.0,0.0,0.0,0.0,1.1428571428571429e-27,7.575075876263407e-56,2.4020343129499124e-55,0.0,0.0,0.0
pynucastro,50.0,0.14285714285714285,7.0,50.21474684684931,1.6978403515243465,1697840351.5243466,0.00019849082579161386,1.2042948731222794e-09,12.042948731222793,0.9999999999999994,0.06669839042610994,0.06669839042610994,0.8169836284097447,0.8169836284097447,0.004544782526615831,0.009089565053231661,0.00024834007485745996,0.0007450202245723799,7.720017647391202e-06,2.3160052942173606e-05,0.02661505211882266,0.10646020847529064,1.3345986046736028e-12,8.007591628041616e-12,3.907027490227228e-09,2.7349192431590594e-08,1.2968989163881138e-13,9.078292414716797e-13,0.005562880783134212,0.0003039719110906211,9.44941536027862e-06,4.782259220827033e-09,1.5874233843737143e-13,4.782417963165471e-09
pynucastro,50.0,0.14285714285714285,7.0,50.430416017863266,1.6956809431978934,1695680943.1978934,0.0001969933145823701,1.1997811138937111e-09,11.997811138937111,0.9999999999999983,0.03750255467710431,0.03750255467710431,0.7877472931156334,0.7877472931156334,0.0033570504653170257,0.006714100930634051,0.00018282373261593158,0.0005484711978477947,7.461557648002085e-06,2.2384672944006256e-05,0.041866290005792804,0.16746516002317122,2.2514457465286283e-12,1.3508674479171771e-11,5.052392339752846e-09,3.536674637826992e-08,3.4405148875327605e-13,2.4083604212729325e-12,0.00426158299070695,0.00023208424099160297,9.472019406744954e-06,6.413722248121017e-09,4.3675362868276177e-13,6.414159001749699e-09
pynucastro,50.0,0.14285714285714285,7.0,50.647011474365975,1.693521768225393,1693521768.2253928,0.0001955073768299229,1.1952912780817835e-09,11.952912780817835,0.9999999999999979,0.021500721473388423,0.021500721473388423,0.7717139358629419,0.7717139358629419,0.0025259343624594427,0.0050518687249188855,0.00013705599746090927,0.0004111679923827278,7.332278314075079e-06,2.199683494222524e-05,0.05032506870203556,0.20130027480814225,2.716667857594207e-12,1.6300007145565243e-11,4.897445629371899e-09,3.428211940560329e-08,6.945950881441457e-13,4.86216561700902e-12,0.0032731485659059736,0.00017759948485010995,9.501290534394739e-06,6.346193066859033e-09,9.000680898258487e-13,6.347093134948859e-09
pynucastro,50.0,0.14285714285714285,7.0,50.8645371946952,1.691362819868373,1691362819.868373,0.00019403292365655487,1.1908252666801604e-09,11.908252666801603,0.9999999999999987,0.012486384713133444,0.012486384713133444,0.7626746954519039,0.7626746954519039,0.001923156077073554,0.003846312154147108,0.00010391751818078433,0.000311752554542353,7.274435351874837e-06,2.1823306055624513e-05,0.05516475044120498,0.22065900176481992,2.801806628767936e-12,1.6810839772607615e-11,4.289951017865689e-09,3.002965712505983e-08,1.275483437737945e-12,8.928384064165614e-12,0.002521594184967728,0.0001362540527442183,9.538057831543173e-06,5.6248765606728114e-09,1.6723820068295159e-12,5.626548942679641e-09
pynucastro,50.0,0.14285714285714285,7.0,51.08299717427541,1.6892040914450952,1689204091.4450953,0.00019256986684458393,1.186382980988655e-09,11.86382980988655,0.9999999999999989,0.007322052362119571,0.007322052362119571,0.757490665562493,0.757490665562493,0.0014767458864411262,0.0029534917728822525,7.941382840540399e-05,0.00023824148521621197,7.258992595371966e-06,2.17769777861159e-05,0.057993436678799457,0.23197374671519783,2.621439742135474e-12,1.5728638452812845e-11,3.584696865297823e-09,2.509287805708476e-08,2.2424351951989237e-12,1.5697046366392465e-11,0.001949523543428133,0.00010483802905535915,9.582946596419937e-06,4.732331404553903e-09,2.9603469681487747e-12,4.7352917515220514e-09
pynucastro,50.0,0.14285714285714285,7.0,51.30239542569118,1.6870455763305108,1687045576.3305109,0.00019111811883179637,1.1819643226149023e-09,11.819643226149022,0.9999999999999989,0.0043297309249786245,0.0043297309249786245,0.7544828129393742,0.7544828129393742,0.0011419449792065732,0.0022838899584131465,6.106190122267744e-05,0.0001831857036680323,7.2703127569458925e-06,2.1810938270837676e-05,0.05967463725695525,0.238698549027821,2.3017731170112088e-12,1.3810638702067253e-11,2.923815095577379e-09,2.046670566904165e-08,3.850963099057062e-12,2.6956741693399434e-11,0.0015135467099080667,8.093213016316119e-05,9.636154240043757e-06,3.87525738881519e-09,5.1041097729637774e-12,3.880361498588153e-09
pynucastro,50.0,0.14285714285714285,7.0,51.52273597876086,1.6848872679562203,1684887267.9562204,0.0001896775927069099,1.1775691934760003e-09,11.775691934760003,0.999999999999999,0.002581131919094217,0.002581131919094217,0.7527220149480497,0.7527220149480497,0.0008888361276247789,0.0017776722552495577,4.720385990521307e-05,0.00014161157971563922,7.2991840799780205e-06,2.1897552239934063e-05,0.06068891379997774,0.24275565519991096,1.9417517415882756e-12,1.1650510449529653e-11,2.3554996290418525e-09,1.6488497403292968e-08,6.513005228236592e-12,4.5591036597656143e-11,0.0011808291905559894,6.271087993682624e-05,9.697051414766693e-06,3.129308804930358e-09,8.652603615806424e-12,3.1379614085461648e-09
pynucastro,50.0,0.14285714285714285,7.0,51.744022880610636,1.6827291598104295,1682729159.8104296,0.00018824820220506098,1.1731974958001162e-09,11.731974958001162,0.9999999999999991,0.0015519308680595533,0.0015519308680595533,0.7516832632941921,0.7516832632941921,0.0006964372666203177,0.0013928745332406353,3.667893863776734e-05,0.00011003681591330202,7.3392052017415855e-06,2.2017615605224758e-05,0.06130996589405605,0.2452398635762242,1.6000807274152937e-12,9.600484364491763e-12,1.8872882165531185e-09,1.321101751587183e-08,1.0878009338258145e-11,7.614606536780702e-11,0.0009265036227735559,4.879573675356933e-05,9.76369377918314e-06,2.5107492859189495e-09,1.4471533250036904e-11,2.5252208191689863e-09
pynucastro,50.0,0.14285714285714285,7.0,51.966260195748845,1.680571245437908,1680571245.437908,0.00018682986170332115,1.1688491321280625e-09,11.688491321280626,0.9999999999999989,0.0009419841692904517,0.0009419841692904517,0.7510658565859717,0.7510658565859717,0.000549570173865443,0.001099140347730886,2.8649540678541316e-05,8.594862203562395e-05,7.384824064811118e-06,2.2154472194433353e-05,0.061696226274041394,0.24678490509616557,1.3028202510175748e-12,7.816921506105448e-12,1.5104574695960063e-09,1.0573202287172045e-08,1.794157114954819e-11,1.2559099804683734e-10,0.000731720353210512,3.814517785267198e-05,9.832458765173284e-06,2.0110852548429085e-09,2.3888146415153258e-11,2.0349734012580618e-09
pynucastro,50.0,0.14285714285714285,7.0,52.189452006140606,1.6784135184399478,1678413518.4399478,0.0001854224862162406,1.164524005314842e-09,11.64524005314842,0.9999999999999986,0.0005779149588468132,0.0005779149588468132,0.7506959689278537,0.7506959689278537,0.0004370388091528544,0.0008740776183057088,2.2499891962328846e-05,6.749967588698654e-05,7.430249709905451e-06,2.2290749129716354e-05,0.06194055984546774,0.24776223938187095,1.0562880599782462e-12,6.337728359869478e-12,1.2110764832346848e-09,8.477535382642793e-09,2.9175935470618705e-11,2.0423154829433094e-10,0.0005821781749767946,2.997204313546969e-05,9.89781485108726e-06,1.6132715951097325e-09,3.886518201541413e-11,1.6521367771251466e-09
pynucastro,50.0,0.14285714285714285,7.0,52.41360241128283,1.67625597247432,1676255972.47432,0.0001840259913914171,1.1602220185311595e-09,11.602220185311594,0.9999999999999986,0.00035890202839542184,0.00035890202839542184,0.7504724229595462,0.7504724229595462,0.0003504894652364205,0.000700978930472841,1.77724784964795e-05,5.33174354894385e-05,7.469143126052342e-06,2.2407429378157023e-05,0.06209799101527571,0.24839196406110284,8.57202110808679e-13,5.143212664852074e-12,9.748357741185214e-10,6.82385041882965e-09,4.666000610681894e-11,3.2662004274773257e-10,0.00046702510913623996,2.368172094371217e-05,9.952588393051401e-06,1.2989628190122975e-09,6.217417813010582e-11,1.3611369971424032e-09
pynucastro,50.0,0.14285714285714285,7.0,52.63871552827957,1.6740986012552335,1674098601.2552335,0.00018264029350509336,1.1559430752649033e-09,11.559430752649034,0.9999999999999988,0.00022598512639620955,0.00022598512639620955,0.7503359792713398,0.7503359792713398,0.00028364512699395486,0.0005672902539879097,1.412514137409467e-05,4.2375424122284005e-05,7.4949372756786655e-06,2.2484811827035996e-05,0.06220146976835149,0.24880587907340596,6.986911637366307e-13,4.192146982419784e-12,7.889396258688166e-10,5.522577381081716e-09,7.316429343814426e-11,5.121500540670098e-10,0.00037802415828360787,1.8825088712674773e-05,9.988775005774198e-06,1.0514484812989579e-09,9.750871004372598e-11,1.148957191342684e-09
pynucastro,50.0,0.14285714285714285,7.0,52.86479549191749,1.6719413985532936,1671941398.5532937,0.0001812653094577804,1.1516870793225982e-09,11.516870793225982,0.9999999999999988,0.000144506702728985,0.000144506702728985,0.7502517629823581,0.7502517629823581,0.00023177040505203937,0.00046354081010407873,1.1300864613430156e-05,3.390259384029047e-05,7.501669857494487e-06,2.250500957248346e-05,0.06227094415359781,0.24908377661439124,5.732914317886297e-13,3.4397485907317782e-12,6.426640268525954e-10,4.498648187968168e-09,1.1213079081323264e-10,7.849155356926285e-10,0.0003089235060651092,1.5062763156340484e-05,9.998870016211993e-06,8.565978229733363e-10,1.494575505794171e-10,1.0060553735527533e-09
pynucastro,50.0,0.14285714285714285,7.0,53.09184645474196,1.6697843581954606,1669784358.1954606,0.00017990095676990778,1.1474539348308247e-09,11.474539348308246,0.9999999999999988,9.398821431202044e-05,9.398821431202044e-05,0.7501991263920922,0.7501991263920922,0.00019128779924411943,0.00038257559848823886,9.105861802160982e-06,2.731758540648295e-05,7.485000921042971e-06,2.2455002763128913e-05,0.062318633085076756,0.24927453234030703,4.74223498878695e-13,2.84534099327217e-12,5.273354171536648e-10,3.691347920075654e-09,1.6749090914854774e-10,1.1724363640398342e-09,0.00025498270061186757,1.2137926427551978e-05,9.977352222523022e-06,7.029272610456927e-10,2.2326193573972317e-10,9.261891967854159e-10
pynucastro,50.0,0.14285714285714285,7.0,53.31987258713324,1.6676274740650072,1667627474.0650072,0.0001785471535775002,1.143243546237611e-09,11.432435462376109,0.9999999999999988,6.22606962006057e-05,6.22606962006057e-05,0.7501657679801496,0.7501657679801496,0.00015949181062786574,0.0003189836212557315,7.3933332016979175e-06,2.2179999605093753e-05,7.442988002893874e-06,2.232896400868162e-05,0.062352118495155914,0.24940847398062366,3.957982056718389e-13,2.3747892340310333e-12,4.360806777588957e-10,3.05256474431227e-09,2.433165662610182e-10,1.7032159638271273e-09,0.00021260875587179035,9.855599278549798e-06,9.921791050176027e-06,5.813124196976621e-10,3.243503991339907e-10,9.056628188316528e-10
pynucastro,50.0,0.14285714285714285,7.0,53.54887807738313,1.6654707401014774,1665470740.1014774,0.0001772038186278799,1.1390558183137931e-09,11.390558183137932,0.9999999999999988,4.204810445100989e-05,4.204810445100989e-05,0.7501443068977093,0.7501443068977093,0.0001343368552649778,0.0002686737105299556,6.05156947655449e-06,1.8154708429663472e-05,7.37625107228628e-06,2.212875321685884e-05,0.06237617071887226,0.24950468287548905,3.3343727287597294e-13,2.0006236372558376e-12,3.635240536865218e-10,2.5446683758056524e-09,3.433577220068644e-10,2.403504054048051e-09,0.00017908135012120562,8.06720709723348e-06,9.833109449022474e-06,4.846054956944337e-10,4.5772222604321536e-10,9.42327721737649e-10
pynucastro,50.0,0.14285714285714285,7.0,53.77886713177186,1.6633141503006466,1663314150.3006465,0.00017587087127539686,1.134890656154348e-09,11.34890656154348,0.9999999999999988,2.896888790726013e-05,2.896888790726013e-05,0.7501302780994878,0.7501302780994878,0.00011427657667129487,0.00022855315334258973,4.9952286339539624e-06,1.4985685901861888e-05,7.2875913022126615e-06,2.1862773906637985e-05,0.062393836491287075,0.2495753459651483,2.8354377146623836e-13,1.7012626287974302e-12,3.054953962110715e-10,2.1384677734775005e-09,4.705907529224591e-10,3.294135270457214e-09,0.00015234230640685944,6.659148123722928e-06,9.715100849783491e-06,4.0725645281919206e-10,6.273453647474898e-10,1.034601817566682e-09
pynucastro,50.0,0.14285714285714285,7.0,54.009843974645385,1.6611576987144774,1661157698.7144773,0.0001745482314771832,1.1307479651796959e-09,11.307479651796958,0.9999999999999988,2.0362968808783688e-05,2.0362968808783688e-05,0.7501209548424211,0.7501209548424211,9.81418289667438e-05,0.0001962836579334876,4.1589564349436435e-06,1.247686930483093e-05,7.181225408838355e-06,2.1543676226515065e-05,0.062407092946025734,0.24962837178410294,2.433304178163642e-13,1.4599825068981851e-12,2.5877746439956483e-10,1.8114422507969538e-09,6.268998491813513e-10,4.388298944269459e-09,0.0001308346718395043,5.544381086937267e-06,9.573423275912782e-06,3.449809830388308e-10,8.357316845161923e-10,1.1807126675550231e-09
pynucastro,50.0,0.14285714285714285,7.0,54.24181284849296,1.6590013794510805,1659001379.4510806,0.00017323581978893505,1.1266276511369758e-09,11.266276511369758,0.9999999999999989,1.4600248574205479e-05,1.4600248574205479e-05,0.7501146539985855,0.7501146539985855,8.50479292787303e-05,0.0001700958585574606,3.492673968933139e-06,1.0478021906799417e-05,7.061943548162541e-06,2.1185830644487622e-05,0.06241724470086344,0.24966897880345376,2.1065425714113532e-13,1.263925542846812e-12,2.2089515953367603e-10,1.5462661167357323e-09,8.129638230965597e-10,5.690746761675918e-09,0.00011337990642546584,4.656186824660708e-06,9.414485519670781e-06,2.9448186134768217e-10,1.0837860835846206e-09,1.3782679449323028e-09
pynucastro,50.0,0.14285714285714285,7.0,54.474778014025055,1.6568451866746723,1656845186.6746724,0.0001719335573607196,1.1225296201012908e-09,11.225296201012908,0.9999999999999992,1.0671188279092973e-05,1.0671188279092973e-05,0.7501103241826429,0.7501103241826429,7.432424019595361e-05,0.00014864848039190722,2.958029298055046e-06,8.874087894165138e-06,6.934421856103802e-06,2.0803265568311405e-05,0.06242516756652262,0.24970067026609047,1.8387332999613877e-13,1.1032399799768326e-12,1.8994604882600125e-10,1.3296223417820087e-09,1.0283438356840581e-09,7.198406849788406e-09,9.908441171895742e-05,3.943458985554239e-06,9.244535946975385e-06,2.5322414943825204e-10,1.3709234528995347e-09,1.6241476023377868e-09
pynucastro,50.0,0.14285714285714285,7.0,54.70874375025163,1.6546891146055351,1654689114.605535,0.00017064136593280873,1.1184537784769265e-09,11.184537784769265,0.999999999999999,7.943184134938877e-06,7.943184134938877e-06,0.7501073000997751,0.7501073000997751,6.546092539698404e-05,0.0001309218507939681,2.5256801144739326e-06,7.577040343421798e-06,6.802779901922348e-06,2.0408339705767045e-05,0.0624314598577642,0.2497258394310568,1.6173048528966058e-13,9.703829117379635e-13,1.6446628537542287e-10,1.1512639976279602e-09,1.2717078360197254e-09,8.901954852138079e-09,8.726874860206905e-05,3.3670917669218534e-06,9.069075718923785e-06,2.1925701210153064e-10,1.6953678971669385e-09,1.914624909268469e-09
pynucastro,50.0,0.14285714285714285,7.0,54.943714354560704,1.652533157519975,1652533157.5199752,0.00016935916783153716,1.1144000329985402e-09,11.144000329985403,0.9999999999999992,6.0147070637190565e-06,6.0147070637190565e-06,0.750105154945187,0.750105154945187,5.806889918079341e-05,0.00011613779836158682,2.1731928386000604e-06,6.519578515800181e-06,6.670370995826413e-06,2.0011112987479238e-05,0.06243653751649638,0.24974615006598552,1.432616135705506e-13,8.595696814233036e-13,1.4332703523052674e-10,1.0032892466136871e-09,1.5411070428133508e-09,1.0787749299693455e-08,7.741434490613082e-05,2.8971842471324752e-06,8.89258119591758e-06,1.910759235363476e-10,2.054521332980261e-09,2.245597256516609e-09
pynucastro,50.0,0.14285714285714285,7.0,55.17969414279734,1.65037730975028,1650377309.7502801,0.00016808688596518667,1.1103682907323278e-09,11.103682907323279,0.9999999999999993,4.627302263871768e-06,4.627302263871768e-06,0.7501036108880562,0.7501036108880562,5.1849733936891254e-05,0.00010369946787378251,1.8834045699101864e-06,5.650213709730559e-06,6.5397531115777725e-06,1.9619259334733318e-05,0.06244069478717774,0.24976277914871095,1.2772472310716328e-13,7.663483386429797e-13,1.256544723672417e-10,8.795813065706918e-10,1.8342431997884972e-09,1.2839702398519481e-08,6.912342932932393e-05,2.5108592234083533e-06,8.71846637804514e-06,1.675161544929479e-10,2.4453197840454544e-09,2.6128359385384024e-09
pynucastro,50.0,0.14285714285714285,7.0,55.416687449342845,1.6482215656846801,1648221565.6846802,0.0001668244438198966,1.106358459077158e-09,11.063584590771582,0.9999999999999993,3.6122095246755106e-06,3.6122095246755106e-06,0.750102484420686,0.750102484420686,4.657323664378563e-05,9.314647328757126e-05,1.6431638745350953e-06,4.929491623605286e-06,6.412758958572458e-06,1.9238276875717375e-05,0.06244414332778282,0.2497765733111313,1.1454611112435015e-13,6.872766667461009e-13,1.1076951852741722e-10,7.753866296919205e-10,2.14868522327944e-09,1.504079656295608e-08,6.2089164628957e-05,2.190585831486923e-06,8.549177068151048e-06,1.4767251252735948e-10,2.864522205840843e-09,3.0121947183682022e-09
pynucastro,50.0,0.14285714285714285,7.0,55.654698627194456,1.646065919767307,1646065919.767307,0.00016557176545559826,1.102370445765679e-09,11.02370445765679,0.9999999999999992,2.857557687326795e-06,2.857557687326795e-06,0.750101652500111,0.750101652500111,4.20606919889248e-05,8.41213839778496e-05,1.4423605371262103e-06,4.327081611378631e-06,6.2906153672010415e-06,1.8871846101603124e-05,0.062447037892182373,0.2497881515687295,1.032796191531739e-13,6.196777149190434e-13,9.814191695120006e-11,6.869934186584005e-10,2.4820239229195445e-09,1.737416746043681e-08,5.607332266064909e-05,1.9228867611726757e-06,8.38635049827478e-06,1.308381559007238e-10,3.3089167510121936e-09,3.4397549069129173e-09
pynucastro,50.0,0.14285714285714285,7.0,55.89373204804524,1.6439103664981503,1643910366.4981503,0.00016432877550197548,1.0984041588654078e-09,10.984041588654078,0.9999999999999992,2.288041013868963e-06,2.288041013868963e-06,0.7501010313833064,0.7501010313833064,3.81723880118736e-05,7.63447760237472e-05,1.2731886795729247e-06,3.819566038718774e-06,6.174071087012849e-06,1.852221326103855e-05,0.062449493396129103,0.24979797358451641,9.357603928105991e-14,5.614562356863594e-13,8.735542790383027e-11,6.114879953268119e-10,2.831969961068161e-09,1.9823789727477127e-08,5.088966207855708e-05,1.6973562577629853e-06,8.230985998815217e-06,1.164582159588994e-10,3.77545136265918e-09,3.89190957861808e-09
pynucastro,50.0,0.14285714285714285,7.0,56.13379210236441,1.6417549004330199,1641754900.4330199,0.00016309539915445006,1.094459506779782e-09,10.94459506779782,0.9999999999999992,1.852186783978162e-06,1.852186783978162e-06,0.7501005632329361,0.7501005632329361,3.479830311830062e-05,6.959660623660125e-05,1.1295884930805372e-06,3.3887654792416114e-06,6.063515622899676e-06,1.8190546868699027e-05,0.06245159643493856,0.24980638573975425,8.516013634755758e-14,5.109608180853455e-13,7.808145480240188e-11,5.465701836168132e-10,3.1964084726234477e-09,2.2374859308364133e-08,4.639151711647811e-05,1.5059160710558686e-06,8.083603612782135e-06,1.0409464894396363e-10,4.261306589141749e-09,4.3654012380857126e-09
pynucastro,50.0,0.14285714285714285,7.0,56.374883199477964,1.6395995161835017,1639599516.1835017,0.00016187156217019203,1.0905363982491963e-09,10.905363982491963,0.9999999999999989,1.5142739363977721e-06,1.5142739363977721e-06,0.7501002075261686,0.7501002075261686,3.185114374309617e-05,6.370228748619234e-05,1.0068260429617486e-06,3.0204781288852456e-06,5.959078914359431e-06,1.7877236743078292e-05,0.062453413173175744,0.24981365269270298,7.78133966644126e-14,4.668803799864756e-13,7.005904134255672e-11,4.90413289397897e-10,3.573421827512546e-09,2.501395279258782e-08,4.246251823891808e-05,1.3422553851601537e-06,7.944377103977187e-06,9.339957600280039e-11,4.763925928373884e-09,4.857325504376684e-09
pynucastro,50.0,0.14285714285714285,7.0,56.6170097676497,1.6374442084169198,1637444208.41692,0.00016065719086415494,1.086634742352003e-09,10.86634742352003,0.9999999999999992,1.2491430649933394e-06,1.2491430649933394e-06,0.7500999354765762,0.7500999354765762,2.926112265947331e-05,5.852224531894662e-05,9.011776184562182e-07,2.7035328553686545e-06,5.8607104924611e-06,1.75821314773833e-05,0.06245499482491927,0.2498199792996771,7.136105031512673e-14,4.2816630189076036e-13,6.307955416603025e-11,4.4155687916221176e-10,3.96129201012972e-09,2.7729044070908043e-08,3.9009632284373214e-05,1.2014100732906406e-06,7.813239563522289e-06,8.409486680725101e-11,5.281018998639044e-09,5.3651138654462954e-09
pynucastro,50.0,0.14285714285714285,7.0,56.860176254162496,1.6352889718562924,1635288971.8562925,0.00015945221210513565,1.0827544485054993e-09,10.827544485054993,0.9999999999999991,1.038819166223243e-06,1.038819166223243e-06,0.7500997263646842,0.7500997263646842,2.697202658415698e-05,5.394405316831396e-05,8.096930873520156e-07,2.429079262056047e-06,5.768239577424097e-06,1.730471873227229e-05,0.06245638151407866,0.24982552605631464,6.566227581851876e-14,3.939736549111126e-13,5.697512295349648e-11,3.9882586067447534e-10,4.358493071502923e-09,3.0509451500520464e-08,3.595792084190642e-05,1.0794472506691174e-06,7.689963580415557e-06,7.595673075315356e-11,5.810551475103334e-09,5.886508205856488e-09
pynucastro,50.0,0.14285714285714285,7.0,57.10438712540005,1.6331338012802936,1633133801.2802937,0.00015825655331185948,1.0788954264668777e-09,10.788954264668776,0.9999999999999993,8.702804838468708e-07,8.702804838468708e-07,0.7500995650874878,0.7500995650874878,2.493823892328182e-05,4.987647784656364e-05,7.300178135953278e-07,2.1900534407859836e-06,5.681419457898697e-06,1.704425837369609e-05,0.062457605033752465,0.24983042013500986,6.060277190214556e-14,3.636166314128734e-13,5.1609800581156837e-11,3.6126860406809783e-10,4.7636749317848024e-09,3.3345724522493615e-08,3.3246571633957895e-05,9.732278854343586e-07,7.574220439970587e-06,6.880393348200026e-11,6.350723495259182e-09,6.4195274287411825e-09
pynucastro,50.0,0.14285714285714285,7.0,57.34964686692887,1.6309786915232096,1630978691.5232096,0.00015707014244908864,1.0750575863341643e-09,10.750575863341643,0.9999999999999993,7.339694447959498e-07,7.339694447959498e-07,0.7500994405052087,0.7500994405052087,2.3122472713783742e-05,4.6244945427567485e-05,6.602583370571113e-07,1.980775011171334e-06,5.599959530466129e-06,1.6799878591398388e-05,0.06245869084208614,0.24983476336834456,5.608909483394505e-14,3.365345690036703e-13,4.687266045445566e-11,3.2810862318118963e-10,5.1756465723548374e-09,3.622952600648386e-08,3.082587649740179e-05,8.802277423542838e-07,7.4656228602096166e-06,6.248859540927783e-11,6.89994725081907e-09,6.962435846228348e-09
pynucastro,50.0,0.14285714285714285,7.0,57.59595998358077,1.6288236374749,1628823637.4749,0.00015589290802375623,1.0712408385471194e-09,10.712408385471194,0.9999999999999993,6.227836751494265e-07,6.227836751494265e-07,0.7500993443098892,0.7500993443098892,2.149403546846669e-05,4.298807093693338e-05,5.988808254047077e-07,1.796642476214123e-06,5.5235477177683325e-06,1.6570643153305e-05,0.06245965952433425,0.249838638097337,5.204431673500882e-14,3.122659004100529e-13,4.2672685768789854e-11,2.9870880038152897e-10,5.593358619723237e-09,3.915351033806266e-08,2.8654918353837194e-05,7.984020116104667e-07,7.363754894160238e-06,5.6889378843611476e-11,7.45682376894926e-09,7.513713147792871e-09
pynucastro,50.0,0.14285714285714285,7.0,57.84333099953544,1.6266686340807557,1626668634.0807557,0.00015472477908112399,1.0674450938881272e-09,10.674450938881272,0.9999999999999992,5.313825159647743e-07,5.313825159647743e-07,0.7500992702403466,0.7500992702403466,2.0027491472634586e-05,4.005498294526917e-05,5.446337562241482e-07,1.6339012686724447e-06,5.451865819832985e-06,1.6355597459498957e-05,0.062460527877856525,0.2498421115114261,4.840468741179751e-14,2.904281244707851e-13,3.8934583248027235e-11,2.7254208273619066e-10,6.0158863682162575e-09,4.2111204577513804e-08,2.6699787971020664e-05,7.260822371546059e-07,7.268192406167919e-06,5.190590738150142e-11,8.020120278598123e-09,8.072026185979624e-09
pynucastro,50.0,0.14285714285714285,7.0,58.091764458403674,1.6245136763416566,1624513676.3416564,0.00015356568520096396,1.063670263483055e-09,10.636702634830549,0.9999999999999992,4.5570556539709694e-07,4.5570556539709694e-07,0.7500992135321183,0.7500992135321183,1.8701624168708824e-05,3.740324833741765e-05,4.96488765626521e-07,1.4894662968795628e-06,5.384599761868463e-06,1.615379928560539e-05,0.062461309725512865,0.24984523890205146,4.51170333943455e-14,2.70702200366073e-13,3.55957503732248e-11,2.491702526125736e-10,6.442414738649654e-09,4.509690317054758e-08,2.4932200742679547e-05,6.618974619218981e-07,7.17851674115627e-06,4.7454722963391876e-11,8.588750157880013e-09,8.636204880843405e-09
pynucastro,50.0,0.14285714285714285,7.0,58.34126492331078,1.6223587593139333,1622358759.3139331,0.000152415556493765,1.0599162588020866e-09,10.599162588020866,0.9999999999999989,3.926336880499984e-07,3.926336880499984e-07,0.7500991705270338,0.7500991705270338,1.7498626988588585e-05,3.499725397717717e-05,4.5359516873248993e-07,1.3607855061974697e-06,5.321446143400127e-06,1.596433843020038e-05,0.062462016531828105,0.24984806612731242,4.213669155565841e-14,2.528201493339505e-13,3.26038153327228e-11,2.2822670732905957e-10,6.872224537641072e-09,4.8105571763487507e-08,2.332841799610806e-05,6.047135986216135e-07,7.094323460804761e-06,4.346600638128255e-11,9.161754615476401e-09,9.205220621857683e-09
pynucastro,50.0,0.14285714285714285,7.0,58.59183697698042,1.6202038781093229,1620203878.1093228,0.0001512743235969625,1.0561829916605432e-09,10.561829916605433,0.9999999999999993,3.397473458968771e-07,3.397473458968771e-07,0.7500991383927933,0.7500991383927933,1.6403466733475272e-05,3.2806933466950544e-05,4.1524469969692283e-07,1.2457340990907684e-06,5.26211616976649e-06,1.578634850929947e-05,0.06246265787534574,0.24985063150138295,3.94260120099141e-14,2.365560720594846e-13,2.991463920325763e-11,2.094024744228034e-10,7.304680391005442e-09,5.113276273703809e-08,2.186839831415126e-05,5.535864240380954e-07,7.015227588504382e-06,3.9880913964725387e-11,9.738286603897294e-09,9.77816751786202e-09
pynucastro,50.0,0.14285714285714285,7.0,58.84348522181873,1.6180490278949298,1618049027.89493,0.00015014191767119233,1.0524703742196698e-09,10.524703742196698,0.9999999999999991,2.95151739829058e-07,2.95151739829058e-07,0.7500991149183636,0.7500991149183636,1.540337254859383e-05,3.080674509718766e-05,3.8084362314822767e-07,1.1425308694446831e-06,5.206337840778946e-06,1.561901352233684e-05,0.06246324181830132,0.24985296727320527,3.695297617665743e-14,2.2171785705994458e-13,2.7490827269193658e-11,1.9243579088435562e-10,7.739220572396541e-09,5.417454400677579e-08,2.053511628295981e-05,5.077244001143456e-07,6.940866529812629e-06,3.664959299703427e-11,1.0317597259448618e-08,1.0354246852445652e-08
pynucastro,50.0,0.14285714285714285,7.0,59.09621427999893,1.6158942038931836,1615894203.8931837,0.00014901827039656788,1.0487783189874045e-09,10.487783189874046,0.9999999999999992,2.5735234192711174e-07,2.5735234192711174e-07,0.7500990983682151,0.7500990983682151,1.4487453528732104e-05,2.8974907057464208e-05,3.498921271088531e-07,1.0496763813265592e-06,5.153856884290384e-06,1.546157065287115e-05,0.06246377518015144,0.24985510072060577,3.469028860747279e-14,2.0814173164483675e-13,2.530059897624332e-11,1.7710419283370325e-10,8.175347480496921e-09,5.7227432363478446e-08,1.931405271683233e-05,4.664612020865209e-07,6.870901318908684e-06,3.3729675227290494e-11,1.0899023206775989e-08,1.093275288200328e-08
pynucastro,50.0,0.14285714285714285,7.0,59.350028793546166,1.6137394013817963,1613739401.3817964,0.00014790331396898166,1.0451067388191317e-09,10.451067388191317,0.9999999999999991,2.251590557495499e-07,2.251590557495499e-07,0.7500990873686149,0.7500990873686149,1.3646360194461688e-05,2.7292720388923375e-05,3.2196634806848976e-07,9.658990442054693e-07,5.104436846669209e-06,1.531331054000763e-05,0.06246426377265086,0.24985705509060344,3.261451835281118e-14,1.9568711011686708e-13,2.3316733612619424e-11,1.6321713528833597e-10,8.612619869219116e-09,6.028833908453381e-08,1.819274336452508e-05,4.2923175549774875e-07,6.805016740622668e-06,3.1084871326021327e-11,1.1481976200547874e-08,1.1513061071873895e-08
pynucastro,50.0,0.14285714285714285,7.0,59.60493342442277,1.6115846156937246,1611584615.6937246,0.00014679698109642985,1.0414555469183989e-09,10.41455546918399,0.9999999999999989,1.9761784466859792e-07,1.9761784466859792e-07,0.7500990808266785,0.7500990808266785,1.287203373475768e-05,2.574406746951536e-05,2.96705249592571e-07,8.90115748777713e-07,5.057858693979212e-06,1.5173576081937635e-05,0.06246471257271474,0.24985885029085897,3.070547112089072e-14,1.8423282672534435e-13,2.1515817761332224e-11,1.5061072432932556e-10,9.050645950570422e-09,6.335452165399296e-08,1.716044461829164e-05,3.955547436021044e-07,6.742920799749527e-06,2.8683967640141357e-11,1.2065933930482589e-08,1.2094617898122731e-08
pynucastro,50.0,0.14285714285714285,7.0,59.860932854613935,1.6094298422171238,1609429842.2171237,0.00014569920499535988,1.0378246568376297e-09,10.378246568376298,0.999999999999999,1.739585130626408e-07,1.739585130626408e-07,0.7500990778680813,0.7500990778680813,1.2157494811536309e-05,2.4314989623072618e-05,2.7379969780955925e-07,8.213990934286777e-07,5.013920074525237e-06,1.5041760223575711e-05,0.06246512586540126,0.24986050346160504,2.8945659607585205e-14,1.7367395764551122e-13,1.9877634743865564e-11,1.3914344320705895e-10,9.489077484499676e-09,6.642354239149773e-08,1.620785196282354e-05,3.650180434666685e-07,6.684343738664117e-06,2.650001223886508e-11,1.2650432142203626e-08,1.2676932154442492e-08
pynucastro,50.0,0.14285714285714285,7.0,60.11803178621368,1.6072750763953099,1607275076.39531,0.00014460991938704208,1.0342139824787998e-09,10.342139824787997,0.9999999999999989,1.5355506685423207e-07,1.5355506685423207e-07,0.7500990777897185,0.7500990777897185,1.1496672360718453e-05,2.2993344721436907e-05,2.529837277247429e-07,7.589511831742286e-07,4.972434376557692e-06,1.4917303129673075e-05,0.062465507358522764,0.24986202943409105,2.7319872677330607e-14,1.6391923606398365e-13,1.838463912969719e-11,1.2869247390788032e-10,9.927604542446572e-09,6.949323179712601e-08,1.532687174419032e-05,3.372670827301882e-07,6.6290367816605365e-06,2.450961436170584e-11,1.3235057656249591e-08,1.3259567270611297e-08
pynucastro,50.0,0.14285714285714285,7.0,60.37623494151121,1.6051203137267147,1605120313.7267146,0.00014352905849396332,1.0306234380941047e-09,10.306234380941046,0.999999999999999,1.3589580843010423e-07,1.3589580843010423e-07,0.7500990800238522,0.7500990800238522,1.0884264211046397e-05,2.1768528422092794e-05,2.3402751349854648e-07,7.020825404956394e-07,4.933229719837691e-06,1.4799689159513075e-05,0.06246586027481315,0.2498634410992526,2.5814829229057948e-14,1.548889753743477e-13,1.7021544714572285e-11,1.1915081300200599e-10,1.0365951145289079e-08,7.256165801702355e-08,1.4510435355687e-05,3.119954679735172e-07,6.576770790974469e-06,2.269239513536135e-11,1.3819442552788433e-08,1.3842134947923795e-08
pynucastro,50.0,0.14285714285714285,7.0,60.635547063077674,1.6029655497648474,1602965549.7648473,0.00014245655703624518,1.0270529382865968e-09,10.270529382865968,0.9999999999999992,1.2055989066036021e-07,1.2055989066036021e-07,0.7500990841100404,0.7500990841100404,1.0315621383962741e-05,2.0631242767925482e-05,2.1673160877151934e-07,6.50194826314558e-07,4.8961478780386e-06,1.46884436341158e-05,0.06246618742779247,0.24986474971116987,2.4418884225414224e-14,1.4651330535248535e-13,1.5774997085475106e-11,1.1042497959832574e-10,1.0803871177039267e-08,7.562709823927487e-08,1.3752344993464126e-05,2.889373062342315e-07,6.527334830501312e-06,2.1030551056053408e-11,1.4403258723955895e-08,1.4424289275011948e-08
pynucastro,50.0,0.14285714285714285,7.0,60.89597291385326,1.6008107801182503,1600810780.1182504,0.00014139235022808395,1.0235023980108115e-09,10.235023980108116,0.9999999999999991,1.0719935421243853e-07,1.0719935421243853e-07,0.7500990896735366,0.7500990896735366,9.786652303338022e-06,1.9573304606676044e-05,2.009222223077754e-07,6.027666669233262e-07,4.861043240327458e-06,1.4583129720982373e-05,0.062466491283881695,0.24986596513552678,2.31217901405577e-14,1.387307408433462e-13,1.463326513870943e-11,1.0243285597096601e-10,1.124114504783356e-08,7.868801533483491e-08,1.3047145954539737e-05,2.678609067439639e-07,6.4805347816688e-06,1.950844273798309e-11,1.4986213425116953e-08,1.5005721867854935e-08
pynucastro,50.0,0.14285714285714285,7.0,61.15751727723469,1.5986560004504564,1598656000.4504564,0.00014033637377421256,1.0199717325733636e-09,10.199717325733637,0.999999999999999,9.552513683883954e-08,9.552513683883954e-08,0.7500990964084915,0.7500990964084915,9.293743835218476e-06,1.858748767043695e-05,1.864473723301245e-07,5.593421169903736e-07,4.8277818096594255e-06,1.4483345428978276e-05,0.062466774013220844,0.24986709605288338,2.191450001933165e-14,1.314870001159899e-13,1.358602174093032e-11,9.510215218651223e-11,1.1677576760198447e-08,8.174303732138914e-08,1.2390021371465907e-05,2.485636540862974e-07,6.436192008196069e-06,1.8112302502403758e-11,1.556804536375422e-08,1.5586157666256626e-08
pynucastro,50.0,0.14285714285714285,7.0,61.420184957163066,1.5965012064799502,1596501206.4799502,0.00013928856386638845,1.0164608576335338e-09,10.164608576335338,0.9999999999999991,8.529564239483441e-08,8.529564239483441e-08,0.7500991040642375,0.7500991040642375,8.833692643662611e-06,1.7667385287325223e-05,1.7317357726563497e-07,5.195207317969049e-07,4.796240210853794e-06,1.438872063256138e-05,0.0624670375335089,0.2498681501340356,2.0788993887052278e-14,1.2473396332231366e-13,1.2624141477602095e-11,8.836899034321466e-11,1.2112991167983411e-08,8.479093817588388e-08,1.1776700699679952e-05,2.3086759646469942e-07,6.394142033854569e-06,1.682996474625969e-11,1.6148521045221872e-08,1.616535100996813e-08
pynucastro,50.0,0.14285714285714285,7.0,61.683980778212124,1.594346393980122,1594346393.9801219,0.0001382488571798999,1.0129696892038289e-09,10.12969689203829,0.9999999999999992,7.630847230036989e-08,7.630847230036989e-08,0.7500991124353648,0.7500991124353648,8.403652241868075e-06,1.680730448373615e-05,1.609833290464335e-07,4.829499871393005e-07,4.766304842828659e-06,1.4298914528485978e-05,0.06246728354356118,0.24986913417424472,1.97381466205389e-14,1.184288797232334e-13,1.1739537938731223e-11,8.217676557111856e-11,1.2547231831739887e-08,8.783062282217921e-08,1.1203389128916226e-05,2.1461607723246743e-07,6.35423341237371e-06,1.5650649019722453e-11,1.672743191363404e-08,1.674308256265376e-08
pynucastro,50.0,0.14285714285714285,7.0,61.94890958567682,1.592191558779228,1592191558.779228,0.0001372171908700976,1.0094981436505237e-09,10.094981436505236,0.999999999999999,6.839308532382414e-08,6.839308532382414e-08,0.7500991213529662,0.7500991213529662,8.001084318995652e-06,1.6002168637991304e-05,1.4977279259141946e-07,4.4931837777425836e-07,4.7378710144413136e-06,1.421361304332394e-05,0.06246751355404706,0.24987005421618824,1.8755605183361282e-14,1.125336311001677e-13,1.0925031092677767e-11,7.647521764874437e-11,1.2980158916107407e-08,9.086111241275185e-08,1.066670269465716e-05,1.9967066795288575e-07,6.316326575473835e-06,1.4564783215546376e-11,1.7304591548774088e-08,1.7319156331989635e-08
pynucastro,50.0,0.14285714285714285,7.0,62.21497624566237,1.5900366967603465,1590036696.7603467,0.0001361935025689479,1.0060461376941896e-09,10.060461376941896,0.9999999999999989,6.140518105256301e-08,6.140518105256301e-08,0.7500991306779178,0.7500991306779178,7.623718475771916e-06,1.5247436951543832e-05,1.3944991662357738e-07,4.183497498707321e-07,4.710842176520098e-06,1.4132526529560294e-05,0.06246772891270275,0.249870915650811,1.7835688088389037e-14,1.0701412853033423e-13,1.017421534397509e-11,7.121950740782563e-11,1.3411647370193006e-08,9.388153159135105e-08,1.0163614599688739e-05,1.8590864983078516e-07,6.280292809115211e-06,1.356382767005733e-11,1.7879833240270456e-08,1.7893397067940514e-08
pynucastro,50.0,0.14285714285714285,7.0,62.4821856451736,1.5878818038613358,1587881803.8613358,0.0001351777303816072,1.0026135884101952e-09,10.026135884101953,0.9999999999999988,5.522234340218716e-08,5.522234340218716e-08,0.7500991402956879,0.7500991402956879,7.269519088078187e-06,1.4539038176156375e-05,1.2993289721146466e-07,3.89798691634394e-07,4.685129233156418e-06,1.4055387699469254e-05,0.062467930824957704,0.24987172329983082,1.6973303224709803e-14,1.0183981934825883e-13,9.481375684797115e-12,6.636962979357981e-11,1.3841585431190156e-08,9.689109801833109e-08,9.69141103829629e-06,1.7322096537831693e-07,6.246013335396635e-06,1.2640163380349391e-11,1.845300799269524e-08,1.846564815607559e-08
pynucastro,50.0,0.14285714285714285,7.0,62.75054269220466,1.5857268760747927,1585726876.0747926,0.00013416981288302094,9.992004132291996e-10,9.992004132291996,0.9999999999999988,4.974027525747013e-08,4.974027525747013e-08,0.7500991501118913,0.7500991501118913,6.936656058005711e-06,1.3873312116011422e-05,1.2114883219243108e-07,3.634464965772933e-07,4.660649888996652e-06,1.3981949666989955e-05,0.06246812037211342,0.24987248148845367,1.6163873084512276e-14,9.698323850707365e-14,8.841390490162726e-12,6.188973343113907e-11,1.426987319063976e-08,9.988911233447833e-08,9.247652203006735e-06,1.615104245543532e-07,6.213378442438481e-06,1.1786962415360511e-11,1.9023982614179927e-08,1.9035769576595287e-08
pynucastro,50.0,0.14285714285714285,7.0,63.02005231582938,1.5835719094480052,1583571909.4480052,0.0001331696891145409,9.958065299376169e-10,9.95806529937617,0.9999999999999991,4.48697475346038e-08,4.48697475346038e-08,0.7500991600486833,0.7500991600486833,6.623479467305555e-06,1.324695893461111e-05,1.130325615905579e-07,3.3909768477167367e-07,4.637328055309181e-06,1.3911984165927542e-05,0.06246829852699838,0.24987319410799352,1.5403270908210216e-14,9.241962544926129e-14,8.249665798999499e-12,5.7747660592996495e-11,1.4696421334595e-08,1.02874949342165e-07,8.830138493790173e-06,1.5069015886275864e-07,6.182286692613024e-06,1.0998100302450779e-11,1.959263803687124e-08,1.960363613717369e-08
pynucastro,50.0,0.14285714285714285,7.0,63.29071946629142,1.5814169000829164,1581416900.0829163,0.0001321772985805686,9.92431856678072e-10,9.924318566780721,0.999999999999999,4.0534250446526796e-08,4.0534250446526796e-08,0.7500991700419928,0.7500991700419928,6.3284985892108616e-06,1.2656997178421723e-05,1.0552571698898338e-07,3.1657715096695013e-07,4.615093325102212e-06,1.3845279975306635e-05,0.062468466166849465,0.24987386466739786,1.4687765658293262e-14,8.812659394975958e-14,7.70207258733691e-12,5.3914508111358365e-11,1.512115008129505e-08,1.0584805056906535e-07,8.436882537620424e-06,1.406823540187036e-07,6.1526442228216904e-06,1.0268072402887373e-11,2.015886790069175e-08,2.0169135973094637e-08
pynucastro,50.0,0.14285714285714285,7.0,63.562549115095635,1.5792618441360742,1579261844.136074,0.00013119258124521675,9.890763119498332e-10,9.890763119498333,0.9999999999999989,3.666799080979454e-08,3.666799080979454e-08,0.7500991800391889,0.7500991800391889,6.0503635136005385e-06,1.2100727027201077e-05,9.85758967444065e-08,2.957276902332195e-07,4.593880487876447e-06,1.3781641463629341e-05,0.062468624084568145,0.24987449633827258,1.4013998114191297e-14,8.408398868514778e-14,7.1948686399805535e-12,5.036408047986387e-11,1.5543988224980255e-08,1.0880791757486179e-07,8.066084692006247e-06,1.3141715038170873e-07,6.124364097606986e-06,9.59188975463839e-12,2.0722577278604893e-08,2.0732169168359532e-08
pynucastro,50.0,0.14285714285714285,7.0,63.835546255099075,1.5771067378185932,1577106737.8185933,0.0001302154775289949,9.85739814609229e-10,9.85739814609229,0.9999999999999991,3.3214223492607056e-08,3.3214223492607056e-08,0.7500991899971452,0.7500991899971452,5.787849205772989e-06,1.1575698411545978e-05,9.213595486999662e-08,2.764078646099899e-07,4.5736290900033254e-06,1.3720887270009977e-05,0.062468772998456205,0.24987509199382482,1.3378891199091371e-14,8.027334719454822e-14,6.7247104714834725e-12,4.707297330038431e-11,1.596487230243001e-08,1.1175410611701007e-07,7.716111792888374e-06,1.2283169492603677e-07,6.097365723086212e-06,8.965094964985986e-12,2.1283681565488385e-08,2.129264666045337e-08
pynucastro,50.0,0.14285714285714285,7.0,64.1097159006028,1.574951577396109,1574951577.3961089,0.00012924592830551544,9.824222838700508e-10,9.824222838700507,0.999999999999999,3.0123824695757167e-08,3.0123824695757167e-08,0.7500991998806055,0.7500991998806055,5.539841456796418e-06,1.1079682913592836e-05,8.616337761210634e-08,2.58490132836319e-07,4.554283025826313e-06,1.3662849077478939e-05,0.06246891356078206,0.24987565424312824,1.2779668195814561e-14,7.667800917488736e-14,6.288547778997624e-12,4.401983445298337e-11,1.6383745733244716e-08,1.1468622013271302e-07,7.385478424291352e-06,1.1486931012034289e-07,6.071574301840644e-06,8.383621499661088e-12,2.1842105332004812e-08,2.1850488953504473e-08
pynucastro,50.0,0.14285714285714285,7.0,64.385063087444,1.5727963591887333,1572796359.1887333,0.00012828387489822104,9.79123639303934e-10,9.791236393039341,0.9999999999999991,2.7354180976509698e-08,2.7354180976509698e-08,0.750099209660906,0.750099209660906,5.305324837841e-06,1.0610649675682e-05,8.06197526117515e-08,2.418592578352545e-07,4.535790177204143e-06,1.3607370531612429e-05,0.062469046365070245,0.24987618546028098,1.2213791966502257e-14,7.328275179901354e-14,5.883623344222007e-12,4.118536340955405e-11,1.680055817579655e-08,1.1760390723057585e-07,7.072830859586366e-06,1.0747878623708576e-07,6.046920352381943e-06,7.84379355216464e-12,2.2397781465989683e-08,2.240562525954185e-08
pynucastro,50.0,0.14285714285714285,7.0,64.66159287308847,1.570641079571013,1570641079.571013,0.00012732925907713426,9.758438008407282e-10,9.758438008407282,0.999999999999999,2.486823060128434e-08,2.486823060128434e-08,0.7500992193148907,0.7500992193148907,5.083372158158048e-06,1.0166744316316096e-05,7.547030811660894e-08,2.2641092434982682e-07,4.518102083014831e-06,1.3554306249044491e-05,0.06246917195247789,0.24987668780991157,1.1678948163791173e-14,7.007368898274704e-14,5.5074358988338396e-12,3.8552051291836875e-11,1.7215264910525535e-08,1.2050685437367873e-07,6.776933007344e-06,1.0061376705009822e-07,6.023339268559e-06,7.34227653758139e-12,2.2950650350295312e-08,2.2957992626832892e-08
pynucastro,50.0,0.14285714285714285,7.0,64.93931033672347,1.568485734971884,1568485734.971884,0.00012638202305562755,9.725826887688469e-10,9.725826887688468,0.999999999999999,2.2633678612695263e-08,2.2633678612695263e-08,0.7500992288240297,0.7500992288240297,4.8731354414391986e-06,9.746270882878397e-06,7.068352048905201e-08,2.1205056146715605e-07,4.501173646270432e-06,1.3503520938811297e-05,0.06246929081723813,0.2498771632689525,1.1173020208962176e-14,6.703812125377306e-14,5.1577108762584575e-12,3.61039761338092e-11,1.762782630179742e-08,1.2339478411258194e-07,6.4966543814197374e-06,9.423222658136353e-08,6.000770929103821e-06,6.8760381001117336e-12,2.350065914536867e-08,2.3507535183468784e-08
pynucastro,50.0,0.14285714285714285,7.0,65.21822057935108,1.5663303218746276,1566330321.8746276,0.00012544210948721432,9.69340223735601e-10,9.693402237356011,0.9999999999999988,2.0622311397497482e-08,2.0622311397497482e-08,0.7500992381736583,0.7500992381736583,4.673837732579586e-06,9.347675465159172e-06,6.623076003168032e-08,1.9869228009504096e-07,4.48496285855253e-06,1.345488857565759e-05,0.0624694034115916,0.2498776136463664,1.0694069532323901e-14,6.41644171939434e-14,4.832378030462852e-12,3.3826646213239966e-11,1.8038207296674377e-08,1.2626745107672064e-07,6.2309591780941495e-06,8.829599693093808e-08,5.979159330267443e-06,6.442318275417433e-12,2.4047761121040205e-08,2.4054203439315623e-08
pynucastro,50.0,0.14285714285714285,7.0,65.49832872388185,1.5641748368168253,1564174836.8168254,0.00012450946146236167,9.661163267475237e-10,9.661163267475237,0.9999999999999989,1.8809396037714166e-08,1.8809396037714166e-08,0.7500992473523175,0.7500992473523175,4.48476546547708e-06,8.96953093095416e-06,6.208596345945193e-08,1.862578903783558e-07,4.4694305348722965e-06,1.3408291604616889e-05,0.06246951015036312,0.24987804060145247,1.0240316261594271e-14,6.144189756956562e-14,4.529548655778947e-12,3.170684059045263e-11,1.8446376961853543e-08,1.291246387329748e-07,5.978896101159011e-06,8.277033163091616e-08,5.958452232352434e-06,6.038599121072632e-12,2.459191503919665e-08,2.4597953638317724e-08
pynucastro,50.0,0.14285714285714285,7.0,65.77963991522893,1.5620192763903167,1562019276.3903167,0.00012358402250532376,9.629109191706707e-10,9.629109191706707,0.9999999999999989,1.7173241981960033e-08,1.7173241981960033e-08,0.7500992563512758,0.7500992563512758,4.305262728455666e-06,8.610525456911332e-06,5.82253888005488e-08,1.7467616640164642e-07,4.454540108661225e-06,1.3363620325983676e-05,0.062469611414395915,0.24987844565758366,9.810124851716682e-15,5.88607491103001e-14,4.247499255025974e-12,2.973249478518182e-11,1.885230811604824e-08,1.3196615681233767e-07,5.739590716831062e-06,7.76235788897803e-08,5.938600886407409e-06,5.662582943605594e-12,2.5133084663690953e-08,2.513874724663456e-08
pynucastro,50.0,0.14285714285714285,7.0,66.06215932040251,1.5598636372411503,1559863637.2411504,0.00012266573657099527,9.597239227309123e-10,9.597239227309123,0.9999999999999988,1.569479539273531e-08,1.569479539273531e-08,0.7500992651640949,0.7500992651640949,4.134725724200685e-06,8.26945144840137e-06,5.4627380035867086e-08,1.6388214010760126e-07,4.440257428590611e-06,1.3320772285771833e-05,0.062469707553861616,0.24987883021544646,9.401992076237088e-15,5.6411952457422534e-14,3.984654367615375e-12,2.7892580573307622e-11,1.9255976989742358e-08,1.347918389281965e-07,5.512238067979116e-06,7.282686781984324e-08,5.91955976335911e-06,5.312169405663496e-12,2.567123830674576e-08,2.5676550476151423e-08
pynucastro,50.0,0.14285714285714285,7.0,66.34589212860479,1.557707916069543,1557707916.0695431,0.00012175454804178653,9.565552595142053e-10,9.565552595142053,0.9999999999999989,1.4357256834507624e-08,1.4357256834507624e-08,0.750099273786225,0.750099273786225,3.972597483770337e-06,7.945194967540674e-06,5.127214344276073e-08,1.5381643032828218e-07,4.426550558141434e-06,1.3279651674424302e-05,0.06246979889141842,0.24987919556567367,9.014527351790697e-15,5.408716411074418e-14,3.739573411100219e-12,2.6177013877701536e-11,1.9657362870770524e-08,1.3760154009539366e-07,5.296095627073637e-06,6.835381026828333e-08,5.90128628681086e-06,4.985437983727446e-12,2.6206348356461397e-08,2.6211333794445124e-08
pynucastro,50.0,0.14285714285714285,7.0,66.63084355132524,1.5555521096298321,1555552109.629832,0.00012085040172451895,9.534048519668584e-10,9.534048519668584,0.999999999999999,1.3145796577749171e-08,1.3145796577749171e-08,0.7500992822147078,0.7500992822147078,3.81836357994985e-06,7.6367271598997e-06,4.8141567186268196e-08,1.444247015588046e-07,4.413389609405129e-06,1.3240168828215387e-05,0.06246988572476047,0.24987954289904188,8.646452143261472e-15,5.187871285956884e-14,3.510934657876449e-12,2.4576542605135142e-11,2.0056447824273673e-08,1.4039513476991572e-07,5.090477581415529e-06,6.418026030384628e-08,5.883740611475274e-06,4.680626606534309e-12,2.6738390903476072e-08,2.6743071530082608e-08
pynucastro,50.0,0.14285714285714285,7.0,66.91701882243639,1.5533962147304308,1553396214.7304308,0.00011995324284734015,9.502726228957713e-10,9.502726228957712,0.9999999999999989,1.2047311656606941e-08,1.2047311656606941e-08,0.7500992904479259,0.7500992904479259,3.671548323962769e-06,7.343096647925538e-06,4.521906223901617e-08,1.356571867170485e-07,4.400746592220573e-06,1.3202239776661718e-05,0.06246996832887562,0.2498798733155025,8.296580449193844e-15,4.977948269516307e-14,3.2975272794845448e-12,2.3082690956391812e-11,2.0453216448615308e-08,1.4317251514030716e-07,4.8947497627551195e-06,6.02841021380161e-08,5.866885422052117e-06,4.396121048875287e-12,2.7267345415566996e-08,2.727174153661587e-08
pynucastro,50.0,0.14285714285714285,7.0,67.20442319828989,1.5512402282337816,1551240228.2337816,0.00011906301705666025,9.471584954686732e-10,9.471584954686731,0.9999999999999989,1.1050198357226135e-08,1.1050198357226135e-08,0.7500992984853745,0.7500992984853745,3.5317112204449414e-06,7.063422440889883e-06,4.248941469532014e-08,1.2746824408596042e-07,4.3885952697259355e-06,1.3165785809177806e-05,0.06247004695815176,0.24988018783260704,7.96381675606167e-15,4.7782900536370013e-14,3.098239336492746e-12,2.1687675355449222e-11,2.0847655634854346e-08,1.4593358944398043e-07,4.708324921215485e-06,5.664505323643974e-08,5.850685740657981e-06,4.130438920218715e-12,2.779319441699336e-08,2.7797324855913576e-08
pynucastro,50.0,0.14285714285714285,7.0,67.49306195781308,1.5490841470563117,1549084147.0563116,0.00011817967041410842,9.440623932143368e-10,9.44062393214337,0.9999999999999989,1.0144157975795913e-08,1.0144157975795913e-08,0.7500993063274667,0.7500993063274667,3.398443780562251e-06,6.796887561124502e-06,3.9938653420203274e-08,1.1981596026060984e-07,4.376911025977655e-06,1.3130733077932964e-05,0.06247012184826605,0.2498804873930642,7.647146170850503e-15,4.5882877025103014e-14,2.9120485156222815e-12,2.038433960935597e-11,2.123975434856479e-08,1.4867828043995353e-07,4.530658476677235e-06,5.324448787420619e-08,5.835108750343053e-06,3.882217315837624e-12,2.8315923197630937e-08,2.8319805414946775e-08
pynucastro,50.0,0.14285714285714285,7.0,67.782940402606,1.546927968168386,1546927968.168386,0.00011730314939350875,9.409842400227837e-10,9.409842400227838,0.999999999999999,9.320039827096893e-09,9.320039827096893e-09,0.7500993139753812,0.7500993139753812,3.271366733860064e-06,6.542733467720128e-06,3.7553934858888204e-08,1.1266180457666462e-07,4.365670748115386e-06,1.3097012244346159e-05,0.06247019321783175,0.249880772871327,7.345623594250984e-15,4.4073741565505905e-14,2.7380137571876423e-12,1.9166096300313497e-11,2.1629503447391715e-08,1.51406524131742e-07,4.361244801734924e-06,5.0065283568731206e-08,5.8201236379995815e-06,3.650201654867139e-12,2.883551956974808e-08,2.8839169771402946e-08
pynucastro,50.0,0.14285714285714285,7.0,68.07406385703871,1.5447716885942608,1544771688.594261,0.00011643340087787713,9.379239601454778e-10,9.379239601454778,0.9999999999999991,8.56970557243529e-09,8.56970557243529e-09,0.7500993214309323,0.7500993214309323,3.150127568215799e-06,6.300255136431598e-06,3.532344214234492e-08,1.0597032642703476e-07,4.354852719718556e-06,1.306455815915567e-05,0.06247026126985034,0.24988104507940137,7.058380520790618e-15,4.235028312474371e-14,2.5752727987087696e-12,1.802690959096139e-11,2.2016895515239594e-08,1.5411826860667715e-07,4.19961394206628e-06,4.709168657153283e-08,5.805701452190346e-06,3.4332424055470843e-12,2.9351973646955055e-08,2.93554068893606e-08
pynucastro,50.0,0.14285714285714285,7.0,68.36643766834906,1.5426153054120375,1542615305.4120376,0.00011557037215643702,9.348814781954995e-10,9.348814781954994,0.999999999999999,7.885900979796117e-09,7.885900979796117e-09,0.7500993286964502,0.7500993286964502,3.0343982317190765e-06,6.068796463438153e-06,3.3236290941483375e-08,9.970887282445012e-08,4.344436518813417e-06,1.303330955644025e-05,0.06247032619307009,0.24988130477228035,6.784586434277026e-15,4.0707518605662156e-14,2.423021700800533e-12,1.6961151905603733e-11,2.2401924696069852e-08,1.5681347287248897e-07,4.045328552676302e-06,4.430918635701568e-08,5.791814967176861e-06,3.2302677900156877e-12,2.9865277622632627e-08,2.986850789042264e-08
pynucastro,50.0,0.14285714285714285,7.0,68.660067206741,1.5404588157536145,1540458815.7536144,0.00011471401092165598,9.318567191477176e-10,9.318567191477175,0.999999999999999,7.26215792302677e-09,7.26215792302677e-09,0.750099335774692,0.750099335774692,2.9238731902719217e-06,5.8477463805438435e-06,3.128245016434809e-08,9.384735049304427e-08,4.334402931608422e-06,1.3003208794825267e-05,0.06247038816312862,0.2498815526525145,6.523496592583326e-15,3.914097955549995e-14,2.280529114458794e-12,1.596370380121156e-11,2.2784586571068954e-08,1.5949210599748267e-07,3.8979813083718925e-06,4.170440989931022e-08,5.778438567915691e-06,3.0403028048325037e-12,3.0375425606179683e-08,3.0378465908984515e-08
pynucastro,50.0,0.14285714285714285,7.0,68.95495786548324,1.5383022168046416,1538302216.8046417,0.00011386426526630132,9.288496083389348e-10,9.288496083389347,0.9999999999999988,6.6926975623472194e-09,6.6926975623472194e-09,0.75009934266875,0.75009934266875,2.818267655043572e-06,5.636535310087144e-06,2.9452669054840545e-08,8.835800716452163e-08,4.324733872520952e-06,1.2974201617562856e-05,0.06247044734360076,0.24988178937440303,6.274400000244713e-15,3.764640000146828e-14,2.1471155718685096e-12,1.5029809003079566e-11,2.3164878015071575e-08,1.6215414610550103e-07,3.7571925406794312e-06,3.926502448335978e-08,5.765548143442101e-06,2.8624416123727937e-12,3.0882413431605116e-08,3.088527587321749e-08
pynucastro,50.0,0.14285714285714285,7.0,69.25111506100801,1.5361455058044722,1536145505.8044722,0.00011302108368051551,9.258600714680356e-10,9.258600714680357,0.999999999999999,6.1723363516210774e-09,6.1723363516210774e-09,0.7500993493819853,0.7500993493819853,2.7173152710127748e-06,5.4346305420255495e-06,2.7738387053014678e-08,8.321516115904404e-08,4.3154122696146644e-06,1.2946236808843992e-05,0.06247050388734863,0.24988201554939451,6.0366362266558326e-15,3.6219817359934995e-14,2.0221524733087723e-12,1.4155067313161407e-11,2.354279707750041e-08,1.6479957954250287e-07,3.6226071563074933e-06,3.6979617534488766e-08,5.753120934140495e-06,2.695846190207797e-12,3.138623849880362e-08,3.138893434499382e-08
pynucastro,50.0,0.14285714285714285,7.0,69.54854423301101,1.5339886800461142,1533988680.0461142,0.00011218441504891074,9.2288803459611e-10,9.2288803459611,0.9999999999999992,5.6964319643620985e-09,5.6964319643620985e-09,0.7500993559179754,0.7500993559179754,2.6207669618162516e-06,5.241533923632503e-06,2.6131686738564262e-08,7.839506021569279e-08,4.306422014273226e-06,1.2919266042819678e-05,0.06247055793719861,0.24988223174879445,5.8095881479672776e-15,3.4857528887803664e-14,1.90505776827444e-12,1.3335404377921078e-11,2.3918342905725e-08,1.67428400340075e-07,3.4938930971470356e-06,3.4837633884626085e-08,5.741135464651886e-06,2.5397405733578063e-12,3.188689967138235e-08,3.188943941195571e-08
pynucastro,50.0,0.14285714285714285,7.0,69.84725084455101,1.531831736876184,1531831736.876184,0.00011135420864768338,9.199334241465715e-10,9.199334241465715,0.999999999999999,5.2608455144224584e-09,5.2608455144224584e-09,0.7500993622804613,0.7500993622804613,2.5283907644820297e-06,5.056781528964059e-06,2.4625280866727532e-08,7.38758426001826e-08,4.297747964431406e-06,1.2893243893294219e-05,0.06247060962605431,0.24988243850421724,5.5926807681369494e-15,3.3556084608821695e-14,1.7952983241831017e-12,1.2567088269281712e-11,2.429151565105855e-08,1.7004060955740985e-07,3.3707411199433435e-06,3.2829358489069304e-08,5.72957154818175e-06,2.3934140121450227e-12,3.238439715134164e-08,3.2386790565353785e-08
pynucastro,50.0,0.14285714285714285,7.0,70.14724038215023,1.5296746736948574,1529674673.6948574,0.00011053041414174763,9.169961669052648e-10,9.169961669052647,0.9999999999999991,4.861834530537891e-09,4.861834530537891e-09,0.7500993684732907,0.7500993684732907,2.4399688880344257e-06,4.879937776068851e-06,2.3212401117300102e-08,6.963720335190031e-08,4.289375783549161e-06,1.2868127350647483e-05,0.06247065907861262,0.24988263631445048,5.3853750374077605e-15,3.231225022444656e-14,1.6923768151937202e-12,1.1846637706356042e-11,2.466231632521492e-08,1.7263621427650445e-07,3.252860874953939e-06,3.0945768111424084e-08,5.718410071827564e-06,2.256203492929593e-12,3.2878732287711675e-08,3.28809884912046e-08
pynucastro,50.0,0.14285714285714285,7.0,70.44851835589519,1.5275174879558209,1527517487.9558208,0.00010971298158188791,9.140761900205587e-10,9.140761900205588,0.9999999999999992,4.496041635695874e-09,4.496041635695874e-09,0.750099374500404,0.750099374500404,2.3552971407604534e-06,4.710594281520907e-06,2.1886774811843513e-08,6.566032443553054e-08,4.281291920678996e-06,1.2843875762036988e-05,0.06247070641168902,0.24988282564675607,5.187165869557446e-15,3.112299521734468e-14,1.5958306722673738e-12,1.1170814705871616e-11,2.5030746789198467e-08,1.7521522752438926e-07,3.139980142403365e-06,2.9178500283940345e-08,5.707632970005484e-06,2.1274923383721796e-12,3.336990756174132e-08,3.337203505407969e-08
pynucastro,50.0,0.14285714285714285,7.0,70.75109029953788,1.5253601771662224,1525360177.1662223,0.00010890186140193027,9.111734210034269e-10,9.11173421003427,0.9999999999999992,4.160448263695984e-09,4.160448263695984e-09,0.7500993803657936,0.7500993803657936,2.274184156420759e-06,4.548368312841518e-06,2.064259294010638e-08,6.192777882031914e-08,4.27348357201385e-06,1.2820450716041549e-05,0.06247075173467882,0.2498830069387153,4.9975795034028686e-15,2.998547702041721e-14,1.505237490086859e-12,1.0536662430608013e-11,2.539680966183554e-08,1.7777766763284878e-07,3.0318438008997286e-06,2.7519810681672353e-08,5.6972231731878545e-06,2.0067174157013896e-12,3.385792646495792e-08,3.385993318237362e-08
pynucastro,50.0,0.14285714285714285,7.0,71.05496177059743,1.5232027388866243,1523202738.8866243,0.00010809700441593362,9.082877877275217e-10,9.082877877275218,0.9999999999999993,3.852331925798066e-09,3.852331925798066e-09,0.7500993860734769,0.7500993860734769,2.1964503036236275e-06,4.392900607247255e-06,1.9474467292959176e-08,5.8423401878877527e-08,4.265938623850255e-06,1.2797815871550766e-05,0.06247079515019544,0.24988318060078177,4.81617302458916e-15,2.889703814753496e-14,1.4201966591015652e-12,9.941376613710956e-12,2.5760508246157946e-08,1.8032355772310562e-07,2.9282123734580306e-06,2.5962515973918595e-08,5.6871645318642876e-06,1.8933446493481707e-12,3.4342793401026116e-08,3.434468674567546e-08
pynucastro,50.0,0.14285714285714285,7.0,71.36013835046212,1.5210451707309505,1521045170.7309504,0.00010729836181539853,9.054192184292373e-10,9.054192184292372,0.9999999999999991,3.569236815118711e-09,3.569236815118711e-09,0.750099391627477,0.750099391627477,2.1219267730129897e-06,4.243853546025979e-06,1.8377394895576832e-08,5.513218468673049e-08,4.258645606002555e-06,1.2775936818007665e-05,0.06247083675460024,0.24988334701840095,4.642528223967662e-15,2.7855169343805973e-14,1.3403456075406709e-12,9.382419252784697e-12,2.6121846478531225e-08,1.8285292534971856e-07,2.828860810577494e-06,2.449994640804032e-08,5.677441754435569e-06,1.786890674091266e-12,3.482451361792886e-08,3.482630050860295e-08
pynucastro,50.0,0.14285714285714285,7.0,71.66662564449197,1.5188874703664403,1518887470.3664403,0.00010650588516649628,9.02567641707759e-10,9.02567641707759,0.999999999999999,3.308947856257848e-09,3.308947856257848e-09,0.7500993970318064,0.7500993970318064,2.0504549005273894e-06,4.100909801054779e-06,1.734673143191054e-08,5.2040194295731624e-08,4.251593656945351e-06,1.2754780970836054e-05,0.06247087663839805,0.2498835065535922,4.47625479650892e-15,2.6857528779053517e-14,1.2653406903299359e-12,8.85738483230955e-12,2.6480828879853924e-08,1.8536580215897746e-07,2.733577588038568e-06,2.3125910380081252e-08,5.668040360743113e-06,1.6868973569862524e-12,3.530309314290924e-08,3.530478004026623e-08
pynucastro,50.0,0.14285714285714285,7.0,71.97442928212168,1.5167296355135969,1516729635.5135968,0.00010571952640731484,8.997329865251029e-10,8.997329865251029,0.9999999999999989,3.069461357176708e-09,3.069461357176708e-09,0.7500994022904486,0.7500994022904486,1.9818853507181895e-06,3.963770701436379e-06,1.6378159577776434e-08,4.9134478733329304e-08,4.244772480222891e-06,1.2734317440668675e-05,0.062470914886713656,0.24988365954685463,4.316983092647125e-15,2.590189855588275e-14,1.1948664462542991e-12,8.364065123780094e-12,2.6837460500179634e-08,1.8786222350125743e-07,2.6421636181370756e-06,2.1834652217779786e-08,5.658946623955925e-06,1.5929441386111526e-12,3.577853870864412e-08,3.578013165278273e-08
pynucastro,50.0,0.14285714285714285,7.0,72.28355491696398,1.5145716639461355,1514571663.9461355,0.00010493923784512472,8.96915182206151e-10,8.96915182206151,0.9999999999999988,2.8489656365161443e-09,2.8489656365161443e-09,0.7500994074073478,0.7500994074073478,1.9160775384910777e-06,3.8321550769821555e-06,1.5467666412197128e-08,4.640299923659138e-08,4.238172313941659e-06,1.2714516941824979e-05,0.06247095157962847,0.24988380631851387,4.16436780991058e-15,2.498620685946348e-14,1.128628802186255e-12,7.900401615303785e-12,2.7191746879384985e-08,1.903422281556949e-07,2.5544314787740336e-06,2.0620822066317514e-08,5.650147529899439e-06,1.5046389732359083e-12,3.625085770080908e-08,3.625236233978232e-08
pynucastro,50.0,0.14285714285714285,7.0,72.59400822691353,1.5124135534909355,1512413553.4909356,0.00010416497215366246,8.941141584386672e-10,8.941141584386672,0.9999999999999989,2.645819791719951e-09,2.645819791719951e-09,0.7500994123863975,0.7500994123863975,1.8528989638126273e-06,3.7057979276252547e-06,1.4611517898110212e-08,4.3834553694330637e-08,4.231783894702706e-06,1.2695351684108118e-05,0.062470986792567386,0.24988394717026954,4.0180814909156795e-15,2.4108488945494077e-14,1.0663526129541917e-12,7.464468290679342e-12,2.7543694005174286e-08,1.9280585803622e-07,2.470204526514342e-06,1.947944186707802e-08,5.641630728971687e-06,1.4216150490794988e-12,3.672005810209293e-08,3.672147971714201e-08
pynucastro,50.0,0.14285714285714285,7.0,72.90579491425119,1.510255302027988,1510255302.0279882,0.00010339668237043331,8.913298452733152e-10,8.913298452733152,0.9999999999999989,2.458537330522681e-09,2.458537330522681e-09,0.7500994172314326,0.7500994172314326,1.7922247083508862e-06,3.5844494167017723e-06,1.3806239444716663e-08,4.141871833414999e-08,4.225598430301677e-06,1.2676795290905031e-05,0.062471020596591806,0.24988408238636722,3.877817412166658e-15,2.3266904472999945e-14,1.0077853538995068e-12,7.0544974772965475e-12,2.7893308278575216e-08,1.952531579500265e-07,2.3893162255289696e-06,1.8405879444186987e-08,5.633384499748155e-06,1.3435357110650425e-12,3.718614844619874e-08,3.7187491981909804e-08
pynucastro,50.0,0.14285714285714285,7.0,73.21892070574876,1.5080969074903443,1508096907.4903443,0.00010263432189403063,8.885621731236555e-10,8.885621731236554,0.9999999999999989,2.285769427208729e-09,2.285769427208729e-09,0.7500994219462226,0.7500994219462226,1.7339368821517942e-06,3.4678737643035885e-06,1.3048594839769825e-08,3.914578451930948e-08,4.219607569085356e-06,1.265882270725607e-05,0.062471053058721054,0.24988421223488422,3.743285151631216e-15,2.2459710909787298e-14,9.52687800594836e-13,6.6688146041638515e-12,2.824059647917309e-08,1.9768417535421164e-07,2.311609409927137e-06,1.7395820417930312e-08,5.6253977081292506e-06,1.2700820354226824e-12,3.764913777149633e-08,3.765040785353175e-08
pynucastro,50.0,0.14285714285714285,7.0,73.53339135277416,1.5059383678640648,1505938367.8640647,0.00010187784448147528,8.858110727661434e-10,8.858110727661435,0.9999999999999989,2.1262917908340475e-09,2.1262917908340475e-09,0.7500994265344653,0.7500994265344653,1.677924180916406e-06,3.355848361832812e-06,1.2335569367449927e-08,3.700670810234978e-08,4.213803375392324e-06,1.2641410126176972e-05,0.0624710842421895,0.249884336968758,3.614211350265033e-15,2.1685268101590202e-14,9.008405240728316e-13,6.305883668509821e-12,2.8585565735342173e-08,2.000989601473952e-07,2.2369356935367676e-06,1.6445245698215632e-08,5.617659774598841e-06,1.2009614888452928e-12,3.8109035581336673e-08,3.8110236542825515e-08
pynucastro,50.0,0.14285714285714285,7.0,73.84921263139707,1.503779681188167,1503779681.1881669,0.00010112720424557162,8.830764753401126e-10,8.830764753401127,0.9999999999999989,1.9789923557488857e-09,1.9789923557488857e-09,0.7500994309997834,0.7500994309997834,1.6240814635507711e-06,3.2481629271015423e-06,1.1664353754678271e-08,3.499306126403481e-08,4.208178305819162e-06,1.2624534917457486e-05,0.06247111420669192,0.2498844568267677,3.4903376195627347e-15,2.0942025717376408e-14,8.52037581349477e-13,5.964263069446339e-12,2.89282234963372e-08,2.024975644743604e-07,2.1651549067116146e-06,1.555041008247564e-08,5.610160642583366e-06,1.135899516966469e-12,3.856585180684606e-08,3.856698770636303e-08
pynucastro,50.0,0.14285714285714285,7.0,74.166390342495,1.5016208455545728,1501620845.5545728,0.00010038235565228168,8.803583123477492e-10,8.803583123477491,0.9999999999999989,1.8428594636395224e-09,1.8428594636395224e-09,0.7500994353457205,0.7500994353457205,1.5723093136281975e-06,3.144618627256395e-06,1.1032327736669961e-08,3.309698321000988e-08,4.202725184223704e-06,1.2608175552671113e-05,0.06247114300863757,0.24988457203455028,3.371420056774095e-15,2.0228520340644573e-14,8.060871185327561e-13,5.642609829729293e-12,2.926857750638688e-08,2.0488004254470816e-07,2.0961345116911345e-06,1.4707820345958754e-08,5.602890745127238e-06,1.0746403483975839e-12,3.901959677238926e-08,3.9020671412737655e-08
pynucastro,50.0,0.14285714285714285,7.0,74.48493031185994,1.4994618591080564,1499461859.1080563,9.964325351811768e-05,8.776565156540638e-10,8.776565156540638,0.9999999999999989,1.716972863491183e-09,1.716972863491183e-09,0.7500994395757395,0.7500994395757395,1.5225137062476745e-06,3.045027412495349e-06,1.0437047498044707e-08,3.131114249413412e-08,4.1974371827875994e-06,1.2592311548362799e-05,0.062471170701343386,0.24988468280537354,3.2572279046853414e-15,1.9543367428112047e-14,7.62810401140268e-13,5.339672807981876e-12,2.96066357826754e-08,2.0724645047872782e-07,2.0297491584699983e-06,1.3914218498747258e-08,5.5958409796462365e-06,1.0169457019881494e-12,3.9470281166215885e-08,3.947129811191787e-08
pynucastro,50.0,0.14285714285714285,7.0,74.8048383903052,1.4973027200461917,1497302720.0461917,9.890985300755201e-05,8.749710174868476e-10,8.749710174868476,0.999999999999999,1.6004940594479444e-09,1.6004940594479444e-09,0.7500994436932195,0.7500994436932195,1.4746056357254012e-06,2.9492112714508024e-06,9.876231858049715e-09,2.9628695574149146e-08,4.192307800334778e-06,1.2576923401004335e-05,0.062471197335249556,0.24988478934099823,3.1475430936114227e-15,1.8885258561668536e-14,7.22040769539361e-13,5.054285386775527e-12,2.994240659239577e-08,2.0959684614677042e-07,1.965880188452046e-06,1.3166563368481794e-08,5.589002679022617e-06,9.625933942628891e-13,3.99179160098695e-08,3.991887860326376e-08
pynucastro,50.0,0.14285714285714285,7.0,75.12612045377298,1.4951434266192976,1495143426.6192975,9.818210963044441e-05,8.723017504366279e-10,8.723017504366279,0.999999999999999,1.492658818685868e-09,1.492658818685868e-09,0.7500994477014555,0.7500994477014555,1.4285008139917873e-06,2.8570016279835747e-06,9.347751062251722e-09,2.8043253186755167e-08,4.18733084479372e-06,1.2561992534381161e-05,0.062471222958094125,0.2498848918323765,3.0421594886626613e-15,1.8252956931975968e-14,6.836225647649226e-13,4.785357953354458e-12,3.0275898433838794e-08,2.1193128903687157e-07,1.904415232365749e-06,1.246201565791872e-08,5.582367588224522e-06,9.113759073676973e-13,4.0362512632976636e-08,4.0363424008884004e-08
pynucastro,50.0,0.14285714285714285,7.0,75.44878240344242,1.4929839771303832,1492983977.1303833,9.745997923948661e-05,8.696486474566085e-10,8.696486474566084,0.9999999999999991,1.3927702987866377e-09,1.3927702987866377e-09,0.7500994516036584,0.7500994516036584,1.3841193873203292e-06,2.7682387746406583e-06,8.849616307439858e-09,2.654884892231957e-08,4.182500416592232e-06,1.2547501249776695e-05,0.062471247615076844,0.24988499046030738,2.940881297105953e-15,1.7645287782635716e-14,6.474104589983726e-13,4.531873212988608e-12,3.06071200186783e-08,2.1424984013074812e-07,1.8452478326189706e-06,1.1797923979973611e-08,5.575927842168593e-06,8.630994964924396e-13,4.080408264963065e-08,4.080494574912714e-08
pynucastro,50.0,0.14285714285714285,7.0,75.77283016583758,1.4908243699350998,1490824369.9350998,9.67434180276662e-05,8.670116418626106e-10,8.670116418626106,0.999999999999999,1.300192111166842e-09,1.300192111166842e-09,0.7500994554029536,0.7500994554029536,1.341385635007279e-06,2.682771270014558e-06,8.379968787381963e-09,2.5139906362145888e-08,4.17781089066469e-06,1.253343267199407e-05,0.062471271349033276,0.2498850853961331,2.8435234479037933e-15,1.706114068742276e-14,6.132687857971552e-13,4.292881500580086e-12,3.09360802548492e-08,2.165525617839444e-07,1.788277041591353e-06,1.1171810253988575e-08,5.5696759417327785e-06,8.175832969612103e-13,4.1242637935565924e-08,4.1243455518862886e-08
pynucastro,50.0,0.14285714285714285,7.0,76.09826969293682,1.4886646034416775,1488664603.4416776,9.603238252574432e-05,8.643906673329992e-10,8.643906673329992,0.9999999999999993,1.2143432475056575e-09,1.2143432475056575e-09,0.7500994591023826,0.7500994591023826,1.3002277515243043e-06,2.6004555030486087e-06,7.937071651383093e-09,2.381121495414928e-08,4.1732569035530706e-06,1.2519770710659213e-05,0.06247129420056073,0.24988517680224293,2.7499109168939154e-15,1.6499465501363493e-14,5.810707952613512e-13,4.0674955668294585e-12,3.1262788231806195e-08,2.1883951762264337e-07,1.7334071312092941e-06,1.0581358985221913e-08,5.563604736559947e-06,7.746583312520955e-13,4.167819060850579e-08,4.167896526683704e-08
pynucastro,50.0,0.14285714285714285,7.0,76.42510696228176,1.4865046761108782,1486504676.1108782,9.532682959975426e-05,8.61785657908607e-10,8.61785657908607,0.999999999999999,1.134692469792543e-09,1.134692469792543e-09,0.7500994627049019,0.7500994627049019,1.26057758582954e-06,2.52115517165908e-06,7.51930064074742e-09,2.255790192224226e-08,4.168833337602839e-06,1.2506500012808517e-05,0.062471316208168724,0.2498852648326749,2.659876933104779e-15,1.5959261598628672e-14,5.506979994029768e-13,3.854885995820838e-12,3.1587253206089933e-08,2.2111077244262953e-07,1.6805472454063952e-06,1.0024404781777058e-08,5.557707403988514e-06,7.341666362713126e-13,4.211075300892028e-08,4.211148717555655e-08
pynucastro,50.0,0.14285714285714285,7.0,76.7533479770872,1.484344586455935,1484344586.455935,9.462671644851461e-05,8.591965479926511e-10,8.591965479926511,0.9999999999999989,1.060753680367715e-09,1.060753680367715e-09,0.7500994662133856,0.7500994662133856,1.2223704226436622e-06,2.4447408452873245e-06,7.125136225165061e-09,2.1375408675495182e-08,4.164535307655728e-06,1.2493605922967183e-05,0.06247133740840518,0.24988534963362072,2.573263745108233e-15,1.54395824706494e-14,5.220396217811352e-13,3.6542773524679464e-12,3.190948458833578e-08,2.2336639211835044e-07,1.629611108529874e-06,9.498921871167053e-09,5.551977431311777e-06,6.959605296301161e-13,4.254033768270711e-08,4.254103364323674e-08
pynucastro,50.0,0.14285714285714285,7.0,77.08299876635137,1.4821843330425006,1482184333.0425007,9.393200060116057e-05,8.56623272350639e-10,8.56623272350639,0.9999999999999989,9.920823720061723e-10,9.920823720061723e-10,0.7500994696306255,0.7500994696306255,1.185544809246058e-06,2.371089618492116e-06,6.75315733212041e-09,2.025947199636123e-08,4.160358150605406e-06,1.2481074451816217e-05,0.06247135783595631,0.24988543134382524,2.4899219788124532e-15,1.4939531872874718e-14,4.949920640581465e-13,3.4649444484070256e-12,3.222949193196782e-08,2.2560644352377472e-07,1.5805167944324246e-06,9.0030157406269e-09,5.546408601853975e-06,6.599018984800742e-13,4.2966957366119344e-08,4.2967617268017826e-08
pynucastro,50.0,0.14285714285714285,7.0,77.41406538496663,1.480023914488588,1480023914.488588,9.324263991469179e-05,8.540657661102763e-10,8.540657661102763,0.999999999999999,9.282713418792448e-10,9.282713418792448e-10,0.750099472959332,0.750099472959332,1.150042342070401e-06,2.300084684140802e-06,6.4020338223319815e-09,1.9206101466995945e-08,4.156297412140326e-06,1.2468892236420978e-05,0.062471377523769626,0.2498855100950785,2.4097092251477675e-15,1.4458255350886606e-14,4.694584570047139e-13,3.286209199032997e-12,3.254728492150321e-08,2.2783099445052245e-07,1.533186441970414e-06,8.53491310569029e-09,5.540994977296388e-06,6.258616009321825e-13,4.3390624970173545e-08,4.339125083177448e-08
pynucastro,50.0,0.14285714285714285,7.0,77.74655391383081,1.4778633294645163,1477863329.4645162,9.25585925715371e-05,8.515239647613574e-10,8.515239647613575,0.9999999999999989,8.689471260584714e-10,8.689471260584714e-10,0.750099476202136,0.750099476202136,1.1158074790840067e-06,2.2316149581680134e-06,6.07051990701513e-09,1.8211559721045392e-08,4.152348835031951e-06,1.2457046505095854e-05,0.06247139650316196,0.24988558601264785,2.3324892509950284e-15,1.399493550597017e-14,4.453481023368614e-13,3.1174367163580296e-12,3.286287336224879e-08,2.3004011353574154e-07,1.4875460048759186e-06,8.092953134364345e-09,5.535730882063675e-06,5.93718721937688e-13,4.381135356691402e-08,4.3811947285635956e-08
pynucastro,50.0,0.14285714285714285,7.0,78.08047045995872,1.4757025766928527,1475702576.6928527,9.187981707713642e-05,8.489978041556622e-10,8.489978041556622,0.999999999999999,8.137674458520074e-10,8.137674458520074e-10,0.7500994793615906,0.7500994793615906,1.082787401056083e-06,2.165574802112166e-06,5.757449219979237e-09,1.727234765993771e-08,4.148508350593832e-06,1.2445525051781495e-05,0.062471414803899374,0.2498856592155975,2.2581364517216648e-15,1.354881871032999e-14,4.225760460233825e-13,2.9580323221636774e-12,3.317626717117626e-08,2.3223387019823384e-07,1.4435250668053296e-06,7.675580877458282e-09,5.530610891937461e-06,5.633600044397269e-13,4.4229156377248214e-08,4.422971973725265e-08
pynucastro,50.0,0.14285714285714285,7.0,78.41582115659448,1.4735416549483562,1473541654.9483562,9.120627225753793e-05,8.464872205068344e-10,8.464872205068344,0.9999999999999989,7.6241805458724e-10,7.6241805458724e-10,0.7500994824401723,0.7500994824401723,1.0509318434285836e-06,2.101863686857167e-06,5.461728996348564e-09,1.6385186989045694e-08,4.144772067991537e-06,1.2434316203974611e-05,0.062471432454293895,0.24988572981717558,2.1865258123222227e-15,1.3119154873933337e-14,4.0106289808122165e-13,2.8074402865685516e-12,3.348747636712228e-08,2.3441233456985594e-07,1.401056617196647e-06,7.2813395079021265e-09,5.525629819804765e-06,5.346796091319931e-13,4.464404675788218e-08,4.4644581437491315e-08
pynucastro,50.0,0.14285714285714285,7.0,78.75261216332405,1.4713805630579198,1471380563.0579197,9.053791725701372e-05,8.439921503902666e-10,8.439921503902665,0.999999999999999,7.1461043320261e-10,7.1461043320261e-10,0.7500994854402828,0.7500994854402828,1.0201929527881477e-06,2.0403859055762954e-06,5.182335142699436e-09,1.5547005428098308e-08,4.141136265199584e-06,1.242340879559875e-05,0.06247144948128597,0.24988579792514387,2.1175430803951017e-15,1.2705258482370611e-14,3.807340976759709e-13,2.6651386837317966e-12,3.379651106356835e-08,2.3657557744497845e-07,1.3600768599238929e-06,6.9088637484634215e-09,5.520782703602147e-06,5.075781347223469e-13,4.5056038191695264e-08,4.5056545769829985e-08
pynucastro,50.0,0.14285714285714285,7.0,79.09084966618848,1.469219299900511,1469219299.900511,8.987471153569001e-05,8.415125307429715e-10,8.415125307429715,0.999999999999999,6.700795485450531e-10,6.700795485450531e-10,0.7500994883642506,0.7500994883642506,9.905251533477015e-07,1.981050306695403e-06,4.91830766914584e-09,1.4754923007437519e-08,4.137597380499976e-06,1.2412792141499927e-05,0.0624714659105211,0.2498858636420844,2.0510769609681445e-15,1.2306461765808867e-14,3.615198711356499e-13,2.5306390979495494e-12,3.4103381461183e-08,2.38723670228281e-07,1.320525035295984e-06,6.556873781998229e-09,5.516064794981897e-06,4.819625619583075e-13,4.5465144277797846e-08,4.5465626240359805e-08
pynucastro,50.0,0.14285714285714285,7.0,79.43053987779741,1.4670578644071168,1467057864.407117,8.921661486719504e-05,8.390482988634491e-10,8.39048298863449,0.999999999999999,6.28581835622935e-10,6.28581835622935e-10,0.7500994912143332,0.7500994912143332,9.618850289119783e-07,1.9237700578239566e-06,4.668746646703063e-09,1.4006239940109189e-08,4.134152004928488e-06,1.2402456014785463e-05,0.06247148176641777,0.2498859270656711,1.9870226426832055e-15,1.1922135856099233e-14,3.433548387640962e-13,2.4034838713486737e-12,3.440809784022172e-08,2.40856684881552e-07,1.2823432626981074e-06,6.2241698619803715e-09,5.511471549241722e-06,4.577457294474902e-13,4.5871378721399454e-08,4.58718364671289e-08
pynucastro,50.0,0.14285714285714285,7.0,79.77168903744334,1.4648962555606804,1464896255.5606804,8.856358733632221e-05,8.365993924115544e-10,8.365993924115543,0.9999999999999989,5.898932132780391e-10,5.898932132780391e-10,0.7500994939927182,0.7500994939927182,9.342311965403886e-07,1.8684623930807771e-06,4.432807977510253e-09,1.3298423932530759e-08,4.1307968740831445e-06,1.2392390622249434e-05,0.06247149707223988,0.24988598828895953,1.9252799907171598e-15,1.1551679944302958e-14,3.2617766636345317e-13,2.283243664544172e-12,3.471067055398607e-08,2.4297469387790247e-07,1.245476372164381e-06,5.909626673542704e-09,5.506998614404138e-06,4.3484586908229487e-13,4.6274755325088956e-08,4.627519017095804e-08
pynucastro,50.0,0.14285714285714285,7.0,80.11430341121604,1.4627344723960456,1462734472.3960457,8.791558933671017e-05,8.341657494083524e-10,8.341657494083524,0.9999999999999989,5.538073794603208e-10,5.538073794603208e-10,0.7500994967015261,0.7500994967015261,9.075241923073883e-07,1.8150483846147767e-06,4.209699598299391e-09,1.2629098794898172e-08,4.127528860685435e-06,1.2382586582056305e-05,0.06247151185016229,0.24988604740064915,1.8657534547050885e-15,1.119452072823053e-14,3.0993085362532074e-13,2.169515975377245e-12,3.501111002290682e-08,2.450777701603477e-07,1.2098717520783826e-06,5.612188272103964e-09,5.502641821299382e-06,4.131863239319651e-13,4.667528798094658e-08,4.667570116727051e-08
pynucastro,50.0,0.14285714285714285,7.0,80.45838929211781,1.460572513999895,1460572513.999895,8.727258156853836e-05,8.317473082359758e-10,8.317473082359758,0.999999999999999,5.201344161762859e-10,5.201344161762859e-10,0.750099499342811,0.750099499342811,8.817263793276142e-07,1.7634527586552283e-06,3.998678386734454e-09,1.1996035160203363e-08,4.124344968621101e-06,1.2373034905863302e-05,0.062471526121323506,0.24988610448529402,1.8083523912465614e-15,1.0850114347479368e-14,2.9456045688151137e-13,2.0619231981705794e-12,3.530942672831494e-08,2.471659870982046e-07,1.175479226556112e-06,5.330863959031888e-09,5.498397175620817e-06,3.9269517862575075e-13,4.707299066223987e-08,4.7073383357418496e-08
pynucastro,50.0,0.14285714285714285,7.0,80.80395300017896,1.4584103795106917,1458410379.5106916,8.663452503623888e-05,8.293440076374728e-10,8.29344007637473,0.999999999999999,4.88699438734072e-10,4.88699438734072e-10,0.7500995019185629,0.7500995019185629,8.568018508002557e-07,1.7136037016005114e-06,3.799046984534153e-09,1.1397140953602458e-08,4.121242326591551e-06,1.2363726979774653e-05,0.0624715399058813,0.2498861596235252,1.7529899664793746e-15,1.0517939798876248e-14,2.800158607794301e-13,1.9601110254560108e-12,3.560563120721045e-08,2.4923941845047317e-07,1.1422509261888262e-06,5.064724046366063e-09,5.494260849461259e-06,3.7330495496027e-13,4.746787741644987e-08,4.746825072140483e-08
pynucastro,50.0,0.14285714285714285,7.0,81.15100088257394,1.456248068118616,1456248068.118616,8.600138104622389e-05,8.269557867166551e-10,8.26955786716655,0.9999999999999988,4.5934120082493767e-10,4.5934120082493767e-10,0.7500995044307096,0.7500995044307096,8.327163329434756e-07,1.6654326658869513e-06,3.610150644094907e-09,1.0830451932284722e-08,4.118218181663313e-06,1.235465454498994e-05,0.06247155322306822,0.2498862128922729,1.699583718079522e-15,1.0197502308477133e-14,2.6624958369843716e-13,1.86374708588906e-12,3.589973404709986e-08,2.5129813832969905e-07,1.1101411586393038e-06,4.812895652870538e-09,5.490229172713356e-06,3.5495235248889827e-13,4.7859962358388806e-08,4.7860317310741294e-08
pynucastro,50.0,0.14285714285714285,7.0,81.49953931373791,1.4540855790655076,1454085579.0655077,8.537311120462892e-05,8.245825849379375e-10,8.245825849379374,0.999999999999999,4.3191091907332654e-10,4.3191091907332654e-10,0.750099506881119,0.750099506881119,8.094370964721499e-07,1.6188741929442997e-06,3.4313743813179146e-09,1.0294123143953745e-08,4.1152698933734595e-06,1.234580968012038e-05,0.06247156609124233,0.24988626436496933,1.6480547707863511e-15,9.888328624718107e-15,2.5321702527331817e-13,1.7725191769132273e-12,3.61917458813592e-08,2.533422211695144e-07,1.0791062906276981e-06,4.574558908304605e-09,5.4862986252111694e-06,3.3757791193088966e-13,4.824925966401831e-08,4.824959724193024e-08
pynucastro,50.0,0.14285714285714285,7.0,81.84957469548387,1.4519229116448007,1451922911.6448007,8.474967741507187e-05,8.222243421261787e-10,8.222243421261787,0.9999999999999988,4.0627128233160253e-10,4.0627128233160253e-10,0.7500995092715992,0.7500995092715992,7.869328786048377e-07,1.5738657572096754e-06,3.2621404811843776e-09,9.786421443553133e-09,4.112394928533006e-06,1.2337184785599017e-05,0.06247157852793172,0.24988631411172688,1.5983279303893234e-15,9.58996758233594e-15,2.4087630207317817e-13,1.6861341145122473e-12,3.648167738476332e-08,2.5537174169334327e-07,1.0491046439545153e-06,4.348943627962311e-09,5.482465829802286e-06,3.21125796105488e-13,4.863578356448955e-08,4.8636104690285655e-08
pynucastro,50.0,0.14285714285714285,7.0,82.20111345712009,1.4497600652014648,1449760065.201465,8.41310418764277e-05,8.198809984665155e-10,8.198809984665155,0.999999999999999,3.8229556566190724e-10,3.8229556566190724e-10,0.750099511603902,0.750099511603902,7.651738132062855e-07,1.530347626412571e-06,3.101906263908311e-09,9.305718791724932e-09,4.109590856566693e-06,1.2328772569700079e-05,0.062471590549874514,0.24988636219949806,1.5503314676742426e-15,9.301988806045455e-15,2.2918808022500317e-13,1.6043165615750223e-12,3.676953926892817e-08,2.573867748824972e-07,1.0200964023695347e-06,4.135326334602796e-09,5.478727546134981e-06,3.0554356679281294e-13,4.9019548340067065e-08,4.901985388363386e-08
pynucastro,50.0,0.14285714285714285,7.0,82.55416205556851,1.4475970391319415,1447597039.1319416,8.351716708061808e-05,8.175524945041914e-10,8.175524945041914,0.9999999999999989,3.5986669815486523e-10,3.5986669815486523e-10,0.750099513879724,0.750099513879724,7.441313541189623e-07,1.4882627082379246e-06,2.950161700037917e-09,8.850485100113751e-09,4.106855344315616e-06,1.2320566032946846e-05,0.06247160217306259,0.24988640869225037,1.5039968255926053e-15,9.023980953555631e-15,2.181154063717796e-13,1.5268078446024573e-12,3.705534227864263e-08,2.593873959504984e-07,9.920435093606545e-07,3.933027079005634e-09,5.475080663729289e-06,2.907819593744647e-13,4.9400568315238685e-08,4.940085909719806e-08
pynucastro,50.0,0.14285714285714285,7.0,82.90872697548289,1.4454338328840812,1445433832.8840811,8.290801581041725e-05,8.152387711443897e-10,8.152387711443897,0.9999999999999989,3.38876556288768e-10,3.38876556288768e-10,0.7500995161007072,0.7500995161007072,7.237782194295733e-07,1.4475564388591467e-06,2.8064276241971466e-09,8.41928287259144e-09,4.10418615230292e-06,1.2312558456908762e-05,0.06247161341277353,0.24988645365109413,1.459258589251463e-15,8.755551535508778e-15,2.0762357145854858e-13,1.4533650002098402e-12,3.733909718708177e-08,2.6137368030957236e-07,9.64909593852344e-07,3.741407058607354e-09,5.471522196998589e-06,2.7679470123891316e-13,4.977885785233419e-08,4.9779134647035434e-08
pynucastro,50.0,0.14285714285714285,7.0,83.26481472936841,1.44327044595708,1443270445.95708,8.230355113727232e-05,8.129397696520543e-10,8.129397696520543,0.9999999999999989,3.192251436389019e-10,3.192251436389019e-10,0.7500995182684428,0.7500995182684428,7.040883103589915e-07,1.408176620717983e-06,2.6702533261427626e-09,8.010759978428289e-09,4.101581129159478e-06,1.2304743387478434e-05,0.06247162428361676,0.24988649713446703,1.4160542322496617e-15,8.49632539349797e-15,1.9767989629498343e-13,1.383759274064884e-12,3.7620814794120854e-08,2.63345703558846e-07,9.386598620731484e-07,3.5598654060022238e-09,5.468049277818119e-06,2.6353822590276413e-13,5.015443134927766e-08,5.015469488750356e-08
pynucastro,50.0,0.14285714285714285,7.0,83.6224318577009,1.441106877901416,1441106877.901416,8.170373641913924e-05,8.106554316517135e-10,8.106554316517135,0.9999999999999989,3.008197703649073e-10,3.008197703649073e-10,0.7500995203844718,0.7500995203844718,6.850366438227276e-07,1.3700732876454552e-06,2.541214518019072e-09,7.623643554057216e-09,4.0990382069410984e-06,1.2297114620823294e-05,0.062471634799571976,0.2498865391982879,1.374323961330921e-15,8.245943767985526e-15,1.882537321838585e-13,1.3177761252870095e-12,3.790050592306076e-08,2.6530354146142533e-07,9.132610076481644e-07,3.3878364789735427e-09,5.4646591492820725e-06,2.509716738485141e-13,5.0527303235221956e-08,5.05275542068958e-08
pynucastro,50.0,0.14285714285714285,7.0,83.98158492904717,1.4389431283187852,1438943128.3187852,8.110853529833395e-05,8.083856991273031e-10,8.08385699127303,0.9999999999999989,2.8357464896123565e-10,2.8357464896123565e-10,0.7500995224502862,0.7500995224502862,6.665993165145404e-07,1.3331986330290808e-06,2.4189121882278626e-09,7.256736564683588e-09,4.096555398715596e-06,1.2289666196146788e-05,0.062471644974009824,0.2498865798960393,1.3340105964838214e-15,8.004063578902929e-15,1.7931614244911907e-13,1.2552129971438336e-12,3.817818141585417e-08,2.672472699109792e-07,8.886811637168055e-07,3.2247883325218075e-09,5.4613491624867695e-06,2.3905646795156237e-13,5.0897487964184746e-08,5.08977270206527e-08
pynucastro,50.0,0.14285714285714285,7.0,84.34228054018558,1.4367791968620371,1436779196.8620372,8.051791169939828e-05,8.061305144219776e-10,8.061305144219777,0.9999999999999989,2.6741057045556235e-10,2.6741057045556235e-10,0.7500995244673304,0.7500995244673304,6.487534610258988e-07,1.2975069220517975e-06,2.3029712917152373e-09,6.908913875145712e-09,4.094130795624344e-06,1.2282392386873033e-05,0.06247165481971664,0.24988661927886657,1.2950596200900026e-15,7.770357720540016e-15,1.708399446479708e-13,1.1958796125357955e-12,3.845385213039318e-08,2.6917696491275225e-07,8.648898444331094e-07,3.070220972811109e-09,5.45811677261323e-06,2.2775636975545303e-13,5.1265000011432466e-08,5.126522776780222e-08
pynucastro,50.0,0.14285714285714285,7.0,84.7045253162273,1.434615083235107,1434615083.235107,7.993182982698061e-05,8.038898202379319e-10,8.038898202379318,0.9999999999999991,2.5225417620489043e-10,2.5225417620489043e-10,0.7500995264370034,0.7500995264370034,6.314771865220337e-07,1.2629543730440673e-06,2.193039001578061e-09,6.579117004734183e-09,4.091762562693838e-06,1.2275287688081513e-05,0.062471664348928396,0.24988665739571359,1.2574187338870562e-15,7.544512403322337e-15,1.627996514276018e-13,1.1395975599932127e-12,3.872752893760151e-08,2.7109270256321056e-07,8.418578658775728e-07,2.92366402628604e-09,5.454959533343315e-06,2.1703740062456154e-13,5.162985386960382e-08,5.1630070907004444e-08
pynucastro,50.0,0.14285714285714285,7.0,85.06832591073787,1.432450787192955,1432450787.192955,7.935025416373229e-05,8.016635596362098e-10,8.016635596362098,0.999999999999999,2.3803737814838086e-10,2.3803737814838086e-10,0.7500995283606593,0.7500995283606593,6.147495230015188e-07,1.2294990460030376e-06,2.0887830906444517e-09,6.266349271933355e-09,4.089448934915675e-06,1.2268346804747024e-05,0.06247167357336243,0.24988669429344973,1.221037990308025e-15,7.326227941848149e-15,1.5517122382707792e-13,1.0861985667895453e-12,3.8999222719049097e-08,2.729945590333437e-07,8.19557271746394e-07,2.784674582064439e-09,5.4518750916337134e-06,2.0686751285686614e-13,5.19920640455298e-08,5.199227091304266e-08
pynucastro,50.0,0.14285714285714285,7.0,85.43368900585948,1.4302863085414947,1430286308.5414948,7.87731494682174e-05,7.994516760365184e-10,7.994516760365184,0.999999999999999,2.2469701481707097e-10,2.2469701481707097e-10,0.7500995302396101,0.7500995302396101,5.985503778156821e-07,1.1971007556313642e-06,1.9898906817506254e-09,5.969672045251876e-09,4.0871882142144715e-06,1.2261564642643415e-05,0.06247168250424209,0.24988673001696837,1.1858694210216228e-15,7.115216526129737e-15,1.4793205509820763e-13,1.0355243856874533e-12,3.9268944364550574e-08,2.74882610551854e-07,7.979612753849913e-07,2.6528355258601205e-09,5.448861183673678e-06,1.972165681145708e-13,5.2351645057032085e-08,5.23518422736002e-08
pynucastro,50.0,0.14285714285714285,7.0,85.80062131243376,1.4281216471375304,1428121647.1375303,7.820048077283833e-05,7.97254113217036e-10,7.9725411321703605,0.999999999999999,2.1217446941066596e-10,2.1217446941066596e-10,0.7500995320751261,0.7500995320751261,5.828604961512457e-07,1.1657209923024914e-06,1.896067119128434e-09,5.6882013573853025e-09,4.084978766667196e-06,1.225493630000159e-05,0.06247169115231927,0.24988676460927708,1.1518675539971355e-15,6.911205323982813e-15,1.41060761797297e-13,9.874253325810791e-13,3.953670476944032e-08,2.767569333860822e-07,7.770442071051303e-07,2.527754035365181e-09,5.445915631177951e-06,1.8805605891668399e-13,5.2708611429290324e-08,5.270879948534924e-08
pynucastro,50.0,0.14285714285714285,7.0,86.16912957012491,1.4259568028886878,1425956802.8886878,7.763221338177558e-05,7.950708153142217e-10,7.950708153142217,0.9999999999999989,2.0041537025185098e-10,2.0041537025185098e-10,0.7500995338684373,0.7500995338684373,5.676614237730585e-07,1.135322847546117e-06,1.8070349181302851e-09,5.4211047543908555e-09,4.0828190198805295e-06,1.2248457059641588e-05,0.0624716995278955,0.249886798111582,1.1189881889546498e-15,6.7139291337278994e-15,1.3453730430976756e-13,9.41761130168373e-13,3.9802514832196695e-08,2.786176038253769e-07,7.567814645151115e-07,2.4090601800683528e-09,5.443036337890366e-06,1.7935926931713645e-13,5.306297769167499e-08,5.3063157050944304e-08
pynucastro,50.0,0.14285714285714285,7.0,86.53922054754361,1.4237917757533463,1423791775.7533462,7.70683128689415e-05,7.929017268226223e-10,7.929017268226223,0.9999999999999991,1.8936928283062556e-10,1.8936928283062556e-10,0.7500995356207354,0.7500995356207354,5.529354699410248e-07,1.1058709398820495e-06,1.7225327359757978e-09,5.1675982079273934e-09,4.080707460368164e-06,1.2242122381104492e-05,0.062471707640843005,0.24988683056337202,1.0871895641924657e-15,6.5231373851547944e-15,1.283427670721009e-13,8.983993695047063e-13,4.006638545226702e-08,2.804646981658691e-07,7.371494630821895e-07,2.2964055490986773e-09,5.440221286087354e-06,1.7110098190621124e-13,5.341475837484766e-08,5.3414929475829565e-08
pynucastro,50.0,0.14285714285714285,7.0,86.91090104237125,1.4216265657405724,1421626565.7405725,7.650874507594948e-05,7.907467925946778e-10,7.9074679259467775,0.9999999999999991,1.789893775934255e-10,1.789893775934255e-10,0.7500995373331739,0.7500995373331739,5.386656705659936e-07,1.0773313411319871e-06,1.642314354558721e-09,4.9269430636761635e-09,4.078642630920353e-06,1.2235927892761059e-05,0.062471715500625635,0.24988686200250254,1.0564314189789442e-15,6.338588513873665e-15,1.2245934739251425e-13,8.572154317475998e-13,4.0328327527930725e-08,2.822982926955151e-07,7.181255870135711e-07,2.189461895147456e-09,5.437468533071139e-06,1.6325746290671437e-13,5.376396800791249e-08,5.37641312653754e-08
pynucastro,50.0,0.14285714285714285,7.0,87.28417788148491,1.4194611729100488,1419461172.9100487,7.595347611009621e-05,7.886059578405264e-10,7.8860595784052645,0.9999999999999991,1.692320972959209e-10,1.692320972959209e-10,0.7500995390068703,0.7500995390068703,5.248357523323062e-07,1.0496715046646124e-06,1.5661476954395222e-09,4.6984430863185666e-09,4.076623128023218e-06,1.2229869384069654e-05,0.062471723116319225,0.2498868924652769,1.0266745555331691e-15,6.160047333199015e-15,1.1687031539696168e-13,8.180922077787318e-13,4.0588351954159304e-08,2.8411846367911514e-07,6.996881414261196e-07,2.0879198212987803e-09,5.434776207729251e-06,1.5580640877569083e-13,5.4110621115563096e-08,5.411077692197187e-08
pynucastro,50.0,0.14285714285714285,7.0,87.65905792108258,1.4172955973720078,1417295597.3720078,7.540247234235939e-05,7.864791681278094e-10,7.864791681278095,0.999999999999999,1.6005692902269692e-10,1.6005692902269692e-10,0.7500995406429067,0.7500995406429067,5.114301005922625e-07,1.022860201184525e-06,1.4938139573205723e-09,4.481441871961716e-09,4.074647599556222e-06,1.2223942798668667e-05,0.062471730496629824,0.2498869219865193,9.978843108678262e-16,5.9873058652069575e-15,1.1155970168870825e-13,7.809179118209578e-13,4.084646962073087e-08,2.859252873451161e-07,6.818163095446215e-07,1.9914876311485693e-09,5.432142507464891e-06,1.4872652980575212e-13,5.445473221556909e-08,5.44548809420989e-08
pynucastro,50.0,0.14285714285714285,7.0,88.03554804680927,1.4151298392871585,1415129839.2871585,7.485570040540844e-05,7.843663693814757e-10,7.843663693814757,0.999999999999999,1.5142621607314598e-10,1.5142621607314598e-10,0.750099542242332,0.750099542242332,4.984337311128907e-07,9.968674622257814e-07,1.4251068723791143e-09,4.2753206171373425e-09,4.072714742763287e-06,1.2218144228289861e-05,0.0624717376499096,0.2498869505996384,9.70022491631212e-16,5.820134949787272e-15,1.0651270585051126e-13,7.455889409535789e-13,4.110269141039599e-08,2.8771883987277196e-07,6.644901150357767e-07,1.8998903373796622e-09,5.429565695492092e-06,1.4199809472234098e-13,5.47963158163308e-08,5.479645781442553e-08
pynucastro,50.0,0.14285714285714285,7.0,88.41365517388334,1.412963898866619,1412963898.866619,7.431312719163e-05,7.822675078835831e-10,7.8226750788358315,0.9999999999999991,1.4330495633943416e-10,1.4330495633943416e-10,0.7500995438061612,0.7500995438061612,4.858322620657283e-07,9.716645241314566e-07,1.3598319748676021e-09,4.079495924602806e-09,4.070823302225052e-06,1.2212469906675155e-05,0.06247174458417279,0.24988697833669116,9.430561132642332e-16,5.658336679585399e-15,1.0171529548944451e-13,7.120070684261116e-13,4.13570281970683e-08,2.894991973794781e-07,6.476903846661661e-07,1.812868686691278e-09,5.4270440981324255e-06,1.356023961477432e-13,5.513538641446725e-08,5.51355220168634e-08
pynucastro,50.0,0.14285714285714285,7.0,88.79338624722364,1.4107977763718442,1410797776.3718443,7.377471985116716e-05,7.80182530273105e-10,7.80182530273105,0.9999999999999991,1.35660539968822e-10,1.35660539968822e-10,0.750099545335378,0.750099545335378,4.736118847854479e-07,9.472237695708958e-07,1.2978058303939056e-09,3.893417491181717e-09,4.068972067724489e-06,1.2206916203173467e-05,0.06247175130711218,0.24988700522844873,9.169531956829365e-16,5.501719174097619e-15,9.71541121441916e-14,6.800787850093413e-13,4.1609490844014674e-08,2.912664359081027e-07,6.313987093188953e-07,1.7301781323086148e-09,5.424576101969513e-06,1.2952162516076835e-13,5.5471958492403296e-08,5.547208801402846e-08
pynucastro,50.0,0.14285714285714285,7.0,89.17474824157694,1.4086314721145556,1408631472.1145556,7.32404457899724e-05,7.781113835457298e-10,7.781113835457298,0.999999999999999,1.2846260886920348e-10,1.2846260886920348e-10,0.7500995468309356,0.7500995468309356,4.6175933816910733e-07,9.235186763382147e-07,1.2388553869906164e-09,3.716566160971849e-09,4.0671598723858116e-06,1.2201479617157436e-05,0.06247175782611369,0.24988703130445475,8.916821583597952e-16,5.350092950158771e-15,9.281667694572305e-14,6.497167386200613e-13,4.1860090202340754e-08,2.930206314163853e-07,6.155974098637643e-07,1.651587968856407e-09,5.4221601513678905e-06,1.2373914547457118e-13,5.5806046516350674e-08,5.580617025549615e-08
pynucastro,50.0,0.14285714285714285,7.0,89.55774816164615,1.4064649864566683,1406464986.4566684,7.271027266787461e-05,7.760540150536682e-10,7.7605401505366824,0.999999999999999,1.216828846177908e-10,1.216828846177908e-10,0.7500995482937569,0.7500995482937569,4.5026188378774303e-07,9.005237675754861e-07,1.1828173504432876e-09,3.5484520513298627e-09,4.065385590847687e-06,1.2196156772543062e-05,0.062471764148270305,0.24988705659308122,8.672130416080368e-16,5.203278249648221e-15,8.86911706109996e-14,6.208381942769971e-13,4.2108837109580164e-08,2.947618597670611e-07,6.002695039771038e-07,1.576880499573462e-09,5.419794746037609e-06,1.1823920013382812e-13,5.613766493442726e-08,5.61377831736274e-08
pynucastro,50.0,0.14285714285714285,7.0,89.94239304221887,1.4042983198102186,1404298319.8102186,7.218416839665942e-05,7.740103725054558e-10,7.740103725054558,0.9999999999999992,1.1529502294687666e-10,1.1529502294687666e-10,0.7500995497247368,0.7500995497247368,4.3910728436385683e-07,8.782145687277137e-07,1.1295376389389329e-09,3.3886129168167986e-09,4.0636481376911916e-06,1.2190944413073575e-05,0.062471770280394356,0.24988708112157743,8.435170802392249e-16,5.0611024814353495e-15,8.476645406326006e-14,5.933651784428205e-13,4.235574238769482e-08,2.9649019671386375e-07,5.85398677448874e-07,1.5058503092735332e-09,5.417478438938437e-06,1.1300693900478506e-13,5.646682817399111e-08,5.646694118093012e-08
pynucastro,50.0,0.14285714285714285,7.0,90.3286899482969,1.4021314726372918,1402131472.6372917,7.166210113816325e-05,7.719804039657545e-10,7.719804039657545,0.9999999999999991,1.0927446775787248e-10,1.0927446775787248e-10,0.7500995511247416,0.7500995511247416,4.282837811676322e-07,8.565675623352644e-07,1.0788708269352224e-09,3.2366124808056672e-09,4.0619464657696695e-06,1.2185839397309008e-05,0.062471776229030225,0.2498871049161209,8.20566685748254e-16,4.9234001144895244e-15,8.103200792118931e-14,5.672240554483252e-13,4.260081684170482e-08,2.9820571789193374e-07,5.709692540482651e-07,1.4383035229357259e-09,5.415209834053304e-06,1.0802833810483602e-13,5.6793550639814074e-08,5.679365866815218e-08
pynucastro,50.0,0.14285714285714285,7.0,90.71664597522538,1.3999644454499496,1399964445.4499495,7.11440393023818e-05,7.699640578551644e-10,7.699640578551644,0.9999999999999992,1.0359830180148885e-10,1.0359830180148885e-10,0.7500995524946114,0.7500995524946114,4.1778006760309895e-07,8.355601352061979e-07,1.0306795311105933e-09,3.09203859333178e-09,4.060279564224546e-06,1.2180838692673638e-05,0.06247178200046926,0.24988712800187704,7.983353564680352e-16,4.790012138808211e-15,7.747788940144513e-14,5.423452258101158e-13,4.2844071260033115e-08,2.999084988202318e-07,5.569661603099013e-07,1.374056987079722e-09,5.412987583743045e-06,1.032901421468342e-13,5.711784671454114e-08,5.7117950004683284e-08
pynucastro,50.0,0.14285714285714285,7.0,91.10626824882394,1.3977972388101527,1397797238.8101528,7.062995154558984e-05,7.67961282950024e-10,7.67961282950024,0.9999999999999991,9.824516622967957e-11,9.824516622967957e-11,0.7500995538351599,0.7500995538351599,4.0758527835757934e-07,8.151705567151587e-07,9.848341090517401e-10,2.9545023271552203e-09,4.0586464577296484e-06,1.2175939373188945e-05,0.06247178760075589,0.24988715040302356,7.767976528217511e-16,4.6607859169305064e-15,7.409471874250838e-14,5.186630311975587e-13,4.308551641032739e-08,3.0159861487229174e-07,5.43374911068337e-07,1.312937868068863e-09,5.410810387738968e-06,9.877984643994504e-14,5.743973075312048e-08,5.743982953296692e-08
pynucastro,50.0,0.14285714285714285,7.0,91.49756392551674,1.3956298533296905,1395629853.3296905,7.011980676847684e-05,7.659720283822199e-10,7.6597202838222,0.9999999999999989,9.319513450204747e-11,9.319513450204747e-11,0.7500995551471757,0.7500995551471757,3.9768896782350403e-07,7.953779356470081e-07,9.41212157324925e-10,2.823636471974775e-09,4.0570462048678985e-06,1.2171138614603695e-05,0.062471793035699844,0.24988717214279937,7.559291452294888e-16,4.535574871376933e-15,7.087364017376309e-14,4.961154812163416e-13,4.33251630389042e-08,3.032761412723294e-07,5.301815806909446e-07,1.2547829829605104e-09,5.408676990978714e-06,9.448564485531137e-14,5.775921708206245e-08,5.775931156770731e-08
pynucastro,50.0,0.14285714285714285,7.0,91.89054019246473,1.3934622896701017,1393462289.6701016,6.96135741142939e-05,7.639962436389958e-10,7.639962436389958,0.999999999999999,8.842959726071124e-11,8.842959726071124e-11,0.7500995564314236,0.7500995564314236,3.880810893723427e-07,7.761621787446854e-07,8.996980364149204e-10,2.6990941092447613e-09,4.055477896566939e-06,1.2166433689700819e-05,0.06247179831088779,0.24988719324355116,7.357063648418525e-16,4.414238189051115e-15,6.780628404429057e-14,4.746439883100339e-13,4.356302187031372e-08,3.0494115309219607e-07,5.173727754468047e-07,1.199438166175177e-09,5.406586181520697e-06,9.039637933780011e-14,5.807631999885923e-08,5.807641039523857e-08
pynucastro,50.0,0.14285714285714285,7.0,92.28520426769697,1.3912945485426027,1391294548.5426028,6.91112229670153e-05,7.620338785627605e-10,7.620338785627605,0.9999999999999991,8.393116921500352e-11,8.393116921500352e-11,0.7500995576886439,0.7500995576886439,3.787519777333106e-07,7.575039554666212e-07,8.601824673586424e-10,2.580547402075927e-09,4.053940654775329e-06,1.2161821964325987e-05,0.06247180343169327,0.24988721372677308,7.161067606066356e-16,4.296640563639814e-15,6.488473894114677e-14,4.541931725880274e-13,4.379910360632632e-08,3.065937252442842e-07,5.049356100147514e-07,1.1467577317459137e-09,5.404536788779262e-06,8.650150273529363e-14,5.839105377063391e-08,5.8391140272136646e-08
pynucastro,50.0,0.14285714285714285,7.0,92.68156340024363,1.389126630708008,1389126630.7080078,6.8612722949512e-05,7.600848833509024e-10,7.600848833509024,0.9999999999999991,7.968361288837631e-11,7.968361288837631e-11,0.7500995589195548,0.7500995589195548,3.696923348954613e-07,7.393846697909226e-07,8.22562202880185e-10,2.467686608640555e-09,4.052433631413749e-06,1.2157300894241247e-05,0.062471808403284645,0.24988723361313858,6.97108663186308e-16,4.182651979117848e-15,6.210152965287366e-14,4.347107075701156e-13,4.403341892400743e-08,3.08233932468052e-07,4.928576886886415e-07,1.0966040348897226e-09,5.402527682126469e-06,8.279104942059272e-14,5.870343263157396e-08,5.8703515422623385e-08
pynucastro,50.0,0.14285714285714285,7.0,93.07962487026899,1.3869585369766546,1386958536.9766545,6.811804392173897e-05,7.581492085556e-10,7.5814920855559995,0.999999999999999,7.567176578729579e-11,7.567176578729579e-11,0.7500995601248526,0.7500995601248526,3.608932169943134e-07,7.217864339886268e-07,7.867397240383212e-10,2.3602191721149637e-09,4.050956007395125e-06,1.2152868022185374e-05,0.06247181323063248,0.24988725292252992,6.786912516112663e-16,4.072147509667598e-15,5.944959606154951e-14,4.1614717243084657e-13,4.426597847372504e-08,3.098618493160753e-07,4.811270878951635e-07,1.048847067591094e-09,5.400557769585749e-06,7.925560715120836e-14,5.90134707802749e-08,5.9013550035882046e-08
pynucastro,50.0,0.14285714285714285,7.0,93.47939598920513,1.3847902682083257,1384790268.2083256,6.762715597893526e-05,7.562268050836394e-10,7.562268050836393,0.9999999999999991,7.188142706608764e-11,7.188142706608764e-11,0.7500995613052119,0.7500995613052119,3.523460085826643e-07,7.046920171653286e-07,7.526227143097047e-10,2.257868142929114e-09,4.049506990620193e-06,1.2148520971860581e-05,0.06247181791852399,0.24988727167409597,6.608344961057964e-16,3.9650069766347784e-15,5.692225058892353e-14,3.984557541224647e-13,4.4496792882215504e-08,3.1147755017550855e-07,4.6973232189279524e-07,1.0033637574725444e-09,5.398625995159686e-06,7.588626033839544e-14,5.932118238382754e-08,5.932125827008788e-08
pynucastro,50.0,0.14285714285714285,7.0,93.88088409988634,1.3826218253121705,1382621825.3121705,6.714002944983647e-05,7.5431762419623e-10,7.543176241962301,0.9999999999999991,6.829930502913722e-11,6.829930502913722e-11,0.7500995624612881,0.7500995624612881,3.4404241169441557e-07,6.880848233888311e-07,7.201238149514667e-10,2.1603714448544e-09,4.048085815161709e-06,1.2144257445485128e-05,0.06247182247156921,0.24988728988627684,6.435191306240506e-16,3.861114783744304e-15,5.451316100287025e-14,3.815921270200918e-13,4.47258727506006e-08,3.130811092542042e-07,4.5866232819216084e-07,9.600376416545791e-10,5.396731337742417e-06,7.267456712545894e-14,5.962658157517437e-08,5.96266542497415e-08
pynucastro,50.0,0.14285714285714285,7.0,94.2840965766839,1.380453209246627,1380453209.246627,6.665663489490073e-05,7.524216175088269e-10,7.524216175088269,0.9999999999999991,6.491298758960864e-11,6.491298758960864e-11,0.7500995635937152,0.7500995635937152,3.3597444151960005e-07,6.719488830392001e-07,6.891605035028656e-10,2.067481510508597e-09,4.046691740979348e-06,1.2140075222938043e-05,0.06247182689420339,0.24988730757681357,6.267266326985895e-16,3.760359796191537e-15,5.221635060164749e-14,3.6551445421153245e-13,4.495322864995576e-08,3.1467260054969035e-07,4.479064617901546e-07,9.187587047792809e-10,5.394872810739566e-06,6.961255963339023e-14,5.992968244720148e-08,5.992975205976111e-08
pynucastro,50.0,0.14285714285714285,7.0,94.68904082564147,1.3782844210193432,1378284421.0193431,6.61769431045469e-05,7.50538736990951e-10,7.50538736990951,0.999999999999999,6.171087438431545e-11,6.171087438431545e-11,0.750099564703109,0.750099564703109,3.281344126668627e-07,6.562688253337254e-07,6.596548026791661e-10,1.9789644080374982e-09,4.045324052863438e-06,1.2135972158590315e-05,0.06247183119069479,0.24988732476277917,6.104391979897278e-16,3.6626351879383664e-15,5.002617013680289e-14,3.5018319095762026e-13,4.517887112062821e-08,3.162520978443975e-07,4.3745447685566784e-07,8.794229909202239e-10,5.393049460660047e-06,6.669270652970364e-14,6.023049905182934e-08,6.023056574453586e-08
pynucastro,50.0,0.14285714285714285,7.0,95.09572428461134,1.376115461687096,1376115461.687096,6.570092509740552e-05,7.486689349660144e-10,7.4866893496601445,0.999999999999999,5.868210296839171e-11,5.868210296839171e-11,0.750099565790066,0.750099565790066,3.2051492314073184e-07,6.410298462814637e-07,6.315329525339973e-10,1.8945988576019918e-09,4.043982059185712e-06,1.2131946177557136e-05,0.06247183536515362,0.24988734146061448,5.9463970069886e-16,3.56783820419316e-15,4.79372701770056e-14,3.3556089123903923e-13,4.5402810672735085e-08,3.1781967470914557e-07,4.272965053687765e-07,8.419321665235406e-10,5.391260365450633e-06,6.390787618509573e-14,6.052904540067711e-08,6.05291093085533e-08
pynucastro,50.0,0.14285714285714285,7.0,95.50415442339079,1.3739463323557113,1373946332.3557112,6.522855211858205e-05,7.468121641111489e-10,7.468121641111489,0.999999999999999,5.581649014514488e-11,5.581649014514488e-11,0.7500995668551649,0.7500995668551649,3.1310884065171684e-07,6.262176813034337e-07,6.047251314648502e-10,1.8141753943945504e-09,4.042665090837204e-06,1.212799527251161e-05,0.06247183942153974,0.24988735768615897,5.793116548896329e-16,3.4758699293377972e-15,4.594458720031288e-14,3.216121104021902e-13,4.562505778595371e-08,3.1937540450167596e-07,4.174230388699509e-07,8.061931484645361e-10,5.389504633079989e-06,6.125131813225567e-14,6.082533546478283e-08,6.082539671610096e-08
pynucastro,50.0,0.14285714285714285,7.0,95.91433874385946,1.3717770341799846,1371777034.1799846,6.475979563793331e-05,7.44968377457037e-10,7.44968377457037,0.9999999999999992,5.310449916630054e-11,5.310449916630054e-11,0.750099567898967,0.750099567898967,3.059092936543301e-07,6.118185873086602e-07,5.791652743277504e-10,1.7374958229832513e-09,4.041372500543476e-06,1.212411750163043e-05,0.06247184336366771,0.24988737345467085,5.644391981487141e-16,3.386635188892285e-15,4.404333090766014e-14,3.0830331635362097e-13,4.584562290810901e-08,3.209193603567631e-07,4.078249165123287e-07,7.721178615660259e-10,5.387781400625763e-06,5.871664615275776e-14,6.111938317272045e-08,6.11194418893666e-08
pynucastro,50.0,0.14285714285714285,7.0,96.32628478011708,1.3696075683635969,1369607568.363597,6.429462734835525e-05,7.431375283877451e-10,7.431375283877451,0.999999999999999,5.053717687281146e-11,5.053717687281146e-11,0.750099568922017,0.750099568922017,2.989096564144343e-07,5.978193128288686e-07,5.547907757581485e-10,1.6643723272744456e-09,4.040103661697463e-06,1.212031098509239e-05,0.06247184719521513,0.24988738878086053,5.500070541269505e-16,3.3000423247617027e-15,4.222895958912111e-14,2.9560271712384776e-13,4.6064516455527365e-08,3.2245161518869153e-07,3.984933051541455e-07,7.396228430786187e-10,5.3860898327185765e-06,5.6297805436429175e-14,6.141120241107137e-08,6.141125870887681e-08
pynucastro,50.0,0.14285714285714285,7.0,96.74000009862188,1.3674379361590348,1367437936.1590347,6.383301916408382e-05,7.413195706405621e-10,7.413195706405621,0.9999999999999991,4.810614790423597e-11,4.810614790423597e-11,0.7500995699248435,0.7500995699248435,2.9210354513954267e-07,5.842070902790853e-07,5.315424169071259e-10,1.5946272507213779e-09,4.038857968075032e-06,1.2116573904225098e-05,0.06247185091972484,0.24988740367889936,5.360005253028151e-16,3.2160031518168907e-15,4.0497172430880316e-14,2.834802070161622e-13,4.6281748810710424e-08,3.2397224167497296e-07,3.894196941998115e-07,7.08629145008554e-10,5.384429121162817e-06,5.398906232533628e-14,6.170080702132337e-08,6.17008610103857e-08
pynucastro,50.0,0.14285714285714285,7.0,97.1554922983295,1.3652681388675063,1365268138.8675063,6.33749432190078e-05,7.395144583058393e-10,7.395144583058393,0.999999999999999,4.580356037077072e-11,4.580356037077072e-11,0.7500995709079588,0.7500995709079588,2.854848063929308e-07,5.709696127858616e-07,5.093641367193258e-10,1.5280924101579775e-09,4.037634832927296e-06,1.2112904498781888e-05,0.062471854540611355,0.24988741816244542,5.224054581400603e-16,3.134432748840362e-15,3.8843900104810344e-14,2.719073007336724e-13,4.649733032199954e-08,3.254813122539968e-07,3.8059588015410466e-07,6.790620291953581e-10,5.38279848372655e-06,5.1784991768215127e-14,6.198821079942334e-08,6.19882625844151e-08
pynucastro,50.0,0.14285714285714285,7.0,97.5727690108327,1.363098177838858,1363098177.838858,6.292037186499356e-05,7.377221458268356e-10,7.377221458268356,0.9999999999999991,4.362205018300111e-11,4.362205018300111e-11,0.7500995718718605,0.7500995718718605,2.7904750726816386e-07,5.580950145363277e-07,4.882028450524801e-10,1.4646085351574403e-09,4.036433688211342e-06,1.2109301064634025e-05,0.06247185806116644,0.24988743224466575,5.092082234928321e-16,3.0552493409569926e-15,3.726528800483002e-14,2.6085701603381014e-13,4.6711271303027126e-08,3.269788991211899e-07,3.720139535232711e-07,6.508507181708935e-10,5.381197163115946e-06,4.968045497191145e-14,6.22734274950457e-08,6.227347717550067e-08
pynucastro,50.0,0.14285714285714285,7.0,97.99183790050137,1.3609280544714917,1360928054.4714916,6.246927767022241e-05,7.359425879995666e-10,7.3594258799956656,0.9999999999999992,4.1554706818328666e-11,4.1554706818328666e-11,0.7500995728170311,0.7500995728170311,2.7278592714042985e-07,5.455718542808597e-07,4.680082665141943e-10,1.404024799542583e-09,4.035253983942237e-06,1.210576195182671e-05,0.06247186148456371,0.24988744593825485,4.963956953092916e-16,2.9783741718557495e-15,3.575768610946998e-14,2.5030380276628985e-13,4.692358203191207e-08,3.2846507422338445e-07,3.636662878182567e-07,6.239281869693235e-10,5.379624426111412e-06,4.7670585886591636e-14,6.255647081051992e-08,6.25565184811058e-08
pynucastro,50.0,0.14285714285714285,7.0,98.41270666462336,1.3587577702122793,1358757770.2122793,6.202163341753939e-05,7.341757399726565e-10,7.341757399726565,0.999999999999999,3.959504161373048e-11,3.959504161373048e-11,0.750099573743939,0.750099573743939,2.666945485210873e-07,5.333890970421746e-07,4.48732768987437e-10,1.346198306962311e-09,4.034095187471935e-06,1.2102285562415806e-05,0.06247186481386373,0.2498874592554549,4.839552323527517e-16,2.90373139411651e-15,3.431763121084141e-14,2.402234184758899e-13,4.713427275087994e-08,3.299399092561596e-07,3.555455273623828e-07,5.982309345247283e-10,5.3780795626062465e-06,4.5750767514175923e-14,6.283735440032411e-08,6.283740015109162e-08
pynucastro,50.0,0.14285714285714285,7.0,98.83538303354611,1.3565873265564763,1356587326.5564764,6.157741210281387e-05,7.324215572471939e-10,7.324215572471939,0.9999999999999991,3.7736969510306395e-11,3.7736969510306395e-11,0.7500995746530387,0.7500995746530387,2.60768050224591e-07,5.21536100449182e-07,4.30331240744229e-10,1.290993722232687e-09,4.032956782954955e-06,1.2098870348864863e-05,0.062471868052017834,0.24988747220807134,4.718746554991469e-16,2.8312479329948812e-15,3.294184254464495e-14,2.3059289781251465e-13,4.7343353665323845e-08,3.3140347565726694e-07,3.476445781817837e-07,5.736988198443924e-10,5.3765618848943005e-06,4.3916626082453546e-14,6.3116091869833e-08,6.311613578645909e-08
pynucastro,50.0,0.14285714285714285,7.0,99.25987477081803,1.3544167250476393,1354416725.0476394,6.113658693331315e-05,7.306799956765965e-10,7.306799956765965,0.999999999999999,3.597476175929167e-11,3.597476175929167e-11,0.7500995755447715,0.7500995755447715,2.550012954081613e-07,5.100025908163226e-07,4.127608721830835e-10,1.2382826165492505e-09,4.031838270392929e-06,1.2095514811178786e-05,0.06247187120187484,0.24988748480749937,4.601422232739066e-16,2.7608533396434397e-15,3.162720479715486e-14,2.2139043358008403e-13,4.7550834944339715e-08,3.32855844610378e-07,3.399565920604109e-07,5.502747710306455e-10,5.375070726396217e-06,4.216400839073281e-14,6.339269677603161e-08,6.339273894004e-08
pynucastro,50.0,0.14285714285714285,7.0,99.68618967333191,1.352245967277536,1352245967.277536,6.069913132608605e-05,7.289510114664729e-10,7.289510114664729,0.9999999999999991,3.430304731066432e-11,3.430304731066432e-11,0.750099576419566,0.750099576419566,2.4938932981540287e-07,4.987786596308057e-07,3.9598113051318014e-10,1.1879433915395404e-09,4.030739165504364e-06,1.2092217496513091e-05,0.06247187426618206,0.24988749706472824,4.48746623894384e-16,2.6924797433663037e-15,3.0370774911007087e-14,2.125954243770496e-13,4.775672671871274e-08,3.3429708703098917e-07,3.3247496419849684e-07,5.279047515308678e-10,5.373605441485787e-06,4.0488990883017486e-14,6.36671826248308e-08,6.366722311382169e-08
pynucastro,50.0,0.14285714285714285,7.0,100.11433557146728,1.3500750548860614,1350075054.8860614,6.026501890635986e-05,7.272345611744963e-10,7.272345611744963,0.9999999999999992,3.271677649558015e-11,3.271677649558015e-11,0.7500995772778377,0.7500995772778377,2.4392737139637143e-07,4.878547427927429e-07,3.799535742017705e-10,1.1398607226053116e-09,4.029658998895133e-06,1.2088976996685399e-05,0.062471877247591005,0.24988750899036402,4.376769538858261e-16,2.626061723314957e-15,2.9169751832201224e-14,2.0418826282540857e-13,4.796103908126194e-08,3.357272735688336e-07,3.2519331937447616e-07,5.065375127668354e-10,5.372165404384094e-06,3.888783931602819e-14,6.393956287152675e-08,6.393960175936607e-08
pynucastro,50.0,0.14285714285714285,7.0,100.54432032923506,1.3479039895611464,1347903989.5611465,5.9834223505947274e-05,7.255306017102766e-10,7.255306017102766,0.9999999999999992,3.1211202830931654e-11,3.1211202830931654e-11,0.7500995781199906,0.7500995781199906,2.3861080382408094e-07,4.772216076481619e-07,3.646417452841453e-10,1.0939252358524358e-09,4.028597315539574e-06,1.2085791946618722e-05,0.0624718801486611,0.2498875205946444,4.269227007897957e-16,2.5615362047387743e-15,2.8021477003656224e-14,1.9615033902559357e-13,4.816378208636248e-08,3.3714647460453736e-07,3.1810550330147133e-07,4.861244505670351e-10,5.370750008467722e-06,3.7357009417186654e-14,6.420985092016396e-08,6.420988827717338e-08
pynucastro,50.0,0.14285714285714285,7.0,100.97615184442124,1.3457327730386737,1345732773.0386736,5.940671916166668e-05,7.238390903352456e-10,7.238390903352456,0.9999999999999992,2.978186978628241e-11,2.978186978628241e-11,0.7500995789464169,0.7500995789464169,2.3343517291496792e-07,4.6687034582993583e-07,3.5001110721991875e-10,1.0500333216597564e-09,4.027553674499303e-06,1.2082661023497909e-05,0.06247188297186164,0.24988753188744656,4.1647373302918797e-16,2.498842398175128e-15,2.6923442611549516e-14,1.8846409828084662e-13,4.836496574854425e-08,3.385547602398098e-07,3.112055778552081e-07,4.666195223193449e-10,5.369358665893892e-06,3.5893157878272563e-14,6.447806012166711e-08,6.447809601482499e-08
pynucastro,50.0,0.14285714285714285,7.0,101.40983804873264,1.3435614071023851,1343561407.102385,5.8982480113772075e-05,7.221599846625374e-10,7.221599846625374,0.9999999999999991,2.8424581572314768e-11,2.8424581572314768e-11,0.750099579757497,0.750099579757497,2.2839617646872612e-07,4.5679235293745224e-07,3.360288748363295e-10,1.0080866245089886e-09,4.026527648101736e-06,1.2079582944305207e-05,0.062471885719577444,0.24988754287830978,4.0632027817131897e-16,2.437921669027914e-15,2.5873259041295955e-14,1.8111281328907167e-13,4.856460004330205e-08,3.3995220030311435e-07,3.0448780752892213e-07,4.479790202588379e-10,5.367990806505304e-06,3.449309896915372e-14,6.474420377492107e-08,6.474423826802003e-08
pynucastro,50.0,0.14285714285714285,7.0,101.8453869079419,1.3413898935837956,1341389893.5837955,5.856148080439592e-05,7.204932426568843e-10,7.204932426568843,0.9999999999999991,2.7135392452483374e-11,2.7135392452483374e-11,0.7500995805536008,0.7500995805536008,2.2348966099342198e-07,4.4697932198684396e-07,3.226639605848954e-10,9.679918817546862e-10,4.025518821679697e-06,1.2076556465039091e-05,0.06247188839411077,0.24988755357644307,3.9645291497091986e-16,2.378717489825519e-15,2.486865149703223e-14,1.7408056047922563e-13,4.8762694905830136e-08,3.41338864340811e-07,2.979466550674225e-07,4.3016149981947414e-10,5.366645877482983e-06,3.315380003102823e-14,6.500829512508392e-08,6.500832827888395e-08
pynucastro,50.0,0.14285714285714285,7.0,102.28280642203454,1.3392182343620984,1339218234.3620985,5.814369587600181e-05,7.188388226345099e-10,7.188388226345099,0.9999999999999992,2.591059129607136e-11,2.591059129607136e-11,0.7500995813350877,0.7500995813350877,2.187116157986182e-07,4.374232315972364e-07,3.0988687804630714e-10,9.296606341389214e-10,4.024526793095947e-06,1.2073580379287841e-05,0.06247189099768452,0.24988756399073808,3.8686255370693403e-16,2.3211753222416043e-15,2.390747602365334e-14,1.673523321655734e-13,4.8959260230604745e-08,3.4271482161423324e-07,2.9157677359229776e-07,4.1312765099101306e-10,5.365323342712403e-06,3.187240283630193e-14,6.527034736303026e-08,6.52703792354331e-08
pynucastro,50.0,0.14285714285714285,7.0,102.7221046253551,1.3370464313640795,1337046431.3640795,5.772910016984998e-05,7.171966832630346e-10,7.171966832630346,0.999999999999999,2.474667886772743e-11,2.474667886772743e-11,0.7500995821023061,0.7500995821023061,2.1405816510227035e-07,4.281163302045407e-07,2.9766961619218627e-10,8.930088485765588e-10,4.023551172098797e-06,1.2070653516296391e-05,0.062471893532446664,0.24988757412978665,3.7754042254373316e-16,2.265242535262399e-15,2.2987690258224455e-14,1.609138318075712e-13,4.915430587196305e-08,3.4408014110374134e-07,2.853729960791725e-07,3.9684013069025695e-10,5.364022681924418e-06,3.0646184595646346e-14,6.553037362612328e-08,6.553040427230787e-08
pynucastro,50.0,0.14285714285714285,7.0,103.16328958675557,1.334874486564021,1334874486.5640209,5.731766872447242e-05,7.155667835613815e-10,7.155667835613816,0.999999999999999,2.3640365053617372e-11,2.3640365053617372e-11,0.7500995828555952,0.7500995828555952,2.0952556604196549e-07,4.1905113208393097e-07,2.8598560997105457e-10,8.579568299131638e-10,4.022591580166197e-06,1.206777474049859e-05,0.062471896000471386,0.24988758400188554,3.684780644223173e-16,2.2108683865339036e-15,2.2107352015003674e-14,1.5475146410502572e-13,4.934784164254142e-08,3.4543489149778993e-07,2.7933033270637364e-07,3.812635235475272e-10,5.3627433904873976e-06,2.9472556071611165e-14,6.578838699613246e-08,6.578841646868852e-08
pynucastro,50.0,0.14285714285714285,7.0,103.6063694097427,1.3327024019836144,1332702401.9836144,5.6909376774160625e-05,7.139490828996937e-10,7.139490828996936,0.999999999999999,2.258855175166735e-11,2.258855175166735e-11,0.7500995835952843,0.7500995835952843,2.0511020256952503e-07,4.1022040513905006e-07,2.748096447792132e-10,8.244289343376396e-10,4.0216476500080405e-06,1.2064942950024122e-05,0.06247189840376246,0.24988759361504984,3.596673157996575e-16,2.1580038947979448e-15,2.1264620255410818e-14,1.4885234178787572e-13,4.953987731331163e-08,3.4677914119318137e-07,2.7344396271547874e-07,3.6636421455139294e-10,5.361484978743726e-06,2.8349062871742812e-14,6.604440049928202e-08,6.604442884834489e-08
pynucastro,50.0,0.14285714285714285,7.0,104.05135223262761,1.3305301796918625,1330530179.6918626,5.650419974746258e-05,7.123435409992519e-10,7.123435409992519,0.9999999999999991,2.1588317233817658e-11,2.1588317233817658e-11,0.7500995843216934,0.7500995843216934,2.0080857901836954e-07,4.016171580367391e-07,2.641177593685439e-10,7.923532781056317e-10,4.020719025036665e-06,1.2062157075109995e-05,0.06247190074425682,0.24988760297702728,3.5110029570804666e-16,2.10660177424828e-15,2.0457743098838422e-14,1.4320420169186896e-13,4.9730422614019e-08,3.48112958298133e-07,2.6770922583560483e-07,3.5211025960957246e-10,5.360246971303891e-06,2.7273369465119924e-14,6.629842710683496e-08,6.629845438020442e-08
pynucastro,50.0,0.14285714285714285,7.0,104.49824622867494,1.3283578218049887,1328357821.8049886,5.610211326569225e-05,7.107501179324037e-10,7.1075011793240375,0.999999999999999,2.0636912304934737e-11,2.0636912304934737e-11,0.7500995850351332,0.7500995850351332,1.9661731854069333e-07,3.9323463708138665e-07,2.5388722335371623e-10,7.616616700611487e-10,4.019805359245189e-06,1.2059416077735567e-05,0.06247190302382548,0.24988761209530191,3.427694011330537e-16,2.056616406798322e-15,1.968506106072139e-14,1.3779542742504972e-13,4.9919487231581546e-08,3.494364106210708e-07,2.621216201999154e-07,3.3847135556250795e-10,5.359028906884289e-06,2.6243263499205084e-14,6.655047973295894e-08,6.655050597622244e-08
pynucastro,50.0,0.14285714285714285,7.0,104.94705960625284,1.3261853304863431,1326185330.4863431,5.5703093141449365e-05,7.091687741224978e-10,7.091687741224979,0.999999999999999,1.9731744657617115e-11,1.9731744657617115e-11,0.7500995857359061,0.7500995857359061,1.9253315675453433e-07,3.8506631350906867e-07,2.4409644196426137e-10,7.322893258927841e-10,4.018906316683129e-06,1.2056718950049388e-05,0.062471905244276996,0.24988762097710798,3.3466729197674528e-16,2.0080037518604717e-15,1.8944994767799057e-14,1.326149633745934e-13,5.0107080810611244e-08,3.507495656742787e-07,2.5667679387616824e-07,3.2541871320297257e-10,5.357830337608131e-06,2.5256639422367555e-14,6.680057123542109e-08,6.680059649206052e-08
pynucastro,50.0,0.14285714285714285,7.0,105.39780060898379,1.324012707946307,1324012707.9463072,5.53071153771497e-05,7.075994703438237e-10,7.075994703438236,0.9999999999999991,1.887036885244462e-11,1.887036885244462e-11,0.7500995864243056,0.7500995864243056,1.885529374341805e-07,3.77105874868361e-07,2.3472489453867934e-10,7.041746836160381e-10,4.018021571100499e-06,1.2054064713301497e-05,0.06247190740735998,0.24988762962943992,3.267868807232825e-16,1.960721284339695e-15,1.8236042769801713e-14,1.2765229938861198e-13,5.0293212953275834e-08,3.5205249067293084e-07,2.513705391213515e-07,3.1292497527908715e-10,5.356650828530975e-06,2.4311495566518293e-14,6.704871441540389e-08,6.704873872689945e-08
pynucastro,50.0,0.14285714285714285,7.0,105.85047751589639,1.3218399564421976,1321839956.4421976,5.49141561635664e-05,7.060421677215585e-10,7.060421677215586,0.9999999999999989,1.8050480577959806e-11,1.8050480577959806e-11,0.7500995871006173,0.7500995871006173,1.8467360986096237e-07,3.6934721972192473e-07,2.2575309612407975e-10,6.772592883722393e-10,4.01715080573303e-06,1.2051452417199092e-05,0.06247190951476442,0.24988763805905767,3.1912132438896146e-16,1.9147279463337688e-15,1.7556776646932762e-14,1.2289743652852933e-13,5.047789321830617e-08,3.533452525281432e-07,2.4619878884987376e-07,3.0096416530062365e-10,5.35548995735439e-06,2.3405927624617824e-14,6.729492201618175e-08,6.729494542210937e-08
pynucastro,50.0,0.14285714285714285,7.0,106.3050986415771,1.3196670782781705,1319667078.2781706,5.4524191878381966e-05,7.044968277317237e-10,7.044968277317237,0.9999999999999989,1.726990523054591e-11,1.726990523054591e-11,0.7500995877651188,0.7500995877651188,1.8089222369972004e-07,3.617844473994401e-07,2.17162525492461e-10,6.51487576477383e-10,4.016293712875567e-06,1.20488811386267e-05,0.06247191156812469,0.24988764627249876,3.116640139824253e-16,1.8699840838945516e-15,1.6905839859208424e-14,1.1834087901445898e-13,5.0661131121403034e-08,3.5462791784982123e-07,2.4115760980309113e-07,2.895115915734403e-10,5.354347313857214e-06,2.2538127116665217e-14,6.753920672366338e-08,6.753922926179049e-08
pynucastro,50.0,0.14285714285714285,7.0,106.76167233632275,1.3174940758051266,1317494075.8051267,5.4137199084750937e-05,7.02963412201146e-10,7.02963412201146,0.9999999999999991,1.652659062556032e-11,1.652659062556032e-11,0.7500995884180798,0.7500995884180798,1.7720592547713162e-07,3.5441185095426324e-07,2.0893557685178395e-10,6.268067305553518e-10,4.0154499935897595e-06,1.204634998076928e-05,0.0624719135690214,0.2498876542760856,3.0440856548089233e-16,1.826451392885354e-15,1.6281943455591288e-14,1.13973604189139e-13,5.084293613495927e-08,3.559005529447149e-07,2.3624319785436694e-07,2.785437828227822e-10,5.353222499505873e-06,2.1706375669301515e-14,6.778158116602134e-08,6.778160287239701e-08
pynucastro,50.0,0.14285714285714285,7.0,107.2202069862945,1.3153209514206097,1315320951.4206097,5.375315452987243e-05,7.014418833074259e-10,7.0144188330742585,0.9999999999999991,1.5818601508586827e-11,1.5818601508586827e-11,0.7500995890597625,0.7500995890597625,1.7361195590294117e-07,3.4722391180588235e-07,2.010555235236281e-10,6.031665705708843e-10,4.014619357483844e-06,1.2043858072451532e-05,0.06247191551898298,0.2498876620759319,2.9734881544576617e-16,1.784092892674597e-15,1.5683862882620105e-14,1.0978704017834073e-13,5.1023317687341605e-08,3.571632238113912e-07,2.3145187443784752e-07,2.680384397699083e-10,5.352115127160786e-06,2.0909040761213547e-14,6.802205791273463e-08,6.802207882177538e-08
pynucastro,50.0,0.14285714285714285,7.0,107.68071101367121,1.3131477075687137,1313147707.5687137,5.3372035143574394e-05,6.999322035789171e-10,6.999322035789171,0.9999999999999991,1.5144110280065364e-11,1.5144110280065364e-11,0.7500995896904221,0.7500995896904221,1.7010764549397038e-07,3.4021529098794077e-07,1.9350645881560303e-10,5.805193764468091e-10,4.0138015223455494e-06,1.204140456703665e-05,0.06247191741948796,0.24988766967795184,2.904788077075327e-16,1.7428728462451962e-15,1.511043065228379e-14,1.0577301456598653e-13,5.120228516323553e-08,3.584159961426487e-07,2.2678008071458415e-07,2.5797435630576224e-10,5.351024820586968e-06,2.014456594826309e-14,6.82606494750484e-08,6.826066961961435e-08
pynucastro,50.0,0.14285714285714285,7.0,108.14319287680483,1.3109743467399786,1310974346.7399786,5.299381803690656e-05,6.98434335894709e-10,6.98434335894709,0.9999999999999992,1.4501391028823033e-11,1.4501391028823033e-11,0.750099590310307,0.750099590310307,1.6669041150187899e-07,3.3338082300375797e-07,1.8627325614043434e-10,5.58819768421303e-10,4.0129962138850834e-06,1.203898864165525e-05,0.06247191927196685,0.2498876770878674,2.837927865706938e-16,1.702756719424163e-15,1.45605335958331e-14,1.019237351708317e-13,5.1379847903399564e-08,3.5965893532379696e-07,2.2222437347675553e-07,2.48331366323471e-10,5.34995121411139e-06,1.9411467202387867e-14,6.849736830564638e-08,6.849738771711359e-08
pynucastro,50.0,0.14285714285714285,7.0,108.60766107037502,1.3088008714712955,1308800871.4712956,5.261848050074542e-05,6.969482434846211e-10,6.969482434846212,0.9999999999999992,1.3888814301463978e-11,1.3888814301463978e-11,0.7500995909196582,0.7500995909196582,1.6335775536383073e-07,3.2671551072766146e-07,1.7934153543671676e-10,5.380246063101503e-10,4.012203165523345e-06,1.2036609496570035e-05,0.06247192107780349,0.24988768431121397,2.772851887762281e-16,1.6637111326573684e-15,1.4033115249082465e-14,9.823180674357725e-14,5.1556015204080284e-08,3.60892106428562e-07,2.1778142174900572e-07,2.3909029895195037e-10,5.348893952340637e-06,1.870833609158111e-14,6.873222679787111e-08,6.87322455062072e-08
pynucastro,50.0,0.14285714285714285,7.0,109.07412412554592,1.306627284345803,1306627284.345803,5.2246000004407954e-05,6.95473889929203e-10,6.95473889929203,0.9999999999999992,1.3304840630788137e-11,1.3304840630788137e-11,0.7500995915187105,0.7500995915187105,1.601072590558925e-07,3.20214518111785e-07,1.7269761644044891e-10,5.180928493213468e-10,4.011422118084577e-06,1.2034266354253732e-05,0.062471922838337024,0.2498876913533481,2.709506420444363e-16,1.625703852266618e-15,1.3527171685373144e-14,9.469020179761202e-14,5.1730796317259535e-08,3.621155742208167e-07,2.1344800192695318e-07,2.3023291625954864e-10,5.347852689751153e-06,1.8033834224579392e-14,6.896523728605332e-08,6.896525531988755e-08
pynucastro,50.0,0.14285714285714285,7.0,109.5425906101221,1.3044535879927892,1304453587.9927893,5.18763541942769e-05,6.940112391597457e-10,6.940112391597457,0.9999999999999991,1.2748014895466673e-11,1.2748014895466673e-11,0.7500995921076923,0.7500995921076923,1.5693658211503392e-07,3.1387316423006784e-07,1.663284814683014e-10,4.989854444049042e-10,4.010652819544525e-06,1.2031958458633575e-05,0.06247192455486364,0.24988769821945456,2.647839544277349e-16,1.5887037265664096e-15,1.3041749217262292e-14,9.129224452083604e-14,5.190420045060865e-08,3.6332940315426055e-07,2.092209938070496e-07,2.2174186363831741e-10,5.3468270903535075e-06,1.738669018685439e-14,6.919641204545107e-08,6.919642943214126e-08
pynucastro,50.0,0.14285714285714285,7.0,110.01306912870675,1.3022797850875867,1302279785.0875866,5.150952089243453e-05,6.92560255458296e-10,6.9256025545829605,0.9999999999999992,1.2216962460199813e-11,1.2216962460199813e-11,0.7500995926868257,0.7500995926868257,1.5384345951262093e-07,3.0768691902524186e-07,1.6022174914215906e-10,4.806652474264772e-10,4.009895024852603e-06,1.2029685074557809e-05,0.062471926228637675,0.2498877049145507,2.587801005983932e-16,1.5526806035903593e-15,1.257593422862168e-14,8.803153960035176e-14,5.2076236766879005e-08,3.6453365736815305e-07,2.0509737775161298e-07,2.1360063477471224e-10,5.3458168274553055e-06,1.6765685985210582e-14,6.942576329143719e-08,6.942578005712317e-08
pynucastro,50.0,0.14285714285714285,7.0,110.48556832285881,1.300105878351475,1300105878.351475,5.1145478095308466e-05,6.911209034576871e-10,6.911209034576871,0.9999999999999992,1.171038379103603e-11,1.171038379103603e-11,0.750099593256327,0.750099593256327,1.5082569862094606e-07,3.016513972418921e-07,1.5436563723118893e-10,4.6309691169356676e-10,4.009148495674258e-06,1.2027445487022775e-05,0.06247192786087338,0.24988771144349353,2.5293422689345454e-16,1.5176053613607273e-15,1.2128859153506545e-14,8.490201407454582e-14,5.224691438402716e-08,3.6572840068819013e-07,2.0107423064473692e-07,2.0579352211225435e-10,5.344821583317718e-06,1.6169665018551505e-14,6.965330317966609e-08,6.96533193493311e-08
pynucastro,50.0,0.14285714285714285,7.0,110.96009687125265,1.2979318705515726,1297931870.5515726,5.078420397232524e-05,6.896931481415702e-10,6.896931481415702,0.9999999999999992,1.1227049497422437e-11,1.1227049497422437e-11,0.7500995938164065,0.7500995938164065,1.478811763164898e-07,2.957623526329796e-07,1.4874892813642571e-10,4.4624678440927717e-10,4.008413000143464e-06,1.2025239000430392e-05,0.06247192945274646,0.24988771781098584,2.4724163876258825e-16,1.4834498325755296e-15,1.1699696598120676e-14,8.189787618684474e-14,5.241624237539798e-08,3.669136966277859e-07,1.971487220304842e-07,1.9830557083708186e-10,5.343841048825523e-06,1.559752424153996e-14,6.987904380631798e-08,6.987905940384222e-08
pynucastro,50.0,0.14285714285714285,7.0,111.43666348983652,1.2957577645007385,1295757764.5007386,5.042567686457592e-05,6.882769548444616e-10,6.8827695484446165,0.9999999999999992,1.0765797280673832e-11,1.0765797280673832e-11,0.7500995943672688,0.7500995943672688,1.4500783715268564e-07,2.900156743053713e-07,1.433609473176007e-10,4.3008284195280206e-10,4.007688312709189e-06,1.2023064938127568e-05,0.06247193100539515,0.2498877240215806,2.4169780088849667e-16,1.45018680533098e-15,1.1287663240681375e-14,7.901364268476962e-14,5.258422976912124e-08,3.6808960838384867e-07,1.9331811167689544e-07,1.9112255011753458e-10,5.342874923282411e-06,1.5048219363727098e-14,7.010299720729431e-08,7.010301225551368e-08
pynucastro,50.0,0.14285714285714285,7.0,111.91527693199359,1.2935835630574624,1293583563.0574625,5.006987528348956e-05,6.868722892517947e-10,6.868722892517947,0.9999999999999994,1.0325527625273001e-11,1.0325527625273001e-11,0.7500995949091133,0.7500995949091133,1.4220369063255137e-07,2.8440738126510275e-07,1.381915313280518e-10,4.1457459398415535e-10,4.006974213902236e-06,1.2020922641706708e-05,0.06247193251992163,0.2498877300796865,2.362983220038491e-16,1.4177899320230947e-15,1.089200843389174e-14,7.624405903724218e-14,5.275088554828137e-08,3.692561988379696e-07,1.8957974593997968e-07,1.8423091048968763e-10,5.341922914100155e-06,1.4520749654866145e-14,7.032517535844423e-08,7.032518987919389e-08
pynucastro,50.0,0.14285714285714285,7.0,112.39594598870181,1.2914092691257657,1291409269.1257658,4.971677790951834e-05,6.854791173999839e-10,6.854791173999839,0.9999999999999992,9.905199115962788e-12,9.905199115962788e-12,0.7500995954421338,0.7500995954421338,1.3946680830698163e-07,2.7893361661396327e-07,1.3323099499764915e-10,3.9969298499294746e-10,4.006270490083951e-06,1.2018811470251853e-05,0.062471933997393744,0.24988773598957498,2.310389524248435e-16,1.3862337145490608e-15,1.0512016678401694e-14,7.358411674881185e-14,5.2916218651447645e-08,3.704135305601335e-07,1.8593105389528336e-07,1.7761774010705652e-10,5.34098473646359e-06,1.4014161242422161e-14,7.054559017627127e-08,7.054560419043251e-08
pynucastro,50.0,0.14285714285714285,7.0,112.87867948869615,1.28923488565509,1289234885.6550899,4.9366363590830574e-05,6.840974056764967e-10,6.840974056764967,0.9999999999999994,9.503827379579787e-12,9.503827379579787e-12,0.7500995959665192,0.7500995959665192,1.3679532321437666e-07,2.735906464287533e-07,1.2847012481281152e-10,3.8541037443843456e-10,4.005576933403957e-06,1.2016730800211871e-05,0.06247193543884529,0.24988774175538117,2.2591559119490673e-16,1.3554935471694405e-15,1.0147009790719515e-14,7.102906853503661e-14,5.30802379711122e-08,3.7156166579778537e-07,1.8236954659082703e-07,1.7127075591511958e-10,5.340060113274273e-06,1.3527550001736607e-14,7.076425351585103e-08,7.076426704340104e-08
pynucastro,50.0,0.14285714285714285,7.0,113.36348629863046,1.287060415640194,1287060415.640194,4.901861134201486e-05,6.827271208199348e-10,6.827271208199348,0.9999999999999993,9.120479116999164e-12,9.120479116999164e-12,0.7500995964824533,0.7500995964824533,1.3418742580397873e-07,2.6837485160795746e-07,1.239001338609478e-10,3.717004015828434e-10,4.004893341442805e-06,1.2014680024328415e-05,0.062471936845278214,0.24988774738111286,2.2092426317841606e-16,1.3255455790704963e-15,9.796338544223236e-15,6.857436980956265e-14,5.3242952355466224e-08,3.727006664882636e-07,1.7889281161227463e-07,1.6517824358521187e-10,5.33914877467407e-06,1.3060050412188692e-14,7.098117717319918e-08,7.098119023324959e-08
pynucastro,50.0,0.14285714285714285,7.0,113.85037532324006,1.2848858621210468,1284885862.1210468,4.8673500342793015e-05,6.813682299201289e-10,6.813682299201289,0.9999999999999993,8.754271753416346e-12,8.754271753416346e-12,0.7500995969901152,0.7500995969901152,1.3164136357797545e-07,2.632827271559509e-07,1.1951265833853507e-10,3.5853797501560524e-10,4.0042195171865295e-06,1.2012658551559588e-05,0.062471938217662865,0.24988775287065146,2.16061116223644e-16,1.2963666973418642e-15,9.45938206773554e-15,6.621567447414879e-14,5.340437060683177e-08,3.738305942478224e-07,1.754985126058003e-07,1.5932905285924317e-10,5.338250458011241e-06,1.2610834755401416e-14,7.119637288318066e-08,7.119638549401541e-08
pynucastro,50.0,0.14285714285714285,7.0,114.33935550550554,1.2827112281827189,1282711228.182719,4.833100993674271e-05,6.800207004182376e-10,6.800207004182377,0.9999999999999994,8.404369513384484e-12,8.404369513384484e-12,0.750099597489679,0.750099597489679,1.2915543861027532e-07,2.5831087722055064e-07,1.1529973023608915e-10,3.4589919070826743e-10,4.003555268811238e-06,1.2010665806433714e-05,0.06247193955693939,0.24988775822775755,2.1132243873034058e-16,1.2679346323820434e-15,9.135553032064302e-15,6.394887122445012e-14,5.3564501482029966e-08,3.7495151037420976e-07,1.721843859702277e-07,1.537125611344907e-10,5.33736490755326e-06,1.2179120029710459e-14,7.140985232000073e-08,7.140986449912077e-08
pynucastro,50.0,0.14285714285714285,7.0,114.8304358268173,1.280536516955273,1280536516.955273,4.799111963002933e-05,6.786845001068623e-10,6.786845001068623,0.9999999999999993,8.069979759362007e-12,8.069979759362007e-12,0.7500995979813148,0.7500995979813148,1.2672800481714161e-07,2.5345600963428323e-07,1.1125374913473782e-10,3.337612474042135e-10,4.002900409442174e-06,1.2008701228326522e-05,0.06247194086401915,0.2498877634560766,2.0670463370238237e-16,1.2402278022142943e-15,8.824289983580095e-15,6.177002988506066e-14,5.372335369335479e-08,3.760634758534835e-07,1.689482372183573e-07,1.483186358640192e-10,5.3364918741656056e-06,1.1764157729624475e-14,7.162162709850306e-08,7.16216388626608e-08
pynucastro,50.0,0.14285714285714285,7.0,115.32362530714019,1.2783617316136557,1278361731.6136558,4.765380909014776e-05,6.773595971301686e-10,6.7735959713016864,0.9999999999999993,7.75035236778881e-12,7.75035236778881e-12,0.7500995984651874,0.7500995984651874,1.2435746761249549e-07,2.4871493522499097e-07,1.0736747815272412e-10,3.2210243445817234e-10,4.002254757130134e-06,1.2006764271390401e-05,0.062471942139785075,0.2498877685591403,2.0220420743796693e-16,1.2132252446278015e-15,8.52505594870028e-15,5.967539164090196e-14,5.3880935906932444e-08,3.7716655134852713e-07,1.6578794051743117e-07,1.4313762915273327e-10,5.335631115280328e-06,1.136523198538405e-14,7.183170877198263e-08,7.183172013721462e-08
pynucastro,50.0,0.14285714285714285,7.0,115.81893300517895,1.276186875377589,1276186875.377589,4.731905814467303e-05,6.76045959984021e-10,6.7604595998402095,0.9999999999999994,7.44477609029875e-12,7.44477609029875e-12,0.7500995989414583,0.7500995989414583,1.2204228122601604e-07,2.440845624520321e-07,1.036340164768215e-10,3.109020494304645e-10,4.001618134613964e-06,1.2004854403841892e-05,0.062471943385092966,0.24988777354037187,1.9781779003319725e-16,1.1869067401991834e-15,8.237339973599685e-15,5.766137981519779e-14,5.4037256743736166e-08,3.7826079720615313e-07,1.6270143511373997e-07,1.3816034113745692e-10,5.334782394579405e-06,1.0981661615636419e-14,7.204010883353841e-08,7.204011981520003e-08
pynucastro,50.0,0.14285714285714285,7.0,116.3163680185453,1.274011951511456,1274011951.511456,4.698684678002011e-05,6.747435575161251e-10,6.747435575161251,0.9999999999999993,7.152575921368174e-12,7.152575921368174e-12,0.7500995994102843,0.7500995994102843,1.1978094673489356e-07,2.395618934697871e-07,1.0004677978416813e-10,3.001403393525044e-10,4.00099036914672e-06,1.200297110744016e-05,0.062471944600772725,0.2498877784030909,1.935421180787951e-16,1.1612527084727706e-15,7.96065346984175e-15,5.572457428889225e-14,5.419232478000287e-08,3.793462734600201e-07,1.5968672270864207e-07,1.3337799388617623e-10,5.333945481762997e-06,1.0612795255590435e-14,7.224683871662905e-08,7.224684932942431e-08
pynucastro,50.0,0.14285714285714285,7.0,116.81593948392418,1.2718369633241942,1271836963.3241942,4.6657155140213675e-05,6.734523589261858e-10,6.734523589261858,0.9999999999999993,6.873113339925576e-12,6.873113339925576e-12,0.7500995998718181,0.7500995998718181,1.1757201195644871e-07,2.3514402391289742e-07,9.659949894376724e-11,2.897984968313017e-10,4.000371292493895e-06,1.2001113877481686e-05,0.06247194578762835,0.2498877831505134,1.8937403053296954e-16,1.1362441831978172e-15,7.694531775853024e-15,5.386172243097117e-14,5.434614854539477e-08,3.804230398177634e-07,1.5674186731540742e-07,1.287822296669333e-10,5.333120152547082e-06,1.0258013438705894e-14,7.245190979262194e-08,7.245192005063538e-08
pynucastro,50.0,0.14285714285714285,7.0,117.31765657724252,1.269661914169178,1269661914.169178,4.6329963525665704e-05,6.7217233376607e-10,6.7217233376607,0.9999999999999994,6.605780654728405e-12,6.605780654728405e-12,0.7500996003262089,0.7500996003262089,1.1541406726748494e-07,2.3082813453496988e-07,9.328617942323979e-11,2.798585382697194e-10,3.999760740553792e-06,1.1999282221661376e-05,0.06247194694644029,0.24988778778576115,1.8531046497564206e-16,1.1118627898538523e-15,7.438530020292878e-15,5.2069710142050146e-14,5.4498736526291235e-08,3.8149115568403863e-07,1.5386498968576015e-07,1.2436505683068062e-10,5.332306188157341e-06,9.91672308191866e-15,7.265533337518166e-08,7.265534329190474e-08
pynucastro,50.0,0.14285714285714285,7.0,117.82152851383674,1.2674868074441115,1267486807.4441113,4.600525239196364e-05,6.709034519399878e-10,6.709034519399879,0.9999999999999993,6.35000366368259e-12,6.35000366368259e-12,0.7500996007736016,0.7500996007736016,1.1330574747394754e-07,2.2661149494789507e-07,9.010111932914341e-11,2.7030335798743024e-10,3.999158553537403e-06,1.199747566061221e-05,0.062471948077964336,0.24988779231185734,1.8134845796898452e-16,1.0880907478139072e-15,7.192224613447178e-15,5.0345572294130244e-14,5.4650097161591775e-08,3.8255068013114243e-07,1.5105426980242586e-07,1.201188738618435e-10,5.331503375568982e-06,9.588359473901342e-15,7.285712071467494e-08,7.285713030303441e-08
pynucastro,50.0,0.14285714285714285,7.0,118.32756454862307,1.2653116465909107,1265311646.5909107,4.568300234866634e-05,6.696456837046792e-10,6.696456837046791,0.9999999999999994,6.105235797049393e-12,6.105235797049393e-12,0.7500996012141378,0.7500996012141378,1.1124572711034005e-07,2.224914542206801e-07,8.703886484667683e-11,2.6111659454003046e-10,3.998564575538841e-06,1.1995693726616523e-05,0.06247194918293431,0.24988779673173725,1.7748513653374137e-16,1.0649108192024482e-15,6.9552103980133575e-15,4.86864727860935e-14,5.480023884696127e-08,3.836016719287289e-07,1.4830794061251835e-07,1.1603640997247917e-10,5.330711506934043e-06,9.272382476614316e-15,7.305728300382998e-08,7.305729227621246e-08
pynucastro,50.0,0.14285714285714285,7.0,118.83577397626652,1.2631364350955918,1263136435.0955918,4.536319415810966e-05,6.683989996696164e-10,6.683989996696164,0.9999999999999993,5.87095991633947e-12,5.87095991633947e-12,0.7500996016479553,0.7500996016479553,1.0923272192729771e-07,2.1846544385459543e-07,8.409422424178899e-11,2.5228267272536696e-10,3.997978654679917e-06,1.199393596403975e-05,0.062471950262061225,0.2498878010482449,1.7371772157921488e-16,1.0423063294752892e-15,6.727101054919677e-15,4.7089707384437744e-14,5.4949169931067035e-08,3.8464418951746925e-07,1.456242900107071e-07,1.1211074376927476e-10,5.32993037977414e-06,8.968277066326068e-15,7.325583137271997e-08,7.325584034099703e-08
pynucastro,50.0,0.14285714285714285,7.0,119.34616613135262,1.2609611764881539,1260961176.488154,4.504580873422051e-05,6.671633707972153e-10,6.671633707972153,0.9999999999999994,5.646684166096715e-12,5.646684166096715e-12,0.7500996020751887,0.7500996020751887,1.0726548532069708e-07,2.1453097064139415e-07,8.126223494541424e-11,2.437867048362427e-10,3.997400642783243e-06,1.199220192834973e-05,0.0624719513160352,0.2498878052641408,1.7004351868726108e-16,1.0202611121235666e-15,6.5075272660224505e-15,4.5552690862157153e-14,5.509689871866469e-08,3.8567829103065284e-07,1.4300165607866164e-07,1.0833525937168629e-10,5.329159796544661e-06,8.675550884201306e-15,7.345277689287705e-08,7.345278556842793e-08
pynucastro,50.0,0.14285714285714285,7.0,119.85875038855782,1.2587858743424662,1258785874.3424664,4.4730827141340243e-05,6.65938768403062e-10,6.65938768403062,0.9999999999999994,5.4319420574554e-12,5.4319420574554e-12,0.7500996024959686,0.7500996024959686,1.0534280846643496e-07,2.106856169328699e-07,7.85381648244879e-11,2.356144944734637e-10,3.99683039539061e-06,1.199049118617183e-05,0.06247195234552545,0.2498878093821018,1.6645991959719477e-16,9.987595175831686e-16,6.296136753220836e-15,4.407295727254585e-14,5.524343346867386e-08,3.8670403428071705e-07,1.4043842726473265e-07,1.0470364810639931e-10,5.328399564659269e-06,8.393734288446945e-15,7.364813057472692e-08,7.364813896846122e-08
pynucastro,50.0,0.14285714285714285,7.0,120.37353616282273,1.2566105322761494,1256610532.2761493,4.4418230593056227e-05,6.647251641561485e-10,6.647251641561485,0.9999999999999994,5.226290593088019e-12,5.226290593088019e-12,0.7500996029104233,0.7500996029104233,1.0346351852670513e-07,2.0692703705341026e-07,7.591749604053718e-11,2.2775248812161155e-10,3.9962677716010786e-06,1.1988803314803235e-05,0.06247195335118128,0.24988781340472513,1.6296439583679879e-16,9.777863750207927e-16,6.092592957139208e-15,4.2648150699974455e-14,5.538878239496763e-08,3.877214767647734e-07,1.3793303999263776e-07,1.0120988698830604e-10,5.327649496274046e-06,8.122378592789075e-15,7.384190336864122e-08,7.384191149101981e-08
pynucastro,50.0,0.14285714285714285,7.0,120.89053290952404,1.2544351539504597,1254435153.9504597,4.410800045104271e-05,6.635225300791233e-10,6.635225300791234,0.9999999999999994,5.029308504260683e-12,5.029308504260683e-12,0.7500996033186769,0.7500996033186769,1.0162647706682053e-07,2.0325295413364107e-07,7.339591146686697e-11,2.201877344006009e-10,3.9957126339266525e-06,1.1987137901779957e-05,0.06247195433363291,0.24988781733453164,1.5955449606478744e-16,9.573269763887246e-16,5.896574203260406e-15,4.127601942282284e-14,5.553295366714153e-08,3.8873067566999075e-07,1.3548397655083804e-07,9.784822061248978e-11,5.326909408095087e-06,7.861054954798142e-15,7.403410616596283e-08,7.403411402701779e-08
pynucastro,50.0,0.14285714285714285,7.0,121.40975012464918,1.2522597430701687,1252259743.0701687,4.38001182239094e-05,6.62330838548552e-10,6.623308385485521,0.9999999999999993,4.840596447302995e-12,4.840596447302995e-12,0.750099603720851,0.750099603720851,9.983058006661696e-08,1.9966116013323392e-07,7.09692945713151e-11,2.129078837139453e-10,3.995164848300169e-06,1.1985494544900506e-05,0.062471955293491505,0.24988782117396602,1.562278467818567e-16,9.373670806911402e-16,5.707773135575571e-15,3.9954411949029e-14,5.567595540866346e-08,3.897316878606442e-07,1.3308976510774005e-07,9.461316099791763e-11,5.3261791213890125e-06,7.609353620855551e-15,7.422474979653931e-08,7.422475740589293e-08
pynucastro,50.0,0.14285714285714285,7.0,121.93119734496976,1.2500843033834488,1250084303.3834488,4.349456556606009e-05,6.611500622951947e-10,6.611500622951947,0.9999999999999993,4.659774056854565e-12,4.659774056854565e-12,0.7500996041170642,0.7500996041170642,9.807475519811621e-08,1.9614951039623242e-07,6.863370651615447e-11,2.059011195484634e-10,3.994624283821558e-06,1.1983872851464675e-05,0.06247195623135072,0.24988782492540287,1.5298214539700168e-16,9.1789287238201e-16,5.5258955535596174e-15,3.868126887491732e-14,5.5817795699642407e-08,3.9072456989749684e-07,1.3074897608239528e-07,9.149945705802979e-11,5.325458461644699e-06,7.366882375660098e-15,7.441384503241414e-08,7.441385239929652e-08
pynucastro,50.0,0.14285714285714285,7.0,122.4548841482177,1.2479088386817494,1247908838.6817493,4.319132427655814e-05,6.599801744042911e-10,6.599801744042911,0.9999999999999992,4.486480741043833e-12,4.486480741043833e-12,0.750099604507432,0.750099604507432,9.635796246119658e-08,1.9271592492239316e-07,6.638539152603879e-11,1.9915617457811636e-10,3.994090812824498e-06,1.1982272438473495e-05,0.062471957147786236,0.24988782859114494,1.4981516430111186e-16,8.988909858066711e-16,5.350660703440067e-15,3.745462492408047e-14,5.59584825740597e-08,3.917093780184179e-07,1.2846022299194783e-07,8.850210175704877e-11,5.3247472586621326e-06,7.13326693053476e-15,7.460140258413542e-08,7.460140971740236e-08
pynucastro,50.0,0.14285714285714285,7.0,122.98082015326021,1.245733352799681,1245733352.799681,4.289037629800202e-05,6.588211483158644e-10,6.588211483158644,0.9999999999999992,4.3203732116567325e-12,4.3203732116567325e-12,0.750099604892067,0.750099604892067,9.467919179373905e-08,1.893583835874781e-07,6.422075712800129e-11,1.9266227138400387e-10,3.993564310653251e-06,1.1980692931959754e-05,0.062471958043357194,0.24988783217342878,1.4672474167026484e-16,8.80348450021589e-16,5.181800023725082e-15,3.627260016607558e-14,5.6098024022166354e-08,3.926861681551645e-07,1.2622215926558527e-07,8.56163057668083e-11,5.324045346254904e-06,6.9081492510194025e-15,7.47874331039521e-08,7.478744001210135e-08
pynucastro,50.0,0.14285714285714285,7.0,123.50901502027739,1.2435578496148902,1243557849.6148903,4.259170371540776e-05,6.576729578250339e-10,6.5767295782503385,0.9999999999999991,4.161125309666797e-12,4.161125309666797e-12,0.7500996052710792,0.7500996052710792,9.303746286653882e-08,1.8607492573307763e-07,6.21363727154997e-11,1.8640911814649912e-10,3.993044655648061e-06,1.1979133966944183e-05,0.062471958918606275,0.2498878356744251,1.4370878133261784e-16,8.62252687995707e-16,5.019057425963847e-15,3.513340198174693e-14,5.6236427989258476e-08,3.9365499592480936e-07,1.2403347797112348e-07,8.283749555239958e-11,5.323352562230733e-06,6.691187931168162e-15,7.497194718418114e-08,7.497195387536908e-08
pynucastro,50.0,0.14285714285714285,7.0,124.03947845093872,1.2413823330479419,1241382333.047942,4.229528875510108e-05,6.565355770823448e-10,6.565355770823448,0.9999999999999994,4.008427255558496e-12,4.008427255558496e-12,0.7500996056445761,0.7500996056445761,9.143182431917961e-08,1.8286364863835922e-07,6.01289629693633e-11,1.803868889080899e-10,3.99253172907809e-06,1.197759518723427e-05,0.0624719597740601,0.2498878390962404,1.4076525009710312e-16,8.445915005826187e-16,4.862187567330623e-15,3.4035312971314364e-14,5.63737023752375e-08,3.946159166266625e-07,1.218929107963073e-07,8.016130460126457e-11,5.322668748302068e-06,6.482055890633944e-15,7.515495535662149e-08,7.515496183867738e-08
pynucastro,50.0,0.14285714285714285,7.0,124.57222018858212,1.2392068070621949,1239206807.0621948,4.2001113783616914e-05,6.55408980594109e-10,6.554089805941089,0.9999999999999993,3.861983503526275e-12,3.861983503526275e-12,0.7500996060126625,0.7500996060126625,8.986135139233887e-08,1.7972270278467775e-07,5.819539001451792e-11,1.7458617004355376e-10,3.992025414915851e-06,1.1976076244747554e-05,0.06247196061023056,0.24988784244092224,1.3789217293531468e-16,8.273530376118881e-16,4.710955742460011e-15,3.297669019722008e-14,5.650985503770074e-08,3.955689852639052e-07,1.1979922489230306e-07,7.758354963532073e-11,5.321993749785361e-06,6.280440230467852e-15,7.533646809667408e-08,7.533647437711431e-08
pynucastro,50.0,0.14285714285714285,7.0,125.10725001839252,1.2370312756636779,1237031275.663678,4.1709161306607404e-05,6.54293143222761e-10,6.5429314322276095,0.9999999999999992,3.721513911264115e-12,3.721513911264115e-12,0.7500996063754397,0.7500996063754397,8.83251472507556e-08,1.766502945015112e-07,5.633266282054088e-11,1.6899798846162263e-10,3.991525599972639e-06,1.1974576799917915e-05,0.06247196142761409,0.24988784571045636,1.3508764450233667e-16,8.1052586701402e-16,4.565137187251778e-15,3.1955960310762444e-14,5.664489378747181e-08,3.9651425651230265e-07,1.1775122463742117e-07,7.510024314336897e-11,5.321327415781633e-06,6.086041304982149e-15,7.551649581738337e-08,7.551650190342469e-08
pynucastro,50.0,0.14285714285714285,7.0,125.64457776758137,1.2348557429009686,1234855742.9009686,4.141941396775841e-05,6.53188040187229e-10,6.531880401872289,0.9999999999999992,3.5867507531559952e-12,3.5867507531559952e-12,0.7500996067330082,0.7500996067330082,8.682233960569193e-08,1.7364467921138387e-07,5.4537912216865234e-11,1.636137366505957e-10,3.991032173573041e-06,1.1973096520719123e-05,0.06247196222669351,0.24988784890677404,1.323498117913003e-16,7.940988707478019e-16,4.424516187815787e-15,3.097161331471051e-14,5.6778826393985304e-08,3.9745178475789714e-07,1.157477471343291e-07,7.270756007245522e-11,5.320669598742525e-06,5.898571533834515e-15,7.569504887661574e-08,7.569505477518727e-08
pynucastro,50.0,0.14285714285714285,7.0,126.18421330556734,1.2326802128650678,1232680212.8650677,4.113185454771383e-05,6.52093647063319e-10,6.52093647063319,0.9999999999999992,3.457440490922096e-12,3.457440490922096e-12,0.7500996070854653,0.7500996070854653,8.535208252285019e-08,1.7070416504570037e-07,5.280840405831737e-11,1.584252121749521e-10,3.990545027738264e-06,1.1971635083214792e-05,0.06247196300793706,0.24988785203174824,1.296768782934433e-16,7.780612697606597e-16,4.2888878917742055e-15,3.0022215242419436e-14,5.691166057981897e-08,3.983816240587328e-07,1.1378766462028728e-07,7.040185537958888e-11,5.3200201547147145e-06,5.7177578167769065e-15,7.587213756977017e-08,7.587214328752799e-08
pynucastro,50.0,0.14285714285714285,7.0,126.72616654415793,1.2305046896892728,1230504689.6892729,4.0846465963007804e-05,6.510099397841133e-10,6.510099397841133,0.9999999999999992,3.333340772524527e-12,3.333340772524527e-12,0.7500996074329057,0.7500996074329057,8.391355311653308e-08,1.6782710623306617e-07,5.1141515065836894e-11,1.5342454519751068e-10,3.990064056865414e-06,1.1970192170596241e-05,0.06247196377180019,0.24988785508720077,1.2706710065670204e-16,7.624026039402123e-16,4.1580552463504064e-15,2.9106386724452844e-14,5.704340402622734e-08,3.9930382818359137e-07,1.1186988005994779e-07,6.817963182364598e-11,5.319378942912344e-06,5.54333745164949e-15,7.604777213715541e-08,7.604777768049287e-08
pynucastro,50.0,0.14285714285714285,7.0,127.27044743773118,1.2283291775490528,1228329177.5490527,4.0563231265005286e-05,6.499368946403848e-10,6.499368946403848,0.9999999999999992,3.2142218264802977e-12,3.2142218264802977e-12,0.7500996077754224,0.7500996077754224,8.250595307729172e-08,1.6501190615458343e-07,4.953474383638396e-11,1.4860423150915187e-10,3.989589157883942e-06,1.1968767473651825e-05,0.062471964518724755,0.24988785807489902,1.2451878259109603e-16,7.471126955465762e-16,4.0318308768120795e-15,2.8222816137684557e-14,5.717406436818419e-08,4.0021845057728933e-07,1.0999332918194747e-07,6.603755464329548e-11,5.318745825925579e-06,5.375060638638806e-15,7.62219627573808e-08,7.622196813244143e-08
pynucastro,50.0,0.14285714285714285,7.0,127.81706598341822,1.226153680661922,1226153680.661922,4.028213363885061e-05,6.488744882810265e-10,6.4887448828102645,0.9999999999999992,3.0998642203193695e-12,3.0998642203193695e-12,0.7500996081131057,0.7500996081131057,8.112850595436015e-08,1.622570119087203e-07,4.7985691523023944e-11,1.4395707456907182e-10,3.989120229990942e-06,1.1967360689972826e-05,0.06247196524914052,0.24988786099656207,1.2203027898402523e-16,7.321816739041514e-16,3.9100348513752055e-15,2.7370243959626438e-14,5.730364919899842e-08,4.0112554439298896e-07,1.0815697685596842e-07,6.397242580053221e-11,5.31812066936773e-06,5.212687500545422e-15,7.639471955350994e-08,7.639472476619744e-08
pynucastro,50.0,0.14285714285714285,7.0,128.3660322212877,1.2239782032873114,1223978203.2873116,4.000315640242352e-05,6.478226977134935e-10,6.478226977134935,0.999999999999999,2.9900594495209816e-12,2.9900594495209816e-12,0.7500996084460444,0.7500996084460444,7.978045803291759e-08,1.5956091606583518e-07,4.649206781556258e-11,1.3947620344668775e-10,3.988657174743693e-06,1.1965971524231077e-05,0.06247196596346462,0.24988786385385847,1.1960000274187763e-16,7.176000164512658e-16,3.792493894127167e-15,2.6547457258890166e-14,5.7432166066675245e-08,4.0202516246672673e-07,1.0635981826226523e-07,6.198119195379744e-11,5.317503341998613e-06,5.055987033487387e-15,7.656605258820958e-08,7.656605764419661e-08
pynucastro,50.0,0.14285714285714285,7.0,128.91735623452922,1.221802749726443,1221802749.726443,3.972628300530368e-05,6.467815003042657e-10,6.4678150030426576,0.9999999999999992,2.884608551392822e-12,2.884608551392822e-12,0.7500996087743247,0.7500996087743247,7.84610763943779e-08,1.569221527887558e-07,4.505167768424214e-11,1.3515503305272643e-10,3.9881998958706325e-06,1.1964599687611898e-05,0.06247196666210268,0.24988786664841073,1.1722641051550982e-16,7.033584630930589e-16,3.679042290102426e-15,2.5753296030716982e-14,5.755962247707462e-08,4.029173573395223e-07,1.0460087630572774e-07,6.006092678525367e-11,5.31689371547256e-06,4.904738313507512e-15,7.673597186796032e-08,7.673597677269863e-08
pynucastro,50.0,0.14285714285714285,7.0,129.47104814963959,1.2196273243221951,1219627324.322195,3.945149702774202e-05,6.457508737793189e-10,6.457508737793188,0.9999999999999991,2.7833221427921383e-12,2.7833221427921383e-12,0.7500996090980306,0.7500996090980306,7.716964910421776e-08,1.5433929820843552e-07,4.366242247176549e-11,1.3098726741529645e-10,3.987748299295045e-06,1.1963244897885136e-05,0.06247196734544872,0.24988786938179489,1.149080117943496e-16,6.894480707660975e-16,3.5695209672531945e-15,2.4986646770772363e-14,5.7686025891898267e-08,4.0380218124328785e-07,1.0287920186628499e-07,5.820883245662276e-11,5.316291664369986e-06,4.758729272696759e-15,7.690448734037305e-08,7.690449209910232e-08
pynucastro,50.0,0.14285714285714285,7.0,130.02711813660775,1.2174519314589798,1217451931.4589798,3.917878217964119e-05,6.447307962246189e-10,6.447307962246189,0.9999999999999993,2.686019684526018e-12,2.686019684526018e-12,0.7500996094172451,0.7500996094172451,7.590548409282097e-08,1.5181096818564193e-07,4.232229246424982e-11,1.2696687739274947e-10,3.987302293027369e-06,1.1961906879082107e-05,0.06247196801388574,0.24988787205554297,1.1264334843331766e-16,6.758600905999059e-16,3.463778719043672e-15,2.4246451033305703e-14,5.781138373001167e-08,4.046796861100817e-07,1.011938723068956e-07,5.642222970510564e-11,5.315697066053824e-06,4.617758329103375e-15,7.707160889595122e-08,7.707161351370955e-08
pynucastro,50.0,0.14285714285714285,7.0,130.58557640910263,1.2152765755626063,1215276575.5626063,3.890812229954216e-05,6.43721246086626e-10,6.43721246086626,0.9999999999999992,2.5925290396165515e-12,2.5925290396165515e-12,0.7500996097320481,0.7500996097320481,7.466790857202917e-08,1.4933581714405834e-07,4.102936307107521e-11,1.2308808921322562e-10,3.986861787110437e-06,1.1960585361331312e-05,0.06247196866778605,0.2498878746711442,1.1043099540132295e-16,6.625859724079377e-16,3.361672063042998e-15,2.3531704441300984e-14,5.793570336755236e-08,4.0554992357286655e-07,9.954399069571862e-08,5.469855275052308e-11,5.315109800596525e-06,4.481634198215168e-15,7.723734636823535e-08,7.723735084986955e-08
pynucastro,50.0,0.14285714285714285,7.0,131.14643322465966,1.213101261100154,1213101261.100154,3.8639501353619814e-05,6.427222021728202e-10,6.427222021728202,0.9999999999999992,2.5026864043671126e-12,2.5026864043671126e-12,0.7500996100425186,0.7500996100425186,7.345626890265962e-08,1.4691253780531925e-07,3.978179383839595e-11,1.1934538151518786e-10,3.986426693611413e-06,1.1959280080834239e-05,0.06247196930751136,0.24988787723004544,1.0826957732257275e-16,6.496174639354365e-16,3.263062382692857e-15,2.284143667885e-14,5.8058992136686264e-08,4.0641294495680385e-07,9.792868562949371e-08,5.3035347980171545e-11,5.314529750769297e-06,4.35017208248901e-15,7.7401709532145e-08,7.740171388231708e-08
pynucastro,50.0,0.14285714285714285,7.0,131.70969888487033,1.2109259925798368,1210925992.5798368,3.837290343468509e-05,6.417336436522384e-10,6.417336436522383,0.9999999999999992,2.416335252081837e-12,2.416335252081837e-12,0.7500996103487332,0.7500996103487332,7.226992907456761e-08,1.4453985814913522e-07,3.857781891395952e-11,1.1573345674187857e-10,3.9859969264706154e-06,1.1957990779411846e-05,0.06247196993341361,0.24988787973365445,1.0615774947792417e-16,6.36946496867545e-16,3.1678177059690185e-15,2.217472394178313e-14,5.818125732850476e-08,4.072688012995333e-07,9.634710920722672e-08,5.143026123693636e-11,5.313956801840575e-06,4.2231960425845974e-15,7.7564708107841e-08,7.756471233103704e-08
pynucastro,50.0,0.14285714285714285,7.0,132.27538373557024,1.208750774550874,1208750774.550874,3.810831276119536e-05,6.407555500560323e-10,6.407555500560322,0.9999999999999991,2.33332671542375e-12,2.33332671542375e-12,0.7500996106507671,0.7500996106507671,7.110827133907991e-08,1.4221654267815982e-07,3.741575081995422e-11,1.1224725245986266e-10,3.9855724015715445e-06,1.1956717204714633e-05,0.06247197054583464,0.24988788218333857,1.0409424799402072e-16,6.245654879641244e-16,3.075807168162156e-15,2.153065017713509e-14,5.830250618962814e-08,4.08117543327397e-07,9.479843787332219e-08,4.988104284908677e-11,5.313390841669368e-06,4.100531615385942e-15,7.772635175619727e-08,7.772635585672889e-08
pynucastro,50.0,0.14285714285714285,7.0,132.84349816703028,1.2065756116033526,1206575611.6033525,3.784571367627167e-05,6.397879012780403e-10,6.397879012780403,0.9999999999999992,2.253518459448742e-12,2.253518459448742e-12,0.7500996109486937,0.7500996109486937,6.997069441996369e-08,1.3994138883992737e-07,3.629396958298004e-11,1.0888190874894011e-10,3.9851530365607645e-06,1.1955459109682293e-05,0.06247197114510713,0.24988788458042852,1.0207784443721102e-16,6.124670666232661e-16,2.986904844848169e-15,2.0908333913937184e-14,5.84227459261553e-08,4.089592214830871e-07,9.328187003252509e-08,4.8385533138828036e-11,5.312831760465139e-06,3.9820109239497674e-15,7.788665008406647e-08,7.78866540660774e-08
pynucastro,50.0,0.14285714285714285,7.0,133.41405261414627,1.204400508368098,1204400508.368098,3.7585090646724204e-05,6.388306775753789e-10,6.388306775753789,0.9999999999999991,2.1767749177458153e-12,2.1767749177458153e-12,0.7500996112425845,0.7500996112425845,6.88566140584299e-08,1.377132281168598e-07,3.521092581361406e-11,1.0563277744084218e-10,3.9847387509090615e-06,1.1954216252727184e-05,0.062471971731554346,0.24988788692621738,1.0010733737705191e-16,6.006440242623114e-16,2.9009914817321752e-15,2.0306940372125227e-14,5.854198370047123e-08,4.0979388590329857e-07,9.17966267764955e-08,4.694166652784298e-11,5.312279450869339e-06,3.867474983657851e-15,7.804561264002384e-08,7.804561650749883e-08
pynucastro,50.0,0.14285714285714285,7.0,133.98705755663187,1.202225469516533,1202225469.5165331,3.732642826208399e-05,6.378838595690486e-10,6.378838595690486,0.9999999999999991,2.1029667474277026e-12,2.1029667474277026e-12,0.7500996115325097,0.7500996115325097,6.776546196758841e-08,1.3553092393517682e-07,3.416513450827185e-11,1.0249540352481554e-10,3.98432946580772e-06,1.195298839742316e-05,0.06247197230549072,0.24988788922196287,9.818149107515559e-17,5.890889464509336e-16,2.8179597588042046e-15,1.972571831162943e-14,5.866022663309084e-08,4.1062158643163586e-07,9.034195048993359e-08,4.554746327420423e-11,5.31173380781712e-06,3.756780720159155e-15,7.820324891682533e-08,7.820325267360605e-08
pynucastro,50.0,0.14285714285714285,7.0,134.5625235192099,1.2000504997605481,1200050499.760548,3.70697112336431e-05,6.369474282445595e-10,6.369474282445594,0.9999999999999992,2.0319705309177165e-12,2.0319705309177165e-12,0.750099611818538,0.750099611818538,6.669668542737227e-08,1.3339337085474455e-07,3.315517263869122e-11,9.946551791607366e-11,3.983925104130355e-06,1.1951775312391065e-05,0.06247197286722201,0.24988789146888804,9.629905446168926e-17,5.777943267701355e-16,2.737712511424736e-15,1.9163987579973152e-14,5.877748180258446e-08,4.1144237261809123e-07,8.891710431055036e-08,4.4201026258779116e-11,5.311194728486454e-06,3.649798597798816e-15,7.835956835130817e-08,7.835957200110677e-08
pynucastro,50.0,0.14285714285714285,7.0,135.14046107180658,1.1978756038523597,1197875603.8523598,3.6814924393501296e-05,6.360213649525743e-10,6.360213649525743,0.999999999999999,1.9636684926892883e-12,1.9636684926892883e-12,0.750099612100736,0.750099612100736,6.564974682097645e-08,1.312994936419529e-07,3.2179676302028954e-11,9.653902890608686e-11,3.98352559038893e-06,1.1950576771166791e-05,0.062471973417045676,0.2498878936681827,9.44589484137272e-17,5.667536904823632e-16,2.660144511019953e-15,1.862101157713967e-14,5.889375624560548e-08,4.1225629371923835e-07,8.752137151106793e-08,4.290053718586289e-11,5.310662112239508e-06,3.5463883304377767e-15,7.851458032442795e-08,7.851458387081628e-08
pynucastro,50.0,0.14285714285714285,7.0,135.7208808297453,1.1957007865843754,1195700786.5843754,3.656205269362009e-05,6.351056514095683e-10,6.351056514095683,0.9999999999999989,1.8979481048445777e-12,1.8979481048445777e-12,0.7500996123791692,0.7500996123791692,6.462412313271652e-08,1.2924824626543303e-07,3.1237337881481247e-11,9.371201364444375e-11,3.983130850685119e-06,1.1949392552055357e-05,0.062471973955251024,0.2498878958210041,9.266032487408469e-17,5.559619492445081e-16,2.5851323809134365e-15,1.8095926666394056e-14,5.9009056957234005e-08,4.1306339870063803e-07,8.615405482978646e-08,4.164425279784177e-11,5.3101358605577825e-06,3.4463854376806066e-15,7.866829416171649e-08,7.866829760810193e-08
pynucastro,50.0,0.14285714285714285,7.0,136.30379345394138,1.1935260527890563,1193526052.7890563,3.631108120488434e-05,6.342002696985091e-10,6.342002696985091,0.999999999999999,1.834701999096985e-12,1.834701999096985e-12,0.7500996126539019,0.7500996126539019,6.361930563852471e-08,1.2723861127704943e-07,3.0326904155630403e-11,9.098071246689122e-11,3.982740812684891e-06,1.1948222438054671e-05,0.06247197448211946,0.24988789792847785,9.090190210115273e-17,5.454114126069164e-16,2.5126000485253944e-15,1.758820033967776e-14,5.912339088981154e-08,4.1386373622868077e-07,8.481447605796704e-08,4.043050235465636e-11,5.309615877008243e-06,3.3496885028851697e-15,7.882071913172849e-08,7.882072248141698e-08
pynucastro,50.0,0.14285714285714285,7.0,136.889209651098,1.1913514073387772,1191351407.3387773,3.606199511617042e-05,6.333052022695536e-10,6.3330520226955365,0.999999999999999,1.7738279463880663e-12,1.7738279463880663e-12,0.7500996129249966,0.7500996129249966,6.263480061412936e-08,1.2526960122825872e-07,2.944717697225394e-11,8.834153091676181e-11,3.9823554057420975e-06,1.1947066217226292e-05,0.06247197499792409,0.24988789999169636,8.918271700428008e-17,5.350963020256805e-16,2.4424527691654e-15,1.70971693841578e-14,5.923676493526292e-08,4.146573545468404e-07,8.350197698394532e-08,3.9257688532094196e-11,5.3091020674080764e-06,3.256171216568304e-15,7.897186442247381e-08,7.897186767864503e-08
pynucastro,50.0,0.14285714285714285,7.0,137.4771401739033,1.1891768551456863,1189176855.1456864,3.5814779733421635e-05,6.324204319407634e-10,6.3242043194076345,0.9999999999999991,1.7152280030480026e-12,1.7152280030480026e-12,0.7500996131925144,0.7500996131925144,6.167012667417383e-08,1.2334025334834766e-07,2.8597004496770127e-11,8.579101349031038e-11,3.9819745605360204e-06,1.1945923681608061e-05,0.06247197550293115,0.2498879020117246,8.75017742766283e-17,5.250106456597698e-16,2.374603008585448e-15,1.6622221060098135e-14,5.934918595910712e-08,4.1544430171374983e-07,8.221591584576126e-08,3.812427575459988e-11,5.308594339341487e-06,3.1657168818936613e-15,7.912173918675924e-08,7.912174235247613e-08
pynucastro,50.0,0.14285714285714285,7.0,138.06759582122754,1.1870024011615647,1187002401.1615648,3.5569420478730675e-05,6.315459418988401e-10,6.315459418988401,0.999999999999999,1.6588084237577845e-12,1.6588084237577845e-12,0.750099613456515,0.750099613456515,6.072481439086489e-08,1.2144962878172977e-07,2.7775279259393754e-11,8.332583777818126e-11,3.98159820903413e-06,1.194479462710239e-05,0.06247197599740028,0.24988790398960112,8.585810699821891e-17,5.151486419893135e-16,2.3089661477450845e-15,1.616276303421559e-14,5.9460660801059774e-08,4.1622462560741844e-07,8.09556668227576e-08,3.702878759182823e-11,5.308092602110043e-06,3.078212688452399e-15,7.927035254299174e-08,7.927035562120443e-08
pynucastro,50.0,0.14285714285714285,7.0,138.66058743832096,1.1848280503776891,1184828050.3776891,3.532590288942945e-05,6.306817156998801e-10,6.306817156998801,0.9999999999999991,1.6044796231118013e-12,1.6044796231118013e-12,0.7500996137170576,0.7500996137170576,5.979840650521874e-08,1.1959681301043748e-07,2.698093786461147e-11,8.09428135938344e-11,3.981226284539697e-06,1.1943678853619091e-05,0.06247197648158436,0.24988790592633744,8.42507740874883e-17,5.055046445249298e-16,2.2454611082621834e-15,1.5718227757835282e-14,5.957119626653018e-08,4.1699837386571126e-07,7.972062031720374e-08,3.596980637132931e-11,5.307596766796152e-06,2.993550546086784e-15,7.94177135638425e-08,7.941771655739304e-08
pynucastro,50.0,0.14285714285714285,7.0,139.2561259170141,1.1826538078246835,1182653807.8246834,3.50842126171848e-05,6.298277372701466e-10,6.298277372701466,0.9999999999999991,1.552155676049416e-12,1.552155676049416e-12,0.7500996139741996,0.7500996139741996,5.8890456328997887e-08,1.1778091265799577e-07,2.6212955847470253e-11,7.863886754241076e-11,3.9808587214719066e-06,1.194257616441572e-05,0.062471976955730396,0.24988790782292158,8.267885754692023e-17,4.960731452815214e-16,2.1840097810269267e-15,1.5288068467188487e-14,5.968079914793432e-08,4.1776559403554025e-07,7.851018082382787e-08,3.494596632117701e-11,5.307106745969919e-06,2.9116263231433257e-15,7.95638313046607e-08,7.956383421628702e-08
pynucastro,50.0,0.14285714285714285,7.0,139.85422219591663,1.1804796785723826,1180479678.5723825,3.4844335427102266e-05,6.289839909068639e-10,6.289839909068639,0.9999999999999991,1.5017550566038063e-12,1.5017550566038063e-12,0.7500996142279972,0.7500996142279972,5.800053093494487e-08,1.1600106186988974e-07,2.5470355481074594e-11,7.641106644322379e-11,3.9804954558529626e-06,1.1941486367558888e-05,0.06247197742007778,0.24988790968031113,8.114147102450631e-17,4.868488261470379e-16,2.1245374370042006e-15,1.4871762059029403e-14,5.978947616732465e-08,4.185263331712725e-07,7.732377118289687e-08,3.395596397858262e-11,5.306622454338535e-06,2.8323403941365512e-15,7.970871472698997e-08,7.970871755933037e-08
pynucastro,50.0,0.14285714285714285,7.0,140.45488726061944,1.1783056677296824,1178305667.7296824,3.460625719683554e-05,6.28150461279029e-10,6.28150461279029,0.999999999999999,1.4532003247082162e-12,1.4532003247082162e-12,0.7500996144785052,0.7500996144785052,5.712821148141273e-08,1.1425642296282546e-07,2.475220549081784e-11,7.425661647245352e-11,3.980136425374868e-06,1.1940409276124602e-05,0.06247197787485809,0.24988791149943235,7.963775300894907e-17,4.778265180536944e-16,2.0669730844165194e-15,1.4468811590915635e-14,5.989723396420207e-08,4.192806377494145e-07,7.61608330129995e-08,3.299855780892038e-11,5.306143808835303e-06,2.755598115929642e-15,7.985237268231989e-08,7.985237543791801e-08
pynucastro,50.0,0.14285714285714285,7.0,141.05813214389528,1.176131780444403,1176131780.444403,3.4369963915703884e-05,6.273271334282463e-10,6.273271334282463,0.9999999999999991,1.4064178338289873e-12,1.4064178338289873e-12,0.7500996147257767,0.7500996147257767,5.627309215931132e-08,1.1254618431862264e-07,2.4057617620665385e-11,7.217285286199615e-11,3.979781569255166e-06,1.1939344707765497e-05,0.0624719783202957,0.2498879132811828,7.816687066195204e-17,4.690012239717122e-16,2.011248977048699e-15,1.4078742839340892e-14,6.00040791093426e-08,4.200285537653982e-07,7.502082530716107e-08,3.2072563628046165e-11,5.3056707284273235e-06,2.681309172227713e-15,7.999481393051914e-08,7.999481661182831e-08
pynucastro,50.0,0.14285714285714285,7.0,141.66396792590245,1.173958021903137,1173958021.903137,3.413544168381507e-05,6.265139927695791e-10,6.265139927695791,0.9999999999999992,1.3613360430503537e-12,1.3613360430503537e-12,0.7500996149698643,0.7500996149698643,5.543477403956248e-08,1.1086954807912496e-07,2.33857284280881e-11,7.01571852842643e-11,3.979430827366625e-06,1.1938292482099876e-05,0.06247197875661114,0.24988791502644456,7.672800794312863e-17,4.603680476587717e-16,1.9572991244199477e-15,1.3701093870939634e-14,6.011001819336482e-08,4.207701273535538e-07,7.390321623053974e-08,3.11768303320988e-11,5.3052031329552155e-06,2.609385587404392e-15,8.013604725790958e-08,8.013604986729517e-08
pynucastro,50.0,0.14285714285714285,7.0,142.2724057343874,1.171784397331108,1171784397.3311079,3.3902676711195884e-05,6.257110250924247e-10,6.2571102509242476,0.999999999999999,1.3178864102275035e-12,1.3178864102275035e-12,0.7500996152108198,0.7500996152108198,5.461286804602187e-08,1.0922573609204375e-07,2.2735707117924988e-11,6.820712135377496e-11,3.979084140681159e-06,1.1937252422043477e-05,0.06247197918401949,0.24988791673607796,7.532037131584276e-17,4.519222278950566e-16,1.90505977898198e-15,1.3335418452873861e-14,6.021505777662288e-08,4.2150540443636016e-07,7.280748708379568e-08,3.031025034126299e-11,5.30474094372494e-06,2.5397423760130206e-15,8.027608141046585e-08,8.027608395020822e-08
pynucastro,50.0,0.14285714285714285,7.0,142.88345674489,1.1696109119920215,1169610911.9920216,3.367165531692873e-05,6.249182165614089e-10,6.249182165614089,0.999999999999999,1.2760035736540797e-12,1.2760035736540797e-12,0.7500996154486933,0.7500996154486933,5.380699559267819e-08,1.0761399118535639e-07,2.2106756870199946e-11,6.632027061059983e-11,3.978741451374074e-06,1.193622435412222e-05,0.06247197960273002,0.2498879184109201,7.394318885967954e-17,4.4365913315807724e-16,1.8544698095648166e-15,1.2981288666953716e-14,6.031920437575594e-08,4.2223443063029153e-07,7.173313315257736e-08,2.94717613699564e-11,5.304284083646779e-06,2.4722980406482586e-15,8.041492507588382e-08,8.041492754818185e-08
pynucastro,50.0,0.14285714285714285,7.0,143.49713218094786,1.1674375711879201,1167437571.18792,3.3442363928295115e-05,6.24135553717302e-10,6.24135553717302,0.999999999999999,1.2356250617514702e-12,1.2356250617514702e-12,0.7500996156835344,0.7500996156835344,5.301678806566614e-08,1.0603357613133228e-07,2.1498112691325395e-11,6.449433807397618e-11,3.978402702766385e-06,1.1935208108299155e-05,0.06247198001294645,0.2498879200517858,7.259571048910319e-17,4.355742629346191e-16,1.8054706095173497e-15,1.2638294266621447e-14,6.042246446595833e-08,4.229572512617083e-07,7.067966301696362e-08,2.866034356214816e-11,5.303832477158427e-06,2.406974449483086e-15,8.055258688660687e-08,8.055258929358131e-08
pynucastro,50.0,0.14285714285714285,7.0,144.11344331430348,1.1652643802590332,1165264380.2590332,3.321478907992544e-05,6.233630234779556e-10,6.233630234779556,0.9999999999999991,1.196691337507758e-12,1.196691337507758e-12,0.7500996159153916,0.7500996159153916,5.224188711332679e-08,1.0448377422665357e-07,2.090904200205211e-11,6.272712600615633e-11,3.978067839367675e-06,1.1934203518103025e-05,0.06247198041486682,0.24988792165946727,7.12772076711588e-17,4.2766324602695277e-16,1.75800599540558e-15,1.230604196783906e-14,6.052484447639503e-08,4.236739113347652e-07,6.964659893815953e-08,2.7875020275187783e-11,5.303386050282135e-06,2.3436967012177173e-15,8.068907541371411e-08,8.068907775741082e-08
pynucastro,50.0,0.14285714285714285,7.0,144.7324014651103,1.1630913445836304,1163091344.5836303,3.2988917412955536e-05,6.226006131392618e-10,6.2260061313926185,0.9999999999999993,1.1591454110159788e-12,1.1591454110159788e-12,0.7500996161443119,0.7500996161443119,5.1481943758671095e-08,1.0296388751734219e-07,2.0338841094551575e-11,6.101652328365472e-11,3.977736806777938e-06,1.1933210420333814e-05,0.06247198080868397,0.24988792323473588,6.998697116152605e-17,4.199218269691563e-16,1.7120219694903292e-15,1.1984153786432304e-14,6.062635079367373e-08,4.243844555557161e-07,6.863347567527147e-08,2.7114853356542155e-11,5.30294473049385e-06,2.282392808425265e-15,8.082439917154924e-08,8.082440145394205e-08
pynucastro,50.0,0.14285714285714285,7.0,145.35401800214163,1.1609184695778683,1160918469.5778682,3.2764735674189136e-05,6.218483103761341e-10,6.218483103761341,0.9999999999999993,1.1229326695601875e-12,1.1229326695601875e-12,0.7500996163703414,0.7500996163703414,5.073661791810807e-08,1.0147323583621614e-07,1.978683351878171e-11,5.936050055634513e-11,3.977409551622047e-06,1.1932228654866143e-05,0.062471981194585816,0.24988792477834326,6.872431203554417e-17,4.1234587221326507e-16,1.6674665894841736e-15,1.1672266126389215e-14,6.072698976792968e-08,4.2508892837550774e-07,6.763983984369648e-08,2.6378940992568774e-11,5.3025084466358515e-06,2.2229935239173713e-15,8.09585666258325e-08,8.095856884882602e-08
pynucastro,50.0,0.14285714285714285,7.0,145.97830434299834,1.1587457606956457,1158745760.6956458,3.254223071526757e-05,6.211061032435105e-10,6.211061032435104,0.9999999999999993,1.0880007957306123e-12,1.0880007957306123e-12,0.7500996165935256,0.7500996165935256,5.000557818553728e-08,1.0001115637107456e-07,1.9252369027868922e-11,5.775710708360677e-11,3.977086021531098e-06,1.1931258064593293e-05,0.062471981572755436,0.24988792629102174,6.748855882332308e-17,4.0493135293993847e-16,1.6242898676918027e-15,1.137002907384262e-14,6.082676771199564e-08,4.257873739839695e-07,6.666524962728384e-08,2.5666416302545134e-11,5.302077128891876e-06,2.165432206282536e-15,8.109158619255406e-08,8.109158835798627e-08
pynucastro,50.0,0.14285714285714285,7.0,146.6052719543198,1.1565732234284467,1156573223.4284468,3.232138949184474e-05,6.20373980177378e-10,6.2037398017737795,0.999999999999999,1.0542997968643172e-12,1.0542997968643172e-12,0.7500996168139089,0.7500996168139089,4.928850211724004e-08,9.857700423448008e-08,1.8734824076919198e-11,5.6204472230757593e-11,3.9767661651886e-06,1.19302984955658e-05,0.06247198194337096,0.24988792777348384,6.627905945889352e-17,3.976743567533611e-16,1.5824438373844445e-15,1.1077106861691112e-14,6.092569089550069e-08,4.264798362685048e-07,6.570927515813936e-08,2.497644800366175e-11,5.301650708848702e-06,2.109644908373591e-15,8.122346623010694e-08,8.122346833975184e-08
pynucastro,50.0,0.14285714285714285,7.0,147.23493235199325,1.1544008633051939,1154400863.305194,3.21021990627695e-05,6.196519299958212e-10,6.196519299958212,0.999999999999999,1.0217816984928326e-12,1.0217816984928326e-12,0.7500996170315349,0.7500996170315349,4.858507521111409e-08,9.717015042222818e-08,1.8233598364910263e-11,5.470079509473079e-11,3.9764499322025536e-06,1.1929349796607662e-05,0.06247198230660612,0.24988792922642447,6.509517912222777e-17,3.9057107473336665e-16,1.5418823063152324e-15,1.0793176144206626e-14,6.102376555382613e-08,4.2716635887678287e-07,6.47714971557858e-08,2.430823580082391e-11,5.3012291193256e-06,2.0555700487051578e-15,8.135421505122649e-08,8.135421710679654e-08
pynucastro,50.0,0.14285714285714285,7.0,147.8672971013666,1.1522286858920907,1152228685.8920908,3.188464658927323e-05,6.189399419000933e-10,6.189399419000933,0.9999999999999991,9.904006960053238e-13,9.904006960053238e-13,0.7500996172464461,0.7500996172464461,4.7894991343602376e-08,9.578998268720475e-08,1.7748115957704606e-11,5.324434787311382e-11,3.976137273171678e-06,1.1928411819515035e-05,0.062471982662629974,0.2498879306505199,6.393630082083907e-17,3.836178049250344e-16,1.502560850845139e-15,1.0517925955915972e-14,6.11209978806182e-08,4.278469851643274e-07,6.385150750965711e-08,2.3661011883803482e-11,5.300812294462635e-06,2.003148403622596e-15,8.148384091300879e-08,8.148384291615719e-08
pynucastro,50.0,0.14285714285714285,7.0,148.50237781745952,1.150056696792474,1150056696.7924738,3.166871933416465e-05,6.182380054757104e-10,6.182380054757104,0.999999999999999,9.601127533298828e-13,9.601127533298828e-13,0.7500996174586845,0.7500996174586845,4.721795163481593e-08,9.443590326963186e-08,1.7277821399376577e-11,5.183346419812973e-11,3.975828139542459e-06,1.1927484418627378e-05,0.062471983011607564,0.24988793204643026,6.280182287790904e-17,3.7681093726745424e-16,1.4644366237353678e-15,1.0251056366147575e-14,6.121739403791072e-08,4.2852175826537505e-07,6.294890776612974e-08,2.3034035743030146e-11,5.30040016953008e-06,1.952322851059218e-15,8.161235203040558e-08,8.161235398272843e-08
pynucastro,50.0,0.14285714285714285,7.0,149.14018616517797,1.1478849016466537,1147884901.6466537,3.145440466102983e-05,6.175461106935684e-10,6.175461106935685,0.999999999999999,9.308757151887014e-13,9.308757151887014e-13,0.7500996176682906,0.7500996176682906,4.655366494827698e-08,9.310732989655396e-08,1.682218112168427e-11,5.046654336505281e-11,3.975522483681878e-06,1.1926567451045636e-05,0.06247198335369967,0.24988793341479867,6.16911595497436e-17,3.701469572984616e-16,1.4274685775674016e-15,9.992280042971811e-15,6.13129601483553e-08,4.291907210384871e-07,6.206330979475844e-08,2.2426596048637612e-11,5.299992681025383e-06,1.9030386683901196e-15,8.173975656586608e-08,8.173975846890475e-08
pynucastro,50.0,0.14285714285714285,7.0,149.78073385952788,1.145713306131762,1145713306.131762,3.1241690033438986e-05,6.168642479110855e-10,6.168642479110855,0.999999999999999,9.026491887269874e-13,9.026491887269874e-13,0.7500996178753049,0.7500996178753049,4.59018474921407e-08,9.18036949842814e-08,1.6380681931517347e-11,4.914204579455204e-11,3.975220258831194e-06,1.1925660776493582e-05,0.062471983689062954,0.24988793475625182,6.060374137298025e-17,3.636224482378815e-16,1.39161704925127e-15,9.74131934475889e-15,6.140770229750486e-08,4.29853916082534e-07,6.119433525664231e-08,2.183800863399512e-11,5.299589766611543e-06,1.855242978516768e-15,8.186606263238113e-08,8.18660644876241e-08
pynucastro,50.0,0.14285714285714285,7.0,150.42403266583017,1.1435419159615967,1143541915.9615967,3.103056301415913e-05,6.161924078733676e-10,6.1619240787336755,0.9999999999999991,8.753944357710594e-13,8.753944357710594e-13,0.7500996180797666,0.7500996180797666,4.5262222578043225e-08,9.052444515608645e-08,1.5952830040159692e-11,4.7858490120479073e-11,3.974921419081342e-06,1.1924764257244026e-05,0.06247198401785015,0.2498879360714006,5.953901387355927e-17,3.572340832413556e-16,1.3568438586511268e-15,9.497907010557887e-15,6.150162653401153e-08,4.3051138573808074e-07,6.034161528293164e-08,2.1267615201562797e-11,5.299191365084316e-06,1.808884881350304e-15,8.199127829374708e-08,8.199128010263196e-08
pynucastro,50.0,0.14285714285714285,7.0,151.070094399937,1.1413707368864652,1141370736.886465,3.082101126437282e-05,6.155305817143974e-10,6.155305817143974,0.9999999999999991,8.490744735884046e-13,8.490744735884046e-13,0.7500996182817141,0.7500996182817141,4.463452094835875e-08,8.92690418967175e-08,1.553815195169904e-11,4.661445585509712e-11,3.974625919420808e-06,1.1923877758262424e-05,0.062471984340209896,0.24988793736083958,5.849643783396794e-17,3.5097862700380766e-16,1.3231124366309864e-15,9.261787056416905e-15,6.159473886450939e-08,4.311631720515657e-07,5.9504790911112566e-08,2.071478450728046e-11,5.298797416436042e-06,1.7639156245165112e-15,8.211541155774368e-08,8.21154133216593e-08
pynucastro,50.0,0.14285714285714285,7.0,151.71893092844923,1.1391997746930254,1139199774.6930254,3.0613022542902617e-05,6.148787609582505e-10,6.148787609582505,0.9999999999999992,8.236538336296723e-13,8.236538336296723e-13,0.7500996184811854,0.7500996184811854,4.401848004787959e-08,8.803696009575918e-08,1.5136191973005996e-11,4.540857591901799e-11,3.974333715646398e-06,1.1923001146939193e-05,0.062471984656287075,0.2498879386251483,5.747548873426758e-17,3.4485293240560553e-16,1.29038750735889e-15,9.03271255151223e-15,6.168704525923006e-08,4.318093168146104e-07,5.8683512114042876e-08,2.017890904098047e-11,5.298407861736681e-06,1.7202881798176204e-15,8.223847038362057e-08,8.223847210390875e-08
pynucastro,50.0,0.14285714285714285,7.0,152.370554168934,1.1370290352041292,1137029035.2041292,3.040658470544181e-05,6.142369375203331e-10,6.142369375203331,0.9999999999999992,7.990985431356932e-13,7.990985431356932e-13,0.7500996186782173,0.7500996186782173,4.3413843979802067e-08,8.682768795960413e-08,1.474651194997901e-11,4.423953584993703e-11,3.9740447643622884e-06,1.1922134293086866e-05,0.06247198496622288,0.24988793986489152,5.647565612037181e-17,3.388539367222309e-16,1.2586351344073254e-15,8.810445940851278e-15,6.177855165082957e-08,4.32449861555807e-07,5.787743774127424e-08,1.9659404674761028e-11,5.298022643132552e-06,1.6779573046913695e-15,8.23604626805333e-08,8.23604643584906e-08
pynucastro,50.0,0.14285714285714285,7.0,153.02497609014316,1.1348585242786653,1134858524.2786653,3.0201685703791102e-05,6.136051037086488e-10,6.136051037086488,0.999999999999999,7.753759920308585e-13,7.753759920308585e-13,0.7500996188728459,0.7500996188728459,4.2820363166584814e-08,8.564072633316963e-08,1.4368690085692832e-11,4.310607025707849e-11,3.97375902293986e-06,1.192127706881958e-05,0.062471985270155024,0.2498879410806201,5.549644201982963e-17,3.329786521189778e-16,1.227822655643548e-15,8.594758589504836e-15,6.186926393643353e-08,4.3308484755503466e-07,5.708623506692324e-08,1.9155709087393308e-11,5.297641703792782e-06,1.6368794554096205e-15,8.248139631026979e-08,8.248139794714924e-08
pynucastro,50.0,0.14285714285714285,7.0,153.68220871223426,1.1326882478113958,1132688247.811396,2.9998313585100693e-05,6.129832522250873e-10,6.129832522250873,0.9999999999999992,7.524548807319957e-13,7.524548807319957e-13,0.7500996190651072,0.7500996190651072,4.22377941205096e-08,8.44755882410192e-08,1.400231998318802e-11,4.200695994956406e-11,3.973476449496243e-06,1.1920429348488729e-05,0.062471985568217814,0.24988794227287126,5.4537361866864423e-17,3.2722417120118653e-16,1.1979185635660396e-15,8.385429944962278e-15,6.195918797726638e-08,4.3371431584086466e-07,5.630957948379312e-08,1.8667280488210252e-11,5.2972649878807e-06,1.5970126275481584e-15,8.260127908675612e-08,8.260128068376875e-08
pynucastro,50.0,0.14285714285714285,7.0,154.34226410698997,1.1305182117328005,1130518211.7328005,2.9796456491118734e-05,6.123713761667417e-10,6.1237137616674175,0.9999999999999991,7.303052619546582e-13,7.303052619546582e-13,0.7500996192550358,0.7500996192550358,4.166589975286024e-08,8.333179950572049e-08,1.3647011717869965e-11,4.0941035153609895e-11,3.973197002933347e-06,1.1919591008800041e-05,0.06247198586054201,0.24988794344216805,5.359794442597551e-17,3.215876665558531e-16,1.1688926245743307e-15,8.182248372020316e-15,6.204832959558027e-08,4.343383071690619e-07,5.55471549155576e-08,1.8193599046782008e-11,5.296892440605879e-06,1.5583165149919963e-15,8.272011877196232e-08,8.272012033027883e-08
pynucastro,50.0,0.14285714285714285,7.0,155.00515439804127,1.1283484220089117,1128348422.0089116,2.9596102657445068e-05,6.117694690272501e-10,6.117694690272502,0.9999999999999991,7.088981994532941e-13,7.088981994532941e-13,0.7500996194426659,0.7500996194426659,4.1104448145088094e-08,8.220889629017619e-08,1.330238761052329e-11,3.990716283156987e-11,3.9729206427893346e-06,1.1918761928368004e-05,0.06247198614725553,0.2498879445890221,5.26777291645958e-17,3.160663749875748e-16,1.1407155469347892e-15,7.985008828543525e-15,6.213669458361832e-08,4.3495686208532827e-07,5.47986521785323e-08,1.7734161257683538e-11,5.296524008026118e-06,1.5207520672818848e-15,8.283792308785161e-08,8.283792460860367e-08
pynucastro,50.0,0.14285714285714285,7.0,155.67089176108863,1.1261788846411558,1126178884.6411557,2.939724041279118e-05,6.111775246981654e-10,6.111775246981654,0.999999999999999,6.8820618973696e-13,6.8820618973696e-13,0.7500996196280312,0.7500996196280312,4.0553213891728624e-08,8.110642778345725e-08,1.2968086671500741e-11,3.890426001450223e-11,3.972647329410567e-06,1.1917941988231702e-05,0.06247198642848261,0.24988794571393044,5.177626971939964e-17,3.106576183163978e-16,1.1133592442936277e-15,7.793514710055394e-15,6.222428869061852e-08,4.3557002083432967e-07,5.406377077199247e-08,1.7288485865292824e-11,5.296159637276677e-06,1.4842818409183226e-15,8.295469969905475e-08,8.29547011833366e-08
pynucastro,50.0,0.14285714285714285,7.0,156.339488424127,1.1240096056661888,1124009605.6661887,2.919985817824535e-05,6.105955374703495e-10,6.105955374703495,0.9999999999999992,6.682026219775768e-13,6.682026219775768e-13,0.7500996198111646,0.7500996198111646,4.0011976464293434e-08,8.002395292858687e-08,1.2643759129422704e-11,3.793127738826811e-11,3.972377023748832e-06,1.1917131071246495e-05,0.06247198670434487,0.24988794681737947,5.0893129872399564e-17,3.053587792343974e-16,1.0867965032025192e-15,7.607575522417634e-15,6.231111763608025e-08,4.3617782345256173e-07,5.334221669698531e-08,1.685610656969235e-11,5.2957992762999484e-06,1.4488695561212483e-15,8.307045623055627e-08,8.307045767942582e-08
pynucastro,50.0,0.14285714285714285,7.0,157.01095666766926,1.121840591155734,1121840591.155734,2.9003944466543886e-05,6.100235020353977e-10,6.100235020353978,0.9999999999999991,6.488621072836808e-13,6.488621072836808e-13,0.7500996199920984,0.7500996199920984,3.9480521198287274e-08,7.896104239657455e-08,1.2329069630071636e-11,3.6987208890214907e-11,3.972109687489365e-06,1.1916329062468096e-05,0.0624719869749606,0.2498879478998424,5.0027885366341915e-17,3.001673121980515e-16,1.0610012314006494e-15,7.427008619804546e-15,6.239718709980214e-08,4.3678030969861497e-07,5.263370377217784e-08,1.6436576291295163e-11,5.295442874016131e-06,1.4144804278288077e-15,8.318520025441345e-08,8.318520166889387e-08
pynucastro,50.0,0.14285714285714285,7.0,157.68530882497288,1.1196718472164175,1119671847.2164176,2.880948788134761e-05,6.09461413487087e-10,6.094614134870871,0.999999999999999,6.301602651341406e-13,6.301602651341406e-13,0.7500996201708641,0.7500996201708641,3.8958638598743737e-08,7.791727719748747e-08,1.202369495424771e-11,3.6071084862743127e-11,3.971845282966354e-06,1.1915535848899063e-05,0.062471987240445254,0.24988794896178101,4.918012274289177e-17,2.9508073645735063e-16,1.0359482564925695e-15,7.251637795447986e-15,6.248250272687216e-08,4.3737751908810515e-07,5.193795270802751e-08,1.602946412838984e-11,5.295090380210582e-06,1.3810808973034707e-15,8.329893929640888e-08,8.329894067748978e-08
pynucastro,50.0,0.14285714285714285,7.0,158.3625572822653,1.117503379989604,1117503379.989604,2.8616477116524263e-05,6.089092673228563e-10,6.089092673228563,0.9999999999999992,6.120736837249564e-13,6.120736837249564e-13,0.750099620347493,0.750099620347493,3.84461242819621e-08,7.68922485639242e-08,1.1727323765251956e-11,3.5181971295755864e-11,3.9715837731584796e-06,1.191475131947544e-05,0.062471987500911444,0.24988795000364578,4.834943925936239e-17,2.9009663555617434e-16,1.0116133276059112e-15,7.081293293241378e-15,6.256707012713987e-08,4.3796949088997905e-07,5.125469102910818e-08,1.563435502049598e-11,5.294741745527872e-06,1.3486386343420208e-15,8.341168083534676e-08,8.34116821839854e-08
pynucastro,50.0,0.14285714285714285,7.0,159.04271447897258,1.1153351956512296,1115335195.6512296,2.842490095543601e-05,6.083670594453097e-10,6.083670594453097,0.9999999999999991,5.945799208903163e-13,5.945799208903163e-13,0.7500996205220155,0.7500996205220155,3.794277895528909e-08,7.588555791057818e-08,1.1439656537059873e-11,3.431896961117962e-11,3.971325121689171e-06,1.1913975365067514e-05,0.06247198775646895,0.2498879510258758,4.753544261635733e-17,2.8521265569814394e-16,9.879731318709966e-16,6.915811923096977e-15,6.265089487436887e-08,4.3855626412058205e-07,5.058365304715611e-08,1.52508496526084e-11,5.294396921472129e-06,1.3171225592454482e-15,8.352343230192323e-08,8.352343361904579e-08
pynucastro,50.0,0.14285714285714285,7.0,159.7257929079468,1.1131673004116391,1113167300.4116392,2.823474827023304e-05,6.078347861637536e-10,6.0783478616375355,0.999999999999999,5.776574002944287e-13,5.776574002944287e-13,0.7500996206944615,0.7500996206944615,3.7448408063045824e-08,7.489681612609165e-08,1.1160404391972084e-11,3.348121317591625e-11,3.971069292784806e-06,1.1913207878354417e-05,0.06247198800722493,0.2498879520288997,4.67377505028334e-17,2.804265030170004e-16,9.650051480148161e-16,6.755036036103713e-15,6.273398250827682e-08,4.3913787755793777e-07,4.992457938903519e-08,1.4878562905603786e-11,5.294055860351306e-06,1.2865026476368427e-15,8.363420108144581e-08,8.363420236794846e-08
pynucastro,50.0,0.14285714285714285,7.0,160.4118051156967,1.110999700515414,1110999700.515414,2.804600802115174e-05,6.07312444195757e-10,6.07312444195757,0.9999999999999989,5.612854048375513e-13,5.612854048375513e-13,0.7500996208648602,0.7500996208648602,3.696282187040087e-08,7.392564374080174e-08,1.0889289306910652e-11,3.266786792073195e-11,3.970816251287756e-06,1.1912448753863266e-05,0.06247198825328386,0.24988795301313543,4.595599100191659e-17,2.757359460114995e-16,9.426876533598018e-16,6.598813573518612e-15,6.281633853287017e-08,4.397143697300912e-07,4.9277217108552816e-08,1.4517124131265884e-11,5.293718515294581e-06,1.256749939791849e-15,8.374399451161344e-08,8.374399576836338e-08
pynucastro,50.0,0.14285714285714285,7.0,161.10076370261666,1.1088324022412102,1108832402.2412102,2.7858669255819403e-05,6.068000306687472e-10,6.068000306687472,0.9999999999999991,5.454440322840338e-13,5.454440322840338e-13,0.7500996210332409,0.7500996210332409,3.648583515157566e-08,7.297167030315133e-08,1.0626043170133358e-11,3.187812951040007e-11,3.970565962619688e-06,1.1911697887859065e-05,0.06247198849474772,0.24988795397899088,4.518980124320169e-17,2.7113880745921014e-16,9.209996987400393e-16,6.446997891180275e-15,6.289796841822781e-08,4.402857789275947e-07,4.864131927078894e-08,1.4166175894738203e-11,5.29338484020342e-06,1.227836507198055e-15,8.385281988489428e-08,8.385282111273078e-08
pynucastro,50.0,0.14285714285714285,7.0,161.79268132321965,1.1066654119015844,1106665411.9015844,2.7672721108563055e-05,6.062975431216276e-10,6.062975431216276,0.9999999999999989,5.301142232978579e-13,5.301142232978579e-13,0.7500996211996311,0.7500996211996311,3.601726734913766e-08,7.203453469827531e-08,1.037040819934091e-11,3.111122459802273e-11,3.970318392804662e-06,1.1910955178413987e-05,0.062471988731715895,0.24988795492686358,4.443882797735163e-17,2.666329678641098e-16,8.999210737700018e-16,6.299447516390012e-15,6.297887759799246e-08,4.4085214318594726e-07,4.8016645164458814e-08,1.3825374531926253e-11,5.293054789782388e-06,1.199735406252788e-15,8.396068444518158e-08,8.396068564491698e-08
pynucastro,50.0,0.14285714285714285,7.0,162.4875706863689,1.1044987358428278,1104498735.8428278,2.7488152799724647e-05,6.058049795064318e-10,6.058049795064319,0.999999999999999,5.152774830822593e-13,5.152774830822593e-13,0.7500996213640596,0.7500996213640596,3.5556941652266194e-08,7.111388330453239e-08,1.0122134193103303e-11,3.036640257930991e-11,3.970073508352017e-06,1.191022052505605e-05,0.06247198896428568,0.2498879558571427,4.3702726093351967e-17,2.622163565601118e-16,8.794321424874952e-16,6.156024997412466e-15,6.305907147753324e-08,4.4141350034273264e-07,4.740295907309716e-08,1.349438648521933e-11,5.292728319382991e-06,1.172420459149471e-15,8.406759539867522e-08,8.406759657109567e-08
pynucastro,50.0,0.14285714285714285,7.0,163.18544455551105,1.102332380444796,1102332380.444796,2.730495363498112e-05,6.053223381900052e-10,6.053223381900052,0.9999999999999988,5.009162741882697e-13,5.009162741882697e-13,0.7500996215265526,0.7500996215265526,3.5104686273884816e-08,7.020937254776963e-08,9.880982273496273e-12,2.964294682048882e-11,3.969831276425802e-06,1.1909493829277405e-05,0.062471989192551584,0.24988795677020634,4.298116010519529e-17,2.5788696063117174e-16,8.595143039716977e-16,6.016600127801884e-15,6.313855542001842e-08,4.4196988794012896e-07,4.680003197767532e-08,1.3172893293009745e-11,5.2924053852295865e-06,1.145866867953448e-15,8.417355989531504e-08,8.417356104118191e-08
pynucastro,50.0,0.14285714285714285,7.0,163.886315748911,1.1001663521207379,1100166352.1207378,2.7123113004669595e-05,6.048496179557152e-10,6.048496179557152,0.999999999999999,4.870135773208028e-13,4.870135773208028e-13,0.7500996216871378,0.7500996216871378,3.466033293380474e-08,6.932066586760947e-08,9.646720421845776e-12,2.8940161265537328e-11,3.969591664648781e-06,1.1908774993946342e-05,0.062471989416606186,0.24988795766642474,4.227380193777919e-17,2.5364281162667517e-16,8.40149426768191e-16,5.881045987377337e-15,6.321733476096869e-08,4.4252134332678083e-07,4.620763953439422e-08,1.2860585638142565e-11,5.292085944158061e-06,1.1200504606021683e-15,8.427858504818213e-08,8.427858616823259e-08
pynucastro,50.0,0.14285714285714285,7.0,164.5901971398875,1.0980006573171228,1098000657.317123,2.6942620383117925e-05,6.043868180051959e-10,6.043868180051959,0.9999999999999991,4.735530067373044e-13,4.735530067373044e-13,0.7500996218458411,0.7500996218458411,3.422371724500137e-08,6.844743449000274e-08,9.419124595380878e-12,2.8257373786142635e-11,3.969354641155608e-06,1.1908063923466824e-05,0.06247198963653988,0.24988795854615953,4.1580331662371705e-17,2.4948198997423023e-16,8.213199706189388e-16,5.749239794332571e-15,6.32954148033412e-08,4.4306790362338843e-07,4.562556258965153e-08,1.2557164836588434e-11,5.29176995368674e-06,1.0949478531902722e-15,8.438267792694548e-08,8.438267902189334e-08
pynucastro,50.0,0.14285714285714285,7.0,165.29710165704955,1.0958353025134697,1095835302.5134697,2.676346532798043e-05,6.039339379601211e-10,6.039339379601211,0.9999999999999991,4.605190443278425e-13,4.605190443278425e-13,0.7500996220026881,0.7500996220026881,3.379467957162686e-08,6.758935914325372e-08,9.197981179050732e-12,2.7593943537152197e-11,3.96912017470849e-06,1.190736052412547e-05,0.06247198985244045,0.2498879594097618,4.090044018001541e-17,2.454026410800925e-16,8.030090189016751e-16,5.6210631323117254e-15,6.33728008075827e-08,4.436096056530789e-07,4.5053588323906334e-08,1.2262346106098651e-11,5.291457372170581e-06,1.0705364932163601e-15,8.4485845544601e-08,8.448584661513748e-08
pynucastro,50.0,0.14285714285714285,7.0,166.0070422845333,1.0936702942221743,1093670294.2221744,2.6585637479578873e-05,6.034909778640111e-10,6.0349097786401105,0.999999999999999,4.478965235268118e-13,4.478965235268118e-13,0.7500996221577043,0.7500996221577043,3.33730630511791e-08,6.67461261023582e-08,8.983081345972512e-12,2.6949244037917537e-11,3.968888234437867e-06,1.19066647033136e-05,0.0624719900643941,0.2498879602575764,4.0233823333783605e-17,2.4140294000270165e-16,7.852001664010805e-16,5.4964011648075634e-15,6.344949801174924e-08,4.441464860822447e-07,4.4491507614921313e-08,1.1975851047801046e-11,5.291148158455451e-06,1.046794509964433e-15,8.458809488429436e-08,8.458809593108887e-08
pynucastro,50.0,0.14285714285714285,7.0,166.7200320622409,1.0915056389883355,1091505638.9883356,2.64091265602483e-05,6.030579381840696e-10,6.030579381840696,0.9999999999999992,4.356710143738414e-13,4.356710143738414e-13,0.7500996223109149,0.7500996223109149,3.2958715178158553e-08,6.591743035631711e-08,8.774225466240265e-12,2.6322676398720797e-11,3.9686587900555675e-06,1.1905976370166702e-05,0.06247199027248465,0.2498879610899386,3.958018539162292e-17,2.3748111234973754e-16,7.67877779132573e-16,5.3751444539280106e-15,6.352551161339622e-08,4.446785812937735e-07,4.3939117149024814e-08,1.169741352383106e-11,5.2908422721623045e-06,1.0237010608896015e-15,8.46894328751775e-08,8.468943389887856e-08
pynucastro,50.0,0.14285714285714285,7.0,167.43608408608048,1.089341343389579,1089341343.389579,2.623392237368802e-05,6.026348198130543e-10,6.026348198130543,0.999999999999999,4.238286330823642e-13,4.238286330823642e-13,0.7500996224623436,0.7500996224623436,3.2551486965713884e-08,6.510297393142777e-08,8.571220809602282e-12,2.5713662428806845e-11,3.968431811744718e-06,1.1905295435234154e-05,0.06247199047679395,0.2498879619071758,3.8939237647888856e-17,2.3363542588733315e-16,7.510267786662468e-16,5.257187450663728e-15,6.360084677807515e-08,4.45205927446526e-07,4.3396218303453455e-08,1.1426776594641698e-11,5.290539673540417e-06,1.0012360440881967e-15,8.478986640373629e-08,8.478986740497234e-08
pynucastro,50.0,0.14285714285714285,7.0,168.15521150820624,1.0871774140358832,1087177414.0358832,2.606001480431765e-05,6.022216240711789e-10,6.0222162407117885,0.9999999999999991,4.1235596365489324e-13,4.1235596365489324e-13,0.7500996226120153,0.7500996226120153,3.2151232593425257e-08,6.430246518685051e-08,8.373880581273557e-12,2.512164174382067e-11,3.968207270114659e-06,1.1904621810343978e-05,0.0624719906774021,0.2498879627096084,3.8310698295255256e-17,2.298641897715315e-16,7.34632491250447e-16,5.142427438753129e-15,6.367550864244078e-08,4.4572856049708544e-07,4.286261667679214e-08,1.1163691233590845e-11,5.29024032340727e-06,9.79379897155916e-16,8.488940231793259e-08,8.488940329731249e-08
pynucastro,50.0,0.14285714285714285,7.0,168.8774275372595,1.0850138575694053,1085013857.5694053,2.588739381663836e-05,6.018183527080501e-10,6.0181835270805015,0.9999999999999991,4.0124020732579416e-13,4.0124020732579416e-13,0.7500996227599532,0.7500996227599532,3.1757810256828103e-08,6.351562051365621e-08,8.182026050114464e-12,2.454607815034339e-11,3.967985136319797e-06,1.190395540895939e-05,0.06247199087438696,0.24988796349754783,3.7694295203868293e-17,2.2616577122320975e-16,7.186807453952165e-16,5.030765217766515e-15,6.374950230300877e-08,4.4624651612106137e-07,4.2338123221522046e-08,1.090791916413598e-11,5.2899441833070095e-06,9.581137272818074e-16,8.49880474122167e-08,8.498804837033042e-08
pynucastro,50.0,0.14285714285714285,7.0,169.6027454386126,1.082850680664301,1082850680.664301,2.571604945459851e-05,6.014250079046364e-10,6.014250079046364,0.9999999999999991,3.904689443327907e-13,3.904689443327907e-13,0.7500996229061804,0.7500996229061804,3.1371080859575456e-08,6.274216171915091e-08,7.995483284246413e-12,2.3986449852739238e-11,3.967765381881344e-06,1.1903296145644031e-05,0.062471991067824875,0.2498879642712995,3.708976072255394e-17,2.2253856433532362e-16,7.031578534185675e-16,4.922104973929973e-15,6.382283283160829e-08,4.46759829821258e-07,4.1822552500468636e-08,1.0659228507899753e-11,5.289651215272797e-06,9.37419286646563e-16,8.508580844812797e-08,8.508580938554726e-08
pynucastro,50.0,0.14285714285714285,7.0,170.33117853461113,1.0806878900265509,1080687890.0265508,2.5545971840964918e-05,6.010415922752716e-10,6.010415922752716,0.9999999999999992,3.800302901171762e-13,3.800302901171762e-13,0.7500996230507199,0.7500996230507199,3.0990908905939026e-08,6.198181781187805e-08,7.814085291982122e-12,2.3442255875946365e-11,3.967547978813989e-06,1.1902643936441969e-05,0.062471991257790224,0.2498879650311609,3.649683411290623e-17,2.189810046774374e-16,6.880506424347633e-16,4.816354497043343e-15,6.389550526296627e-08,4.472685368407639e-07,4.131572387664498e-08,1.0417396638864533e-11,5.289361381995673e-06,9.172790137347383e-16,8.518269213774264e-08,8.518269305502166e-08
pynucastro,50.0,0.14285714285714285,7.0,171.06274020481993,1.0785254923937775,1078525492.3937774,2.5377151176698196e-05,6.006681088696922e-10,6.006681088696922,0.9999999999999991,3.699127967992047e-13,3.699127967992047e-13,0.7500996231935938,0.7500996231935938,3.06171620109277e-08,6.12343240218554e-08,7.637670803891439e-12,2.291301241167432e-11,3.967332899559888e-06,1.1901998698679663e-05,0.06247199144435564,0.24988796577742256,3.591526065762179e-17,2.1549156394573075e-16,6.733463793309038e-16,4.713424655316327e-15,6.396752460016387e-08,4.477726722011471e-07,4.0817460860163224e-08,1.0182208559675848e-11,5.289074646736566e-06,8.976759333168193e-16,8.527870515094825e-08,8.527870604862419e-08
pynucastro,50.0,0.14285714285714285,7.0,171.79744388626762,1.0763634945350726,1076363494.5350726,2.520957774033386e-05,6.003045611751107e-10,6.003045611751107,0.9999999999999993,3.6010538746781365e-13,3.6010538746781365e-13,0.7500996233348245,0.7500996233348245,3.024971057670639e-08,6.049942115341278e-08,7.466083470588453e-12,2.2398250411765358e-11,3.967120116945635e-06,1.1901360350836905e-05,0.06247199162759221,0.24988796651036885,3.534479178203614e-17,2.1206875069221686e-16,6.590326963849267e-16,4.6132288746944864e-15,6.403889581801422e-08,4.482722707260995e-07,4.03275906768503e-08,9.953455832167233e-12,5.288790973268917e-06,8.785935572863926e-16,8.537385411994662e-08,8.537385499854018e-08
pynucastro,50.0,0.14285714285714285,7.0,172.53530307369468,1.074201903250811,1074201903.250811,2.504324188736725e-05,5.999509531183216e-10,5.999509531183215,0.9999999999999991,3.5059751721363017e-13,3.5059751721363017e-13,0.7500996234744332,0.7500996234744332,2.988842850856698e-08,5.977685701713396e-08,7.299173591424321e-12,2.1897520774272964e-11,3.966909604285223e-06,1.1900728812855669e-05,0.06247199180756906,0.24988796723027623,3.478518635556991e-17,2.0871111813341948e-16,6.450978189361189e-16,4.515684732552832e-15,6.410962385264617e-08,4.4876736696852324e-07,3.984594522274909e-08,9.73093888197787e-12,5.28851032601596e-06,8.600161881805115e-16,8.546814562536749e-08,8.546814648538368e-08
pynucastro,50.0,0.14285714285714285,7.0,173.27633131979994,1.0720407253724762,1072040725.3724762,2.487813404964416e-05,5.996072890678463e-10,5.996072890678463,0.9999999999999992,3.413789056574665e-13,3.413789056574665e-13,0.7500996236124414,0.7500996236124414,2.9533192047952152e-08,5.9066384095904304e-08,7.136795248491766e-12,2.1410385745475298e-11,3.9667013352177755e-06,1.1900104005653327e-05,0.06247199198435405,0.2498879679374162,3.42362073184633e-17,2.054172439107798e-16,6.315302342476711e-16,4.420711639733698e-15,6.417971361630086e-08,4.49257995314106e-07,3.9372359508356785e-08,9.514463177732746e-12,5.2882326698343675e-06,8.419284777217376e-16,8.55615862159944e-08,8.556158705792287e-08
pynucastro,50.0,0.14285714285714285,7.0,174.02054223549092,1.069879967762475,1069879967.762475,2.4714244734755496e-05,5.99273573836111e-10,5.99273573836111,0.9999999999999992,3.324397461215572e-13,3.324397461215572e-13,0.7500996237488701,0.7500996237488701,2.9183880675194e-08,5.8367761350388e-08,6.978808495563573e-12,2.0936425486690718e-11,3.966495283837426e-06,1.1899485851512277e-05,0.06247199215801322,0.24988796863205287,3.369762508072574e-17,2.0218575048435445e-16,6.183188627441498e-16,4.328232039209048e-15,6.424916998425079e-08,4.497441898897555e-07,3.890667286211655e-08,9.303842149239694e-12,5.2879579701874245e-06,8.24315655104448e-16,8.565418239132609e-08,8.565418321564175e-08
pynucastro,50.0,0.14285714285714285,7.0,174.76794949013245,1.0677196373139581,1067719637.3139582,2.4551564525437033e-05,5.989498126816627e-10,5.989498126816628,0.9999999999999993,3.2377057697310987e-13,3.2377057697310987e-13,0.7500996238837397,0.7500996238837397,2.8840376514364843e-08,5.7680753028729686e-08,6.825077918990659e-12,2.0475233756971976e-11,3.966291424610692e-06,1.1898874273832075e-05,0.062471992328611135,0.24988796931444454,3.316921561789477e-17,1.9901529370736861e-16,6.054529829131486e-16,4.23817088039204e-15,6.431799780222089e-08,4.502259846155462e-07,3.844872813699064e-08,9.098895268941635e-12,5.28768619303486e-06,8.071634268770006e-16,8.574594061146968e-08,8.574594141863311e-08
pynucastro,50.0,0.14285714285714285,7.0,175.51856681179908,1.0655597409506365,1065559740.9506365,2.4390084078973606e-05,5.986360113114212e-10,5.986360113114212,0.9999999999999993,3.1536225958929135e-13,3.1536225958929135e-13,0.7500996240170704,0.7500996240170704,2.8502564241611662e-08,5.7005128483223324e-08,6.675472401043778e-12,2.002641720313133e-11,3.9660897323656705e-06,1.189826919709701e-05,0.062471992496210965,0.24988796998484386,3.2650759794472013e-17,1.9590455876683208e-16,5.929222115709288e-16,4.150455480996502e-15,6.438620188679895e-08,4.5070341320759266e-07,3.7998371588255875e-08,8.89944773641409e-12,5.2874173048184495e-06,7.904579506327487e-16,8.583686729768802e-08,8.583686808814597e-08
pynucastro,50.0,0.14285714285714285,7.0,176.2724079875259,1.0634002856266,1063400285.6266,2.4229794126608244e-05,5.983321758829696e-10,5.983321758829696,0.9999999999999992,3.07206055763843e-13,3.07206055763843e-13,0.750099624148882,0.750099624148882,2.817033149911129e-08,5.634066299822258e-08,6.52986606736595e-12,1.958959820209785e-11,3.965890182353897e-06,1.1897670547061692e-05,0.06247199266087423,0.2498879706434969,3.2142043431197006e-17,1.9285226058718204e-16,5.807165079090777e-16,4.065015555363543e-15,6.445378701862214e-08,4.5117650913035497e-07,3.7555453425370546e-08,8.705331741467296e-12,5.287151272544479e-06,7.741858404048678e-16,8.592696882331615e-08,8.592696959750198e-08
pynucastro,50.0,0.14285714285714285,7.0,177.02948686356314,1.0612412783261291,1061241278.3261291,2.4070685472955326e-05,5.98038313006881e-10,5.98038313006881,0.9999999999999993,2.992934851189135e-13,2.992934851189135e-13,0.7500996242791942,0.7500996242791942,2.7843568075710917e-08,5.5687136151421835e-08,6.388136429343072e-12,1.9164409288029214e-11,3.965692750133008e-06,1.1897078250399024e-05,0.06247199282266123,0.2498879712906449,3.164285758332836e-17,1.8985714549997017e-16,5.688260966618219e-16,3.981782676632754e-15,6.452075795382475e-08,4.5164530567677325e-07,3.711982671964021e-08,8.51638398763595e-12,5.286888063627318e-06,7.583340642363786e-16,8.601625152902292e-08,8.601625228735698e-08
pynucastro,50.0,0.14285714285714285,7.0,177.7898173456291,1.0590827260635174,1059082726.0635173,2.39127489954192e-05,5.977544297490841e-10,5.977544297490841,0.9999999999999991,2.9161643541358007e-13,2.9161643541358007e-13,0.7500996244080259,0.7500996244080259,2.7522166647603913e-08,5.504433329520783e-08,6.250165974312467e-12,1.87504979229374e-11,3.9654974116782155e-06,1.1896492235034646e-05,0.06247199298163069,0.24988797192652276,3.115299821439675e-17,1.869179892863805e-16,5.572417018087937e-16,3.900691912661556e-15,6.458711941165362e-08,4.5210983588157535e-07,3.6691348391654296e-08,8.332447812175696e-12,5.286627646038034e-06,7.428902557424495e-16,8.610472170630052e-08,8.610472244919078e-08
pynucastro,50.0,0.14285714285714285,7.0,178.55341339916683,1.0569246358828783,1056924635.8828783,2.3755975643616256e-05,5.974805336332682e-10,5.974805336332682,0.9999999999999992,2.841670489571205e-13,2.841670489571205e-13,0.7500996245353965,0.7500996245353965,2.7206022024482362e-08,5.4412044048964723e-08,6.1158405530284805e-12,1.834752165908544e-11,3.9653041432721655e-06,1.1895912429816497e-05,0.06247199313784013,0.24988797255136053,3.0672265330293663e-17,1.8403359198176197e-16,5.459542436676907e-16,3.821679705673835e-15,6.465287608574585e-08,4.52570132600221e-07,3.626987820628957e-08,8.153371036302765e-12,5.286369988157549e-06,7.278423102875819e-16,8.619238561249932e-08,8.619238634034163e-08
pynucastro,50.0,0.14285714285714285,7.0,179.32028904959998,1.0547670148579642,1054767014.8579642,2.3600356438802347e-05,5.97216632643326e-10,5.97216632643326,0.9999999999999992,2.769377695550881e-13,2.769377695550881e-13,0.7500996246613241,0.7500996246613241,2.6895031489437432e-08,5.3790062978874863e-08,5.985050066364525e-12,1.7955150199093575e-11,3.965112921558142e-06,1.1895338764674428e-05,0.06247199329134574,0.24988797316538297,3.020046482763743e-17,1.8120278896582456e-16,5.349550054702784e-16,3.744685038291949e-15,6.471803263768625e-08,4.5302622846380375e-07,3.58552792258505e-08,7.979006880675114e-12,5.28611505884758e-06,7.13178607057449e-16,8.627924946223904e-08,8.627925017541765e-08
pynucastro,50.0,0.14285714285714285,7.0,180.09045838259027,1.052609870091979,1052609870.091979,2.344588247330441e-05,5.969627352258369e-10,5.969627352258369,0.9999999999999992,2.6992132867173906e-13,2.6992132867173906e-13,0.7500996247858271,0.7500996247858271,2.658909472441568e-08,5.317818944883136e-08,5.857688292188354e-12,1.757306487656506e-11,3.964923723530964e-06,1.1894771170592892e-05,0.06247199344220232,0.24988797376880928,2.973740890343702e-17,1.7842445342062213e-16,5.242356236953703e-16,3.6696493658675925e-15,6.478259369741449e-08,4.534781558819014e-07,3.5447417710690835e-08,7.809213734590089e-12,5.285862827438492e-06,6.988879961712461e-16,8.636531942795144e-08,8.636532012683944e-08
pynucastro,50.0,0.14285714285714285,7.0,180.8639355442964,1.0504532087173903,1050453208.7173903,2.329254490995636e-05,5.9671885029259e-10,5.9671885029259,0.9999999999999991,2.6311068401569667e-13,2.6311068401569667e-13,0.7500996249089236,0.7500996249089236,2.6288113439815267e-08,5.2576226879630533e-08,5.73365210834388e-12,1.7200956325031638e-11,3.964736526483027e-06,1.1894209579449083e-05,0.06247199359046356,0.24988797436185425,2.9282912955170515e-17,1.7569747773102308e-16,5.137879770604207e-16,3.5965158394229446e-15,6.484656386867259e-08,4.539259470807081e-07,3.504616262540745e-08,7.643854120097787e-12,5.285613263657374e-06,6.849596506901391e-16,8.64506016471428e-08,8.645060233210245e-08
pynucastro,50.0,0.14285714285714285,7.0,181.64073474163422,1.0482970378957392,1048297037.8957392,2.3140334981539413e-05,5.964849872231481e-10,5.964849872231481,0.999999999999999,2.5649910142196715e-13,2.5649910142196715e-13,0.7500996250306311,0.7500996250306311,2.599199183349507e-08,5.198398366699014e-08,5.612842426052451e-12,1.6838527278157352e-11,3.964551308076095e-06,1.1893653924228285e-05,0.06247199373618182,0.24988797494472728,2.883679760235438e-17,1.730207856141263e-16,5.03604036150794e-16,3.5252282530555583e-15,6.490994772034687e-08,4.543696340424281e-07,3.465138625077124e-08,7.482795936370777e-12,5.285366337723737e-06,6.71382866149585e-16,8.653510221085126e-08,8.653510288223413e-08
pynucastro,50.0,0.14285714285714285,7.0,182.4208702425375,1.0461413648174538,1046141364.8174537,2.2989243990227002e-05,5.962611558674517e-10,5.962611558674517,0.9999999999999993,2.5008003379819945e-13,2.5008003379819945e-13,0.7500996251509673,0.7500996251509673,2.5700635929769596e-08,5.140127185953919e-08,5.495162818403966e-12,1.6485488455211898e-11,3.964368046242361e-06,1.1893104138727082e-05,0.06247199387940837,0.24988797551763348,2.839888842075219e-17,1.7039333052451316e-16,4.936761050314691e-16,3.455732735220284e-15,6.49727497971561e-08,4.548092485800927e-07,3.4262963302504e-08,7.325910631268471e-12,5.285122020217622e-06,6.581473826654831e-16,8.661882717789586e-08,8.661882783604323e-08
pynucastro,50.0,0.14285714285714285,7.0,183.20435637621947,1.0439861967016595,1043986196.7016594,2.2839263307033843e-05,5.960473665484658e-10,5.960473665484659,0.9999999999999992,2.4384721609479237e-13,2.4384721609479237e-13,0.750099625269949,0.750099625269949,2.541395410425188e-08,5.082790820850376e-08,5.380520582611074e-12,1.614156174783322e-11,3.964186719267034e-06,1.1892560157801102e-05,0.062471994020193225,0.2498879760807729,2.796901075420443e-17,1.6781406452522657e-16,4.839966806694499e-16,3.3879767646861494e-15,6.503497460961456e-08,4.552448222673019e-07,3.3880771630976085e-08,7.1730746174879234e-12,5.284880282189697e-06,6.452431975222853e-16,8.670178256149575e-08,8.670178320673896e-08
pynucastro,50.0,0.14285714285714285,7.0,183.9912075334364,1.0418315407959884,1041831540.7959884,2.2690384371269355e-05,5.958436300648688e-10,5.958436300648688,0.9999999999999991,2.3779458208126947e-13,2.3779458208126947e-13,0.7500996253875932,0.7500996253875932,2.513185659435658e-08,5.026371318871316e-08,5.268825744848544e-12,1.580647723454563e-11,3.964007305714533e-06,1.1892021917143597e-05,0.06247199415858534,0.24988797663434137,2.7546994132428302e-17,1.652819647945698e-16,4.745583901498664e-16,3.3219087310490645e-15,6.509662664209228e-08,4.5567638649464594e-07,3.350469156863049e-08,7.024167945859224e-12,5.2846410950628616e-06,6.326604814722464e-16,8.678397434001569e-08,8.678397497267617e-08
pynucastro,50.0,0.14285714285714285,7.0,184.7814381667524,1.0396774043763872,1039677404.3763872,2.2542598689995178e-05,5.956499576937814e-10,5.956499576937814,0.999999999999999,2.3191628342255015e-13,2.3191628342255015e-13,0.7500996255039164,0.7500996255039164,2.4854255630719563e-08,4.9708511261439126e-08,5.1599913102598e-12,1.54799739307794e-11,3.96382978445091e-06,1.189148935335273e-05,0.062471994294632585,0.24988797717853034,2.7132671450389787e-17,1.6279602870233873e-16,4.653542036704738e-16,3.2574794256933168e-15,6.515771034963494e-08,4.561039724474446e-07,3.313460610518568e-08,6.879074638643263e-12,5.284404430662143e-06,6.203898626903716e-16,8.686540845272658e-08,8.686540907311645e-08
pynucastro,50.0,0.14285714285714285,7.0,185.57506279080434,1.037523794746927,1037523794.7469269,2.239589783748725e-05,5.954663611935435e-10,5.954663611935435,0.9999999999999989,2.2620669311919025e-13,2.2620669311919025e-13,0.7500996256189351,0.7500996256189351,2.4581065475858254e-08,4.916213095171651e-08,5.053933328871744e-12,1.516179998661523e-11,3.963654134651757e-06,1.189096240395527e-05,0.06247199442838167,0.2498879777135267,2.672587963343192e-17,1.6035527780059152e-16,4.563776474230255e-16,3.1946435319611784e-15,6.521823015650069e-08,4.565276110955048e-07,3.2770400939175914e-08,6.737682777406475e-12,5.284170261225232e-06,6.084227105785466e-16,8.694609079785462e-08,8.694609140627733e-08
pynucastro,50.0,0.14285714285714285,7.0,186.37209598256803,1.0353707192396109,1035370719.2396109,2.2250273454701857e-05,5.952928528065286e-10,5.952928528065286,0.9999999999999992,2.2066037850836687e-13,2.2066037850836687e-13,0.7500996257326653,0.7500996257326653,2.4312202218730212e-08,4.8624404437460425e-08,4.950570486452013e-12,1.485171145935604e-11,3.963480335771959e-06,1.1890441007315877e-05,0.06247199455987834,0.24988797823951336,2.632646888420078e-17,1.5795881330520467e-16,4.476225472637105e-16,3.1333578308459737e-15,6.527819045926007e-08,4.569473332148205e-07,3.241196420406568e-08,6.5998839575696455e-12,5.283938559362166e-06,5.967507940381812e-16,8.702602723671422e-08,8.702602783346501e-08
pynucastro,50.0,0.14285714285714285,7.0,187.1725523816272,1.0332181852141795,1033218185.2141795,2.2105717248745815e-05,5.951294452620082e-10,5.951294452620083,0.9999999999999992,2.1527210543932102e-13,2.1527210543932102e-13,0.7500996258451226,0.7500996258451226,2.404758382107449e-08,4.809516764214898e-08,4.849824186744373e-12,1.4549472560233121e-11,3.963308367554714e-06,1.1889925102664142e-05,0.06247199468916726,0.24988797875666904,2.5934306649918704e-17,1.5560583989951222e-16,4.3908332323142243e-16,3.073583262619957e-15,6.533759562523018e-08,4.5736316937661125e-07,3.205918653002999e-08,6.465573398040522e-12,5.283709298067349e-06,5.85366674109077e-16,8.710522359162037e-08,8.710522417698703e-08
pynucastro,50.0,0.14285714285714285,7.0,187.97644669044098,1.0310662000579203,1031066200.0579202,2.1962220992351084e-05,5.949761517790563e-10,5.949761517790563,0.9999999999999991,2.1003681751239948e-13,2.1003681751239948e-13,0.7500996259563226,0.7500996259563226,2.378713001008885e-08,4.75742600201777e-08,4.751618332270557e-12,1.425485499681167e-11,3.963138210016331e-06,1.1889414630048995e-05,0.06247199481629212,0.24988797926516848,2.554921814613959e-17,1.5329530887683755e-16,4.3075296144722435e-16,3.0152707301305703e-15,6.53964499937947e-08,4.5777514995656293e-07,3.171196090087631e-08,6.3346496489884095e-12,5.283482450699289e-06,5.742610001945349e-16,8.718368564764844e-08,8.718368622190943e-08
pynucastro,50.0,0.14285714285714285,7.0,188.7837936746153,1.028914771185469,1028914771.1854689,2.181977652335306e-05,5.948329860695026e-10,5.948329860695027,0.9999999999999991,2.0494963471687734e-13,2.0494963471687734e-13,0.7500996260662809,0.7500996260662809,2.3530762293906828e-08,4.7061524587813656e-08,4.6558793225880255e-12,1.3967637967764077e-11,3.96296984345198e-06,1.188890953035594e-05,0.062471994941295635,0.24988797976518254,2.5171060204457744e-17,1.5102636122674648e-16,4.2262500652664833e-16,2.9583750456865384e-15,6.545475787479867e-08,4.5818330512359065e-07,3.1370182674677916e-08,6.207014589521498e-12,5.283257990988255e-06,5.634251662582538e-16,8.726141915049416e-08,8.726141971391932e-08
pynucastro,50.0,0.14285714285714285,7.0,189.59460816317272,1.026763906038619,1026763906.0386189,2.1678375744173387e-05,5.946999623409276e-10,5.946999623409276,0.9999999999999991,2.0000585493029412e-13,2.0000585493029412e-13,0.7500996261750122,0.7500996261750122,2.3278403954501835e-08,4.655680790900367e-08,4.562536002102343e-12,1.3687608006307028e-11,3.962803248442931e-06,1.1888409745328792e-05,0.06247199506421954,0.24988798025687817,2.4799695241056754e-17,1.4879817144634053e-16,4.1469427211816007e-16,2.9028599048271204e-15,6.551252354540122e-08,4.5858766481780854e-07,3.103374957431394e-08,6.08257335811259e-12,5.2830358930459386e-06,5.528522580831204e-16,8.733842980227793e-08,8.733843035513019e-08
pynucastro,50.0,0.14285714285714285,7.0,190.4089050488263,1.024613612086121,1024613612.0861208,2.1538010621306412e-05,5.945770952997096e-10,5.945770952997096,0.9999999999999991,1.9520093639732614e-13,1.9520093639732614e-13,0.7500996262825317,0.7500996262825317,2.3029979890898648e-08,4.6059959781797296e-08,4.471519456439901e-12,1.3414558369319703e-11,3.962638405820504e-06,1.1887915217461512e-05,0.062471995185104656,0.24988798074041862,2.443498264412896e-17,1.4660989586477378e-16,4.069552263096383e-16,2.848686584167468e-15,6.55697512574797e-08,4.5898825880235793e-07,3.07025614784458e-08,5.9612340811321285e-12,5.28281613131739e-06,5.425349007657751e-16,8.741472327141552e-08,8.741472381395041e-08
pynucastro,50.0,0.14285714285714285,7.0,191.22669928825155,1.0224638968234914,1022463896.8234913,2.1398673184810085e-05,5.944644001541118e-10,5.944644001541118,0.999999999999999,1.9053051600425165e-13,1.9053051600425165e-13,0.7500996263888536,0.7500996263888536,2.2785416976593488e-08,4.5570833953186975e-08,4.3827633287120846e-12,1.3148289986136254e-11,3.962475296766922e-06,1.1887425890300767e-05,0.062471995303990724,0.2498879812159629,2.407678741411921e-17,1.4446072448471527e-16,3.9940259077913496e-16,2.7958181354539446e-15,6.562644521326226e-08,4.593851164928358e-07,3.0376520898013975e-08,5.842908294477737e-12,5.282598680715466e-06,5.324660574781884e-16,8.74903051601326e-08,8.749030569259866e-08
pynucastro,50.0,0.14285714285714285,7.0,192.04800590236275,1.020314767772811,1020314767.772811,2.126035552780038e-05,5.943618926174228e-10,5.943618926174229,0.999999999999999,1.8599034284973012e-13,1.8599034284973012e-13,0.7500996264939929,0.7500996264939929,2.25446430622299e-08,4.50892861244598e-08,4.296202786289072e-12,1.2888608358867216e-11,3.962313902555762e-06,1.1886941707667286e-05,0.06247199542091692,0.2498879816836677,2.3724976551204872e-17,1.4234985930722922e-16,3.920311407391302e-16,2.7442179851739113e-15,6.568260962458304e-08,4.597782673720813e-07,3.005553164664913e-08,5.727509566122251e-12,5.2823835162748134e-06,5.226387627620953e-16,8.756518108346113e-08,8.756518160609989e-08
pynucastro,50.0,0.14285714285714285,7.0,192.87283997658727,1.0181662324825314,1018166232.4825313,2.1123049805950147e-05,5.942695889111418e-10,5.942695889111418,0.9999999999999991,1.8157631603698137e-13,1.8157631603698137e-13,0.7500996265979631,0.7500996265979631,2.2307587537628472e-08,4.4615175075256944e-08,4.2117750544230725e-12,1.2635325163269217e-11,3.962154204705786e-06,1.1886462614117359e-05,0.0624719955359216,0.2498879821436864,2.3379420076096293e-17,1.4027652045657777e-16,3.8483580911970373e-16,2.693850663837926e-15,6.573824867654134e-08,4.601677407357894e-07,2.97394995899456e-08,5.614954207516879e-12,5.282170613356956e-06,5.130462614214408e-16,8.763935662079138e-08,8.763935713383764e-08
pynucastro,50.0,0.14285714285714285,7.0,193.7012166611441,1.0160182985272719,1016018298.5272719,2.0986748236991448e-05,5.941875057682143e-10,5.941875057682142,0.9999999999999992,1.7728448825325775e-13,1.7728448825325775e-13,0.7500996267007787,0.7500996267007787,2.207418143973752e-08,4.414836287947504e-08,4.129419489523935e-12,1.2388258468571804e-11,3.961996185015195e-06,1.1885988555045586e-05,0.06247199564904216,0.24988798259616865,2.3039991232942432e-17,1.3823994739765458e-16,3.778117098141692e-16,2.6446819686991844e-15,6.579336651865277e-08,4.605535656305694e-07,2.9428332789376398e-08,5.5051613712790136e-12,5.281959947695949e-06,5.036820395124414e-16,8.771283730407497e-08,8.771283780775701e-08
pynucastro,50.0,0.14285714285714285,7.0,194.53315117132132,1.0138709735076237,1013870973.5076237,2.0851443100222093e-05,5.94115660436314e-10,5.94115660436314,0.9999999999999992,1.731110772815471e-13,1.731110772815471e-13,0.7500996268024532,0.7500996268024532,2.184435775630261e-08,4.368871551260522e-08,4.049077808042784e-12,1.2147233424128352e-11,3.961839825656191e-06,1.1885519476968574e-05,0.06247199576031495,0.2498879830412598,2.270656689981568e-17,1.3623940139889407e-16,3.7095415121212495e-16,2.5966790584848747e-15,6.584796724054626e-08,4.6093577068382384e-07,2.9121941907132233e-08,5.398053356329894e-12,5.281751495524453e-06,4.945398423852565e-16,8.778562858542526e-08,8.77856290799651e-08
pynucastro,50.0,0.14285714285714285,7.0,195.3686587877555,1.0117242650499503,1011724265.0499502,2.0717126736016035e-05,5.940540706811801e-10,5.940540706811801,0.9999999999999993,1.6905230134571526e-13,1.6905230134571526e-13,0.7500996269030005,0.7500996269030005,2.1618048787865142e-08,4.3236097575730285e-08,3.970691588221244e-12,1.1912074764663732e-11,3.961685108442811e-06,1.1885055325328434e-05,0.06247199586977669,0.24988798347910676,2.2379022994441267e-17,1.3427413796664762e-16,3.64258428833382e-16,2.549809001833674e-15,6.59020550470316e-08,4.613143853292212e-07,2.8820236689253402e-08,5.293552277335976e-12,5.281545232597641e-06,4.856133982326141e-16,8.785773607050968e-08,8.785773655612308e-08
pynucastro,50.0,0.14285714285714285,7.0,196.2077548567124,1.0095781808061857,1009578180.8061857,2.0583791545337413e-05,5.940027547899982e-10,5.940027547899982,0.9999999999999993,1.651046297336017e-13,1.651046297336017e-13,0.7500996270024339,0.7500996270024339,2.1395190106177193e-08,4.2790380212354386e-08,3.894205946985121e-12,1.1682617840955363e-11,3.961532015942596e-06,1.1884596047827787e-05,0.06247199597746226,0.24988798390984904,2.2057242362577443e-17,1.3234345417546465e-16,3.5772009801609667e-16,2.5040406861126767e-15,6.595563399032636e-08,4.6168943793228456e-07,2.8523131242815254e-08,5.1915849665826925e-12,5.281341135675224e-06,4.768967816256972e-16,8.79291651615664e-08,8.792916563846318e-08
pynucastro,50.0,0.14285714285714285,7.0,197.05045479036957,1.0074327284536337,1007432728.4536338,2.045142998925853e-05,5.939617315748383e-10,5.939617315748383,0.9999999999999992,1.6126473642561037e-13,1.6126473642561037e-13,0.7500996271007664,0.7500996271007664,2.1175719832569e-08,4.2351439665138e-08,3.819568977898213e-12,1.145870693369464e-11,3.9613805312476145e-06,1.1884141593742844e-05,0.062471996083405174,0.2498879843336207,2.1741112068066635e-17,1.304466724083998e-16,3.51334974183143e-16,2.459344819282001e-15,6.600870802949707e-08,4.6206095620647944e-07,2.823054307387932e-08,5.092082224679073e-12,5.281139182216195e-06,4.6838441386926e-16,8.799992113664874e-08,8.799992160503316e-08
pynucastro,50.0,0.14285714285714285,7.0,197.8967740670988,1.0052879156947658,1005287915.6947658,2.0320034588481583e-05,5.939310203761412e-10,5.939310203761412,0.9999999999999991,1.5752932311285645e-13,1.5752932311285645e-13,0.7500996271980107,0.7500996271980107,2.0959576312768032e-08,4.1919152625536063e-08,3.746729270535507e-12,1.1240187811606522e-11,3.961230637388408e-06,1.1883691912165225e-05,0.0624719961876388,0.2498879847505552,2.143051860221869e-17,1.2858311161331215e-16,3.450989193429346e-16,2.415692435400542e-15,6.606128116059465e-08,4.624289681241626e-07,2.7942389987663784e-08,4.9949755134946205e-12,5.280939349597524e-06,4.600707783738648e-16,8.807000932311602e-08,8.807000978318679e-08
pynucastro,50.0,0.14285714285714285,7.0,198.74672823175013,1.0031437502570206,1003143750.2570206,2.0189597922864306e-05,5.939106410662581e-10,5.939106410662581,0.9999999999999991,1.5389516441422528e-13,1.5389516441422528e-13,0.75009962729418,0.75009962729418,2.0746699025299005e-08,4.149339805059801e-08,3.6756368350701594e-12,1.1026910505210478e-11,3.961082317567477e-06,1.188324695270243e-05,0.062471996290195904,0.24988798516078362,2.1125348975615378e-17,1.2675209385369227e-16,3.3900793864687043e-16,2.373055570528093e-15,6.61133573637187e-08,4.627935015460309e-07,2.7658591299582664e-08,4.900198188778221e-12,5.280741615425424e-06,4.519505493820431e-16,8.813943502706186e-08,8.813943547901241e-08
pynucastro,50.0,0.14285714285714285,7.0,199.60033289593775,1.0010002398926006,1001000239.8926005,2.0060112630949127e-05,5.939006140530437e-10,5.939006140530437,0.9999999999999992,1.5035915158513661e-13,1.5035915158513661e-13,0.7500996273892866,0.7500996273892866,2.0537028736332355e-08,4.107405747266471e-08,3.6062432623148255e-12,1.0818729786944477e-11,3.960935555202202e-06,1.1882806665606605e-05,0.06247199639110849,0.24988798556443395,2.0825494957760608e-17,1.2495296974656364e-16,3.330581317154046e-16,2.331406922007832e-15,6.616494059322247e-08,4.6315458415255727e-07,2.7379068041683016e-08,4.807685713518236e-12,5.280545957592585e-06,4.4401852707834254e-16,8.82082035202561e-08,8.820820396427463e-08
pynucastro,50.0,0.14285714285714285,7.0,200.0,1.0,1000000000.0,2e-05,5.93899483439953e-10,5.938994834399531,0.9999999999999993,1.4874148511105224e-13,1.4874148511105224e-13,0.7500996274333165,0.7500996274333165,2.044024808601729e-08,4.088049617203458e-08,3.574422530748154e-12,1.0723267592244462e-11,3.960867583510729e-06,1.1882602750532187e-05,0.062471996437654616,0.24988798575061846,2.0687330548484427e-17,1.2412398329090658e-16,3.303283464665648e-16,2.3122984252659534e-15,6.61888490230139e-08,4.6332194316109736e-07,2.7250044312059627e-08,4.7652637063413535e-12,5.280455340397897e-06,4.403792968100505e-16,8.824007718747742e-08,8.824007762785672e-08
pynucastro,50.0,0.14285714285714285,7.0,200.45760373832718,0.9988578253684497,998857825.3684497,1.9931556200661723e-05,5.938997347648402e-10,5.938997347648402,0.9999999999999991,1.4691828083526637e-13,1.4691828083526637e-13,0.7500996274833428,0.7500996274833428,2.033050718830661e-08,4.066101437661322e-08,3.5385013551901826e-12,1.0615504065570548e-11,3.960790333797217e-06,1.1882371001391652e-05,0.062471996490408035,0.24988798596163214,2.0530865368543078e-17,1.2318519221125848e-16,3.272455787963349e-16,2.2907190515743444e-15,6.621603481955273e-08,4.635122437368691e-07,2.7103742547529905e-08,4.7173751666324625e-12,5.280352354108019e-06,4.3626948582053774e-16,8.827632009592374e-08,8.827632053219322e-08
pynucastro,50.0,0.14285714285714285,7.0,201.3185565049228,0.9967187882032609,996718788.2032609,1.9803842057872598e-05,5.939015674248809e-10,5.939015674248809,0.9999999999999991,1.435697503419227e-13,1.435697503419227e-13,0.7500996275763612,0.7500996275763612,2.0127077629529137e-08,4.0254155259058275e-08,3.4723655572174335e-12,1.04170966716523e-11,3.960646636915697e-06,1.188193991074709e-05,0.06247199658812511,0.24988798635250045,2.0241429632445418e-17,1.214485777946725e-16,3.2156609487139884e-16,2.250962664099792e-15,6.626664408109264e-08,4.638665085676485e-07,2.6832539158246912e-08,4.629205814215582e-12,5.280160783058778e-06,4.2869784632530426e-16,8.834379013785953e-08,8.834379056655737e-08
pynucastro,50.0,0.14285714285714285,7.0,202.18320700935647,0.9945834509581992,994583450.9581993,1.9676953263769712e-05,5.93905189325534e-10,5.93905189325534,0.9999999999999993,1.403108876259302e-13,1.403108876259302e-13,0.750099627668354,0.750099627668354,1.992668459007182e-08,3.985336918014364e-08,3.407791728688549e-12,1.0223375186065648e-11,3.960504448172498e-06,1.1881513344517494e-05,0.062471996684289564,0.24988798673715826,1.9957156387215565e-17,1.197429383232934e-16,3.1601561942033165e-16,2.2121093359423217e-15,6.6316772471096e-08,4.64217407297672e-07,2.656538392375009e-08,4.54311881113912e-12,5.2799712226008185e-06,4.2129819528460493e-16,8.841061910300938e-08,8.841061952430758e-08
pynucastro,50.0,0.14285714285714285,7.0,203.0515711331794,0.9924518038924566,992451803.8924565,1.95508846340009e-05,5.93910616429996e-10,5.939106164299959,0.9999999999999993,1.3713915053025256e-13,1.3713915053025256e-13,0.7500996277593333,0.7500996277593333,1.972927402617856e-08,3.945854805235712e-08,3.3447373105411105e-12,1.0034211931623331e-11,3.960363751307806e-06,1.188109125392342e-05,0.0624719967789304,0.2498879871157216,1.9677905867106867e-17,1.180674352026412e-16,3.1059065823487424e-16,2.17413460764412e-15,6.636642411157441e-08,4.6456496878102086e-07,2.6302204795265713e-08,4.4590574195222205e-12,5.279783651057183e-06,4.1406587437279217e-16,8.84768124866579e-08,8.847681290072377e-08
pynucastro,50.0,0.14285714285714285,7.0,203.92366482615233,0.9903238373122707,990323837.3122706,1.9425631014576557e-05,5.939178647184093e-10,5.939178647184093,0.9999999999999993,1.3405194744150627e-13,1.3405194744150627e-13,0.7500996278493111,0.7500996278493111,1.9534792804719617e-08,3.9069585609439235e-08,3.2831608499745388e-12,9.849482549923615e-12,3.960224530267276e-06,1.1880673590801827e-05,0.062471996872076156,0.24988798748830462,1.9403553937258982e-17,1.164213236235539e-16,3.052884763451793e-16,2.137019334416255e-15,6.641560307721787e-08,4.649092215405251e-07,2.604293093802734e-08,4.376966376303948e-12,5.279598047024832e-06,4.069972374476491e-16,8.854237572100253e-08,8.854237612799977e-08
pynucastro,50.0,0.14285714285714285,7.0,204.7995041065399,0.9881995415707299,988199541.5707299,1.9301187281715662e-05,5.93926950188351e-10,5.93926950188351,0.9999999999999996,1.3104678608109325e-13,1.3104678608109325e-13,0.750099627938299,0.750099627938299,1.9343189112780677e-08,3.8686378225561355e-08,3.223022375195799e-12,9.669067125587396e-12,3.960086769275395e-06,1.1880260307826185e-05,0.06247199696375463,0.2498879878550185,1.9134021391376643e-17,1.1480412834825987e-16,3.0010564127385393e-16,2.1007394889169776e-15,6.64643133891282e-08,4.6525019372389736e-07,2.5787493277322077e-08,4.296792392837869e-12,5.279414389472462e-06,4.000877084804257e-16,8.860731416679939e-08,8.86073145668871e-08
pynucastro,50.0,0.14285714285714285,7.0,205.67910506140348,0.986078907067587,986078907.067587,1.9177548341692954e-05,5.939378888553239e-10,5.9393788885532395,0.9999999999999997,1.2812124005755798e-13,1.2812124005755798e-13,0.7500996280263085,0.7500996280263085,1.915441211306621e-08,3.830882422613242e-08,3.1642830613725828e-12,9.492849184117749e-12,3.959950452721313e-06,1.187985135816394e-05,0.06247199705399306,0.24988798821597225,1.886921068907882e-17,1.1321526413447292e-16,2.950390773421561e-16,2.065273541395093e-15,6.651255904667854e-08,4.6558791332674976e-07,2.5535824039089377e-08,4.218483709555447e-12,5.279232657588286e-06,3.933331871107235e-16,8.86716331558369e-08,8.867163354917009e-08
pynucastro,50.0,0.14285714285714285,7.0,206.5624838468981,0.9839619242490677,983961924.2490677,1.9054709130686156e-05,5.939506967532525e-10,5.939506967532525,0.9999999999999997,1.252729393228382e-13,1.252729393228382e-13,0.7500996281133512,0.7500996281133512,1.8968411735293678e-08,3.7936823470587356e-08,3.1069050387178717e-12,9.320715116153615e-12,3.959815565101625e-06,1.1879446695304873e-05,0.062471997142818314,0.24988798857127326,1.860902757599215e-17,1.116541654559529e-16,2.900857449010603e-16,2.030600214307422e-15,6.656034404102649e-08,4.6592240828718544e-07,2.5287856471816928e-08,4.141989840112775e-12,5.279052830703761e-06,3.8672962101138924e-16,8.873533800895077e-08,8.873533839568039e-08
pynucastro,50.0,0.14285714285714285,7.0,207.44965668856767,0.9818485836076836,981848583.6076835,1.8932664614624045e-05,5.939653899349841e-10,5.939653899349842,0.9999999999999996,1.2249958643017435e-13,1.2249958643017435e-13,0.7500996281994383,0.7500996281994383,1.8785138935504758e-08,3.7570277871009516e-08,3.050851592098033e-12,9.152554776294099e-12,3.9596820911056546e-06,1.1879046273316965e-05,0.062471997230256655,0.24988798892102662,1.8353379462927408e-17,1.1012027677756444e-16,2.8524268772888847e-16,1.996698814102219e-15,6.660767233228071e-08,4.66253706325965e-07,2.504352519224302e-08,4.067261837499359e-12,5.278874888407283e-06,3.8027306907696194e-16,8.879843400558373e-08,8.87984343858568e-08
pynucastro,50.0,0.14285714285714285,7.0,208.34063988164465,0.9797388756820427,979738875.6820426,1.8811409789034828e-05,5.939819844727946e-10,5.939819844727946,0.9999999999999996,1.1979896059236158e-13,1.1979896059236158e-13,0.750099628284581,0.750099628284581,1.8604545761992928e-08,3.7209091523985856e-08,2.9960871950804087e-12,8.988261585241226e-12,3.959550015641148e-06,1.1878650046923444e-05,0.06247199731633377,0.2498879892653351,1.8102176094825967e-17,1.086130565689558e-16,2.8050704435176547e-16,1.9635493104623583e-15,6.665454784211401e-08,4.6658183489479806e-07,2.4802766273248347e-08,3.994252339428864e-12,5.27869881057844e-06,3.7395971651560884e-16,8.886092637393747e-08,8.886092674789718e-08
pynucastro,50.0,0.14285714285714285,7.0,209.2354497913476,0.9776327910566652,977632791.0566652,1.869093967889531e-05,5.940004964588974e-10,5.940004964588973,0.9999999999999996,1.1716891073590605e-13,1.1716891073590605e-13,0.7500996283687904,0.7500996283687904,1.8426585224976044e-08,3.685317044995209e-08,2.9425773786503386e-12,8.827732135951015e-12,3.9594193237987195e-06,1.1878257971396158e-05,0.062471997401074814,0.24988798960429925,1.7855329140480643e-17,1.0713197484288386e-16,2.758760381365051e-16,1.931132266955536e-15,6.670097446235064e-08,4.669068212364545e-07,2.456551707010914e-08,3.922915393318399e-12,5.278524577340612e-06,3.6778586164139414e-16,8.892282030242089e-08,8.892282067020675e-08
pynucastro,50.0,0.14285714285714285,7.0,210.13410285318352,0.9755303203617942,975530320.3617942,1.8571249338480302e-05,5.940209420059602e-10,5.940209420059602,0.9999999999999994,1.14607307872997e-13,1.14607307872997e-13,0.7500996284520773,0.7500996284520773,1.8251210325472926e-08,3.650242065094585e-08,2.890287953326357e-12,8.67086385997907e-12,3.959290000535935e-06,1.1877870001607806e-05,0.062471997484504896,0.24988798993801958,1.7612750619957255e-17,1.0567650371974352e-16,2.7134690779496365e-16,1.8994283545647457e-15,6.674695613939159e-08,4.6722869297574114e-07,2.433171492583797e-08,3.853205419246535e-12,5.278352168639806e-06,3.6174782322572443e-16,8.898412105220226e-08,8.898412141395008e-08
pynucastro,50.0,0.14285714285714285,7.0,211.03661557324804,0.9734314542732129,973431454.2732129,1.8452333851212848e-05,5.940433372476219e-10,5.940433372476219,0.9999999999999994,1.1211218042436708e-13,1.1211218042436708e-13,0.7500996285344523,0.7500996285344523,1.8078376712102087e-08,3.615675342420417e-08,2.8391871228685895e-12,8.517561368605768e-12,3.959162031542823e-06,1.1877486094628469e-05,0.06247199756664774,0.24988799026659095,1.737435800844651e-17,1.0424614805067907e-16,2.6691707471044036e-16,1.8684195229730824e-15,6.679249664294783e-08,4.6754747650063483e-07,2.4101300713111524e-08,3.785080027856839e-12,5.2781815653985185e-06,3.5584216356958345e-16,8.904483364889445e-08,8.904483400473662e-08
pynucastro,50.0,0.14285714285714285,7.0,211.94300452853028,0.9713361835120565,971336183.5120565,1.8334188329514697e-05,5.940676983390187e-10,5.940676983390187,0.9999999999999997,1.096815678516193e-13,1.096815678516193e-13,0.7500996286159263,0.7500996286159263,1.7908040059256423e-08,3.5816080118512847e-08,2.789243317658101e-12,8.367729952974303e-12,3.959035402408948e-06,1.1877106207226846e-05,0.06247199764752703,0.24988799059010813,1.7140067605015925e-17,1.0284040563009555e-16,2.625839978770185e-16,1.8380879851391296e-15,6.683759978561326e-08,4.678631984992928e-07,2.3874215338967834e-08,3.71849713191403e-12,5.278012748405311e-06,3.500654951150089e-16,8.910496317527993e-08,8.910496352534543e-08
pynucastro,50.0,0.14285714285714285,7.0,212.85328636721565,0.9692444988446324,969244498.8446324,1.821680791465772e-05,5.940940414573121e-10,5.940940414573121,0.9999999999999998,1.0731363504358748e-13,1.0731363504358748e-13,0.750099628696509,0.750099628696509,1.7740158110953186e-08,3.548031622190637e-08,2.7404269039537724e-12,8.221280711861317e-12,3.958910099264512e-06,1.1876730297793536e-05,0.06247199772716533,0.24988799090866132,1.6909800111183288e-17,1.0145880066709973e-16,2.5834528441369423e-16,1.8084169908958597e-15,6.688226925506252e-08,4.681758847854376e-07,2.3650402469577638e-08,3.6534172250104545e-12,5.277845699169504e-06,3.4441462777769345e-16,8.916451454760437e-08,8.9164514892019e-08
pynucastro,50.0,0.14285714285714285,7.0,213.76747780899302,0.9671563910822322,967156391.0822321,1.8100187776615335e-05,5.941223828022224e-10,5.941223828022223,0.9999999999999998,1.0500652873393357e-13,1.0500652873393357e-13,0.750099628776211,0.750099628776211,1.7574688117775226e-08,3.514937623555045e-08,2.692707995645506e-12,8.078123986936518e-12,3.958786107988589e-06,1.1876358323965768e-05,0.06247199780558545,0.2498879912223418,1.668347594127579e-17,1.0010085564765474e-16,2.541985213409694e-16,1.779389649386786e-15,6.692650881960732e-08,4.6848556173725126e-07,2.342980511328657e-08,3.5898004642912097e-12,5.277680398865623e-06,3.388863446788993e-16,8.922349278961523e-08,8.922349312850157e-08
pynucastro,50.0,0.14285714285714285,7.0,214.6855956453614,0.9650718510809521,965071851.080952,1.798432311391495e-05,5.941527385965666e-10,5.941527385965665,0.9999999999999998,1.0275848549495647e-13,1.0275848549495647e-13,0.750099628855042,0.750099628855042,1.7411588732432624e-08,3.482317746486525e-08,2.646058055214873e-12,7.93817416564462e-12,3.958663414799053e-06,1.187599024439716e-05,0.06247199788280943,0.24988799153123772,1.646101813858658e-17,9.876610883151949e-17,2.5014139415056217e-16,1.7509897590539352e-15,6.697032217445455e-08,4.6879225522118183e-07,2.321236814769501e-08,3.5276088047848217e-12,5.277516829119871e-06,3.3347756021740735e-16,8.928190282759982e-08,8.928190316107738e-08
pynucastro,50.0,0.14285714285714285,7.0,215.60765673993768,0.9629908697415098,962990869.7415098,1.7869209153490674e-05,5.941851250868022e-10,5.941851250868021,0.9999999999999997,1.0056777649049761e-13,1.0056777649049761e-13,0.7500996289330124,0.7500996289330124,1.7250819025801486e-08,3.450163805160297e-08,2.600449046969339e-12,7.801347140908017e-12,3.95854200595037e-06,1.187562601785111e-05,0.062471997958859084,0.24988799183543633,1.6242350983981227e-17,9.745410590388736e-17,2.4617161889384654e-16,1.7232013322569258e-15,6.701371301993187e-08,4.690959911395231e-07,2.2998037007884014e-08,3.4668048705321674e-12,5.2773549716072285e-06,3.28185229532797e-16,8.933974959467222e-08,8.933974992285745e-08
pynucastro,50.0,0.14285714285714285,7.0,216.533678028767,0.9609134380090643,960913438.0090643,1.7754841150536725e-05,5.942195585435746e-10,5.942195585435746,0.9999999999999996,9.843273790848526e-14,9.843273790848526e-14,0.7500996290101319,0.7500996290101319,1.7092338978645572e-08,3.4184677957291144e-08,2.5558538242636175e-12,7.667561472790852e-12,3.958421867897795e-06,1.1875265603693384e-05,0.06247199803375577,0.24988799213502308,1.60274004091618e-17,9.61644024549708e-17,2.4228698239101383e-16,1.6960088767370969e-15,6.705668501716304e-08,4.693967951201413e-07,2.278675834195713e-08,3.4073524708130398e-12,5.277194808270364e-06,3.2300640211054036e-16,8.939703797168159e-08,8.9397038294688e-08
pynucastro,50.0,0.14285714285714285,7.0,217.46367652063415,0.9588395468730322,958839546.8730322,1.7641214388361104e-05,5.942560552622693e-10,5.942560552622693,0.9999999999999997,9.635176143343521e-14,9.635176143343521e-14,0.7500996290864104,0.7500996290864104,1.6936109414046647e-08,3.3872218828093294e-08,2.5122461066255286e-12,7.536738319876586e-12,3.958302987260155e-06,1.1874908961780466e-05,0.06247199810752029,0.24988799243008117,1.5816094268582653e-17,9.489656561149591e-17,2.3848533778287956e-16,1.669397364480157e-15,6.709924180005613e-08,4.696946926003929e-07,2.257847992095945e-08,3.3492165696513385e-12,5.277036321270017e-06,3.179382158518657e-16,8.945377280319438e-08,8.945377312113259e-08
pynucastro,50.0,0.14285714285714285,7.0,218.3976692973756,0.9567691873669102,956769187.3669102,1.7528324178240156e-05,5.9429463156357e-10,5.9429463156357,0.9999999999999998,9.432329093643394e-14,9.432329093643394e-14,0.7500996291618571,0.7500996291618571,1.6782091913911152e-08,3.3564183827822304e-08,2.4696003375165025e-12,7.408801012549507e-12,3.958185350822827e-06,1.1874556052468483e-05,0.062471998180173134,0.24988799272069254,1.5608361663628617e-17,9.36501699817717e-17,2.3476461404836203e-16,1.6433522983385342e-15,6.714138697041852e-08,4.6998970879292966e-07,2.2373150527567982e-08,3.2923630961876e-12,5.27687949298896e-06,3.1297790976204355e-16,8.950995889098179e-08,8.950995920395969e-08
pynucastro,50.0,0.14285714285714285,7.0,219.33567351419273,0.9547023505680966,954702350.5680966,1.7416165859273538e-05,5.943353037940202e-10,5.943353037940202,0.9999999999999998,9.234582763627878e-14,9.234582763627878e-14,0.7500996292364818,0.7500996292364818,1.6630248939869582e-08,3.3260497879739163e-08,2.427891832262719e-12,7.283675496788158e-12,3.9580689455541e-06,1.18742068366623e-05,0.06247199825173422,0.24988799300693687,1.5404133609798096e-17,9.242480165878858e-17,2.3112279762161167e-16,1.6178595833512818e-15,6.718312409673828e-08,4.7028186867716795e-07,2.2170720117269396e-08,3.2367591418943158e-12,5.276724306053818e-06,3.081227994431474e-16,8.956560099239517e-08,8.956560130051796e-08
pynucastro,50.0,0.14285714285714285,7.0,220.2777063999675,0.952639027597711,952639027.597711,1.7304734798239618e-05,5.943780883265913e-10,5.943780883265913,0.9999999999999993,9.041791328265924e-14,9.041791328265924e-14,0.7500996293102936,0.7500996293102936,1.648054360754631e-08,3.296108721509262e-08,2.3870965301576474e-12,7.161289590472942e-12,3.957953758557877e-06,1.1873861275673632e-05,0.06247199832222315,0.2498879932888926,1.5203342268374847e-17,9.122005361024908e-17,2.27557928981363e-16,1.5929055028695412e-15,6.722445672318423e-08,4.705711970622896e-07,2.197113951742643e-08,3.1823726300898857e-12,5.276570743272013e-06,3.0337027254712743e-16,8.962070383236451e-08,8.962070413573478e-08
pynucastro,50.0,0.14285714285714285,7.0,221.22378525757927,0.9505792096204159,950579209.6204158,1.7194026389451495e-05,5.944230015612536e-10,5.944230015612536,0.9999999999999997,8.853814065715661e-14,8.853814065715661e-14,0.750099629383302,0.750099629383302,1.633293982521429e-08,3.266587965042858e-08,2.3471911352357353e-12,7.041573405707206e-12,3.957839777106028e-06,1.1873519331318085e-05,0.06247199839165911,0.24988799356663643,1.500592152275856e-17,9.003552913655136e-17,2.2406810840336496e-16,1.5684767588235548e-15,6.72653883627673e-08,4.708577185393711e-07,2.177436061212628e-08,3.1291725036119398e-12,5.276418787674893e-06,2.9871779644469847e-16,8.967527209428149e-08,8.967527239299929e-08
pynucastro,50.0,0.14285714285714285,7.0,222.1739274642221,0.9485228878442402,948522887.8442402,1.708403605461358e-05,5.944700599255533e-10,5.944700599255533,0.9999999999999998,8.670514586474452e-14,8.670514586474452e-14,0.7500996294555157,0.7500996294555157,1.6187402217090134e-08,3.237480443418027e-08,2.308153025976969e-12,6.924459077930908e-12,3.957726988623369e-06,1.1873180965870107e-05,0.06247199846006087,0.2498879938402435,1.481180669579292e-17,8.887084017475751e-17,2.2065148905847937e-16,1.5445604234093556e-15,6.730592249997136e-08,4.7114145749979953e-07,2.158033623992094e-08,3.0771286044394095e-12,5.276268422497708e-06,2.941629090240272e-16,8.972931042350677e-08,8.972931071766968e-08
pynucastro,50.0,0.14285714285714285,7.0,223.1281504717234,0.9464700535204043,946470053.5204042,1.697475924267879e-05,5.945192798751954e-10,5.945192798751954,0.9999999999999997,8.491759929216532e-14,8.491759929216532e-14,0.7500996295269436,0.7500996295269436,1.6043895949065455e-08,3.208779189813091e-08,2.269960101913314e-12,6.809880305739941e-12,3.957615380637503e-06,1.1872846141912508e-05,0.062471998527446886,0.24988799410978754,1.4620934193926404e-17,8.772560516355843e-17,2.1730626445237385e-16,1.521143851166617e-15,6.734606260319654e-08,4.7142243822237577e-07,2.138901996149987e-08,3.026211469194942e-12,5.2761196311127426e-06,2.897032019458799e-16,8.978282344395887e-08,8.978282373366207e-08
pynucastro,50.0,0.14285714285714285,7.0,224.08647180686597,0.9444206979431402,944420697.9431401,1.686619142970601e-05,5.945706778946295e-10,5.9457067789462945,0.9999999999999998,8.317422594904872e-14,8.317422594904872e-14,0.7500996295975951,0.7500996295975951,1.5902387102952874e-08,3.180477420590575e-08,2.2325911018458133e-12,6.69777330553744e-12,3.957504940889587e-06,1.1872514822668763e-05,0.06247199859383515,0.2498879943753406,1.4433242252240976e-17,8.659945351344585e-17,2.1403069496297037e-16,1.4982148647407926e-15,6.738581209682599e-08,4.717006846777819e-07,2.120036655861836e-08,2.976392753378012e-12,5.275972397176978e-06,2.853363560221875e-16,8.983581572087479e-08,8.983581600621115e-08
pynucastro,50.0,0.14285714285714285,7.0,225.04890907170812,0.9423748124495206,942374812.4495206,1.6758328118718503e-05,5.946242704976416e-10,5.946242704976417,0.9999999999999996,8.147377608816243e-14,8.147377608816243e-14,0.7500996296674783,0.7500996296674783,1.5762842162338956e-08,3.152568432467791e-08,2.1960251487727725e-12,6.588075446318317e-12,3.95739565718802e-06,1.1872186971564061e-05,0.0624719986592434,0.2498879946369736,1.4248669890876217e-17,8.54920193452573e-17,2.108230733532234e-16,1.4757615134725638e-15,6.742517439723955e-08,4.7197622078067683e-07,2.1014331348659214e-08,2.927644624683094e-12,5.275826704437045e-06,2.8106009523919107e-16,8.988829180882192e-08,8.9888292089882e-08
pynucastro,50.0,0.14285714285714285,7.0,226.0154799439088,0.9403323884192805,940332388.4192804,1.665116483956243e-05,5.946800742279524e-10,5.946800742279524,0.9999999999999998,7.981505195884565e-14,7.981505195884565e-14,0.7500996297366023,0.7500996297366023,1.562522850440751e-08,3.125045700881502e-08,2.1602421683451766e-12,6.48072650503553e-12,3.957287517553066e-06,1.1871862552659196e-05,0.062471998723688894,0.24988799489475558,1.4067157919533424e-17,8.440294751720055e-17,2.076817551990395e-16,1.4537722863932766e-15,6.74641528764902e-08,4.722490701354314e-07,2.0830870840309992e-08,2.8799403208661044e-12,5.27568253692202e-06,2.768722273226118e-16,8.994025620327296e-08,8.994025648014519e-08
pynucastro,50.0,0.14285714285714285,7.0,226.98620217705047,0.9382934172746459,938293417.2746459,1.6544697148766297e-05,5.947381056598173e-10,5.947381056598172,0.9999999999999999,7.819688932062607e-14,7.819688932062607e-14,0.7500996298049752,0.7500996298049752,1.5489514023784853e-08,3.0979028047569706e-08,2.125222564412804e-12,6.3756676932384115e-12,3.957180510109e-06,1.1871541530327002e-05,0.062471998787188635,0.24988799514875454,1.388864834543503e-17,8.333189007261018e-17,2.046051308232078e-16,1.4322359157624547e-15,6.750275088897503e-08,4.725192562228252e-07,2.0649942232090026e-08,2.8332537171966855e-12,5.275539878799649e-06,2.7277060632119606e-16,8.999171337616263e-08,8.999171364893323e-08
pynucastro,50.0,0.14285714285714285,7.0,227.96109360096708,0.9362578904801583,936257890.4801583,1.643892062940059e-05,5.94798381398634e-10,5.9479838139863395,0.9999999999999996,7.661815259082555e-14,7.661815259082555e-14,0.7500996298726055,0.7500996298726055,1.5355667124286572e-08,3.0711334248573144e-08,2.090947190187801e-12,6.272841570563403e-12,3.9570746230863446e-06,1.1871223869259033e-05,0.0624719988497593,0.2498879953990372,1.3713084171701546e-17,8.227850503020928e-17,2.0159162676200866e-16,1.4111413873340606e-15,6.754097177017487e-08,4.7278680239122406e-07,2.0471503401347537e-08,2.7875592880147413e-12,5.275398714379317e-06,2.687531345619332e-16,9.00426677742073e-08,9.004266804296043e-08
pynucastro,50.0,0.14285714285714285,7.0,228.94017212206955,0.9342257995425043,934225799.5425043,1.633383089093831e-05,5.948609180815551e-10,5.94860918081555,0.9999999999999994,7.507775267118259e-14,7.507775267118259e-14,0.7500996299395017,0.7500996299395017,1.5223657023559058e-08,3.0447314047118116e-08,2.0573976271123466e-12,6.17219288133704e-12,3.9569698449080564e-06,1.187090953472417e-05,0.06247199891141715,0.2498879956456686,1.3540409744671334e-17,8.124245846802801e-17,1.9863973464718885e-16,1.3904781425303218e-15,6.757881881548799e-08,4.730517317084159e-07,2.0295513310394382e-08,2.7428324785045996e-12,5.2752590282269576e-06,2.6481780115424114e-16,9.009312379068693e-08,9.009312405550473e-08
pynucastro,50.0,0.14285714285714285,7.0,229.92345572367677,0.9321971360103403,932197136.0103402,1.622942356911567e-05,5.949257323781048e-10,5.949257323781048,0.9999999999999996,7.3574616338828e-14,7.3574616338828e-14,0.7500996300056718,0.7500996300056718,1.5093453210542477e-08,3.0186906421084954e-08,2.0245556868563343e-12,6.073667060569003e-12,3.9568661640392115e-06,1.1870598492117634e-05,0.062471998972178304,0.24988799588871322,1.3370570071956006e-17,8.022342043173603e-17,1.9574796150796728e-16,1.370235730555771e-15,6.761629531661558e-08,4.7331406721630906e-07,2.012193128321947e-08,2.699049040780124e-12,5.275120804964658e-06,2.609626157347753e-16,9.014308581395289e-08,9.014308607491551e-08
pynucastro,50.0,0.14285714285714285,7.0,230.91096246634382,0.9301718914741252,930171891.4741251,1.612569432579376e-05,5.949928409908008e-10,5.949928409908009,0.9999999999999994,7.210772086234577e-14,7.210772086234577e-14,0.7500996300711241,0.7500996300711241,1.4965026067062914e-08,2.993005213412583e-08,1.9924039680303577e-12,5.977211904091073e-12,3.956763569163352e-06,1.1870290707490056e-05,0.06247199903205836,0.24988799612823345,1.3203512162224784e-17,7.92210729733487e-17,1.9291487588319008e-16,1.3504041311823306e-15,6.765340451821838e-08,4.735738316275287e-07,1.9950717834168158e-08,2.656185776070092e-12,5.274984029505752e-06,2.571856699421355e-16,9.01925581696441e-08,9.019255842682978e-08
pynucastro,50.0,0.14285714285714285,7.0,231.90271048819545,0.9281500575659453,928150057.5659453,1.6022638848820273e-05,5.950622606557827e-10,5.950622606557827,0.9999999999999996,7.067606244005686e-14,7.067606244005686e-14,0.7500996301358663,0.7500996301358663,1.4838346332166248e-08,2.9676692664332496e-08,1.9609253673385744e-12,5.882776102015723e-12,3.956662049034237e-06,1.186998614710271e-05,0.06247199909107275,0.249887996364291,1.3039183625575081e-17,7.823510175345048e-17,1.901390729368094e-16,1.3309735105576659e-15,6.769014965374973e-08,4.7383104757624815e-07,1.978183395381566e-08,2.6142198830085943e-12,5.274848686857188e-06,2.5348509091034923e-16,9.024154516845841e-08,9.02415454219435e-08
pynucastro,50.0,0.14285714285714285,7.0,232.8987180052586,0.9261316259593465,926131625.9593465,1.592025285189217e-05,5.951340081434441e-10,5.951340081434441,0.9999999999999997,6.92786773561767e-14,6.92786773561767e-14,0.7500996301999066,0.7500996301999066,1.4713385447911629e-08,2.9426770895823258e-08,1.930103390243564e-12,5.790310170730692e-12,3.956561592573316e-06,1.1869684777719949e-05,0.062471999149236505,0.24988799659694602,1.2877533419389445e-17,7.726520051633668e-17,1.874191911846518e-16,1.3119343382925626e-15,6.772653392159871e-08,4.7408573745119097e-07,1.961524156996373e-08,2.573129371799822e-12,5.27471476224947e-06,2.498590635682667e-16,9.029005107434747e-08,9.029005132420653e-08
pynucastro,50.0,0.14285714285714285,7.0,233.89900331179626,0.9241165883691649,924116588.3691648,1.581853207441872e-05,5.952081002590699e-10,5.952081002590699,0.9999999999999998,6.791462959697947e-14,6.791462959697947e-14,0.7500996302632523,0.7500996302632523,1.459011538178545e-08,2.91802307635709e-08,1.8999219819068763e-12,5.699765945720629e-12,3.9564621888233836e-06,1.186938656647015e-05,0.06247199920656438,0.2498879968262575,1.2718511642004158e-17,7.631106985202495e-17,1.8475390437334577e-16,1.2932773306134203e-15,6.776256049583599e-08,4.7433792347085194e-07,1.945090331089079e-08,2.532892838835404e-12,5.274582241074879e-06,2.4630581981290297e-16,9.033808011884272e-08,9.033808036514854e-08
pynucastro,50.0,0.14285714285714285,7.0,234.90358478064428,0.9221049365513573,922104936.5513573,1.5717472281385107e-05,5.952845538434808e-10,5.952845538434808,0.9999999999999997,6.658301125333867e-14,6.658301125333867e-14,0.7500996303259115,0.7500996303259115,1.4468508615596966e-08,2.8937017231193932e-08,1.8703655196155818e-12,5.611096558846745e-12,3.956363826944577e-06,1.1869091480833731e-05,0.06247199926307084,0.24988799705228337,1.2562069135929646e-17,7.537241481557787e-17,1.8214192466342797e-16,1.2749934726439957e-15,6.77982325273048e-08,4.745876276911336e-07,1.9288782490547996e-08,2.4934894565978185e-12,5.2744511088821265e-06,2.4282364275301526e-16,9.038563650250978e-08,9.038563674533342e-08
pynucastro,50.0,0.14285714285714285,7.0,235.91248086354906,0.9200966623028315,920096662.3028315,1.5617069263216456e-05,5.953633857736807e-10,5.953633857736807,0.9999999999999997,6.528294388046408e-14,6.528294388046408e-14,0.7500996303878915,0.7500996303878915,1.4348538186272254e-08,2.869707637254451e-08,1.8414188399764788e-12,5.524256519929436e-12,3.956266496229678e-06,1.1868799488689035e-05,0.062471999318770066,0.24988799727508026,1.2408157834291127e-17,7.444894700574677e-17,1.7958199785606695e-16,1.2570739849924686e-15,6.783355313928114e-08,4.7483487197496797e-07,1.912884316294402e-08,2.454899009914515e-12,5.274321351396765e-06,2.3941086034558036e-16,9.043272438916287e-08,9.043272462857373e-08
pynucastro,50.0,0.14285714285714285,7.0,236.92571009150612,0.91809175746128,918091757.46128,1.5517318835642594e-05,5.95444612963511e-10,5.95444612963511,0.9999999999999996,6.401357328939504e-14,6.401357328939504e-14,0.7500996304491998,0.7500996304491998,1.423017760841655e-08,2.84603552168331e-08,1.813067171568585e-12,5.439201514705755e-12,3.956170186081617e-06,1.186851055824485e-05,0.06247199937367593,0.24988799749470372,1.2256730848781237e-17,7.354038509268742e-17,1.7707290751837403e-16,1.2395103526286183e-15,6.786852543305443e-08,4.75079678031381e-07,1.89710500189085e-08,2.417101806173166e-12,5.274192954491193e-06,2.360658508954781e-16,9.04793479133047e-08,9.047934814937055e-08
pynucastro,50.0,0.14285714285714285,7.0,237.94329107509998,0.9160902139050134,916090213.9050134,1.5418216839563314e-05,5.95528252364309e-10,5.95528252364309,0.9999999999999997,6.277406993340823e-14,6.277406993340823e-14,0.750099630509844,0.750099630509844,1.4113400875703569e-08,2.8226801751407138e-08,1.7852961285547942e-12,5.355888385664383e-12,3.956074886017031e-06,1.1868224658051093e-05,0.06247199942780211,0.24988799771120845,1.2107742071962733e-17,7.26464524317764e-17,1.746134691536738e-16,1.2222942840757165e-15,6.790315248655237e-08,4.7532206740586656e-07,1.8815368387944235e-08,2.3800786668050023e-12,5.274065904189395e-06,2.3278703528355124e-16,9.052551117829305e-08,9.052551141108008e-08
pynucastro,50.0,0.14285714285714285,7.0,238.9652425048464,0.914092023552793,914092023.5527929,1.531975914091404e-05,5.956143209655737e-10,5.956143209655737,0.9999999999999997,6.156363066162569e-14,6.156363066162569e-14,0.7500996305698312,0.7500996305698312,1.3998182501173314e-08,2.7996365002346627e-08,1.7580917481523556e-12,5.274275244457067e-12,3.955980585677525e-06,1.1867941757032574e-05,0.06247199948116195,0.2498879979246478,1.1961146681111238e-17,7.176688008666743e-17,1.7220252650705203e-16,1.2054176855493643e-15,6.793743735159864e-08,4.755620614611905e-07,1.866176429195047e-08,2.343810977238822e-12,5.27394018668196e-06,2.295728720413237e-16,9.05712182526851e-08,9.057121848225798e-08
pynucastro,50.0,0.14285714285714285,7.0,239.99158315153625,0.9120971783636634,912097178.3636634,1.5221941630532118e-05,5.957028357956342e-10,5.957028357956341,0.9999999999999996,6.038147249464593e-14,6.038147249464593e-14,0.7500996306291685,0.7500996306291685,1.3884497417298936e-08,2.7768994834597872e-08,1.7314403950869716e-12,5.194321185260915e-12,3.9558872748039815e-06,1.1867661824411945e-05,0.06247199953376857,0.24988799813507429,1.1816900737733395e-17,7.090140442640037e-17,1.698389538131491e-16,1.1888726766920438e-15,6.79713830597704e-08,4.757996814183928e-07,1.851020431199639e-08,2.308280559523372e-12,5.273815788291834e-06,2.264218603476602e-16,9.061647317804618e-08,9.061647340446804e-08
pynucastro,50.0,0.14285714285714285,7.0,241.02233186657975,0.9101056703367891,910105670.3367891,1.5124760224023659e-05,5.957938139223264e-10,5.9579381392232635,0.9999999999999996,5.922683985032881e-14,5.922683985032881e-14,0.7500996306878633,0.7500996306878633,1.3772321083376006e-08,2.7544642166752013e-08,1.7053288581039847e-12,5.115986574311954e-12,3.9557949432671655e-06,1.1867384829801496e-05,0.06247199958563484,0.24988799834253936,1.1674960822320654e-17,7.004976493392392e-17,1.6752165143192087e-16,1.172651560023446e-15,6.800499261488106e-08,4.760349483041674e-07,1.8360655731487807e-08,2.273469800991834e-12,5.273692695515109e-06,2.233325342105536e-16,9.066127995892824e-08,9.066128018226077e-08
pynucastro,50.0,0.14285714285714285,7.0,242.05750758235223,0.9081174915112898,908117491.5112898,1.5028210861630972e-05,5.958872724536725e-10,5.958872724536725,0.9999999999999993,5.809899668176975e-14,5.809899668176975e-14,0.7500996307459227,0.7500996307459227,1.3661629374884412e-08,2.7323258749768824e-08,1.6797442467271835e-12,5.0392327401815504e-12,3.955703581038572e-06,1.1867110743115714e-05,0.062471999636773336,0.24988799854709334,1.153528450114581e-17,6.921170700687486e-17,1.6524954446369529e-16,1.156746811245867e-15,6.803826899974499e-08,4.7626788299821494e-07,1.8213086388669273e-08,2.239361516625189e-12,5.273570894982171e-06,2.2030346062077905e-16,9.070564257188821e-08,9.070564279219167e-08
pynucastro,50.0,0.14285714285714285,7.0,243.09712931254242,0.9061326339660761,906132633.9660761,1.493228950810045e-05,5.959832285385684e-10,5.9598322853856835,0.9999999999999994,5.699723143475234e-14,5.699723143475234e-14,0.7500996308033533,0.7500996308033533,1.3552398649994642e-08,2.7104797299989283e-08,1.654674049457833e-12,4.964022148373499e-12,3.955613178209687e-06,1.1866839534629063e-05,0.06247199968719647,0.24988799874878587,1.1397830105480712e-17,6.838698063288427e-17,1.630215976314086e-16,1.1411511834198601e-15,6.807121517138738e-08,4.764985061997116e-07,1.8067464765287357e-08,2.205939026640614e-12,5.273450373483378e-06,2.1733325939223994e-16,9.074956495910206e-08,9.074956517643532e-08
pynucastro,50.0,0.14285714285714285,7.0,244.14121615250207,0.9041510898196835,904151089.8196836,1.4836992152550886e-05,5.960816993674756e-10,5.960816993674755,0.9999999999999997,5.592085297554225e-14,5.592085297554225e-14,0.7500996308601622,0.7500996308601622,1.3444605693639872e-08,2.6889211387279744e-08,1.6301060816104086e-12,4.890318244831226e-12,3.955523724977991e-06,1.1866571174933972e-05,0.0624719997369163,0.2498879989476652,1.1262556698796741e-17,6.757534019278044e-17,1.6083679754942004e-16,1.1258575828459403e-15,6.810383406416906e-08,4.7672683844918345e-07,1.7923759912029995e-08,2.1731860869483648e-12,5.2733311179503855e-06,2.1442057952352753e-16,9.079305103253059e-08,9.079305124695117e-08
pynucastro,50.0,0.14285714285714285,7.0,245.18978727959635,0.9021728512301116,902172851.2301116,1.4742314808342575e-05,5.961827021731176e-10,5.9618270217311755,0.9999999999999996,5.4869190745373766e-14,5.4869190745373766e-14,0.7500996309163559,0.7500996309163559,1.3338227726728565e-08,2.667645545345713e-08,1.606028490992532e-12,4.818085472977596e-12,3.955435211650167e-06,1.1866305634950499e-05,0.062471999785944726,0.2498879991437789,1.1129425479774775e-17,6.677655287864865e-17,1.586941698929334e-16,1.1108591892505338e-15,6.813612858888279e-08,4.769529001221795e-07,1.7781941460808318e-08,2.141086896724018e-12,5.2732131154604446e-06,2.115641220874424e-16,9.083610467271473e-08,9.083610488427885e-08
pynucastro,50.0,0.14285714285714285,7.0,246.2428619535552,0.900197910394663,900197910.394663,1.4648253512946893e-05,5.962862542311842e-10,5.962862542311842,0.9999999999999996,5.384159405744625e-14,5.384159405744625e-14,0.7500996309719413,0.7500996309719413,1.3233242386141872e-08,2.6466484772283744e-08,1.5824297391451994e-12,4.7472892174355985e-12,3.9553476286379755e-06,1.1866042885913927e-05,0.06247199983429342,0.24988799933717368,1.099839796708363e-17,6.599038780250178e-17,1.5659276454737764e-16,1.0961493518316435e-15,6.816810163351164e-08,4.771767114345814e-07,1.764197959809006e-08,2.1096260733987653e-12,5.2730963532308836e-06,2.0876262043279854e-16,9.087872972978649e-08,9.087872993854911e-08
pynucastro,50.0,0.14285714285714285,7.0,247.30045951682888,0.8982262595497773,898226259.5497773,1.4554804327816154e-05,5.963923728610396e-10,5.963923728610396,0.9999999999999997,5.283743093381465e-14,5.283743093381465e-14,0.7500996310269252,0.7500996310269252,1.3129627724114334e-08,2.625925544822867e-08,1.5592985983483358e-12,4.677895795045008e-12,3.955260966458797e-06,1.1865782899376392e-05,0.06247199988197381,0.24988799952789523,1.0869434865605331e-17,6.521660919363199e-17,1.5453163290394815e-16,1.0817214303276371e-15,6.819975606296796e-08,4.773982924407756e-07,1.750384506407395e-08,2.078788648667345e-12,5.272980818619842e-06,2.0601480991583258e-16,9.0920930023121e-08,9.092093022913581e-08
pynucastro,50.0,0.14285714285714285,7.0,248.3625993949413,0.8962578909708742,896257890.9708742,1.446196333825441e-05,5.965010754264371e-10,5.965010754264371,0.9999999999999997,5.1856087379358044e-14,5.1856087379358044e-14,0.7500996310813137,0.7500996310813137,1.3027362184274222e-08,2.6054724368548445e-08,1.5366241294649163e-12,4.609872388394749e-12,3.955175215730152e-06,1.1865525647190457e-05,0.062471999928997095,0.24988799971598838,1.0742498615382122e-17,6.445499169229273e-17,1.5250986099987628e-16,1.067569026999134e-15,6.82310947202095e-08,4.776176630414665e-07,1.736750912074773e-08,2.0485600389507996e-12,5.272866499118962e-06,2.033194720813609e-16,9.09627093428246e-08,9.096270954614408e-08
pynucastro,50.0,0.14285714285714285,7.0,249.4293010968487,0.8942927969721887,894292796.9721887,1.4369726653288369e-05,5.96612379336239e-10,5.96612379336239,0.9999999999999996,5.089696787384012e-14,5.089696787384012e-14,0.7500996311351136,0.7500996311351136,1.2926424617625635e-08,2.585284923525127e-08,1.5143956944417821e-12,4.543187083325347e-12,3.955090367175014e-06,1.186527110152504e-05,0.062471999975374275,0.2498879999014971,1.0617553237095439e-17,6.370531942257264e-17,1.5052656413653147e-16,1.0536859489557202e-15,6.826212042480921e-08,4.778348429736645e-07,1.7232943573194787e-08,2.0189260620620114e-12,5.272753382360474e-06,2.006754274878686e-16,9.100407144782787e-08,9.10040716485033e-08
pynucastro,50.0,0.14285714285714285,7.0,250.50058421529613,0.8923309699066148,892330969.9066148,1.4278090405539264e-05,5.967263020451426e-10,5.967263020451425,0.9999999999999997,4.995949332833327e-14,4.995949332833327e-14,0.7500996311883309,0.7500996311883309,1.2826794247812239e-08,2.5653588495624478e-08,1.4926029244747732e-12,4.47780877342432e-12,3.9550064116130925e-06,1.1865019234839278e-05,0.06247200002111615,0.2498880000844646,1.0494562802306269e-17,6.296737681383761e-17,1.4858087381640597e-16,1.0400661167148419e-15,6.829283597488794e-08,4.780498518242156e-07,1.71001207232853e-08,1.989872894764854e-12,5.2726414561055705e-06,1.9808151829246948e-16,9.104502006846254e-08,9.104502026654405e-08
pynucastro,50.0,0.14285714285714285,7.0,251.57646842717918,0.8903724021655421,890372402.1655421,1.4187050751094853e-05,5.968428610544122e-10,5.968428610544122,0.9999999999999994,4.904310250636454e-14,4.904310250636454e-14,0.7500996312409721,0.7500996312409721,1.2728450690871987e-08,2.5456901381743974e-08,1.4712357361379601e-12,4.41370720841388e-12,3.954923339967272e-06,1.1864770019901815e-05,0.062472000066233296,0.24988800026493319,1.0373492442660624e-17,6.224095465596375e-17,1.4667195715504643e-16,1.026703700085325e-15,6.83232441453963e-08,4.782627090177741e-07,1.696901339601236e-08,1.9613870942769744e-12,5.272530708252993e-06,1.955366341300434e-16,9.108555890417072e-08,9.108555909970735e-08
pynucastro,50.0,0.14285714285714285,7.0,252.65697349390354,0.888417086178701,888417086.1787009,1.4096603869382338e-05,5.969620739126164e-10,5.969620739126164,0.9999999999999997,4.81472498337176e-14,4.81472498337176e-14,0.7500996312930437,0.7500996312930437,1.2631373925675508e-08,2.5262747851351017e-08,1.4502843043080625e-12,4.350852912924188e-12,3.9548411432562136e-06,1.1864523429768642e-05,0.062472000110736094,0.24988800044294437,1.0254307676860585e-17,6.152584606116351e-17,1.44798996155899e-16,1.0135929730912929e-15,6.835334768975378e-08,4.784734338282765e-07,1.6839594900081708e-08,1.933455562173814e-12,5.272421126829169e-06,1.930396844833669e-16,9.112569162569016e-08,9.112569181872984e-08
pynucastro,50.0,0.14285714285714285,7.0,253.74211926174982,0.8864650144139984,886465014.4139984,1.4006745963041388e-05,5.970839582163717e-10,5.970839582163717,0.9999999999999996,4.7271406015961713e-14,4.7271406015961713e-14,0.7500996313445513,0.7500996313445513,1.2535544300514487e-08,2.5071088601028975e-08,1.4297390667941902e-12,4.28921720038257e-12,3.954759812597071e-06,1.1864279437791213e-05,0.062472000154634715,0.24988800061853886,1.013697405250201e-17,6.082184431501207e-17,1.4296119207814284e-16,1.0007283445469999e-15,6.838314933903261e-08,4.786820453732283e-07,1.6711839036695118e-08,1.90606555056078e-12,5.272312699991835e-06,1.9058960450611788e-16,9.116542187396629e-08,9.116542206455589e-08
pynucastro,50.0,0.14285714285714285,7.0,254.8319256622362,0.8845161793773664,884516179.3773664,1.3917473257798192e-05,5.972085316110914e-10,5.972085316110914,0.9999999999999994,4.6415056806013593e-14,4.6415056806013593e-14,0.7500996313955014,0.7500996313955014,1.2440942518725235e-08,2.488188503745047e-08,1.4095907105990245e-12,4.228772131797073e-12,3.954679339202319e-06,1.1864038017606956e-05,0.062472000197939165,0.24988800079175666,1.0021458539930143e-17,6.012875123958085e-17,1.411577642859678e-16,9.881043500017746e-16,6.841265180257561e-08,4.788885626180293e-07,1.6585720080384307e-08,1.879204643757246e-12,5.272205416025801e-06,1.8818535348878237e-16,9.120475326097582e-08,9.120475344916117e-08
pynucastro,50.0,0.14285714285714285,7.0,255.92641271248615,0.8825705736125994,882570573.6125994,1.3828782002339569e-05,5.973358117917418e-10,5.973358117917418,0.9999999999999997,4.557770258483217e-14,4.557770258483217e-14,0.7500996314458999,0.7500996314458999,1.2347549629455423e-08,2.4695099258910846e-08,1.3898301633973268e-12,4.169490490191981e-12,3.954599714377891e-06,1.1863799143133673e-05,0.062472000240659215,0.24988800096263686,9.907728676627261e-18,5.944637205976357e-17,1.393879446039887e-16,9.757156122279209e-16,6.844185776831726e-08,4.790930043782208e-07,1.6461212766701615e-08,1.852860746936078e-12,5.272099263340475e-06,1.8582590733354054e-16,9.124368937015476e-08,9.124368955598068e-08
pynucastro,50.0,0.14285714285714285,7.0,257.02560051559556,0.8806281897011995,880628189.7011995,1.3740668468187913e-05,5.974658165036029e-10,5.974658165036029,0.9999999999999994,4.47588582361136e-14,4.47588582361136e-14,0.7500996314957523,0.7500996314957523,1.2255347029653243e-08,2.4510694059306486e-08,1.3704485934985111e-12,4.111345780495533e-12,3.954520929524701e-06,1.1863562788574103e-05,0.062472000282804516,0.24988800113121806,9.79575338283123e-18,5.877452029698737e-17,1.3765099673550732e-16,9.635569771485512e-16,6.847076990224483e-08,4.792953893157139e-07,1.633829229487182e-08,1.8270220860737375e-12,5.271994230471896e-06,1.8351028444184326e-16,9.128223375568019e-08,9.128223393919047e-08
pynucastro,50.0,0.14285714285714285,7.0,258.1295092610012,0.878689020262221,878689020.262221,1.3653128949576617e-05,5.975985635430356e-10,5.975985635430356,0.9999999999999996,4.395805189660476e-14,4.395805189660476e-14,0.7500996315450651,0.7500996315450651,1.2164316440716444e-08,2.432863288143289e-08,1.3514373901685146e-12,4.0543121705055436e-12,3.9544429761325605e-06,1.186332892839768e-05,0.06247200032438447,0.24988800129753788,9.685502411490197e-18,5.811301446894118e-17,1.3594619700165489e-16,9.516233790115842e-16,6.849939084978363e-08,4.794957359484854e-07,1.6216934296661664e-08,1.8016771817162557e-12,5.271890306074604e-06,1.8123752003667983e-16,9.13203899443167e-08,9.132039012555422e-08
pynucastro,50.0,0.14285714285714285,7.0,259.2381592248523,0.8767530579521133,876753057.9521134,1.3566159763325941e-05,5.977340707582557e-10,5.977340707582557,0.9999999999999996,4.31748257505779e-14,4.31748257505779e-14,0.7500996315938437,0.7500996315938437,1.2074439922400052e-08,2.4148879844800103e-08,1.332788173458982e-12,3.998364520376947e-12,3.954365845785177e-06,1.186309753735553e-05,0.06247200036540835,0.2498880014616334,9.576944417171657e-18,5.746166650302994e-17,1.342728514609473e-16,9.39909960226631e-16,6.852772323439526e-08,4.796940626407669e-07,1.6097114854921026e-08,1.7768148620830767e-12,5.2717874789283275e-06,1.7900668898561994e-16,9.135816143354801e-08,9.13581616125547e-08
pynucastro,50.0,0.14285714285714285,7.0,260.3515707703834,0.8748202954645653,874820295.4645653,1.34797572487194e-05,5.978723560501133e-10,5.978723560501133,0.9999999999999997,4.240873435636524e-14,4.240873435636524e-14,0.7500996316420941,0.7500996316420941,1.1985699845358086e-08,2.397139969071617e-08,1.3144927713568385e-12,3.943478314070515e-12,3.954289530152771e-06,1.1862868590458313e-05,0.06247200040588522,0.24988800162354088,9.470049066299194e-18,5.682029439779517e-17,1.3263028344522852e-16,9.284119841165997e-16,6.855576965929904e-08,4.798903876150933e-07,1.5978810466976734e-08,1.7524242326038648e-12,5.27168573792813e-06,1.768168891842788e-16,9.139555169387158e-08,9.139555187068847e-08
pynucastro,50.0,0.14285714285714285,7.0,261.46976434828764,0.8728907255303507,872890725.5303507,1.3393917767380805e-05,5.980134373728782e-10,5.980134373728782,0.9999999999999998,4.1659345485946295e-14,4.1659345485946295e-14,0.7500996316898216,0.7500996316898216,1.1898078904108663e-08,2.3796157808217326e-08,1.2965432290133597e-12,3.889629687040079e-12,3.9542140209967916e-06,1.1862642062990375e-05,0.062472000445824,0.249888001783296,9.364785769230688e-18,5.618871461538413e-17,1.310178192787014e-16,9.171247349509097e-16,6.85835327061466e-08,4.800847289430262e-07,1.5861998061917076e-08,1.7284946882222992e-12,5.271585072090694e-06,1.7466722251755402e-16,9.143256416703188e-08,9.14325643416991e-08
pynucastro,50.0,0.14285714285714285,7.0,262.59276049709234,0.8709643409171758,870964340.9171758,1.3308637703151804e-05,5.981573327350328e-10,5.981573327350328,0.9999999999999998,4.0926238751264543e-14,4.0926238751264543e-14,0.750099631737032,0.750099631737032,1.1811560094798039e-08,2.3623120189596077e-08,1.278931790295044e-12,3.8367953708851324e-12,3.954139310163992e-06,1.1862417930491976e-05,0.06247200048523343,0.24988800194093372,9.261125390727009e-18,5.556675234436206e-17,1.2943480464925645e-16,9.060436325447952e-16,6.861101493638638e-08,4.802771045547047e-07,1.5746654970947787e-08,1.705015888800501e-12,5.27148547054643e-06,1.7255681668516454e-16,9.146920226783934e-08,9.146920244039615e-08
pynucastro,50.0,0.14285714285714285,7.0,263.72057984353637,0.8690411344295237,869041134.4295237,1.322391346196982e-05,5.98304060200069e-10,5.98304060200069,0.9999999999999994,4.020900581843648e-14,4.020900581843648e-14,0.7500996317837306,0.7500996317837306,1.1726126720306575e-08,2.345225344061315e-08,1.2616509007407254e-12,3.784952702222176e-12,3.954065389588775e-06,1.1862196168766324e-05,0.062472000524122086,0.24988800209648834,9.159042467056647e-18,5.495425480233988e-17,1.278805882050934e-16,8.951641174356538e-16,6.863821889053659e-08,4.804675322337562e-07,1.5632758934199107e-08,1.6819777630613285e-12,5.2713869225425964e-06,1.7048480333338445e-16,9.150546938320111e-08,9.150546955368592e-08
pynucastro,50.0,0.14285714285714285,7.0,264.8532431029497,0.8671210989085014,867121098.9085014,1.3139741471746639e-05,5.984536378872939e-10,5.984536378872939,0.9999999999999996,3.950724971985219e-14,3.950724971985219e-14,0.7500996318299232,0.7500996318299232,1.1641762378122647e-08,2.3283524756245295e-08,1.2446931972124278e-12,3.734079591637284e-12,3.953992251290289e-06,1.1861976753870867e-05,0.062472000562498395,0.24988800224999358,9.058510681151013e-18,5.435106408690608e-17,1.26354549506347e-16,8.844818465444291e-16,6.866514708879575e-08,4.806560296215703e-07,1.5520288084559797e-08,1.6593704947913482e-12,5.271289417439433e-06,1.6845035531892716e-16,9.154136887293501e-08,9.154136904138537e-08
pynucastro,50.0,0.14285714285714285,7.0,265.99077107963336,0.8652042272316866,865204227.2316866,1.305611818224744e-05,5.986060839726402e-10,5.986060839726402,0.9999999999999996,3.882058446539598e-14,3.882058446539598e-14,0.7500996318756149,0.7500996318756149,1.15584509543166e-08,2.31169019086332e-08,1.2280515025003714e-12,3.684154507501114e-12,3.95391988737128e-06,1.186175966211384e-05,0.062472000600370614,0.24988800240148246,8.95950536304422e-18,5.375703217826531e-17,1.248560913122093e-16,8.739926391854652e-16,6.86918020312132e-08,4.808426142184925e-07,1.5409220939643493e-08,1.6371845156484662e-12,5.271192944708628e-06,1.6645267642647443e-16,9.157690406999693e-08,9.157690423644961e-08
pynucastro,50.0,0.14285714285714285,7.0,267.13318466724064,0.8632905123129785,863290512.3129785,1.2973040064970541e-05,5.987614166894834e-10,5.987614166894835,0.9999999999999997,3.81486350465602e-14,3.81486350465602e-14,0.7500996319208112,0.7500996319208112,1.1476176623547418e-08,2.2952353247094836e-08,1.2117188241842328e-12,3.6351564725526985e-12,3.953848290018941e-06,1.1861544870056823e-05,0.06247200063774685,0.2498880025509874,8.861993263449354e-18,5.3171959580696123e-17,1.233846402143149e-16,8.636924815002043e-16,6.87181861973397e-08,4.810273033813779e-07,1.5299536401797582e-08,1.6154105036438083e-12,5.27109749393445e-06,1.6449100221307766e-16,9.161207828001488e-08,9.161207844450589e-08
pynucastro,50.0,0.14285714285714285,7.0,268.28050484916287,0.8613799471024418,861379947.1024418,1.2890503613027327e-05,5.989196543294659e-10,5.98919654329466,0.9999999999999996,3.749103646117266e-14,3.749103646117266e-14,0.7500996319655173,0.7500996319655173,1.1394923831137647e-08,2.2789847662275294e-08,1.1956883407099493e-12,3.5870650221298476e-12,3.9537774514999356e-06,1.1861332354499808e-05,0.06247200067463507,0.24988800269854028,8.765942407060567e-18,5.25956544423634e-17,1.2193964897492414e-16,8.5357754282446895e-16,6.874430204740515e-08,4.812101143318361e-07,1.5191213734206285e-08,1.5940393645799256e-12,5.271003054807117e-06,1.6256460312532164e-16,9.164689478285916e-08,9.164689494542376e-08
pynucastro,50.0,0.14285714285714285,7.0,269.4327526989128,0.8594725245861593,859472524.5861593,1.280850534102308e-05,5.99080815243327e-10,5.990808152433271,0.9999999999999996,3.684743422497536e-14,3.684743422497536e-14,0.7500996320097384,0.7500996320097384,1.1314677302027071e-08,2.2629354604054142e-08,1.1799534068754953e-12,3.539860220626486e-12,3.953707364164042e-06,1.1861122092492126e-05,0.062472000711043085,0.24988800284417234,8.671340858280237e-18,5.202804514968142e-17,1.2052050798367992e-16,8.436435558857594e-16,6.877015202123876e-08,4.813910641486714e-07,1.5084232572827305e-08,1.573062239364192e-12,5.2709096171276515e-06,1.6067266645734767e-16,9.168135683120283e-08,9.16813569918755e-08
pynucastro,50.0,0.14285714285714285,7.0,270.58994938051336,0.8575682377860785,857568237.7860785,1.2727041784937984e-05,5.992449178417397e-10,5.992449178417397,0.9999999999999994,3.621748399745297e-14,3.621748399745297e-14,0.7500996320534795,0.7500996320534795,1.1235422044360454e-08,2.2470844088720907e-08,1.1645075513462682e-12,3.493522654038805e-12,3.9536380204490266e-06,1.186091406134708e-05,0.062472000746978534,0.24988800298791414,8.578158200038096e-18,5.1468949200228574e-17,1.1912667663489099e-16,8.338867364442369e-16,6.879573853640289e-08,4.815701697548203e-07,1.497857293117484e-08,1.5524705006964233e-12,5.270817170814378e-06,1.5881447149729793e-16,9.171546764803371e-08,9.171546780684818e-08
pynucastro,50.0,0.14285714285714285,7.0,271.7521161488849,0.855667079759864,855667079.759864,1.2646109502008996e-05,5.99411980596154e-10,5.99411980596154,0.9999999999999994,3.5600850506733776e-14,3.5600850506733776e-14,0.7500996320967461,0.7500996320967461,1.1157143316423775e-08,2.231428663284755e-08,1.149344458829519e-12,3.4480333764885573e-12,3.953569412865903e-06,1.186070823859771e-05,0.06247200078244895,0.2498880031297958,8.486370007785176e-18,5.091822004671106e-17,1.177576287714699e-16,8.243034014002893e-16,6.882106399270896e-08,4.817474479489627e-07,1.4874215156240407e-08,1.5322557293046097e-12,5.27072570588327e-06,1.569893167955611e-16,9.174923043267482e-08,9.174923058966413e-08
pynucastro,50.0,0.14285714285714285,7.0,272.91927435023706,0.8537690436007449,853769043.600745,1.2565705070611868e-05,5.995820220396474e-10,5.995820220396474,0.9999999999999996,3.499721112167825e-14,3.499721112167825e-14,0.7500996321395428,0.7500996321395428,1.10798267879756e-08,2.21596535759512e-08,1.1344580388245713e-12,3.403374116473714e-12,3.953501534084801e-06,1.1860504602254402e-05,0.06247200081746165,0.2498880032698466,8.395952287742292e-18,5.0375713726453747e-17,1.1641285057424243e-16,8.14889954019697e-16,6.884613074428028e-08,4.81922915209962e-07,1.4771140143572813e-08,1.5124098055996986e-12,5.270635212562432e-06,1.5519651735089222e-16,9.178264832353987e-08,9.178264847873638e-08
pynucastro,50.0,0.14285714285714285,7.0,274.0914454224593,0.8518741224373689,851874122.437369,1.2485825090144036e-05,5.99755060767781e-10,5.99755060767781,0.9999999999999996,3.440624635689885e-14,3.440624635689885e-14,0.7500996321818746,0.7500996321818746,1.1003458145805656e-08,2.200691629161131e-08,1.1198422509001733e-12,3.35952675270052e-12,3.953434376730315e-06,1.1860303130190943e-05,0.0624720008520239,0.2498880034080956,8.306881344864356e-18,4.9841288069186133e-17,1.150918325457519e-16,8.056428278202632e-16,6.887094116561329e-08,4.82096588159293e-07,1.466932881142605e-08,1.4929246767430066e-12,5.2705456810192605e-06,1.5343539392357134e-16,9.181572448620312e-08,9.181572463963852e-08
pynucastro,50.0,0.14285714285714285,7.0,275.2686508955163,0.8499823094336504,849982309.4336504,1.2406466180907748e-05,5.999311154394635e-10,5.999311154394635,0.9999999999999996,3.3827646886023603e-14,3.3827646886023603e-14,0.7500996322237464,0.7500996322237464,1.0928023378845376e-08,2.1856046757690753e-08,1.1054912279005836e-12,3.3164736837017506e-12,3.953367933531882e-06,1.1860103800595647e-05,0.06247200088614285,0.2498880035445714,8.219134085272148e-18,4.931480451163288e-17,1.1379407791526935e-16,7.965585454068854e-16,6.8895497602799e-08,4.82268483219593e-07,1.4568762480856233e-08,1.4737925208991808e-12,5.270457101560925e-06,1.5170528424059518e-16,9.184846204836991e-08,9.184846220007519e-08
pynucastro,50.0,0.14285714285714285,7.0,276.45091239184177,0.8480935977886258,848093597.7886258,1.232762498399398e-05,6.00110204777821e-10,6.00110204777821,0.9999999999999993,3.326111479954083e-14,3.326111479954083e-14,0.7500996322651633,0.7500996322651633,1.0853508833074919e-08,2.1707017666149838e-08,1.0913992965653336e-12,3.274197889696001e-12,3.953302197355612e-06,1.1859906592066836e-05,0.062472000919825424,0.2498880036793017,8.132688021454719e-18,4.879612812872831e-17,1.1251910510372985e-16,7.87633735726109e-16,6.891980236291438e-08,4.824386165404007e-07,1.4469422948921216e-08,1.4550057747255627e-12,5.270369464676798e-06,1.5000554628182231e-16,9.188086408573381e-08,9.188086423573936e-08
pynucastro,50.0,0.14285714285714285,7.0,277.6382516267369,0.8462079807363027,846207980.7363026,1.2249298161166534e-05,6.002923475710746e-10,6.002923475710746,0.9999999999999996,3.27063520824877e-14,3.27063520824877e-14,0.75009963230613,0.75009963230613,1.0779900728094939e-08,2.1559801456189878e-08,1.0775607687915018e-12,3.2326823063745055e-12,3.9532371609483345e-06,1.1859711482845004e-05,0.06247200095307862,0.2498880038123145,8.047520527687748e-18,4.828512316612649e-17,1.1126643128423046e-16,7.788650189896132e-16,6.894385779716535e-08,4.826070045801575e-07,1.4371291844195246e-08,1.4365568550921894e-12,5.270282760697239e-06,1.4833553636354871e-16,9.191293373281916e-08,9.19129338811547e-08
pynucastro,50.0,0.14285714285714285,7.0,278.83069040876904,0.8443254515455134,844325451.5455134,1.2171482394746953e-05,6.004775626734241e-10,6.004775626734241,0.9999999999999996,3.216307503272428e-14,3.216307503272428e-14,0.7500996323466512,0.7500996323466512,1.070718577466035e-08,2.14143715493207e-08,1.0639702061662448e-12,3.1919106184987346e-12,3.953172817265956e-06,1.1859518451797868e-05,0.062472000985909194,0.24988800394363678,7.963609854800588e-18,4.778165912880353e-17,1.1003559428099461e-16,7.702491599669623e-16,6.896766619409696e-08,4.827736633586787e-07,1.4274351450037944e-08,1.4184385117449856e-12,5.270196980231335e-06,1.4669463833324843e-16,9.194467404061362e-08,9.194467418730825e-08
pynucastro,50.0,0.14285714285714285,7.0,280.0282506401712,0.8424460035197704,842446003.5197704,1.2094174387499847e-05,6.006658690059394e-10,6.0066586900593935,0.9999999999999996,3.163100781673667e-14,3.163100781673667e-14,0.7500996323867317,0.7500996323867317,1.0635350909279582e-08,2.1270701818559163e-08,1.050622301644726e-12,3.151866904934178e-12,3.95310915933667e-06,1.185932747801001e-05,0.062472001018323745,0.24988800407329498,7.88093470888476e-18,4.728560825330856e-17,1.0882614283978945e-16,7.617829998785261e-16,6.899122982365925e-08,4.829386087656148e-07,1.417858435077365e-08,1.4006436695639555e-12,5.270112113984547e-06,1.4508225059851988e-16,9.197608803531473e-08,9.197608818039698e-08
pynucastro,50.0,0.14285714285714285,7.0,281.2309543172452,0.8405696299971183,840569629.9971182,1.2017370862518689e-05,6.008572855574578e-10,6.008572855574578,0.9999999999999996,3.110987624953421e-14,3.110987624953421e-14,0.7500996324263762,0.7500996324263762,1.0564383029057345e-08,2.112876605811469e-08,1.037511768174938e-12,3.1125353045248138e-12,3.953046180117201e-06,1.1859138540351603e-05,0.0624720010503289,0.2498880042013156,7.799473701674262e-18,4.679684221004557e-17,1.0763762734896603e-16,7.534633914427622e-16,6.901455098422873e-08,4.831018568896012e-07,1.4083973078195397e-08,1.3831652800826718e-12,5.270028152567053e-06,1.4349777375678275e-16,9.200717878101701e-08,9.200717892451478e-08
pynucastro,50.0,0.14285714285714285,7.0,282.4388235307662,0.838696324349987,838696324.349987,1.1941068563112112e-05,6.010518313854902e-10,6.010518313854902,0.9999999999999996,3.0599426929591014e-14,3.0599426929591014e-14,0.7500996324655892,0.7500996324655892,1.0494269833371223e-08,2.0988539666742446e-08,1.0246336930574858e-12,3.0739010791724576e-12,3.952983872946791e-06,1.1858951618840373e-05,0.0624720010819309,0.2498880043277236,7.719206722910516e-18,4.63152403374631e-17,1.0646962990336993e-16,7.452874093235894e-16,6.903763185431461e-08,4.832634229802023e-07,1.3990501233651315e-08,1.3659967939052295e-12,5.269945087098991e-06,1.4194065067516776e-16,9.203794918201311e-08,9.203794932395375e-08
pynucastro,50.0,0.14285714285714285,7.0,283.6518804663876,0.8368260799850482,836826079.9850482,1.1865264252690795e-05,6.012495256171322e-10,6.012495256171322,0.9999999999999996,3.0099402845972446e-14,3.0099402845972446e-14,0.7500996325043753,0.7500996325043753,1.0424998844496739e-08,2.0849997688993478e-08,1.0119831150455402e-12,3.0359493451366205e-12,3.952922231028968e-06,1.1858766693086904e-05,0.06247200111313602,0.24988800445254408,7.640113260922417e-18,4.58406795655345e-17,1.0532173211773764e-16,7.372521248241635e-16,6.906047466083906e-08,4.834233226258734e-07,1.3898152182384825e-08,1.3491315969144104e-12,5.269862908519571e-06,1.4041032358074552e-16,9.206840220713778e-08,9.20684023475481e-08
pynucastro,50.0,0.14285714285714285,7.0,284.87014740504844,0.8349588903430707,834958890.3430707,1.1789954714654894e-05,6.014503874499842e-10,6.014503874499842,0.9999999999999999,2.960956502936779e-14,2.960956502936779e-14,0.7500996325427388,0.7500996325427388,1.0356558255548505e-08,2.071311651109701e-08,9.995553939986918e-13,2.9986661819960755e-12,3.952861247876073e-06,1.185858374362822e-05,0.06247200114395023,0.24988800457580093,7.56217397439874e-18,4.5373043846392435e-17,1.0419354157285044e-16,7.29354791009953e-16,6.908308153521544e-08,4.835815707465081e-07,1.3806910183972678e-08,1.3325635030780256e-12,5.269781608179696e-06,1.389062693173813e-16,9.209854069789756e-08,9.209854083680383e-08
pynucastro,50.0,0.14285714285714285,7.0,286.09364672338296,0.8330947488987754,833094748.8987755,1.1715136752281823e-05,6.01654436153078e-10,6.01654436153078,0.9999999999999996,2.912966831107773e-14,2.912966831107773e-14,0.7500996325806841,0.7500996325806841,1.028893595196958e-08,2.057787190393916e-08,9.873457798101084e-13,2.962037339430325e-12,3.952800916800667e-06,1.1858402750402003e-05,0.06247200117437964,0.24988800469751857,7.48536926908855e-18,4.49122156145313e-17,1.0308465370246995e-16,7.215925759172896e-16,6.910545467756214e-08,4.83738182742935e-07,1.3716759087817385e-08,1.3162861797614665e-12,5.2697011771639365e-06,1.374279485350657e-16,9.212836758739359e-08,9.212836772482154e-08
pynucastro,50.0,0.14285714285714285,7.0,287.3224008941322,0.8312336491606904,831233649.1606904,1.1640807188614637e-05,6.018616910678107e-10,6.018616910678107,0.9999999999999998,2.865947900031961e-14,2.865947900031961e-14,0.7500996326182158,0.7500996326182158,1.0222120234277268e-08,2.0444240468554537e-08,9.753497291531433e-13,2.92604918745943e-12,3.952741231292593e-06,1.1858223693877778e-05,0.06247200120443013,0.24988800481772053,7.409680134958685e-18,4.445808080975211e-17,1.0199468226349566e-16,7.139627758444696e-16,6.912759623482568e-08,4.838931736437798e-07,1.3627683296680272e-08,1.30029357000042e-12,5.2696216067932025e-06,1.3597484631139488e-16,9.215788573784052e-08,9.215788587381536e-08
pynucastro,50.0,0.14285714285714285,7.0,288.55643248655616,0.8293755846710088,829375584.6710088,1.1566962866350957e-05,6.020721716088864e-10,6.020721716088864,0.9999999999999996,2.819876606415021e-14,2.819876606415021e-14,0.7500996326553379,0.7500996326553379,1.0156099451556548e-08,2.0312198903113097e-08,9.63562743126189e-13,2.8906882293785673e-12,3.952682184829365e-06,1.1858046554488094e-05,0.06247200123410756,0.24988800493643024,7.335087731345895e-18,4.4010526388075375e-17,1.0092324303560154e-16,7.064627012492108e-16,6.914950836190828e-08,4.84046558533358e-07,1.3539667278070991e-08,1.2845796760560941e-12,5.269542888371973e-06,1.345464504206398e-16,9.218709802205927e-08,9.218709815660571e-08
pynucastro,50.0,0.14285714285714285,7.0,289.79576416684785,0.8275205490054462,827520549.0054462,1.1493600647732384e-05,6.022858972652641e-10,6.022858972652641,0.9999999999999996,2.774730623975486e-14,2.774730623975486e-14,0.7500996326920549,0.7500996326920549,1.0090862206113377e-08,2.0181724412226755e-08,9.519804538096247e-13,2.8559413614288742e-12,3.952623770986638e-06,1.1857871312959915e-05,0.06247200126341766,0.24988800505367065,7.261573711026245e-18,4.356944226615747e-17,9.986996308577887e-17,6.990897416004521e-16,6.917119318559088e-08,4.841983522991362e-07,1.345269583708231e-08,1.26913867480915e-12,5.26946501333556e-06,1.331422636848289e-16,9.221600727538064e-08,9.22160074085229e-08
pynucastro,50.0,0.14285714285714285,7.0,291.04041869855007,0.825668535773098,825668535.773098,1.1420717414434385e-05,6.025028876011147e-10,6.025028876011147,0.9999999999999996,2.7304882085176208e-14,2.7304882085176208e-14,0.7500996327283712,0.7500996327283712,1.0026397285042656e-08,2.0052794570085313e-08,9.405985970032963e-13,2.8217957910098892e-12,3.952565983398723e-06,1.1857697950196168e-05,0.06247200129236606,0.24988800516946424,7.1891200627332e-18,4.31347203763992e-17,9.88344775609697e-17,6.918413429267878e-16,6.91926528176791e-08,4.843485697237537e-07,1.336675402515955e-08,1.2539648814145058e-12,5.269387973197476e-06,1.3176179969782759e-16,9.224461631317102e-08,9.224461644493281e-08
pynucastro,50.0,0.14285714285714285,7.0,292.2904189429743,0.8238195386162949,823819538.6162949,1.1348310067456615e-05,6.027231622567853e-10,6.027231622567853,0.9999999999999997,2.687128288064204e-14,2.687128288064204e-14,0.7500996327642907,0.7500996327642907,9.962693693440174e-09,1.992538738688035e-08,9.294130210342895e-13,2.7882390631028686e-12,3.9525088157827924e-06,1.1857526447348376e-05,0.06247200132095825,0.249888005283833,7.117709127307389e-18,4.2706254763844335e-17,9.781643174430707e-17,6.847150222101494e-16,6.921388934647475e-08,4.844972254253232e-07,1.3281827184377285e-08,1.239052761043473e-12,5.269311759581701e-06,1.3040458556662784e-16,9.227292791946257e-08,9.227292804986716e-08
pynucastro,50.0,0.14285714285714285,7.0,293.54578785961985,0.8219735512104642,821973551.2104642,1.1276375527013924e-05,6.029467409497693e-10,6.029467409497693,0.9999999999999997,2.644630317586462e-14,2.644630317586462e-14,0.7500996327998178,0.7500996327998178,9.899740611471987e-09,1.9799481222943974e-08,9.184196695619e-13,2.7552590086857e-12,3.952452261914171e-06,1.1857356785742513e-05,0.062472001349199655,0.24988800539679862,7.047323539140868e-18,4.2283941234845205e-17,9.681547890436748e-17,6.777083523305724e-16,6.9234904845e-08,4.84644333915e-07,1.3197900890206104e-08,1.2243969059600945e-12,5.269236364189739e-06,1.2907015904406532e-16,9.230094485791729e-08,9.230094498698744e-08
pynucastro,50.0,0.14285714285714285,7.0,294.80654850659477,0.8201305672639886,820130567.2639886,1.1204910732427769e-05,6.031736434756868e-10,6.031736434756867,0.9999999999999998,2.6029743902715735e-14,2.6029743902715735e-14,0.7500996328349565,0.7500996328349565,9.83752743562913e-09,1.967505487125826e-08,9.076145983544881e-13,2.7228437950634644e-12,3.95239631564909e-06,1.185718894694727e-05,0.0624720013770956,0.2498880055083824,6.977946297613239e-18,4.1867677785679434e-17,9.583128199195705e-17,6.708189739436994e-16,6.925570136351389e-08,4.847899095445972e-07,1.311496100651161e-08,1.2099920578873145e-12,5.269161778830961e-06,1.2775807079090076e-16,9.232866986185038e-08,9.232866998960845e-08
pynucastro,50.0,0.14285714285714285,7.0,296.07272404104134,0.8182905805180627,818290580.5180627,1.1133912642018036e-05,6.03403889709271e-10,6.03403889709271,0.9999999999999997,2.5621409923747816e-14,2.5621409923747816e-14,0.7500996328697107,0.7500996328697107,9.776043697803276e-09,1.9552087395606553e-08,8.96993937267165e-13,2.690981811801495e-12,3.95234097088562e-06,1.185702291265686e-05,0.06247200140465129,0.24988800561860516,6.909560678170485e-18,4.145736406902291e-17,9.48635101587688e-17,6.640445711113816e-16,6.927628094181527e-08,4.849339665927069e-07,1.3032993577669615e-08,1.1958330573172927e-12,5.269087995370511e-06,1.2646787973464615e-16,9.2356105650632e-08,9.235610577709988e-08
pynucastro,50.0,0.14285714285714285,7.0,297.34433771955923,0.8164535847465562,816453584.7465562,1.1063378232995548e-05,6.036374996053624e-10,6.036374996053624,0.9999999999999998,2.5221112051025506e-14,2.5221112051025506e-14,0.7500996329040845,0.7500996329040845,9.7152791360804e-09,1.94305582721608e-08,8.865539222187028e-13,2.6596617666561082e-12,3.952286221598983e-06,1.185685866479695e-05,0.06247200143187186,0.24988800572748743,6.842150319826364e-18,4.105290191895818e-17,9.39118414108369e-17,6.573828898758583e-16,6.92966455979965e-08,4.850765191859755e-07,1.2951984922945157e-08,1.181914886141621e-12,5.2690150057763895e-06,1.251991566070336e-16,9.238325491469408e-08,9.238325503989324e-08
pynucastro,50.0,0.14285714285714285,7.0,298.6214128986349,0.8146195737558708,814619573.7558708,1.099330450135489e-05,6.038744931999129e-10,6.038744931999129,0.9999999999999998,2.482866546763959e-14,2.482866546763959e-14,0.750099632938082,0.750099632938082,9.655223643097979e-09,1.9310447286195958e-08,8.762908703261474e-13,2.6288726109784422e-12,3.952232061817299e-06,1.1856696185451898e-05,0.062472001458762326,0.2498880058350493,6.7756991663019035e-18,4.065419499781142e-17,9.297596034837396e-17,6.508317224386178e-16,6.931679733600564e-08,4.852175813520395e-07,1.2871921567644578e-08,1.1682326345018783e-12,5.268942802087121e-06,1.239514809308656e-16,9.241012032561211e-08,9.241012044956359e-08
pynucastro,50.0,0.14285714285714285,7.0,299.90397303506813,0.8127885413848045,812788541.3848045,1.0923688461767915e-05,6.041148906109944e-10,6.041148906109944,0.9999999999999999,2.4443890122902902e-14,2.4443890122902902e-14,0.7500996329717071,0.7500996329717071,9.595867276515382e-09,1.9191734553030765e-08,8.662011839846357e-13,2.598603551953907e-12,3.95217848562766e-06,1.1856535456882978e-05,0.06247200148532766,0.24988800594131064,6.7101914162285496e-18,4.02611484973713e-17,9.205555862837014e-17,6.44388910398591e-16,6.933673814361994e-08,4.853571670053396e-07,1.2792790257074192e-08,1.1547815062286637e-12,5.268871376419846e-06,1.227244416367317e-16,9.243670453340328e-08,9.243670465612773e-08
pynucastro,50.0,0.14285714285714285,7.0,301.19204168640556,0.810960481504408,810960481.504408,1.0854527147477499e-05,6.043587120398189e-10,6.04358712039819,0.9999999999999998,2.406661082669105e-14,2.406661082669105e-14,0.7500996330049634,0.7500996330049634,9.537200269063229e-09,1.9074400538126458e-08,8.5628135452647e-13,2.56884406357941e-12,3.952125487181896e-06,1.1856376461545686e-05,0.06247200151157271,0.24988800604629083,6.645611562726072e-18,3.9873669376356434e-17,9.115033533342672e-17,6.38052347333987e-16,6.935646999053155e-08,4.854952899337209e-07,1.2714577969937657e-08,1.141556823719715e-12,5.268800720978015e-06,1.2151763755472144e-16,9.24630101639746e-08,9.246301028549224e-08
pynucastro,50.0,0.14285714285714285,7.0,302.4856425113707,0.8091353880178509,809135388.0178509,1.0785817610192112e-05,6.046059777717642e-10,6.046059777717642,1.0,2.3696656365964437e-14,2.3696656365964437e-14,0.7500996330378552,0.7500996330378552,9.479212994082552e-09,1.8958425988165104e-08,8.465279455807097e-13,2.539583836742129e-12,3.952073060680761e-06,1.1856219182042283e-05,0.06247200153750226,0.24988800615000903,6.58194429552265e-18,3.94916657731359e-17,9.025999577232208e-17,6.318199704062546e-16,6.937599483322997e-08,4.856319638326097e-07,1.2637271872394271e-08,1.1285540057556434e-12,5.268730828030297e-06,1.2033067581539124e-16,9.248903982563177e-08,9.248903994596245e-08
pynucastro,50.0,0.14285714285714285,7.0,303.784799270301,0.8073132548602799,807313254.8602799,1.071755691998058e-05,6.048567081774096e-10,6.048567081774096,0.9999999999999999,2.3333860347956756e-14,2.3333860347956756e-14,0.7500996330703857,0.7500996330703857,9.421895996192767e-09,1.8843791992385534e-08,8.369376066941416e-13,2.5108128200824245e-12,3.952021200389418e-06,1.1856063601168253e-05,0.062472001563120994,0.24988800625248397,6.5191747231765995e-18,3.91150483390596e-17,8.938425237088981e-17,6.256897665962286e-16,6.93953146100531e-08,4.857672022703716e-07,1.2560859358944203e-08,1.1157685856588165e-12,5.268661689931235e-06,1.1916317303744425e-16,9.251479610248173e-08,9.25147962216449e-08
pynucastro,50.0,0.14285714285714285,7.0,305.08953582558183,0.8054940759986837,805494075.9986837,1.0649742165167527e-05,6.051109237135782e-10,6.051109237135782,1.0,2.2978060136440788e-14,2.2978060136440788e-14,0.7500996331025592,0.7500996331025592,9.365239954217307e-09,1.8730479908434614e-08,8.27507055258294e-13,2.482521165774882e-12,3.951969900620485e-06,1.1855909701861455e-05,0.06247200158843353,0.24988800635373412,6.457288234815887e-18,3.874372940889532e-17,8.852282314422018e-17,6.196597620095413e-16,6.941443124642149e-08,4.859010187249505e-07,1.2485328003002531e-08,1.1031961871992425e-12,5.26859329909863e-06,1.1801475329093605e-16,9.254028156141043e-08,9.254028167942518e-08
pynucastro,50.0,0.14285714285714285,7.0,306.399876142087,0.8036778454317538,803677845.4317538,1.0582370452229222e-05,6.053686449243885e-10,6.053686449243885,1.0000000000000002,2.262909795203954e-14,2.262909795203954e-14,0.7500996331343792,0.7500996331343792,9.309235723134847e-09,1.8618471446269694e-08,8.182330955523078e-13,2.4546992866569236e-12,3.951919155754828e-06,1.1855757467264484e-05,0.06247200161344441,0.24988800645377765,6.3962706583577964e-18,3.837762395014678e-17,8.767543299013217e-17,6.137280309309252e-16,6.943334664822937e-08,4.860334265376056e-07,1.2410665612826812e-08,1.0908325499816937e-12,5.2685256480412745e-06,1.1688504982167515e-16,9.256549874327227e-08,9.256549886015733e-08
pynucastro,50.0,0.14285714285714285,7.0,307.71584428761787,0.8018645571897484,801864557.1897484,1.0515438905689964e-05,6.056298924423143e-10,6.056298924423142,1.0000000000000002,2.2286819826886702e-14,2.2286819826886702e-14,0.7500996331658494,0.7500996331658494,9.25387430121816e-09,1.850774860243632e-08,8.091126026371554e-13,2.427337807911466e-12,3.951868960226575e-06,1.1855606880679724e-05,0.062472001638158074,0.2498880065526323,6.336107783766767e-18,3.80166467026006e-17,8.684181291785407e-17,6.078926904249785e-16,6.945206270646205e-08,4.861644389452344e-07,1.2336860187708023e-08,1.078673507974184e-12,5.268458729338965e-06,1.1577370402293353e-16,9.259045016904572e-08,9.259045028481942e-08
pynucastro,50.0,0.14285714285714285,7.0,309.03746443334484,0.8000542053343569,800054205.3343569,1.0448944668018939e-05,6.058946869892523e-10,6.058946869892523,0.9999999999999999,2.1951075888457762e-14,2.1951075888457762e-14,0.7500996331969731,0.7500996331969731,9.199146841000619e-09,1.8398293682001238e-08,8.00142526834754e-13,2.4004275805042617e-12,3.951819308529155e-06,1.1855457925587465e-05,0.062472001662578894,0.24988800665031558,6.2767855311194354e-18,3.766071318671661e-17,8.602170028855216e-17,6.021519020198651e-16,6.947058129521145e-08,4.862940690664801e-07,1.2263899932590634e-08,1.066714995479327e-12,5.2683925356505585e-06,1.146803657561091e-16,9.261513833718773e-08,9.261513845186809e-08
pynucastro,50.0,0.14285714285714285,7.0,310.3647608542521,0.7982467839585631,798246783.9585631,1.0382884899527577e-05,6.061630493776e-10,6.061630493776,1.0,2.1621719821475605e-14,2.1621719821475605e-14,0.7500996332277544,0.7500996332277544,9.145044634597666e-09,1.829008926919533e-08,7.913198863085717e-13,2.373959658925715e-12,3.951770195208856e-06,1.1855310585626568e-05,0.062472001686711166,0.24988800674684467,6.218289752970371e-18,3.730973851782223e-17,8.5214839134518e-17,5.96503873941626e-16,6.948890427362734e-08,4.864223299153914e-07,1.2191773238503818e-08,1.0549530372431225e-12,5.268327059705375e-06,1.1360469377625201e-16,9.263956572623502e-08,9.263956583983972e-08
pynucastro,50.0,0.14285714285714285,7.0,311.69775792958376,0.796442287186509,796442287.186509,1.0317256778267331e-05,6.064350005113395e-10,6.064350005113394,1.0,2.1298609045697626e-14,2.1298609045697626e-14,0.7500996332581966,0.7500996332581966,9.091559116232147e-09,1.8183118232464294e-08,7.826417677246958e-13,2.3479253031740873e-12,3.951721614866742e-06,1.1855164844600227e-05,0.062472001710559104,0.24988800684223642,6.1606077054440335e-18,3.69636462326642e-17,8.442097882008199e-17,5.909468517405739e-16,6.9507033485237e-08,4.86549234396659e-07,1.212046868592813e-08,1.0433837493362666e-12,5.2682622943057686e-06,1.125463539468535e-16,9.266373479389709e-08,9.266373490644344e-08
pynucastro,50.0,0.14285714285714285,7.0,313.03648014329156,0.7946407091733597,794640709.1733598,1.0252057499927999e-05,6.067105613871328e-10,6.067105613871328,1.0,2.0981604407282623e-14,2.0981604407282623e-14,0.7500996332883033,0.7500996332883033,9.038681854108486e-09,1.8077363708216973e-08,7.741053218761676e-13,2.3223159656285027e-12,3.951673562155442e-06,1.1855020686466325e-05,0.062472001734126856,0.24988800693650742,6.103727038596716e-18,3.66223622315803e-17,8.363987411393272e-17,5.85479118797529e-16,6.95249707588753e-08,4.866747953121271e-07,1.2049975033962506e-08,1.0320033333207052e-12,5.268198232322829e-06,1.1150501933625857e-16,9.268764797829617e-08,9.268764808980119e-08
pynucastro,50.0,0.14285714285714285,7.0,314.38095208448334,0.7928420441051707,792842044.1051707,1.0187284277736599e-05,6.069897530954236e-10,6.069897530954236,1.0,2.067057039193837e-14,2.067057039193837e-14,0.7500996333180778,0.7500996333180778,8.986404554132299e-09,1.7972809108264598e-08,7.657077651103246e-13,2.297123295330974e-12,3.951626031781445e-06,1.1854878095344336e-05,0.06247200175741851,0.24988800702967404,6.047633594812199e-18,3.628580156887319e-17,8.287128394098333e-17,5.8009898758688335e-16,6.954271790790801e-08,4.86799025355356e-07,1.1980281225283092e-08,1.0208080781525035e-12,5.268134866699459e-06,1.1048036855370915e-16,9.271130769693178e-08,9.271130780741215e-08
pynucastro,50.0,0.14285714285714285,7.0,315.7311984478758,0.7910462861987515,791046286.1987514,1.0122934342356586e-05,6.072725968215501e-10,6.072725968215502,1.0000000000000002,2.0365374855160246e-14,2.0365374855160246e-14,0.7500996333475239,0.7500996333475239,8.934719055508033e-09,1.7869438111016066e-08,7.574463766579168e-13,2.2723391299737505e-12,3.951579018503694e-06,1.1854737055511083e-05,0.06247200178043807,0.24988800712175227,5.992315090986144e-18,3.5953890545916866e-17,8.211497332723165e-17,5.748048132906216e-16,6.956027673058892e-08,4.869219371141225e-07,1.1911376380274198e-08,1.0097943566211411e-12,5.268072190448483e-06,1.0947208834214625e-16,9.273471634715676e-08,9.273471645662885e-08
pynucastro,50.0,0.14285714285714285,7.0,317.08724403424833,0.789253429701532,789253429.701532,1.0059004941787615e-05,6.075591138468636e-10,6.075591138468636,1.0000000000000002,2.006588901750167e-14,2.006588901750167e-14,0.7500996333766445,0.7500996333766445,8.883617329094883e-09,1.7767234658189765e-08,7.493184974615178e-13,2.2479554923845535e-12,3.951532517133394e-06,1.1854597551400182e-05,0.062472001803189466,0.24988800721275786,5.937759202130792e-18,3.5626555212784755e-17,8.137071237532032e-17,5.695949866272423e-16,6.957764901005502e-08,4.870435430703852e-07,1.1843249794836504e-08,9.989586237876023e-13,5.268010196652405e-06,1.0847987221247177e-16,9.275787630617102e-08,9.275787641465089e-08
pynucastro,50.0,0.14285714285714285,7.0,318.4491137508984,0.7874634688914284,787463468.8914284,9.995493341265758e-06,6.078493255498605e-10,6.078493255498604,1.0000000000000002,1.9771987295266518e-14,1.9771987295266518e-14,0.7500996334054435,0.7500996334054435,8.833091476131703e-09,1.7666182952263406e-08,7.413215291103919e-13,2.2239645873311756e-12,3.951486522533961e-06,1.1854459567601885e-05,0.06247200182567656,0.24988800730270624,5.8839540827353725e-18,3.5303724496412235e-17,8.063827726779397e-17,5.644679408745578e-16,6.959483651427281e-08,4.871638555999096e-07,1.1775890938687134e-08,9.882974155643843e-13,5.26794887846333e-06,1.0750342178104679e-16,9.278078993094967e-08,9.27807900384531e-08
pynucastro,50.0,0.14285714285714285,7.0,319.8168326120976,0.7856763980767121,785676398.0767121,9.932396823164329e-06,6.081432534073185e-10,6.081432534073185,0.9999999999999999,1.9483547219427525e-14,1.9483547219427525e-14,0.7500996334339237,0.7500996334339237,8.78313372397563e-09,1.756626744795126e-08,7.334529314428472e-13,2.2003587943285418e-12,3.951441029619575e-06,1.1854323088858724e-05,0.06247200184790318,0.2498880073916127,5.830887387977005e-18,3.498532432786203e-17,7.991744853754831e-17,5.594221397628382e-16,6.961184099643062e-08,4.872828869750144e-07,1.1709289449678602e-08,9.778073455190632e-13,5.267888229101044e-06,1.0654244446393033e-16,9.280345955876638e-08,9.280345966530882e-08
pynucastro,50.0,0.14285714285714285,7.0,321.1904257395534,0.7838922115958746,783892211.5958747,9.869712686894956e-06,6.084409189954462e-10,6.084409189954462,1.0,1.9200449312262973e-14,1.9200449312262973e-14,0.7500996334620889,0.7500996334620889,8.733736423768321e-09,1.7467472847536642e-08,7.257102210301402e-13,2.1771306630904204e-12,3.951396033354619e-06,1.1854188100063857e-05,0.06247200186987303,0.2498880074794921,5.77854698214251e-18,3.467128189285506e-17,7.920801165460822e-17,5.544560815822575e-16,6.962866419503781e-08,4.874006493652646e-07,1.1643435130687526e-08,9.674851028530982e-13,5.267828241852258e-06,1.0559665425914584e-16,9.282588750732532e-08,9.282588761292197e-08
pynucastro,50.0,0.14285714285714285,7.0,322.5699183628684,0.7821109038174975,782110903.8174975,9.80743824880937e-06,6.087423439910387e-10,6.0874234399103875,1.0,1.8922577054133535e-14,1.8922577054133535e-14,0.750099633489942,0.750099633489942,8.684892047972168e-09,1.7369784095944335e-08,7.180909697036863e-13,2.154272909111059e-12,3.951351528753011e-06,1.1854054586259033e-05,0.06247200189158981,0.24988800756635923,5.726921365493671e-18,3.4361528192962026e-17,7.850975585064985e-17,5.49568290954549e-16,6.964530783408989e-08,4.875171548386292e-07,1.1578317946330022e-08,9.573274504383757e-13,5.267768910069723e-06,1.0466577017958585e-16,9.284807607498151e-08,9.284807617964728e-08
pynucastro,50.0,0.14285714285714285,7.0,323.955335820006,0.7803324691401176,780332469.1401175,9.745570842101454e-06,6.090475501726453e-10,6.090475501726454,1.0000000000000002,1.8649816816528958e-14,1.8649816816528958e-14,0.7500996335174864,0.7500996335174864,8.636593188726995e-09,1.727318637745399e-08,7.105928034811395e-13,2.1317784104434185e-12,3.951307510877876e-06,1.1853922532633628e-05,0.0624720019130571,0.2498880076522284,5.675999828441129e-18,3.405599897064677e-17,7.782247562287764e-17,5.447573293601435e-16,6.966177362310744e-08,4.876324153617521e-07,1.1513928020770934e-08,9.473312233855053e-13,5.267710227171791e-06,1.0374951825791478e-16,9.287002754079266e-08,9.287002764454218e-08
pynucastro,50.0,0.14285714285714285,7.0,325.34670355775296,0.7785569019920985,778556901.9920985,9.684107816709967e-06,6.093565594217444e-10,6.093565594217444,1.0000000000000002,1.8382057690938208e-14,1.8382057690938208e-14,0.7500996335447252,0.7500996335447252,8.588832552327836e-09,1.717766510465567e-08,7.032133996837933e-13,2.1096401990513797e-12,3.9512639748393924e-06,1.1853791924518176e-05,0.062472001934278494,0.24988800773711398,5.625771301327944e-18,3.375462780796766e-17,7.714596940371581e-17,5.400217858260107e-16,6.967806325775861e-08,4.877464428043103e-07,1.145025563036183e-08,9.37493325200863e-13,5.267652186639544e-06,1.0284762977305992e-16,9.289174416534895e-08,9.289174426819658e-08
pynucastro,50.0,0.14285714285714285,7.0,326.7440471321901,0.7767841968314965,776784196.8314965,9.623046539221533e-06,6.096693937239292e-10,6.096693937239292,1.0000000000000002,1.811919159038323e-14,1.811919159038323e-14,0.7500996335716617,0.7500996335716617,8.54160296466991e-09,1.708320592933982e-08,6.959504888468462e-13,2.0878514665405385e-12,3.951220915798199e-06,1.1853662747394597e-05,0.062472001955257456,0.24988800782102982,5.576223961450013e-18,3.345734376870008e-17,7.648004077412576e-17,5.353602854188803e-16,6.969417841869705e-08,4.878592489308794e-07,1.1387291210900023e-08,9.278107303332762e-13,5.2675947820213335e-06,1.0195984286775305e-16,9.291322818922393e-08,9.291322829118377e-08
pynucastro,50.0,0.14285714285714285,7.0,328.14739220915834,0.7750143481459326,775014348.1459327,9.56238439277432e-06,6.099860751701022e-10,6.099860751701022,1.0000000000000002,1.786111300119128e-14,1.786111300119128e-14,0.7500996335982988,0.7500996335982988,8.494897361523723e-09,1.6989794723047447e-08,6.888018503700303e-13,2.0664055511100907e-12,3.951178328960707e-06,1.1853534986882121e-05,0.06247200197599741,0.24988800790398963,5.5273473533807904e-18,3.316408412028474e-17,7.582449724503272e-17,5.30771480715229e-16,6.971012077303484e-08,4.879708454112439e-07,1.1325025344663747e-08,9.182804783756296e-13,5.2675380069265354e-06,1.0108590092398185e-16,9.293448183493813e-08,9.293448193602403e-08
pynucastro,50.0,0.14285714285714285,7.0,329.5567645647334,0.7732473504524597,773247350.4524597,9.50211877696197e-06,6.103066259576803e-10,6.103066259576804,1.0,1.7607719095913827e-14,1.7607719095913827e-14,0.7500996336246396,0.7500996336246396,8.4487087956809e-09,1.68974175913618e-08,6.817653148073965e-13,2.0452959444221897e-12,3.951136209583767e-06,1.1853408628751302e-05,0.06247200199650173,0.2498880079860069,5.479131022560393e-18,3.2874786135362357e-17,7.517915060402631e-17,5.262540542281842e-16,6.972589197273441e-08,4.880812438091409e-07,1.1263448769938677e-08,9.088996771175088e-13,5.2674818550317696e-06,1.0022555302519587e-16,9.295550730481522e-08,9.295550740504078e-08
pynucastro,50.0,0.14285714285714285,7.0,330.972190085696,0.7714831982974342,771483198.2974342,9.442247107738196e-06,6.106310683918087e-10,6.106310683918087,1.0,1.7358909555038468e-14,1.7358909555038468e-14,0.7500996336506874,0.7500996336506874,8.40303042986369e-09,1.680606085972738e-08,6.748387606949408e-13,2.0245162820848224e-12,3.95109455297131e-06,1.185328365891393e-05,0.062472002016773734,0.24988800806709494,5.431564881626763e-18,3.258938928976058e-17,7.454381660334409e-17,5.218067162234086e-16,6.974149365565863e-08,4.881904555896104e-07,1.1202552371565192e-08,8.996654983159281e-13,5.267426320076419e-06,9.937855354033977e-17,9.297630678238195e-08,9.29763068817605e-08
pynucastro,50.0,0.14285714285714285,7.0,332.39369477001054,0.769721886256385,769721886.2563851,9.382766817321686e-06,6.109594248865859e-10,6.109594248865859,0.9999999999999999,1.7114586380297672e-14,1.7114586380297672e-14,0.750099633676445,0.750099633676445,8.357855528727706e-09,1.6715711057455412e-08,6.680201110199195e-13,2.0040603330597587e-12,3.951053354470465e-06,1.1853160063411395e-05,0.06247200203681667,0.2498880081472667,5.384638384146425e-18,3.230783030487855e-17,7.391831471874761e-17,5.174282030312333e-16,6.975692744678874e-08,4.882984921275211e-07,1.114232717027677e-08,8.905751729883786e-13,5.267371395857459e-06,9.854466180239761e-17,9.299688243399188e-08,9.299688253253654e-08
pynucastro,50.0,0.14285714285714285,7.0,333.82130472729943,0.7679634089338861,767963408.9338862,9.323675354101587e-06,6.11291717966297e-10,6.11291717966297,1.0000000000000002,1.687465392968479e-14,1.687465392968479e-14,0.7500996337019157,0.7500996337019157,8.313177461474928e-09,1.6626354922949857e-08,6.6130733387927e-13,1.98392200163781e-12,3.9510126094735645e-06,1.1853037828420694e-05,0.06247200205663376,0.24988800822653504,5.338341418418023e-18,3.203004851050814e-17,7.330246834002264e-17,5.131172783801585e-16,6.977219495751058e-08,4.884053647025741e-07,1.1082764326183535e-08,8.816259922906041e-13,5.267317076232128e-06,9.772364236235919e-17,9.301723640787373e-08,9.301723650559738e-08
pynucastro,50.0,0.14285714285714285,7.0,335.25504617932586,0.7662077609634255,766207760.9634255,9.264970182543369e-06,6.116279702666586e-10,6.116279702666586,1.0000000000000002,1.6639019005368283e-14,1.6639019005368283e-14,0.7500996337271022,0.7500996337271022,8.268989708187782e-09,1.6537979416375565e-08,6.546984443925664e-13,1.964095333177699e-12,3.950972313422466e-06,1.1852916940267399e-05,0.06247200207622813,0.2498880083049125,5.292664095784138e-18,3.175598457470483e-17,7.269610484436605e-17,5.088727339105624e-16,6.978729778411109e-08,4.885110844887776e-07,1.1023855147216573e-08,8.728153100668701e-13,5.2672633551236885e-06,9.691526508705644e-17,9.303737083212705e-08,9.303737092904231e-08
pynucastro,50.0,0.14285714285714285,7.0,336.69494546047235,0.7644549370072788,764454937.0072788,9.206648783095232e-06,6.119682045360726e-10,6.119682045360726,1.0,1.64075905188236e-14,1.64075905188236e-14,0.7500996337520073,0.7500996337520073,8.225285843208194e-09,1.6450571686416388e-08,6.481914980964429e-13,1.9445744942893287e-12,3.950932461799539e-06,1.1852797385398617e-05,0.062472002095602906,0.24988800838241162,5.247597108190587e-18,3.1485582649143523e-17,7.209905509786273e-17,5.046933856850391e-16,6.980223751072367e-08,4.886156625750656e-07,1.0965591066969618e-08,8.641405340436994e-13,5.267210226509414e-06,9.611930449455415e-17,9.30572878186489e-08,9.30572879147682e-08
pynucastro,50.0,0.14285714285714285,7.0,338.14102901822696,0.7627049317563791,762704931.7563791,9.14870865209488e-06,6.123124436368923e-10,6.123124436368923,1.0,1.618027956136432e-14,1.618027956136432e-14,0.7500996337766341,0.7500996337766341,8.182059540097811e-09,1.6364119080195622e-08,6.417845924824228e-13,1.9253537774472686e-12,3.9508930501310145e-06,1.1852679150393043e-05,0.0624720021147611,0.2498880084590444,5.203130919600178e-18,3.1218785517601064e-17,7.1511153456469e-17,5.00578074195283e-16,6.981701570816029e-08,4.887191099571221e-07,1.0907963651311791e-08,8.555991278800363e-13,5.26715768442505e-06,9.533553975546095e-17,9.307698946157666e-08,9.30769895569122e-08
pynucastro,50.0,0.14285714285714285,7.0,339.59332341366814,0.7609577399301904,760957739.9301904,9.091147301676834e-06,6.126607105466961e-10,6.12660710546696,1.0,1.5956999446984394e-14,1.5956999446984394e-14,0.7500996338009855,0.7500996338009855,8.139304575483464e-09,1.6278609150966928e-08,6.354758680018654e-13,1.906427604005596e-12,3.950854073989876e-06,1.1852562221969627e-05,0.062472002133705726,0.2498880085348229,5.159256049814093e-18,3.0955536298884556e-17,7.093223792531398e-17,4.965256654771978e-16,6.983163393289182e-08,4.888214375302428e-07,1.0850964603514208e-08,8.471886125069996e-13,5.267105722968672e-06,9.456375490530307e-17,9.309647783592889e-08,9.309647793049264e-08
pynucastro,50.0,0.14285714285714285,7.0,341.0518553219516,0.7592133562765807,759213356.2765807,9.033962259680196e-06,6.130130283595728e-10,6.1301302835957285,1.0000000000000002,1.5737665535377356e-14,1.5737665535377356e-14,0.7500996338250645,0.7500996338250645,8.097014820875413e-09,1.6194029641750825e-08,6.292635046840488e-13,1.8877905140521465e-12,3.950815528991625e-06,1.1852446586974874e-05,0.06247200215243972,0.24988800860975888,5.1159629986158464e-18,3.069577799169508e-17,7.036214984612993e-17,4.925350489229095e-16,6.984609372840168e-08,4.889226560988117e-07,1.0794585753342426e-08,8.389065616192574e-13,5.267054336295036e-06,9.380373842782002e-17,9.311575499940976e-08,9.31157550932135e-08
pynucastro,50.0,0.14285714285714285,7.0,342.5166515328014,0.757471775571694,757471775.571694,8.977151069556838e-06,6.133694202874194e-10,6.133694202874194,0.9999999999999998,1.552219516544323e-14,1.552219516544323e-14,0.7500996338488733,0.7500996338488733,8.055184240388092e-09,1.6110368480776184e-08,6.231457209777428e-13,1.8694371629332283e-12,3.950777410793466e-06,1.1852332232380398e-05,0.06247200217096597,0.24988800868386388,5.073242921818207e-18,3.043945753090924e-17,6.98007338724214e-17,4.886051371069498e-16,6.986039662541339e-08,4.890227763778937e-07,1.0738819054017847e-08,8.307506001306639e-13,5.267003518614503e-06,9.305528322186135e-17,9.313482299271266e-08,9.313482308576794e-08
pynucastro,50.0,0.14285714285714285,7.0,343.98773895100237,0.7557329926198232,755732992.6198232,8.920711290280006e-06,6.137299096612459e-10,6.137299096612459,0.9999999999999999,1.5310507615430694e-14,1.5310507615430694e-14,0.7500996338724154,0.7500996338724154,8.013806889678615e-09,1.602761377935723e-08,6.17120773047294e-13,1.851362319141882e-12,3.950739715094186e-06,1.185221914528256e-05,0.06247200218928734,0.24988800875714937,5.031087304177231e-18,3.018652382506339e-17,6.924783789269058e-17,4.84734865248834e-16,6.987454414188093e-08,4.891218089931665e-07,1.0683656580802552e-08,8.227184032358296e-13,5.266953264192858e-06,9.231818649903376e-17,9.315368383950698e-08,9.315368393182517e-08
pynucastro,50.0,0.14285714285714285,7.0,345.46514459689365,0.7539970022532845,753997002.2532845,8.864640496253484e-06,6.140945199324943e-10,6.140945199324943,0.9999999999999999,1.51025241836997e-14,1.51025241836997e-14,0.7500996338956931,0.7500996338956931,7.972876921801267e-09,1.5945753843602533e-08,6.111869565032461e-13,1.8335608695097383e-12,3.950702437638248e-06,1.1852107312914744e-05,0.062472002207406625,0.2498880088296265,4.989487571488528e-18,2.993692542893117e-17,6.870331315831358e-17,4.80923192108195e-16,6.988853778155621e-08,4.892197644708935e-07,1.0629090538804281e-08,8.148076987173096e-13,5.26690356735679e-06,9.159224995418046e-17,9.317233954452873e-08,9.317233963612098e-08
pynucastro,50.0,0.14285714285714285,7.0,346.9488956068643,0.7522637993322923,752263799.3322923,8.808936277221188e-06,6.144632746743656e-10,6.144632746743657,0.9999999999999999,1.4898167950744058e-14,1.4898167950744058e-14,0.7500996339187093,0.7500996339187093,7.932388575118223e-09,1.5864777150236446e-08,6.05342601759193e-13,1.8160278052775791e-12,3.950665574209056e-06,1.1851996722627169e-05,0.06247200222532657,0.24988800890130627,4.948434778461844e-18,2.9690608670771066e-17,6.816701387518801e-17,4.771690971263161e-16,6.990237903620551e-08,4.893166532534386e-07,1.0575113246859525e-08,8.070162607555625e-13,5.266854422484897e-06,9.087727922098346e-17,9.319079209653508e-08,9.319079218741236e-08
pynucastro,50.0,0.14285714285714285,7.0,348.4390192338527,0.7505333787448325,750533378.7448325,8.753596238177114e-06,6.148361975831602e-10,6.148361975831602,0.9999999999999998,1.4697363809298652e-14,1.4697363809298652e-14,0.7500996339414665,0.7500996339414665,7.892336176017303e-09,1.5784672352034606e-08,5.995860747131355e-13,1.7987582241394063e-12,3.9506291206310765e-06,1.185188736189323e-05,0.062472002243049884,0.24988800897219954,4.907919951102313e-18,2.944751970661388e-17,6.763879724537556e-17,4.734715807176289e-16,6.99160693848504e-08,4.894124856939528e-07,1.0521717141156711e-08,7.993419108373059e-13,5.266805824010522e-06,9.017308392747957e-17,9.320904346729257e-08,9.320904355746566e-08
pynucastro,50.0,0.14285714285714285,7.0,349.93554284784733,0.7488057354065369,748805735.4065369,8.698617999275832e-06,6.152133124796281e-10,6.152133124796281,0.9999999999999999,1.4500038394633156e-14,1.4500038394633156e-14,0.7500996339639676,0.7500996339639676,7.852714136078188e-09,1.5705428272156376e-08,5.939157754532139e-13,1.7817473263596418e-12,3.950593072768614e-06,1.1851779218305842e-05,0.062472002260579224,0.2498880090423169,4.867935211721637e-18,2.9207611270329823e-17,6.71185234014116e-17,4.698296638098812e-16,6.992961029413533e-08,4.895072720589473e-07,1.046889477145833e-08,7.917825160300555e-13,5.266757766420118e-06,8.947947760848495e-17,9.322709561206709e-08,9.322709570154656e-08
pynucastro,50.0,0.14285714285714285,7.0,351.4384939363891,0.7470808642605589,747080864.2605588,8.643999195743378e-06,6.155946433103297e-10,6.155946433103297,0.9999999999999998,1.430612015614895e-14,1.430612015614895e-14,0.7500996339862152,0.7500996339862152,7.813516957476848e-09,1.5627033914953696e-08,5.883301398055326e-13,1.7649904194165977e-12,3.950557426529683e-06,1.1851672279589049e-05,0.06247200227791722,0.2498880091116689,4.828472963656774e-18,2.897083778194064e-17,6.660605553347327e-17,4.662423887343129e-16,6.994300321696375e-08,4.896010225187462e-07,1.0416638808305883e-08,7.843359910456169e-13,5.26671024425841e-06,8.879627787513001e-17,9.32449504678056e-08,9.324495055660188e-08
pynucastro,50.0,0.14285714285714285,7.0,352.9479001050752,0.7453587602774498,745358760.2774498,8.589737477788691e-06,6.159802141490098e-10,6.159802141490098,0.9999999999999998,1.4115539141888657e-14,1.4115539141888657e-14,0.7500996340082118,0.7500996340082118,7.774739221555814e-09,1.5549478443111627e-08,5.828276350837718e-13,1.7484829052513154e-12,3.950522177859461e-06,1.1851566533578382e-05,0.062472002295066435,0.24988800918026574,4.7895257803730276e-18,2.873715468223817e-17,6.610125954900535e-17,4.627088168430374e-16,6.99562495946713e-08,4.896937471626991e-07,1.036494202778227e-08,7.770002925736546e-13,5.266663252119667e-06,8.812330596108743e-17,9.326260995603345e-08,9.326261004415676e-08
pynucastro,50.0,0.14285714285714285,7.0,354.46378907806843,0.7436394184550327,743639418.4550327,8.535830510515295e-06,6.163700491979808e-10,6.163700491979808,0.9999999999999998,1.3928227037147556e-14,1.3928227037147556e-14,0.7500996340299602,0.7500996340299602,7.736375592158984e-09,1.5472751184317968e-08,5.774067609932423e-13,1.7322202829797268e-12,3.950487322742793e-06,1.185146196822838e-05,0.06247200231202942,0.2498880092481177,4.7510840820881634e-18,2.850650449252898e-17,6.560400412122554e-17,4.592280288485788e-16,6.996935085613657e-08,4.89785455992956e-07,1.0313797315957603e-08,7.697734204869372e-13,5.2666167846510435e-06,8.746038678723741e-17,9.328007598166871e-08,9.32800760691291e-08
pynucastro,50.0,0.14285714285714285,7.0,355.98618869860377,0.741922833818281,741922833.8182809,8.482275973833686e-06,6.167641727895195e-10,6.167641727895195,0.9999999999999999,1.3744117097927062e-14,1.3744117097927062e-14,0.7500996340514626,0.7500996340514626,7.69842081263671e-09,1.539684162527342e-08,5.720660483205212e-13,1.7161981449615636e-12,3.950452857202821e-06,1.1851358571608463e-05,0.062472002328808666,0.24988800931523467,4.7131409239521054e-18,2.8278845543712634e-17,6.511416056817971e-17,4.55799123977258e-16,6.998230841820156e-08,4.89876158927411e-07,1.0263197664896525e-08,7.626534160944185e-13,5.266570836550748e-06,8.680734880042932e-17,9.329735043358284e-08,9.329735052039019e-08
pynucastro,50.0,0.14285714285714285,7.0,357.51512692950257,0.7402090014191923,740209001.4191923,8.42907156237391e-06,6.171626093872737e-10,6.171626093872737,0.9999999999999999,1.3563144199665646e-14,1.3563144199665646e-14,0.7500996340727218,0.7500996340727218,7.660869710008149e-09,1.5321739420016298e-08,5.668040600538701e-13,1.7004121801616103e-12,3.9504187773041045e-06,1.1851256331912313e-05,0.06247200234540662,0.24988800938162647,4.675688976848957e-18,2.805413386109374e-17,6.463160296589688e-17,4.524212207612782e-16,6.999512368456088e-08,4.899658657919262e-07,1.0213136178207269e-08,7.556383636349284e-13,5.2665254025722046e-06,8.616402412433503e-17,9.33144351831198e-08,9.331443526928383e-08
pynucastro,50.0,0.14285714285714285,7.0,359.0506318536833,0.7384979163366681,738497916.336668,8.37621498539878e-06,6.175653835876821e-10,6.175653835876822,1.0,1.3385244670504612e-14,1.3385244670504612e-14,0.7500996340937403,0.7500996340937403,7.623717185905976e-09,1.524743437181195e-08,5.616193880663082e-13,1.6848581641989245e-12,3.95038507914739e-06,1.185115523744217e-05,0.06247200236182568,0.24988800944730272,4.6387208763061844e-18,2.7832325257837105e-17,6.415620786113127e-17,4.490934550279189e-16,7.000779804750499e-08,4.90054586332535e-07,1.0163606058969543e-08,7.487263858551921e-13,5.266480477517082e-06,8.553024817648911e-17,9.333133208641998e-08,9.333133217195023e-08
pynucastro,50.0,0.14285714285714285,7.0,360.5927316746801,0.7367895736763876,736789573.6763877,8.323703966717383e-06,6.179725201214048e-10,6.1797252012140484,0.9999999999999998,1.3210356310076081e-14,1.3210356310076081e-14,0.7500996341145205,0.7500996341145205,7.586958218645781e-09,1.5173916437291562e-08,5.565106535743374e-13,1.669531960723012e-12,3.950351758871343e-06,1.1851055276614028e-05,0.06247200237806822,0.24988800951227289,4.6022287038249355e-18,2.7613372222949613e-17,6.36878543237536e-17,4.458149802662752e-16,7.002033288728563e-08,4.901423302109994e-07,1.0114600612493369e-08,7.419156446213821e-13,5.266436056237601e-06,8.490585973813464e-17,9.334804298357432e-08,9.334804306848017e-08
pynucastro,50.0,0.14285714285714285,7.0,362.14145471715835,0.7350839685706895,735083968.5706894,8.27153624459917e-06,6.183840438547666e-10,6.183840438547666,0.9999999999999998,1.3038418338072287e-14,1.3038418338072287e-14,0.7500996341350649,0.7500996341350649,7.550587861043516e-09,1.510117572208703e-08,5.51476506168367e-13,1.654429518505101e-12,3.950318812651621e-06,1.1850956437954864e-05,0.06247200239413659,0.24988800957654636,4.566205417947645e-18,2.739723250768587e-17,6.322642385881469e-17,4.4258496701170287e-16,7.003272957239829e-08,4.90229107006788e-07,1.0066113243409392e-08,7.352043396265231e-13,5.266392133635299e-06,8.429070083699039e-17,9.336456969900084e-08,9.336456978329154e-08
pynucastro,50.0,0.14285714285714285,7.0,363.69682942743725,0.7333810961784454,733381096.1784453,8.21970957168833e-06,6.187999797912122e-10,6.187999797912122,0.9999999999999999,1.2869371409708217e-14,1.2869371409708217e-14,0.7500996341553758,0.7500996341553758,7.514601242424454e-09,1.502920248484891e-08,5.46515624218711e-13,1.639546872656133e-12,3.950286236702619e-06,1.1850858710107856e-05,0.06247200241003308,0.24988800964013233,4.5306441301908625e-18,2.7183864781145175e-17,6.277180044279414e-17,4.3940260309955897e-16,7.004498945893564e-08,4.903149262125495e-07,1.0018137458347137e-08,7.285907089317493e-13,5.266348704663353e-06,8.368461679557568e-17,9.338091404058263e-08,9.338091412426725e-08
pynucastro,50.0,0.14285714285714285,7.0,365.2588843740098,0.7316809516849417,731680951.6849418,8.168221714918742e-06,6.192203530727728e-10,6.192203530727728,0.9999999999999999,1.2703157520280513e-14,1.2703157520280513e-14,0.7500996341754558,0.7500996341754558,7.478993563614509e-09,1.4957987127229017e-08,5.416267129928133e-13,1.6248801389784399e-12,3.950254027274702e-06,1.1850762081824107e-05,0.06247200242575995,0.2498880097030398,4.495538145705605e-18,2.697322887423363e-17,6.23238703611098e-17,4.3626709252776856e-16,7.00571138915018e-08,4.903997972405126e-07,9.970666859257656e-09,7.220730264562713e-13,5.266305764322902e-06,8.308745601458542e-17,9.339707780088683e-08,9.339707788397429e-08
pynucastro,50.0,0.14285714285714285,7.0,366.82764824807,0.7299835303017559,729983530.3017559,8.117070455429231e-06,6.196451889815473e-10,6.1964518898154735,0.9999999999999997,1.253971997992066e-14,1.253971997992066e-14,0.7500996341953071,0.7500996341953071,7.443760096240765e-09,1.488752019248153e-08,5.368085042095572e-13,1.6104255126286717e-12,3.950222180654165e-06,1.1850666541962493e-05,0.062472002441319396,0.24988800976527759,4.4608802058958236e-18,2.6765281235374942e-17,6.188252217076541e-17,4.3317765519535785e-16,7.006910420318818e-08,4.904837294223172e-07,9.923695142481027e-09,7.15649601383202e-13,5.266263307662973e-06,8.249906992309338e-17,9.341306275713226e-08,9.341306283963133e-08
pynucastro,50.0,0.14285714285714285,7.0,368.40314986403865,0.7282888272666357,728288827.2666357,8.066253588479358e-06,6.20074512941193e-10,6.2007451294119305,0.9999999999999998,1.2379003391192317e-14,1.2379003391192317e-14,0.7500996342149322,0.7500996342149322,7.40889618221964e-09,1.481779236443928e-08,5.320597556515259e-13,1.5961792669545776e-12,3.950190693163314e-06,1.185057207948994e-05,0.06247200245671366,0.24988800982685463,4.426663345882478e-18,2.6559980075294867e-17,6.144764667138922e-17,4.3013352669972453e-16,7.00809617155039e-08,4.905667320085273e-07,9.877216098063991e-09,7.093187776426383e-13,5.266221329780616e-06,8.191931293994221e-17,9.342887067109678e-08,9.342887075301609e-08
pynucastro,50.0,0.14285714285714285,7.0,369.985418160092,0.7265968378433798,726596837.8433799,8.01576892336563e-06,6.205083505184313e-10,6.205083505184312,0.9999999999999997,1.22209536069295e-14,1.22209536069295e-14,0.7500996342343333,0.7500996342343333,7.374397231931369e-09,1.4748794463862738e-08,5.273792503639099e-13,1.5821377510917296e-12,3.950159561159704e-06,1.1850478683479112e-05,0.06247200247194485,0.2498880098877794,4.392881245272704e-18,2.6357287471636226e-17,6.101913683726428e-17,4.2713395786085e-16,7.009268773860837e-08,4.906488141702585e-07,9.831223607326258e-09,7.030789328436801e-13,5.266179825819862e-06,8.134804238312923e-17,9.344450328942729e-08,9.344450337077533e-08
pynucastro,50.0,0.14285714285714285,7.0,371.57448219869394,0.7249075573217162,724907557.3217162,7.965614283338052e-06,6.209467274245641e-10,6.2094672742456405,0.9999999999999996,1.2065517744107234e-14,1.2065517744107234e-14,0.7500996342535128,0.7500996342535128,7.340258726089199e-09,1.4680517452178398e-08,5.227657970221779e-13,1.5682973910665336e-12,3.950128781037803e-06,1.1850386343113409e-05,0.062472002487015094,0.24988800994806037,4.359527698077204e-18,2.6157166188463224e-17,6.059688785063929e-17,4.24178214954475e-16,7.010428357069321e-08,4.907299849948524e-07,9.78571164535243e-09,6.969284787645924e-13,5.266138790973959e-06,8.07851185142149e-17,9.34599623428158e-08,9.345996242360092e-08
pynucastro,50.0,0.14285714285714285,7.0,373.1703711671305,0.7232209810171815,723220981.0171815,7.915787505517207e-06,6.213896695170059e-10,6.2138966951700585,0.9999999999999994,1.1912644084200121e-14,1.1912644084200121e-14,0.7500996342724731,0.7500996342724731,7.306476210045944e-09,1.4612952420091887e-08,5.182182279245551e-13,1.5546546837736652e-12,3.950098349225625e-06,1.1850295047676876e-05,0.062472002501926485,0.24988801000770594,4.326596289217445e-18,2.5959577735304672e-17,6.018079692866802e-17,4.2126557850067617e-16,7.011575049911331e-08,4.908102534937932e-07,9.740674273401756e-09,6.908658586764659e-13,5.266098220480875e-06,8.023040430760616e-17,9.347524954750722e-08,9.347524962773762e-08
pynucastro,50.0,0.14285714285714285,7.0,374.7731143780453,0.7215371042710016,721537104.2710016,7.866286440811682e-06,6.218372028008256e-10,6.218372028008257,0.9999999999999997,1.176228207665484e-14,1.176228207665484e-14,0.7500996342912163,0.7500996342912163,7.273045294852465e-09,1.454609058970493e-08,5.137353991316563e-13,1.541206197394969e-12,3.95006826218582e-06,1.1850204786557461e-05,0.06247200251668105,0.2498880100667242,4.294080041262573e-18,2.5764480247575437e-17,5.977076333627801e-17,4.183953433539461e-16,7.012708979997362e-08,4.908896285998154e-07,9.696105640319245e-09,6.84889547529369e-13,5.266058109624752e-06,7.968376546771225e-17,9.349036660474853e-08,9.34903666844323e-08
pynucastro,50.0,0.14285714285714285,7.0,376.3827412699772,0.7198559224499738,719855922.4499737,7.817108953836043e-06,6.22289353430303e-10,6.22289353430303,0.9999999999999997,1.1614382306872429e-14,1.1614382306872429e-14,0.7500996343097446,0.7500996343097446,7.239961655964212e-09,1.4479923311928424e-08,5.093161898644933e-13,1.5279485695934798e-12,3.950038516415213e-06,1.1850115549245638e-05,0.06247200253128084,0.24988801012512335,4.2619727763248885e-18,2.5571836657949332e-17,5.936668833633405e-17,4.1556681835433833e-16,7.013830273825702e-08,4.909681191677991e-07,9.651999980811292e-09,6.789980511497987e-13,5.266018453735297e-06,7.914507036250506e-17,9.350531520095935e-08,9.350531528010442e-08
pynucastro,50.0,0.14285714285714285,7.0,377.9992814079016,0.7181774309463457,718177430.9463457,7.768252922829091e-06,6.227461477104999e-10,6.227461477104999,0.9999999999999994,1.146889646508319e-14,1.146889646508319e-14,0.7500996343280601,0.7500996343280601,7.2072210319617946e-09,1.4414442063923589e-08,5.049595019170187e-13,1.514878505751056e-12,3.950009108444324e-06,1.1850027325332972e-05,0.0624720025457278,0.2498880101829112,4.23026903110406e-18,2.538161418662436e-17,5.896847514046991e-17,4.127793259832894e-16,7.014939056795535e-08,4.910457339756874e-07,9.608351613739991e-09,6.731899054575087e-13,5.265979248187136e-06,7.861418995796994e-17,9.352009700790647e-08,9.352009708652066e-08
pynucastro,50.0,0.14285714285714285,7.0,379.6227644837745,0.7165016251776964,716501625.1776965,7.719716239572572e-06,6.232076120988408e-10,6.232076120988408,0.9999999999999997,1.132577734519001e-14,1.132577734519001e-14,0.7500996343461654,0.7500996343461654,7.174819225338608e-09,1.4349638450677215e-08,5.006642597012255e-13,1.5019927791036763e-12,3.9499800348383116e-06,1.1849940104514934e-05,0.06247200256002393,0.24988801024009571,4.198963279032894e-18,2.5193779674197364e-17,5.857602891454299e-17,4.1003220240180094e-16,7.016035453170815e-08,4.911224817219571e-07,9.565154943173165e-09,6.674636765256342e-13,5.265940488401071e-06,7.809099782537767e-17,9.35347136822222e-08,9.35347137603132e-08
pynucastro,50.0,0.14285714285714285,7.0,381.25322031707697,0.7148285005868188,714828500.5868188,7.671496809310394e-06,6.236737732067121e-10,6.2367377320671205,0.9999999999999998,1.1184978773998237e-14,1.1184978773998237e-14,0.7500996343640626,0.7500996343640626,7.142752098414656e-09,1.4285504196829311e-08,4.96429408815966e-13,1.4892882264478979e-12,3.9499512921945594e-06,1.1849853876583678e-05,0.06247200257417112,0.24988801029668448,4.168049084363653e-18,2.5008294506181918e-17,5.818925665543135e-17,4.0732479658801946e-16,7.017119586161003e-08,4.911983710312702e-07,9.522404452936855e-09,6.618179586727045e-13,5.265902169840869e-06,7.75753699770357e-17,9.354916686648095e-08,9.354916694405632e-08
pynucastro,50.0,0.14285714285714285,7.0,382.8906788553616,0.7131580526416018,713158052.6416018,7.623592550668198e-06,6.241446578010699e-10,6.241446578010699,0.9999999999999996,1.1046455607014225e-14,1.1046455607014225e-14,0.7500996343817533,0.7500996343817533,7.111015573810338e-09,1.4222031147620675e-08,4.922539160186141e-13,1.476761748055842e-12,3.949922877143369e-06,1.1849768631430106e-05,0.06247200258817126,0.24988801035268504,4.137519362725937e-18,2.482511617635562e-17,5.780806718939677e-17,4.0465647032577736e-16,7.018191577893928e-08,4.91273410452575e-07,9.480094707246957e-09,6.562513744248647e-13,5.265864288014181e-06,7.706718486410582e-17,9.356345818883724e-08,9.356345826590443e-08
pynucastro,50.0,0.14285714285714285,7.0,384.53517017480544,0.7114902768349108,711490276.8349109,7.576001395573323e-06,6.246202928060662e-10,6.246202928060662,0.9999999999999997,1.0910163702532403e-14,1.0910163702532403e-14,0.7500996343992402,0.7500996343992402,7.079605633408713e-09,1.4159211266817426e-08,4.881367687369146e-13,1.4644103062107439e-12,3.949894786347609e-06,1.1849684359042828e-05,0.06247200260202623,0.24988801040810493,4.107368976912081e-18,2.4644213861472487e-17,5.743237113113548e-17,4.020265979179484e-16,7.019251549424686e-08,4.913476084597281e-07,9.438220349325748e-09,6.507625738650927e-13,5.265826838472073e-06,7.656632332201235e-17,9.357758926314437e-08,9.35775893397107e-08
pynucastro,50.0,0.14285714285714285,7.0,386.1867244807594,0.7098251686844721,709825168.6844721,7.5287212891752436e-06,6.251007053046849e-10,6.251007053046849,0.9999999999999998,1.0776059889923343e-14,1.0776059889923343e-14,0.7500996344165252,0.7500996344165252,7.048518316861473e-09,1.4097036633722946e-08,4.840769744535301e-13,1.4522309233605905e-12,3.9498670165020465e-06,1.184960104950614e-05,0.06247200261573786,0.24988801046295145,4.077594094919504e-18,2.4465564569517024e-17,5.706208083181779e-17,3.994345658227245e-16,7.020299620756256e-08,4.91420973452938e-07,9.39677609941012e-09,6.453502338127064e-13,5.26578981680814e-06,7.607266850117088e-17,9.35915616892293e-08,9.359156176530196e-08
pynucastro,50.0,0.14285714285714285,7.0,387.84537210830575,0.7081627237327537,708162723.7327536,7.481750189766378e-06,6.255859225403953e-10,6.2558592254039525,0.9999999999999996,1.0644101967948398e-14,1.0644101967948398e-14,0.7500996344336103,0.7500996344336103,7.017749722244373e-09,1.4035499444488746e-08,4.80073560730866e-13,1.440220682192598e-12,3.949839564334166e-06,1.1849518693002498e-05,0.062472002629307945,0.24988801051723178,4.048189626288579e-18,2.4289137757731474e-17,5.669711038271454e-17,3.968797726790018e-16,7.021335910807533e-08,4.914935137565273e-07,9.355756755625375e-09,6.400130578564577e-13,5.265753218659591e-06,7.558610587182293e-17,9.360537705246644e-08,9.360537712805255e-08
pynucastro,50.0,0.14285714285714285,7.0,389.51114352281274,0.7065029375468507,706502937.5468507,7.4350860687033694e-06,6.260759719188171e-10,6.2607597191881705,0.9999999999999998,1.051424865704694e-14,1.051424865704694e-14,0.7500996344504978,0.7500996344504978,6.987296003359661e-09,1.3974592006719322e-08,4.761255742491103e-13,1.4283767227473309e-12,3.949812426602644e-06,1.1849437279807932e-05,0.06247200264273828,0.2498880105709531,4.01914809739675e-18,2.4114888584380502e-17,5.633737553255191e-17,3.9436162872786335e-16,7.022360537464101e-08,4.91565237622487e-07,9.315157190388929e-09,6.347497750720899e-13,5.265717039705222e-06,7.510652311385688e-17,9.361903692445455e-08,9.361903699956107e-08
pynucastro,50.0,0.14285714285714285,7.0,391.18406932049686,0.7048458057183651,704845805.7183651,7.388726910328636e-06,6.265708810094024e-10,6.265708810094024,0.9999999999999997,1.0386459580644812e-14,1.0386459580644812e-14,0.7500996344671895,0.7500996344671895,6.957153369107349e-09,1.3914306738214699e-08,4.72232080467646e-13,1.4166962414029379e-12,3.949785600097238e-06,1.1849356800291713e-05,0.0624720026560306,0.2498880106241224,3.990461596006508e-18,2.3942769576039046e-17,5.598279366042872e-17,3.9187955562300103e-16,7.023373617578992e-08,4.916361532305295e-07,9.274972349572136e-09,6.295591395709473e-13,5.265681275665262e-06,7.463381008070267e-17,9.363254286302688e-08,9.363254293766069e-08
pynucastro,50.0,0.14285714285714285,7.0,392.8641802289819,0.7031913238632941,703191323.8632941,7.342670711892579e-06,6.270706775471298e-10,6.270706775471298,0.9999999999999998,1.0260695245860178e-14,1.0260695245860178e-14,0.7500996344836875,0.7500996344836875,6.927318082852319e-09,1.3854636165704637e-08,4.683921632852472e-13,1.4051764898557416e-12,3.949759081638685e-06,1.1849277244916055e-05,0.06247200266918662,0.24988801067674649,3.9621293029277e-18,2.37727758175662e-17,5.563328375089195e-17,3.8943298625624364e-16,7.024375266973487e-08,4.917062686881441e-07,9.235197251656529e-09,6.24439930046964e-13,5.265645922301247e-06,7.416785876610343e-17,9.364589641226184e-08,9.36458964864297e-08
pynucastro,50.0,0.14285714285714285,7.0,394.5515071078664,0.70153948762191,701539487.62191,7.29691548347592e-06,6.275753894342147e-10,6.275753894342147,0.9999999999999994,1.0136917026963166e-14,1.0136917026963166e-14,0.750099634499994,0.750099634499994,6.897786461534945e-09,1.379557292306989e-08,4.646049246407256e-13,1.3938147739221768e-12,3.949732868078396e-06,1.1849198604235188e-05,0.062472002682208046,0.24988801072883218,3.93414523601197e-18,2.360487141607182e-17,5.528876633710633e-17,3.870213643597443e-16,7.025365600445382e-08,4.917755920311767e-07,9.195826986548145e-09,6.193909492442625e-13,5.265610975415597e-06,7.370856322835173e-17,9.365909910259313e-08,9.36590991763017e-08
pynucastro,50.0,0.14285714285714285,7.0,396.24608094928743,0.6998902926586469,699890292.658647,7.251459247912658e-06,6.280850447418332e-10,6.280850447418332,0.9999999999999997,1.001508713570429e-14,1.001508713570429e-14,0.7500996345161106,0.7500996345161106,6.868554874446009e-09,1.3737109748892018e-08,4.608694840082379e-13,1.3826084520247138e-12,3.949706956297915e-06,1.1849120868893746e-05,0.06247200269509655,0.2498880107803862,3.9065037099665024e-18,2.3439022259799015e-17,5.4949163484550377e-17,3.8464414439185265e-16,7.026344731785076e-08,4.918441312249553e-07,9.156856713944294e-09,6.1441102328432e-13,5.265576430850912e-06,7.325581956855383e-17,9.367215245102435e-08,9.367215252428016e-08
pynucastro,50.0,0.14285714285714285,7.0,397.94793287849285,0.6982437346619839,698243734.6619838,7.206300040713293e-06,6.28599671711863e-10,6.285996717118629,0.9999999999999998,9.895168613810851e-15,9.895168613810851e-15,0.7500996345320395,0.7500996345320395,6.839619743327295e-09,1.367923948665459e-08,4.571849782816496e-13,1.3715549348449487e-12,3.9496813432093275e-06,1.1849044029627983e-05,0.06247200270785376,0.24988801083141504,3.879199476741339e-18,2.3275196860448032e-17,5.4614398777974325e-17,3.823007914458203e-16,7.027312773758649e-08,4.919118941631055e-07,9.118281663467667e-09,6.094990015118072e-13,5.2655422844905035e-06,7.280952591324258e-17,9.368505796090328e-08,9.36850580337128e-08
pynucastro,50.0,0.14285714285714285,7.0,399.65709415440983,0.6965998093443319,696599809.3443319,7.161435909988604e-06,6.291192987586371e-10,6.2911929875863715,0.9999999999999997,9.777125419049409e-15,9.777125419049409e-15,0.7500996345477826,0.7500996345477826,6.810977553408031e-09,1.3621955106816063e-08,4.5355056409316914e-13,1.3606516922795074e-12,3.9496560257651804e-06,1.1848968077295541e-05,0.062472002720481305,0.24988801088192522,3.85222802905065e-18,2.3113368174303898e-17,5.428439757198699e-17,3.7999078300390896e-16,7.028269837742802e-08,4.919788886419961e-07,9.08009714937964e-09,6.046537595856903e-13,5.26550853227163e-06,7.236958274844884e-17,9.369781711705513e-08,9.369781718942471e-08
pynucastro,50.0,0.14285714285714285,7.0,401.37359617022247,0.6949585124419158,694958512.4419158,7.116864916373604e-06,6.29643954470714e-10,6.296439544707139,0.9999999999999998,9.660922327066827e-15,9.660922327066827e-15,0.7500996345633418,0.7500996345633418,6.7826248445317015e-09,1.3565249689063403e-08,4.4996541563971394e-13,1.3498962469191418e-12,3.949631000951231e-06,1.1848893002853693e-05,0.06247200273298076,0.24988801093192303,3.825584678745797e-18,2.295350807247478e-17,5.395908679614405e-17,3.7771360757300836e-16,7.029216033987019e-08,4.920451223790913e-07,9.042298558750925e-09,5.998741965814367e-13,5.265475170175817e-06,7.19358926598537e-17,9.371043138927752e-08,9.371043146121341e-08
pynucastro,50.0,0.14285714285714285,7.0,403.0974704539448,0.6933198397146633,693319839.7146633,7.072585132952161e-06,6.301736676126632e-10,6.301736676126632,0.9999999999999996,9.546524609806933e-15,9.546524609806933e-15,0.750099634578719,0.750099634578719,6.754558180150464e-09,1.3509116360300928e-08,4.4642871716196515e-13,1.3392861514858955e-12,3.949606265760922e-06,1.1848818797282767e-05,0.06247200274535369,0.24988801098141475,3.7992641771983825e-18,2.2795585063190293e-17,5.363839422954865e-17,3.7546875960684054e-16,7.030151472537186e-08,4.92110603077603e-07,9.004881310126288e-09,5.951592249644201e-13,5.265442194194846e-06,7.150835936571782e-17,9.372290224465386e-08,9.372290231616222e-08
pynucastro,50.0,0.14285714285714285,7.0,404.828748669003,0.6916837869460886,691683786.9460886,7.028594645181813e-06,6.30708467126867e-10,6.307084671268671,0.9999999999999997,9.433898251128888e-15,9.433898251128888e-15,0.750099634593916,0.750099634593916,6.726774168600756e-09,1.3453548337201513e-08,4.429396678162182e-13,1.3288190034486545e-12,3.949581817213587e-06,1.184874545164076e-05,0.062472002757601654,0.24988801103040661,3.773262279886576e-18,2.2639573679319458e-17,5.33222488981733e-17,3.732557422872131e-16,7.031076262572247e-08,4.921753383800573e-07,8.967840881888247e-09,5.905077770848588e-13,5.265409600355005e-06,7.108688824657347e-17,9.373523113870977e-08,9.373523120979666e-08
pynucastro,50.0,0.14285714285714285,7.0,406.5674626148157,0.6900503499431777,690050349.9431777,6.984891550819031e-06,6.312483821353362e-10,6.3124838213533625,0.9999999999999994,9.323010018879922e-15,9.323010018879922e-15,0.7500996346089347,0.7500996346089347,6.699269469694637e-09,1.3398538939389274e-08,4.3949748308430346e-13,1.3184924492529103e-12,3.949557652360324e-06,1.1848672957080973e-05,0.06247200276972618,0.2498880110789047,3.747574020773829e-18,2.248544412464297e-17,5.3010581152427043e-17,3.7107406806698933e-16,7.031990512188155e-08,4.922393358531709e-07,8.93117282104438e-09,5.859188070574598e-13,5.265377384724938e-06,7.067138644863381e-17,9.374741951253304e-08,9.374741958320443e-08
pynucastro,50.0,0.14285714285714285,7.0,408.3136442273771,0.6884195245362781,688419524.5362781,6.941473959844996e-06,6.317934419415435e-10,6.317934419415435,0.9999999999999996,9.213827509219755e-15,9.213827509219755e-15,0.7500996346237772,0.7500996346237772,6.672040800426949e-09,1.3344081600853898e-08,4.361013959160666e-13,1.3083041877481998e-12,3.949533768289278e-06,1.1848601304867835e-05,0.06247200278172875,0.249888011126915,3.722195109147331e-18,2.2333170654883986e-17,5.27033228293183e-17,3.689232598052281e-16,7.032894328202546e-08,4.923026029741781e-07,8.894872750835832e-09,5.813912922845234e-13,5.26534554342267e-06,7.026176309998122e-17,9.375946879016934e-08,9.37594688604311e-08
pynucastro,50.0,0.14285714285714285,7.0,410.0673255798446,0.6867913065789828,686791306.5789828,6.898339994391608e-06,6.323436760322719e-10,6.3234367603227195,0.9999999999999996,9.106318952752465e-15,9.106318952752465e-15,0.7500996346384451,0.7500996346384451,6.645084917118752e-09,1.3290169834237503e-08,4.327506524636123e-13,1.298251957390837e-12,3.9495101621108015e-06,1.1848530486332405e-05,0.06247200279361085,0.2498880111744434,3.6971210099648015e-18,2.218272605978881e-17,5.2400406937813856e-17,3.66802848564697e-16,7.033787816693001e-08,4.9236514716851e-07,8.858936346931756e-09,5.769242277690245e-13,5.265314072595838e-06,6.98579288911017e-17,9.377138038579836e-08,9.37713804556563e-08
pynucastro,50.0,0.14285714285714285,7.0,411.82853888312843,0.6851656919480177,685165691.9480177,6.855487788667969e-06,6.328991140794813e-10,6.328991140794813,0.9999999999999993,9.00045323317241e-15,9.00045323317241e-15,0.7500996346529402,0.7500996346529402,6.618398618546234e-09,1.3236797237092467e-08,4.2944451268742933e-13,1.288333538062288e-12,3.949486830960395e-06,1.1848460492881185e-05,0.06247200280537395,0.2498880112214958,3.672347318875784e-18,2.2034083913254705e-17,5.210176773152616e-17,3.647123741206831e-16,7.03467108288769e-08,4.924269758021383e-07,8.823359341600623e-09,5.725166269226712e-13,5.2652829684256055e-06,6.945979617178838e-17,9.378315570227582e-08,9.378315577173562e-08
pynucastro,50.0,0.14285714285714285,7.0,413.59731648648295,0.6835426765431284,683542676.5431284,6.812915488887227e-06,6.334597859421881e-10,6.334597859421881,0.9999999999999993,8.89619998098159e-15,8.89619998098159e-15,0.7500996346672641,0.7500996346672641,6.5919787573632295e-09,1.3183957514726459e-08,4.261822527701464e-13,1.278546758310439e-12,3.9494637720089865e-06,1.184839131602696e-05,0.06247200281701944,0.24988801126807775,3.647869748147551e-18,2.1887218488885304e-17,5.1807340938686406e-17,3.626513865708048e-16,7.035544230787579e-08,4.924880961551306e-07,8.788137538938222e-09,5.68167524783819e-13,5.265252227140365e-06,6.906727925773163e-17,9.379479612609687e-08,9.379479619516415e-08
pynucastro,50.0,0.14285714285714285,7.0,415.3736908780994,0.6819222562869698,681922256.2869698,6.7706212531938926e-06,6.340257216683648e-10,6.340257216683647,0.9999999999999994,8.793529211311931e-15,8.793529211311931e-15,0.7500996346814192,0.7500996346814192,6.5658222027487785e-09,1.3131644405497557e-08,4.2296315656313466e-13,1.2688894696894039e-12,3.949440982430971e-06,1.1848322947292913e-05,0.06247200282854877,0.24988801131419508,3.623684009282895e-18,2.174210405569737e-17,5.151706295585391e-17,3.6061944069097735e-16,7.036407364331186e-08,4.92548515503183e-07,8.753266765071018e-09,5.638759666144548e-13,5.265221844973127e-06,6.868029335560753e-17,9.380630304292408e-08,9.380630311160437e-08
pynucastro,50.0,0.14285714285714285,7.0,417.15769468570386,0.6803044271249922,680304427.1249921,6.728603251591428e-06,6.345969514968544e-10,6.345969514968544,0.9999999999999997,8.692411695648607e-15,8.692411695648607e-15,0.7500996346954069,0.7500996346954069,6.539925878668708e-09,1.3079851757337417e-08,4.197865240383283e-13,1.2593595721149848e-12,3.949418459437721e-06,1.1848255378313164e-05,0.06247200283996333,0.2498880113598533,3.5997859223148876e-18,2.1598715533889326e-17,5.1230871494030805e-17,3.5861610045821563e-16,7.037260586168163e-08,4.926082410317715e-07,8.718742919164836e-09,5.596410191677951e-13,5.265191818206207e-06,6.82987554244499e-17,9.38176778212375e-08,9.381767788953626e-08
pynucastro,50.0,0.14285714285714285,7.0,418.94936067715736,0.6786891850253293,678689185.0253292,6.686859665870285e-06,6.351735058593032e-10,6.351735058593032,0.9999999999999996,8.592819213237127e-15,8.592819213237127e-15,0.7500996347092286,0.7500996347092286,6.514286787187793e-09,1.3028573574375586e-08,4.1665167641764904e-13,1.2499550292529471e-12,3.949396200298041e-06,1.1848188600894123e-05,0.06247200285126446,0.24988801140505784,3.5761714670405235e-18,2.145702880224314e-17,5.0948705863636796e-17,3.566409410454576e-16,7.038103996909984e-08,4.926672797836989e-07,8.684562004503595e-09,5.554617775266101e-13,5.265162143198482e-06,6.792258455556606e-17,9.382892180234511e-08,9.382892187026769e-08
pynucastro,50.0,0.14285714285714285,7.0,420.74872176105674,0.6770765259786867,677076525.9786867,6.645388689536311e-06,6.35755415382109e-10,6.35755415382109,0.9999999999999994,8.494724111884892e-15,8.494724111884892e-15,0.7500996347228863,0.7500996347228863,6.488901977187918e-09,1.2977803954375837e-08,4.1355794889498554e-13,1.2406738466849566e-12,3.949374202311731e-06,1.1848122606935193e-05,0.0624720028624535,0.249888011449814,3.552836560617954e-18,2.1317019363707722e-17,5.0670507117483954e-17,3.5469354982238767e-16,7.03893769609127e-08,4.927256387263889e-07,8.65072008678574e-09,5.513373554004844e-13,5.265132816350153e-06,6.755170216314457e-17,9.384003631319865e-08,9.384003638075035e-08
pynucastro,50.0,0.14285714285714285,7.0,422.5558109873379,0.6754664459982326,675466445.9982326,6.604188527739601e-06,6.363427108883877e-10,6.363427108883877,0.9999999999999996,8.398099108133057e-15,8.398099108133057e-15,0.750099634736382,0.750099634736382,6.463768522082168e-09,1.2927537044164336e-08,4.1050468552628536e-13,1.231514056578856e-12,3.949352462790542e-06,1.1848057388371627e-05,0.06247200287353177,0.2498880114941271,3.529777103604656e-18,2.1178662621627937e-17,5.0396217476981304e-17,3.527735223388691e-16,7.03976178286391e-08,4.927833248004737e-07,8.617213264413628e-09,5.47266878313512e-13,5.265103834077347e-06,6.718603121929629e-17,9.385102267564751e-08,9.385102274283355e-08
pynucastro,50.0,0.14285714285714285,7.0,424.37066154788585,0.6738589411194835,673858941.1194835,6.563257397203606e-06,6.369354233999578e-10,6.369354233999578,0.9999999999999996,8.302917346253545e-15,8.302917346253545e-15,0.7500996347497169,0.7500996347497169,6.438883521496705e-09,1.287776704299341e-08,4.0749123952522806e-13,1.2224737185756843e-12,3.949330979059845e-06,1.1847992937179534e-05,0.0624720028845006,0.2498880115380024,3.506989225981222e-18,2.104193535588733e-17,5.0125779774530207e-17,3.5088045842171145e-16,7.040576355934967e-08,4.928403449154477e-07,8.584037670735762e-09,5.432494839984747e-13,5.265075192814357e-06,6.682549551068039e-17,9.386188220561089e-08,9.386188227243639e-08
pynucastro,50.0,0.14285714285714285,7.0,426.193306777141,0.6722540074001964,672254007.4001963,6.522593526154768e-06,6.375335841393424e-10,6.375335841393424,0.9999999999999994,8.20915251982061e-15,8.20915251982061e-15,0.7500996347628928,0.7500996347628928,6.414244111294074e-09,1.2828488222588148e-08,4.045169754273768e-13,1.2135509262821305e-12,3.949309748467535e-06,1.1847929245402604e-05,0.062472002895361256,0.24988801158144502,3.4844692291547976e-18,2.0906815374928786e-17,4.985913739758726e-17,3.490139617831108e-16,7.041381513239598e-08,4.928967059267719e-07,8.551189487409394e-09,5.39284325281994e-13,5.265046889025503e-06,6.647001956393137e-17,9.38726162087172e-08,9.387261627518722e-08
pynucastro,50.0,0.14285714285714285,7.0,428.0237801527147,0.6706516409202555,670651640.9202555,6.482195154252388e-06,6.381372245317871e-10,6.381372245317871,0.9999999999999994,8.11677893393256e-15,8.11677893393256e-15,0.7500996347759115,0.7500996347759115,6.389847470237066e-09,1.2779694940474132e-08,4.0158127048125193e-13,1.2047438114437557e-12,3.9492887683900895e-06,1.184786630517027e-05,0.062472002906115015,0.24988801162446006,3.462213314699979e-18,2.0773279888199875e-17,4.9596234594198494e-17,3.4717364215938945e-16,7.042177351717937e-08,4.929524146202556e-07,8.518664953284508e-09,5.353705719390495e-13,5.265018919213205e-06,6.611952905298391e-17,9.38832259773297e-08,9.388322604344922e-08
pynucastro,50.0,0.14285714285714285,7.0,429.8621152960009,0.6690518377815656,669051837.7815657,6.442060532519035e-06,6.387463762072998e-10,6.387463762072998,0.9999999999999994,8.025771486190773e-15,8.025771486190773e-15,0.7500996347887746,0.7500996347887746,6.365690820626005e-09,1.273138164125201e-08,3.986835146573122e-13,1.1960505439719367e-12,3.9492680362334805e-06,1.1847804108700442e-05,0.06247200291676312,0.2498880116670525,3.44021747431577e-18,2.064130484589462e-17,4.9337016889078707e-17,3.4535911822355093e-16,7.04296396727938e-08,4.930074777095566e-07,8.486460365253425e-09,5.315074107049527e-13,5.264991279919208e-06,6.57739513537716e-17,9.389371279007027e-08,9.389371285584422e-08
pynucastro,50.0,0.14285714285714285,7.0,431.708345972797,0.6674545941079378,667454594.1079378,6.402187923271138e-06,6.393610710027051e-10,6.393610710027051,0.9999999999999996,7.936105592169384e-15,7.936105592169384e-15,0.7500996348014836,0.7500996348014836,6.3417714235482775e-09,1.2683542847096555e-08,3.9582310946081423e-13,1.1874693283824427e-12,3.949247549429379e-06,1.1847742648288135e-05,0.062472002927306806,0.24988801170922723,3.4184780092211406e-18,2.0510868055326844e-17,4.908143117515927e-17,3.435700182261149e-16,7.043741454938942e-08,4.930619018457259e-07,8.454572071917684e-09,5.276940436927025e-13,5.264963967719515e-06,6.543321566627457e-17,9.390407791363734e-08,9.390407797907055e-08
pynucastro,50.0,0.14285714285714285,7.0,433.56250609392066,0.6658599060449847,665859906.0449847,6.362575600050194e-06,6.399813409637197e-10,6.399813409637197,0.9999999999999994,7.847757157696619e-15,7.847757157696619e-15,0.7500996348140402,0.7500996348140402,6.318086576580347e-09,1.2636173153160695e-08,3.929994673100793e-13,1.1789984019302379e-12,3.949227305433448e-06,1.1847681916300344e-05,0.06247200293774728,0.24988801175098913,3.3969917122017666e-18,2.03819502732106e-17,4.882942533464597e-17,3.418059773425218e-16,7.044509908877778e-08,4.931156936214445e-07,8.42299647052446e-09,5.239296875641183e-13,5.26493697922212e-06,6.509725250933024e-17,9.391432260361261e-08,9.391432266870986e-08
pynucastro,50.0,0.14285714285714285,7.0,435.42462971583603,0.664267769760006,664267769.760006,6.323221847554059e-06,6.406072183470451e-10,6.406072183470451,0.9999999999999994,7.760702622236942e-15,7.760702622236942e-15,0.7500996348264459,0.7500996348264459,6.2946336186064635e-09,1.2589267237212927e-08,3.902120124321602e-13,1.1706360372964805e-12,3.9492073017300055e-06,1.1847621905190017e-05,0.062472002948085734,0.24988801179234293,3.375754727072807e-18,2.025452836243684e-17,4.8580948043632906e-17,3.4006663630543033e-16,7.04526942226958e-08,4.931688595588706e-07,8.391730013390664e-09,5.202135747239036e-13,5.264910311073212e-06,6.476599346015321e-17,9.392444810214682e-08,9.392444816691282e-08
pynucastro,50.0,0.14285714285714285,7.0,437.29475104127596,0.6626781814418838,662678181.4418838,6.284124961568907e-06,6.412387356224794e-10,6.4123873562247935,0.9999999999999996,7.67491896549614e-15,7.67491896549614e-15,0.7500996348387023,0.7500996348387023,6.271409931766755e-09,1.254281986353351e-08,3.874601811924222e-13,1.1623805435772665e-12,3.949187535834015e-06,1.1847562607502046e-05,0.06247200295832334,0.24988801183329337,3.3547635684151327e-18,2.0128581410490796e-17,4.8335949089771676e-17,3.3835164362840174e-16,7.04602008720621e-08,4.932214061044348e-07,8.360769210500052e-09,5.165449537590292e-13,5.2648839599598375e-06,6.443937157783792e-17,9.393445563696816e-08,9.393445570140753e-08
pynucastro,50.0,0.14285714285714285,7.0,439.1729044198732,0.6610911373009714,661091137.3009714,6.245283248901336e-06,6.418759254750484e-10,6.4187592547504835,0.9999999999999994,7.590383517252918e-15,7.590383517252918e-15,0.750099634850811,0.750099634850811,6.2484129197031585e-09,1.2496825839406317e-08,3.847434174144677e-13,1.1542302522434032e-12,3.949168005271727e-06,1.184750401581518e-05,0.06247200296846126,0.24988801187384505,3.33401479678339e-18,2.0004088780700342e-17,4.809437897011955e-17,3.3666065279083686e-16,7.046761995407601e-08,4.93273339678532e-07,8.330110600501652e-09,5.129230831994608e-13,5.264857922584092e-06,6.411732086722739e-17,9.394434643084644e-08,9.394434649496376e-08
pynucastro,50.0,0.14285714285714285,7.0,441.0591243487899,0.6595066335689842,659506633.5689842,6.206695027310924e-06,6.425188208071563e-10,6.425188208071563,0.9999999999999998,7.507074012376515e-15,7.507074012376515e-15,0.7500996348627736,0.7500996348627736,6.225640014135503e-09,1.2451280028271007e-08,3.820611736660279e-13,1.1461835209980837e-12,3.949148707586888e-06,1.1847446122760663e-05,0.06247200297850063,0.24988801191400253,3.3135050181943087e-18,1.9881030109165852e-17,4.7856188940119e-17,3.3499332258083304e-16,7.047495237991925e-08,4.933246666594347e-07,8.299750759476703e-09,5.093472332324542e-13,5.264832195671395e-06,6.379977634421061e-17,9.395412169852906e-08,9.395412176232884e-08
pynucastro,50.0,0.14285714285714285,7.0,442.9534454733506,0.6579246664988938,657924666.4988939,6.168358625443217e-06,6.431674547407552e-10,6.431674547407551,0.9999999999999996,7.424968599558091e-15,7.424968599558091e-15,0.7500996348745914,0.7500996348745914,6.203088675362035e-09,1.240617735072407e-08,3.7941291131623953e-13,1.1382387339487186e-12,3.949129640341332e-06,1.1847388921023998e-05,0.0624720029884426,0.2498880119537704,3.2932308789300712e-18,1.9759385273580428e-17,4.762133097458725e-17,3.333493168221108e-16,7.048219905452857e-08,4.933753933816999e-07,8.269686301605953e-09,5.058166857789143e-13,5.2648067759712805e-06,6.348667398371554e-17,9.396378264643794e-08,9.396378270992461e-08
pynucastro,50.0,0.14285714285714285,7.0,444.8559025876793,0.656345232364819,656345232.364819,6.130272382762983e-06,6.438218606195343e-10,6.438218606195343,0.9999999999999996,7.344045804438309e-15,7.344045804438309e-15,0.7500996348862662,0.7500996348862662,6.180756387528978e-09,1.2361512775057955e-08,3.7679809947730534e-13,1.130394298431916e-12,3.949110801110892e-06,1.1847332403332676e-05,0.06247200299828826,0.24988801199315305,3.273189054627845e-18,1.963913432776707e-17,4.738975764188024e-17,3.3172830349316166e-16,7.04893608780877e-08,4.93425526146614e-07,8.239913872863215e-09,5.023307330824622e-13,5.264781660251942e-06,6.317795055194995e-17,9.39733304746584e-08,9.397333053783635e-08
pynucastro,50.0,0.14285714285714285,7.0,446.7665306353393,0.6547683274619162,654768327.4619162,6.092434649487835e-06,6.444820720111297e-10,6.444820720111297,0.9999999999999997,7.264284918253027e-15,7.264284918253027e-15,0.7500996348977994,0.7500996348977994,6.158640702470926e-09,1.2317281404941852e-08,3.7421622396410783e-13,1.1226486718923235e-12,3.949092187525646e-06,1.1847276562576939e-05,0.06247200300803874,0.24988801203215497,3.253376343679558e-18,1.9520258062077346e-17,4.7161422786806265e-17,3.3012995950764386e-16,7.049643873117742e-08,4.934750711182419e-07,8.21043020946149e-09,4.988886896540012e-13,5.264756845353895e-06,6.287354451683207e-17,9.398276635714203e-08,9.398276642001558e-08
pynucastro,50.0,0.14285714285714285,7.0,448.68536470997446,0.6531939481062738,653193948.1062739,6.0548437865222986e-06,6.451481227093546e-10,6.451481227093546,0.9999999999999997,7.185665744061573e-15,7.185665744061573e-15,0.7500996349091922,0.7500996349091922,6.136739219451006e-09,1.2273478438902012e-08,3.7166678295035505e-13,1.1150003488510651e-12,3.949073797251899e-06,1.1847221391755697e-05,0.06247200301769507,0.2498880120707803,3.2337895443434325e-18,1.9402737266060595e-17,4.6936281672379846e-17,3.285539717066589e-16,7.05034334813885e-08,4.935240343697196e-07,8.181232110843416e-09,4.954898864806799e-13,5.264732328165948e-06,6.257339623697057e-17,9.399209145052273e-08,9.399209151309612e-08
pynucastro,50.0,0.14285714285714285,7.0,450.6124400559528,0.6516220906348056,651622090.6348056,6.017498165392182e-06,6.458200467364471e-10,6.45820046736447,0.9999999999999994,7.108168334907964e-15,7.108168334907964e-15,0.7500996349204463,0.7500996349204463,6.115049555879106e-09,1.2230099111758211e-08,3.691492808226262e-13,1.1074478424678786e-12,3.949055627965741e-06,1.1847166883897225e-05,0.06247200302725833,0.24988801210903333,3.2144254735220435e-18,1.928655284113226e-17,4.671429041221576e-17,3.2700003288551034e-16,7.051034599304701e-08,4.935724219513291e-07,8.1523164006441e-09,4.921336628323746e-13,5.2647081055899574e-06,6.22774472049572e-17,9.400130690708197e-08,9.400130696935941e-08
pynucastro,50.0,0.14285714285714285,7.0,452.5477920690144,0.6500527514051425,650052751.4051425,5.980396168179329e-06,6.464978783453428e-10,6.464978783453428,0.9999999999999996,7.031773022089286e-15,7.031773022089286e-15,0.7500996349315633,0.7500996349315633,6.093569347920966e-09,1.2187138695841932e-08,3.6666322824165324e-13,1.0999896847249598e-12,3.949037677353799e-06,1.1847113032061396e-05,0.06247200303672955,0.2498880121469182,3.1952810620180086e-18,1.917168637210805e-17,4.6495405626535486e-17,3.254678393857484e-16,7.051717712693171e-08,4.93620239888522e-07,8.12367992750313e-09,4.888193663433878e-13,5.264684174541822e-06,6.198563958876954e-17,9.401041387437214e-08,9.401041393635778e-08
pynucastro,50.0,0.14285714285714285,7.0,454.491456296923,0.6484859267955257,648485926.7955258,5.943536187456667e-06,6.471816520219653e-10,6.471816520219653,0.9999999999999996,6.9564605248102586e-15,6.9564605248102586e-15,0.7500996349425445,0.7500996349425445,6.072296260777003e-09,1.2144592521554005e-08,3.6420814420328615e-13,1.0926244326098584e-12,3.949019943122773e-06,1.1847059829368319e-05,0.06247200304610979,0.24988801218443915,3.1763532966808514e-18,1.9058119780085108e-17,4.62795844220181e-17,3.239570909541267e-16,7.052392773674243e-08,4.93667494157197e-07,8.095319578767857e-09,4.855463557600364e-13,5.264660531964206e-06,6.16979162049092e-17,9.401941349050832e-08,9.401941355220623e-08
pynucastro,50.0,0.14285714285714285,7.0,456.4434684401176,0.6469216132047007,646921613.2047007,5.906916626223697e-06,6.478714024875373e-10,6.478714024875373,0.9999999999999996,6.882211994195341e-15,6.882211994195341e-15,0.7500996349533912,0.7500996349533912,6.051227994000271e-09,1.2102455988000542e-08,3.617835570604071e-13,1.0853506711812213e-12,3.949002423004522e-06,1.1847007269013567e-05,0.06247200305540004,0.24988801222160015,3.1576391293622537e-18,1.894583477617352e-17,4.606678459939844e-17,3.2246749219578905e-16,7.053059866721584e-08,4.937141906705109e-07,8.06723228758307e-09,4.823140023030237e-13,5.264637174833315e-06,6.141422079516261e-17,9.402830688165632e-08,9.402830694307053e-08
pynucastro,50.0,0.14285714285714285,7.0,458.4038643523675,0.6453598070518113,645359807.0518113,5.870535897842319e-06,6.485671647009162e-10,6.485671647009162,0.9999999999999994,6.809008988692451e-15,6.809008988692451e-15,0.7500996349641049,0.7500996349641049,6.0303622805394815e-09,1.2060724561078963e-08,3.5938900423963706e-13,1.0781670127189112e-12,3.948985114755433e-06,1.18469553442663e-05,0.06247200306460131,0.24988801225840523,3.1391355641442975e-18,1.8834813384865784e-17,4.585696483258551e-17,3.209987538280986e-16,7.05371907543388e-08,4.937603352803717e-07,8.039415031615176e-09,4.791216892897637e-13,5.26461410015805e-06,6.113449826539368e-17,9.403709516231703e-08,9.403709522345152e-08
pynucastro,50.0,0.14285714285714285,7.0,460.3726800414315,0.6438005047762948,643800504.7762948,5.8343924259729964e-06,6.492689738609463e-10,6.492689738609463,0.9999999999999994,6.7368334368029515e-15,6.7368334368029515e-15,0.7500996349746869,0.7500996349746869,6.009696883983285e-09,1.201939376796657e-08,3.5702403159088175e-13,1.0710720947726452e-12,3.9489680161541505e-06,1.1846904048462452e-05,0.062472003073714595,0.24988801229485838,3.1208397517939916e-18,1.872503851076395e-17,4.565008465680857e-17,3.1955059259765997e-16,7.054370482617144e-08,4.938059337832001e-07,8.01186482937842e-09,4.759688112672258e-13,5.26459130497699e-06,6.08586946697409e-17,9.404577943642384e-08,9.404577949728253e-08
pynucastro,50.0,0.14285714285714285,7.0,462.34995166972067,0.6422437028377733,642243702.8377733,5.7984846445112244e-06,6.499768654088387e-10,6.499768654088387,0.9999999999999994,6.66566761671002e-15,6.66566761671002e-15,0.7500996349851389,0.7500996349851389,5.9892295967802486e-09,1.1978459193560497e-08,3.546881929439049e-13,1.0640645788317147e-12,3.948951125000177e-06,1.1846853375000532e-05,0.06247200308274086,0.24988801233096344,3.10274886916188e-18,1.861649321497128e-17,4.5446104341060107e-17,3.1812273038742076e-16,7.055014170334985e-08,4.938509919234489e-07,7.984578737861815e-09,4.728547734207764e-13,5.264568786356515e-06,6.058675704056368e-17,9.405436079801266e-08,9.405436085859942e-08
pynucastro,50.0,0.14285714285714285,7.0,464.33571555496104,0.6406893977159506,640689397.7159506,5.76281099752444e-06,6.506908750305667e-10,6.5069087503056675,0.9999999999999993,6.595494152774158e-15,6.595494152774158e-15,0.7500996349954618,0.7500996349954618,5.9689582398406474e-09,1.1937916479681295e-08,3.5238104995656444e-13,1.0571431498696933e-12,3.94893443911371e-06,1.1846803317341129e-05,0.06247200309168107,0.24988801236672428,3.084859999593773e-18,1.850915999756264e-17,4.5244984797212456e-17,3.167148935804872e-16,7.055650219913151e-08,4.938955153939206e-07,7.957553851998288e-09,4.697789913718547e-13,5.264546541390599e-06,6.031863326728081e-17,9.406284033128263e-08,9.406284039160127e-08
pynucastro,50.0,0.14285714285714285,7.0,466.3300081708598,0.6391375859105075,639137585.9105076,5.7273699391892525e-06,6.514110386592886e-10,6.514110386592886,0.9999999999999994,6.5262960146904315e-15,6.5262960146904315e-15,0.7500996350056575,0.7500996350056575,5.948880662596329e-09,1.1897761325192657e-08,3.501021720597566e-13,1.0503065161792699e-12,3.9489179563358985e-06,1.1846753869007695e-05,0.06247200310053617,0.24988801240214467,3.067170310812649e-18,1.8403021864875894e-17,4.50466875940988e-17,3.153268131586916e-16,7.056278711928857e-08,4.9393950983502e-07,7.93078730474447e-09,4.667408911045744e-13,5.264524567201148e-06,6.005427211514247e-17,9.407121911045373e-08,9.4071219170508e-08
pynucastro,50.0,0.14285714285714285,7.0,468.3328661477782,0.6375882639409945,637588263.9409945,5.692159933728954e-06,6.521373924777902e-10,6.521373924777902,0.9999999999999993,6.458056511400416e-15,6.458056511400416e-15,0.7500996350157267,0.7500996350157267,5.928994742788e-09,1.1857989485576e-08,3.4785113634624706e-13,1.0435534090387412e-12,3.948901674528859e-06,1.1846705023586578e-05,0.06247200310930709,0.24988801243722836,3.0496772142541655e-18,1.829806328552499e-17,4.4851175000467716e-17,3.13958225003274e-16,7.05689972620922e-08,4.939829808346453e-07,7.904276266797132e-09,4.637399088175186e-13,5.264502860938021e-06,5.979362328249547e-17,9.4079498199746e-08,9.407949825953962e-08
pynucastro,50.0,0.14285714285714285,7.0,470.3443262734008,0.6360414283467306,636041428.3467306,5.657179455351511e-06,6.528699729209502e-10,6.528699729209502,0.9999999999999994,6.390759282025033e-15,6.390759282025033e-15,0.7500996350256715,0.7500996350256715,5.909298386000001e-09,1.1818596772000003e-08,3.456275274086219e-13,1.0368825822258657e-12,3.948885591575435e-06,1.1846656774726304e-05,0.062472003117994765,0.24988801247197906,3.0323780752473522e-18,1.8194268451484114e-17,4.465840998107549e-17,3.1260886986752843e-16,7.057513341838322e-08,4.940259339286825e-07,7.878017945972952e-09,4.607754907077019e-13,5.264481419778704e-06,5.953663739557359e-17,9.408767865347361e-08,9.408767871301024e-08
pynucastro,50.0,0.14285714285714285,7.0,472.3644254934146,0.6344970756866948,634497075.6866947,5.622426988187726e-06,6.536088166782299e-10,6.536088166782299,0.9999999999999996,6.324388287011085e-15,6.324388287011085e-15,0.7500996350354924,0.7500996350354924,5.889789525144894e-09,1.1779579050289789e-08,3.434309371686634e-13,1.0302928115059903e-12,3.948869705378936e-06,1.184660911613681e-05,0.06247200312660009,0.24988801250640036,3.015269951878738e-18,1.8091619711272428e-17,4.44683561558353e-17,3.112784930908471e-16,7.058119637166146e-08,4.940683746016303e-07,7.852009586521406e-09,4.578470927431038e-13,5.264460240927978e-06,5.928326595403715e-17,9.409576151616415e-08,9.409576157544741e-08
pynucastro,50.0,0.14285714285714285,7.0,474.39320091218434,0.632955202539426,632955202.5394261,5.587901026229927e-06,6.543539606961835e-10,6.5435396069618355,0.9999999999999996,6.258927801409416e-15,6.258927801409416e-15,0.7500996350451913,0.7500996350451913,5.870466120011721e-09,1.1740932240023442e-08,3.412609647232532e-13,1.0237828941697596e-12,3.9488540138629025e-06,1.1846562041588707e-05,0.06247200313512396,0.24988801254049584,2.9983503866729188e-18,1.7990102320037514e-17,4.4280977772611394e-17,3.0996684440827974e-16,7.058718689815771e-08,4.941103082871039e-07,7.826248468522509e-09,4.549541804572312e-13,5.264439321617582e-06,5.903346129470333e-17,9.410374782265431e-08,9.410374788168777e-08
pynucastro,50.0,0.14285714285714285,7.0,476.4306897934375,0.6314158055029159,631415805.5029159,5.5536000732708305e-06,6.55105442180996e-10,6.55105442180996,0.9999999999999994,6.194362408219135e-15,6.194362408219135e-15,0.7500996350547691,0.7500996350547691,5.851326156863602e-09,1.1702652313727204e-08,3.39117216201645e-13,1.017351648604935e-12,3.948838514970925e-06,1.1846515544912775e-05,0.06247200314356724,0.24988801257426896,2.981616892557418e-18,1.7889701355344508e-17,4.4096239704056924e-17,3.086736779283985e-16,7.059310576689021e-08,4.941517403682315e-07,7.800731907350365e-09,4.520962287588423e-13,5.264418659105997e-06,5.878717658733057e-17,9.411163859816543e-08,9.41116386569526e-08
pynucastro,50.0,0.14285714285714285,7.0,478.47692956094505,0.6298788811945079,629878881.1945078,5.519522642842904e-06,6.558632986010391e-10,6.558632986010391,0.9999999999999996,6.130676991388936e-15,6.130676991388936e-15,0.7500996350642273,0.7500996350642273,5.832367648034818e-09,1.1664735296069635e-08,3.3699930462381035e-13,1.0109979138714312e-12,3.948823206666454e-06,1.1846469619999362e-05,0.062472003151930834,0.24988801260772334,2.9650668046035634e-18,1.779040082762138e-17,4.3914107443722344e-17,3.0739875210605643e-16,7.059895373972253e-08,4.941926761780577e-07,7.775457253136007e-09,4.4927272174309854e-13,5.264398250678173e-06,5.854436582943038e-17,9.41194348583805e-08,9.411943491692486e-08
pynucastro,50.0,0.14285714285714285,7.0,480.5319577992124,0.6283444262507913,628344426.2507913,5.485667258157911e-06,6.566275676894572e-10,6.5662756768945725,0.9999999999999996,6.067856729668199e-15,6.067856729668199e-15,0.750099635073567,0.750099635073567,5.8135886315906856e-09,1.1627177263181371e-08,3.3490684977463224e-13,1.0047205493238967e-12,3.9488080869326655e-06,1.1846424260797997e-05,0.062472003160215575,0.2498880126408623,2.9486976592662528e-18,1.7692185955597515e-17,4.373454709476433e-17,3.061418296633503e-16,7.060473157140347e-08,4.942331209998243e-07,7.750421890313959e-09,4.4648315252384546e-13,5.26437809364536e-06,5.830498383121464e-17,9.412713760949746e-08,9.412713766780244e-08
pynucastro,50.0,0.14285714285714285,7.0,482.5958122541664,0.6268124373275008,626812437.3275008,5.452032452046928e-06,6.573982874467718e-10,6.573982874467718,0.9999999999999993,6.005887089732712e-15,6.005887089732712e-15,0.7500996350827895,0.7500996350827895,5.794987170890188e-09,1.1589974341780377e-08,3.3283947805847626e-13,9.985184341754288e-13,3.948793153772231e-06,1.1846379461316693e-05,0.06247200316842232,0.2498880126736893,2.9325070493703336e-18,1.7595042296222003e-17,4.3557525354058346e-17,3.0490267747840843e-16,7.061044000964039e-08,4.942730800674827e-07,7.725623237039154e-09,4.4372702303973297e-13,5.2643581853448e-06,5.806898619441514e-17,9.413474784832687e-08,9.413474790639586e-08
pynucastro,50.0,0.14285714285714285,7.0,484.6685308338515,0.6252829110994111,625282911.0994111,5.4186167669005994e-06,6.581754961435151e-10,6.581754961435151,0.9999999999999996,5.944753820051991e-15,5.944753820051991e-15,0.7500996350918963,0.7500996350918963,5.776561354216073e-09,1.1553122708432146e-08,3.3079682237020325e-13,9.923904671106097e-13,3.948778405207147e-06,1.184633521562144e-05,0.062472003176551896,0.24988801270620759,2.9164924915861156e-18,1.7498954949516693e-17,4.338300949935748e-17,3.0368106649550233e-16,7.061607979515219e-08,4.943125585660653e-07,7.701058744693795e-09,4.410038438822553e-13,5.264338523139494e-06,5.783632929516428e-17,9.414226656236257e-08,9.41422666201989e-08
pynucastro,50.0,0.14285714285714285,7.0,486.75015160912494,0.6237558442602358,623755844.2602358,5.385418754609783e-06,6.589592323228853e-10,6.589592323228853,0.9999999999999994,5.88444294476375e-15,5.88444294476375e-15,0.7500996351008883,0.7500996351008883,5.758309294398385e-09,1.151661858879677e-08,3.28778521966146e-13,9.863355658984381e-13,3.948763839278551e-06,1.1846291517835653e-05,0.062472003184605135,0.24988801273842054,2.900651589759429e-18,1.7403909538556573e-17,4.321096737888149e-17,3.0247677165217044e-16,7.062165166172661e-08,4.943515616320863e-07,7.676725897385477e-09,4.383131341237426e-13,5.2643191044179654e-06,5.760697027011568e-17,9.414969472985814e-08,9.414969478746511e-08
pynucastro,50.0,0.14285714285714285,7.0,488.84071281435496,0.6222312335225245,622231233.5225245,5.352436976506516e-06,6.597495348034285e-10,6.597495348034285,0.9999999999999992,5.824940757687379e-15,5.824940757687379e-15,0.7500996351097667,0.7500996351097667,5.740229128445781e-09,1.1480458256891562e-08,3.2678422233820944e-13,9.803526670146283e-13,3.948749454046546e-06,1.184624836213964e-05,0.06247200319258283,0.24988801277033132,2.884982056037342e-18,1.730989233622405e-17,4.304136740143995e-17,3.0128957181007965e-16,7.062715633627602e-08,4.943900943539321e-07,7.652622211455652e-09,4.356544211495171e-13,5.26429992659402e-06,5.738086700327676e-17,9.415703331990117e-08,9.415703337728204e-08
pynucastro,50.0,0.14285714285714285,7.0,490.9402528481238,0.6207090756175615,620709075.6175615,5.319670003305318e-06,6.605464426817444e-10,6.605464426817444,0.9999999999999994,5.766233816479198e-15,5.766233816479198e-15,0.7500996351185331,0.7500996351185331,5.722319017183153e-09,1.1444638034366307e-08,3.2481357509077166e-13,9.74440725272315e-13,3.948735247590022e-06,1.1846205742770065e-05,0.06247200320048581,0.24988801280194323,2.8694815486896866e-18,1.721688929213812e-17,4.287417852589904e-17,3.0011924968129326e-16,7.063259453889323e-08,4.944281617722526e-07,7.628745234996541e-09,4.330272404937827e-13,5.264280987106506e-06,5.715797811196632e-17,9.416428329248773e-08,9.416428334964571e-08
pynucastro,50.0,0.14285714285714285,7.0,493.0488102739344,0.6191893672952623,619189367.2952623,5.287116415044784e-06,6.613499953352199e-10,6.613499953352199,0.9999999999999992,5.708308936929809e-15,5.708308936929809e-15,0.7500996351271881,0.7500996351271881,5.704577144894982e-09,1.1409154289789963e-08,3.2286623782022307e-13,9.685987134606691e-13,3.9487212180064795e-06,1.1846163654019438e-05,0.062472003208314836,0.24988801283325934,2.8541477347871806e-18,1.7124886408723082e-17,4.270937025040914e-17,2.98965591752864e-16,7.06379669829068e-08,4.944657688803476e-07,7.605092547375662e-09,4.304311356790319e-13,5.264262283419093e-06,5.693826293245333e-17,9.417144559859612e-08,9.417144565553439e-08
pynucastro,50.0,0.14285714285714285,7.0,495.1664238209174,0.6176721053240722,617672105.3240722,5.254774801029532e-06,6.621602324247864e-10,6.621602324247864,0.9999999999999992,5.6511531873994275e-15,5.6511531873994275e-15,0.7500996351357334,0.7500996351357334,5.6870017189744814e-09,1.1374003437948963e-08,3.2094187399711284e-13,9.628256219913385e-13,3.948707363411855e-06,1.1846122090235565e-05,0.0624720032160707,0.2498880128642828,2.8389784269000877e-18,1.7033870561400526e-17,4.254691260205681e-17,2.978283882143977e-16,7.06432743749361e-08,4.945029206245526e-07,7.581661758768082e-09,4.2786565805892863e-13,5.2642438130200145e-06,5.672168150616122e-17,9.417852118026017e-08,9.417852123698185e-08
pynucastro,50.0,0.14285714285714285,7.0,497.29313238454154,0.616157286490867,616157286.490867,5.222643759772543e-06,6.629771938977036e-10,6.6297719389770355,0.9999999999999994,5.594753883385857e-15,5.594753883385857e-15,0.75009963514417,0.75009963514417,5.669590969578677e-09,1.1339181939157354e-08,3.1904015285088455e-13,9.571204585526537e-13,3.948693681940356e-06,1.1846081045821067e-05,0.06247200322375418,0.24988801289501672,2.8239714432709583e-18,1.694382865962575e-17,4.238677612700221e-17,2.967074328890155e-16,7.064851741494611e-08,4.945396219046228e-07,7.558450509696589e-09,4.253303666646427e-13,5.264225573421873e-06,5.650819456651972e-17,9.418551097064243e-08,9.418551102715062e-08
pynucastro,50.0,0.14285714285714285,7.0,499.4289750273293,0.6146449076008496,614644907.6008495,5.190721898937711e-06,6.63800919990371e-10,6.63800919990371,0.9999999999999992,5.5390985822210646e-15,5.5390985822210646e-15,0.7500996351524988,0.7500996351524988,5.652343149289329e-09,1.1304686298578657e-08,3.1716074925714714e-13,9.514822477714413e-13,3.94868017174428e-06,1.1846040515232841e-05,0.06247200323136601,0.24988801292546403,2.8091245151452576e-18,1.6854747090871547e-17,4.2228931880831925e-17,2.9560252316582345e-16,7.065369679630159e-08,4.945758775741111e-07,7.535456470579647e-09,4.2282482805456486e-13,5.264207562161386e-06,5.629776352610354e-17,9.419241589410634e-08,9.41924159504041e-08
pynucastro,50.0,0.14285714285714285,7.0,501.57399097957517,0.6131349654774492,613134965.4774492,5.159007835282781e-06,6.646314512311647e-10,6.646314512311648,0.9999999999999992,5.484175077893378e-15,5.484175077893378e-15,0.7500996351607212,0.7500996351607212,5.635256532779572e-09,1.1270513065559143e-08,3.1530334362741565e-13,9.45910030882247e-13,3.948666830993856e-06,1.1846000492981569e-05,0.062472003238906955,0.24988801295562782,2.7944355010538904e-18,1.6766613006323342e-17,4.207335141900575e-17,2.9451345993304025e-16,7.06588132058209e-08,4.946116924407463e-07,7.512677341286967e-09,4.203486161673132e-13,5.26418977679917e-06,5.60903504638965e-17,9.419923686628789e-08,9.419923692237824e-08
pynucastro,50.0,0.14285714285714285,7.0,503.7282196400652,0.6116274569622211,611627456.9622211,5.1275001946025954e-06,6.654688284433024e-10,6.654688284433024,0.9999999999999992,5.429971397321979e-15,5.429971397321979e-15,0.7500996351688384,0.7500996351688384,5.618329416646993e-09,1.1236658833293985e-08,3.1346762183436113e-13,9.404028655030834e-13,3.948653657877214e-06,1.1845960973631642e-05,0.06247200324637776,0.24988801298551103,2.779902411507129e-18,1.6679414469042775e-17,4.1920006790524994e-17,2.93440047533675e-16,7.066386732377523e-08,4.946470712664267e-07,7.490110850916992e-09,4.1790131222208015e-13,5.264172214919716e-06,5.588591811685032e-17,9.420597479409471e-08,9.420597484998064e-08
pynucastro,50.0,0.14285714285714285,7.0,505.8917005768,0.6101223789147467,610122378.9147468,5.096197611672688e-06,6.663130927477338e-10,6.663130927477338,0.9999999999999991,5.376475794187523e-15,5.376475794187523e-15,0.7500996351768513,0.7500996351768513,5.601560118975792e-09,1.1203120237951584e-08,3.1165327508223446e-13,9.349598252467034e-13,3.948640650600126e-06,1.1845921951800378e-05,0.06247200325377912,0.24988801301511648,2.7655230823975415e-18,1.659313849438525e-17,4.176887052822742e-17,2.9238209369759192e-16,7.066885982398028e-08,4.946820187678619e-07,7.467754757213167e-09,4.154825045458872e-13,5.264154874131026e-06,5.568442986694635e-17,9.421263057582832e-08,9.421263063151275e-08
pynucastro,50.0,0.14285714285714285,7.0,508.0644735277219,0.6086197282125334,608619728.2125334,5.065098730193183e-06,6.671642855660607e-10,6.6716428556606076,0.9999999999999993,5.323676740032459e-15,5.323676740032459e-15,0.7500996351847611,0.7500996351847611,5.584946978570163e-09,1.1169893957140326e-08,3.098599997107136e-13,9.295799991321407e-13,3.948627807385422e-06,1.1845883422156267e-05,0.06247200326111178,0.24988801304444713,2.751295250207588e-18,1.6507771501245527e-17,4.1619915633225917e-17,2.913394094325814e-16,7.067379137400082e-08,4.947165396180057e-07,7.445606845541932e-09,4.1309178831208243e-13,5.26413775206385e-06,5.548584972044986e-17,9.421920510145666e-08,9.421920515694251e-08
pynucastro,50.0,0.14285714285714285,7.0,510.24657840144636,0.6071195017509126,607119501.7509125,5.034202202732963e-06,6.680224486234853e-10,6.680224486234853,0.9999999999999992,5.2715629235306325e-15,5.2715629235306325e-15,0.7500996351925691,0.7500996351925691,5.568488354923324e-09,1.1136976709846649e-08,3.080874971530462e-13,9.242624914591386e-13,3.948615126473087e-06,1.1845845379419262e-05,0.06247200326837645,0.2498880130735058,2.7372172432699904e-18,1.6423303459619944e-17,4.147311556001058e-17,2.9031180892007407e-16,7.067866263510968e-08,4.947506384457678e-07,7.423664928851427e-09,4.10728765484538e-13,5.264120846371803e-06,5.529014228804872e-17,9.42256992525596e-08,9.422569930784974e-08
pynucastro,50.0,0.14285714285714285,7.0,512.438055277994,0.6056216964429414,605621696.4429414,5.0035066906742195e-06,6.688876239517842e-10,6.6888762395178425,0.9999999999999993,5.220123249274606e-15,5.220123249274606e-15,0.750099635200276,0.750099635200276,5.552182628324965e-09,1.110436525664993e-08,3.0633547392266743e-13,9.190064217680023e-13,3.948602606120478e-06,1.1845807818361434e-05,0.062472003275573826,0.2498880131022953,2.7232870508618313e-18,1.6339722305170987e-17,4.132844421734593e-17,2.892991095214215e-16,7.06834742622001e-08,4.947843198354007e-07,7.401926847814739e-09,4.0839304479980996e-13,5.264104154731663e-06,5.509727278604964e-17,9.423211390221204e-08,9.423211395730931e-08
pynucastro,50.0,0.14285714285714285,7.0,514.6389444095246,0.6041263092193043,604126309.2193043,4.973010864157317e-06,6.697598538923123e-10,6.697598538923122,0.9999999999999994,5.169346830732977e-15,5.169346830732977e-15,0.7500996352078833,0.7500996352078833,5.536028199441685e-09,1.107205639888337e-08,3.0460364149114854e-13,9.138109244734457e-13,3.9485902446020545e-06,1.1845770733806163e-05,0.06247200328270459,0.24988801313081835,2.7095024267782024e-18,1.6257014560669214e-17,4.118587597255423e-17,2.8830113180787964e-16,7.068822690387574e-08,4.948175883271302e-07,7.38039047027056e-09,4.0608424160442425e-13,5.264087674843008e-06,5.4907207042088405e-17,9.423844991510381e-08,9.423844997001101e-08
pynucastro,50.0,0.14285714285714285,7.0,516.8492862210804,0.6026333370282116,602633337.0282116,4.942713402025925e-06,6.706391810990374e-10,6.7063918109903735,0.9999999999999994,5.119222983409672e-15,5.119222983409672e-15,0.7500996352153916,0.7500996352153916,5.520023488733829e-09,1.1040046977467658e-08,3.0289171613457144e-13,9.086751484037143e-13,3.948578040208965e-06,1.1845734120626896e-05,0.06247200328976943,0.24988801315907772,2.6958615877673905e-18,1.6175169526604342e-17,4.1045385634578277e-17,2.873176994420479e-16,7.069292120259922e-08,4.948504484181945e-07,7.359053690445738e-09,4.0380197765007033e-13,5.2640714044276646e-06,5.471991147255e-17,9.424470814773787e-08,9.424470820245778e-08
pynucastro,50.0,0.14285714285714285,7.0,519.0691213113266,0.6011427768353008,601142776.8353008,4.9126129917724775e-06,6.715256485416009e-10,6.715256485416009,0.9999999999999996,5.06974122059536e-15,5.06974122059536e-15,0.7500996352228022,0.7500996352228022,5.504166936084856e-09,1.1008333872169712e-08,3.011994188250978e-13,9.035982564752933e-13,3.948565991248815e-06,1.1845697973746444e-05,0.06247200329676901,0.24988801318707604,2.6823626913118237e-18,1.6094176147870942e-17,4.090694843740437e-17,2.863486390618306e-16,7.06975577947701e-08,4.948829045633907e-07,7.337914428461164e-09,4.015458809490455e-13,5.2640553412293975e-06,5.453535306046879e-17,9.425088944853412e-08,9.425088950306947e-08
pynucastro,50.0,0.14285714285714285,7.0,521.298490453296,0.5996546256235393,599654625.6235393,4.882708329483988e-06,6.724192995084101e-10,6.724192995084101,0.9999999999999996,5.020891252406824e-15,5.020891252406824e-15,0.7500996352301164,0.7500996352301164,5.488457000859415e-09,1.097691400171883e-08,2.9952647521044544e-13,8.985794256313364e-13,3.948554096045831e-06,1.1845662288137495e-05,0.062472003303703984,0.24988801321481593,2.6690038288081084e-18,1.601402297284865e-17,4.07705400361792e-17,2.8539378025325438e-16,7.070213731065783e-08,4.949149611746048e-07,7.3169706304092e-09,3.99315585746894e-13,5.264039483014133e-06,5.435349935035173e-17,9.425699465774004e-08,9.425699471209353e-08
pynucastro,50.0,0.14285714285714285,7.0,523.5374345951388,0.5981688803931248,598168880.3931248,4.852998119788121e-06,6.733201776097589e-10,6.733201776097589,0.9999999999999994,4.972662981265077e-15,4.972662981265077e-15,0.7500996352373347,0.7500996352373347,5.472892161598124e-09,1.0945784323196249e-08,2.9787261552070104e-13,8.936178465621031e-13,3.948542352940684e-06,1.1845627058822052e-05,0.06247200331057503,0.24988801324230012,2.6557830841214518e-18,1.593469850472871e-17,4.063613650271915e-17,2.8445295551903407e-16,7.070666037446003e-08,4.949466226212202e-07,7.296220267946775e-09,3.9711073239817387e-13,5.264023827569719e-06,5.4174318442191627e-17,9.426302460750849e-08,9.426302466168281e-08
pynucastro,50.0,0.14285714285714285,7.0,525.7859948608764,0.5966855381613859,596685538.1613859,4.823481075799576e-06,6.742283267809814e-10,6.742283267809814,0.9999999999999994,4.925046496202241e-15,4.925046496202241e-15,0.7500996352444584,0.7500996352444584,5.457470915570603e-09,1.0914941831141206e-08,2.9623757444721886e-13,8.887127233416566e-13,3.9485307602901835e-06,1.184559228087055e-05,0.062472003317382785,0.24988801326953114,2.6426986797831577e-18,1.5856192078698947e-17,4.050371431774698e-17,2.8352600022422886e-16,7.071112760441027e-08,4.949778932308719e-07,7.2756613376995e-09,3.9493096720500955e-13,5.264008372705517e-06,5.399777898111731e-17,9.426898012204129e-08,9.426898017603907e-08
pynucastro,50.0,0.14285714285714285,7.0,528.0442125511547,0.5952045959626855,595204595.9626855,4.794155919066817e-06,6.751437912856327e-10,6.751437912856327,0.9999999999999994,4.8780320687423945e-15,4.8780320687423945e-15,0.7500996352514886,0.7500996352514886,5.442191778475921e-09,1.0884383556951842e-08,2.946210910522339e-13,8.838632731567018e-13,3.9485193164670994e-06,1.1845557949401298e-05,0.06247200332412788,0.24988801329651153,2.6297488203264906e-18,1.5778492921958944e-17,4.0373250362175635e-17,2.8261275253522946e-16,7.071553961283677e-08,4.950087772898574e-07,7.2552918608623206e-09,3.927759422965927e-13,5.26399311625217e-06,5.38238501457737e-17,9.427486201766746e-08,9.42748620714913e-08
pynucastro,50.0,0.14285714285714285,7.0,530.3121291440028,0.5937260508483223,593726050.8483223,4.765021379519069e-06,6.760666157187016e-10,6.760666157187016,0.9999999999999997,4.831610149655204e-15,4.831610149655204e-15,0.7500996352584264,0.7500996352584264,5.427053284223713e-09,1.0854106568447426e-08,2.930229086957513e-13,8.790687260872539e-13,3.9485080198600645e-06,1.1845524059580193e-05,0.06247200333081096,0.24988801332324384,2.6169317385912873e-18,1.5701590431547725e-17,4.0244721908942443e-17,2.817130533625971e-16,7.071989700619447e-08,4.950392790433613e-07,7.235109882907715e-09,3.9064531553171365e-13,5.263978056061464e-06,5.365250163743543e-17,9.428067110288603e-08,9.428067115653852e-08
pynucastro,50.0,0.14285714285714285,7.0,532.589786295595,0.5922498998864337,592249899.8864337,4.736076195413652e-06,6.769968450098569e-10,6.7699684500985695,0.9999999999999996,4.785771365307866e-15,4.785771365307866e-15,0.7500996352652723,0.7500996352652723,5.4120539846663096e-09,1.0824107969332619e-08,2.9144277495375544e-13,8.743283248612663e-13,3.948496868873415e-06,1.1845490606620246e-05,0.06247200333743263,0.24988801334973051,2.6042456886057214e-18,1.562547413163433e-17,4.011810661546203e-17,2.808267463082342e-16,7.072420038511559e-08,4.950694026958091e-07,7.215113473228579e-09,3.8853875038972234e-13,5.263963190006127e-06,5.348370366994551e-17,9.428640817843354e-08,9.428640823191724e-08
pynucastro,50.0,0.14285714285714285,7.0,534.8772258410173,0.5907761401618966,590776140.1618966,4.707319113283552e-06,6.779345244267218e-10,6.779345244267218,0.9999999999999996,4.7405065143867364e-15,4.7405065143867364e-15,0.7500996352720276,0.7500996352720276,5.3971924493886296e-09,1.0794384898777259e-08,2.8988044154817413e-13,8.696413246445224e-13,3.948485861927101e-06,1.1845457585781304e-05,0.06247200334399351,0.24988801337597405,2.591688956598479e-18,1.5550133739590874e-17,3.9993382518174177e-17,2.7995367762721923e-16,7.072845034444043e-08,4.95099152411083e-07,7.1953007248581174e-09,3.864559158771587e-13,5.2639485159796965e-06,5.3317426962446616e-17,9.42920740373249e-08,9.429207409064233e-08
pynucastro,50.0,0.14285714285714285,7.0,537.174489795035,0.5893047687762317,589304768.7762318,4.678748887885385e-06,6.788796995781827e-10,6.788796995781827,0.9999999999999993,4.6958065643061155e-15,4.6958065643061155e-15,0.7500996352786934,0.7500996352786934,5.382467265453022e-09,1.0764934530906043e-08,2.88335664268815e-13,8.650069928064451e-13,3.948474997456533e-06,1.18454249923696e-05,0.06247200335049421,0.24988801340197683,2.579259850146909e-18,1.5475559100881453e-17,3.987052802615559e-17,2.7909369618308915e-16,7.073264747326545e-08,4.951285323128582e-07,7.175669754129677e-09,3.843964864236819e-13,5.263934031896322e-06,5.315364273086471e-17,9.429766946491757e-08,9.429766951807122e-08
pynucastro,50.0,0.14285714285714285,7.0,539.4816203528628,0.5878357828475067,587835782.8475068,4.650364282147602e-06,6.798324164177292e-10,6.798324164177291,0.9999999999999996,4.6516626473612436e-15,4.6516626473612436e-15,0.7500996352852706,0.7500996352852706,5.367877037100117e-09,1.0735754074200234e-08,2.868082028878153e-13,8.604246086634459e-13,3.948464273912402e-06,1.1845392821737204e-05,0.06247200335693531,0.24988801342774125,2.5669567019348975e-18,1.5401740211609386e-17,3.97495219136659e-17,2.782466533956613e-16,7.073679235500758e-08,4.951575464850531e-07,7.156218700277942e-09,3.8236014176801884e-13,5.2639197356905265e-06,5.2992322677971636e-17,9.430319523899736e-08,9.430319529198969e-08
pynucastro,50.0,0.14285714285714285,7.0,541.7986598909413,0.5863691795102389,586369179.5102389,4.6221640671190045e-06,6.80792721246826e-10,6.80792721246826,0.9999999999999993,4.6080660574966594e-15,4.6080660574966594e-15,0.7500996352917599,0.7500996352917599,5.353420385521818e-09,1.0706840771043636e-08,2.852978210888381e-13,8.558934632665143e-13,3.948453689760552e-06,1.1845361069281657e-05,0.062472003363317416,0.24988801345326966,2.5547778710051594e-18,1.5328667226030956e-17,3.96303433138496e-17,2.774124031969472e-16,7.074088556744475e-08,4.951861989721133e-07,7.136945725136292e-09,3.803465668635717e-13,5.263905625317036e-06,5.2833438984988867e-17,9.430865212983241e-08,9.430865218266585e-08
pynucastro,50.0,0.14285714285714285,7.0,544.1256509677163,0.5849049559152979,584904955.9152979,4.59414702191754e-06,6.817606607183212e-10,6.817606607183213,0.9999999999999992,4.5650082470094345e-15,4.5650082470094345e-15,0.7500996352981626,0.7500996352981626,5.339095948619672e-09,1.0678191897239344e-08,2.838042863942388e-13,8.514128591827165e-13,3.948443243481839e-06,1.1845329730445519e-05,0.06247200336964111,0.24988801347856443,2.5427217385753845e-18,1.5256330431452307e-17,3.951297171236724e-17,2.765908019865707e-16,7.074492768276223e-08,4.952144937793356e-07,7.1178490128146716e-09,3.7835545178131887e-13,5.263891698750585e-06,5.2676964303096806e-17,9.431404090023495e-08,9.431404095291191e-08
pynucastro,50.0,0.14285714285714285,7.0,546.4626363244196,0.5834431092298102,583443109.2298102,4.566311933679429e-06,6.827362818398839e-10,6.827362818398839,0.9999999999999994,4.5224808232737025e-15,4.5224808232737025e-15,0.7500996353044794,0.7500996353044794,5.324902380760896e-09,1.0649804761521791e-08,2.8232737009256736e-13,8.46982110277702e-13,3.9484329335719955e-06,1.1845298800715987e-05,0.06247200337590696,0.24988801350362785,2.5307867096301733e-18,1.518472025778104e-17,3.939738694113985e-17,2.757817085879789e-16,7.074891926760114e-08,4.95242434873208e-07,7.098926769374336e-09,3.763864916131647e-13,5.2638779539857436e-06,5.252287174509519e-17,9.431936230562602e-08,9.431936235814889e-08
pynucastro,50.0,0.14285714285714285,7.0,548.8096588858526,0.5819836366370634,581983636.6370634,4.538657597508561e-06,6.837196319774771e-10,6.837196319774771,0.9999999999999994,4.480475545230088e-15,4.480475545230088e-15,0.7500996353107114,0.7500996353107114,5.310838352495391e-09,1.0621676704990781e-08,2.808668471596031e-13,8.426005414788092e-13,3.948422758541438e-06,1.1845268275624313e-05,0.06247200338211555,0.2498880135284622,2.5189712138575326e-18,1.5113827283145196e-17,3.928356917146129e-17,2.74984984200229e-16,7.075286088312204e-08,4.952700261818542e-07,7.0801772224505865e-09,3.7443938636666645e-13,5.263864389036658e-06,5.237113487622078e-17,9.432461709412016e-08,9.43246171464913e-08
pynucastro,50.0,0.14285714285714285,7.0,551.1667617611761,0.58052653533641,580526535.3364099,4.511182816426203e-06,6.84710758858866e-10,6.84710758858866,0.9999999999999993,4.438984321260661e-15,4.438984321260661e-15,0.7500996353168593,0.7500996353168593,5.2969025504583645e-09,1.0593805100916729e-08,2.794224962147379e-13,8.382674886442137e-13,3.948412716915264e-06,1.1845238150745793e-05,0.062472003388267416,0.24988801355306967,2.5072737025606703e-18,1.5043642215364022e-17,3.917149891029373e-17,2.7420049237205614e-16,7.075675308500238e-08,4.952972715950167e-07,7.0615986211229545e-09,3.7251384090688627e-13,5.263851001937048e-06,5.2221727709208647e-17,9.43298060065222e-08,9.432980605874393e-08
pynucastro,50.0,0.14285714285714285,7.0,553.533988244703,0.5790718025431707,579071802.5431707,4.483886401320958e-06,6.857097105771603e-10,6.857097105771603,0.9999999999999996,4.397999205347288e-15,4.397999205347288e-15,0.7500996353229242,0.7500996353229242,5.283093677027063e-09,1.0566187354054126e-08,2.7799409943212173e-13,8.339822982963651e-13,3.948402807233007e-06,1.184520842169902e-05,0.06247200339436314,0.24988801357745255,2.4956926495575235e-18,1.497415589734514e-17,3.906115699232382e-17,2.7342809894626675e-16,7.076059642352399e-08,4.953241749646679e-07,7.043189235457562e-09,3.7060956483793373e-13,5.263837790739874e-06,5.207462469370174e-17,9.433492977644358e-08,9.43349298285182e-08
pynucastro,50.0,0.14285714285714285,7.0,555.9113818166928,0.5776194354885399,577619435.4885399,4.456767170899052e-06,6.867165355943898e-10,6.867165355943898,0.9999999999999994,4.3575123942900974e-15,4.3575123942900974e-15,0.750099635328907,0.750099635328907,5.2694104501303215e-09,1.0538820900260643e-08,2.7658144248121777e-13,8.297443274436533e-13,3.948393028048531e-06,1.1845179084145592e-05,0.062472003400403237,0.24988801360161295,2.4842265523871734e-18,1.490535931432304e-17,3.895252457520573e-17,2.726676720264401e-16,7.076439144360622e-08,4.953507401052435e-07,7.0249473562532354e-09,3.6872627242371756e-13,5.263824753517207e-06,5.192980070990923e-17,9.433998913034684e-08,9.433998918227664e-08
pynucastro,50.0,0.14285714285714285,7.0,558.2989861441488,0.5761694314194908,576169431.4194908,4.4298239516349025e-06,6.877312827451167e-10,6.877312827451167,0.9999999999999993,4.317516224871001e-15,4.317516224871001e-15,0.7500996353348085,0.7500996353348085,5.255851603028108e-09,1.0511703206056216e-08,2.7518431446229275e-13,8.255529433868782e-13,3.948383377929901e-06,1.1845150133789704e-05,0.06247200340638827,0.24988801362555307,2.472873928996939e-18,1.4837243573981634e-17,3.88455831335685e-17,2.719190819349795e-16,7.076813868485099e-08,4.95376970793957e-07,7.006871294747594e-09,3.6686368250194343e-13,5.263811888360047e-06,5.17872310606173e-17,9.434498478760556e-08,9.43449848393928e-08
pynucastro,50.0,0.14285714285714285,7.0,560.6968450816211,0.5747217875986803,574721787.5986803,4.403055577721992e-06,6.887540012400856e-10,6.887540012400856,0.9999999999999996,4.2780031707666394e-15,4.2780031707666394e-15,0.7500996353406296,0.7500996353406296,5.24241588405543e-09,1.048483176811086e-08,2.7380250783617263e-13,8.214075235085178e-13,3.948373855459216e-06,1.1845121566377649e-05,0.06247200341231876,0.24988801364927504,2.4616333193791137e-18,1.4769799916274682e-17,3.874031445282328e-17,2.71182201169763e-16,7.07718386816018e-08,4.954028707712126e-07,6.988959382275641e-09,3.6502151839046755e-13,5.263799193378104e-06,5.164689146293321e-17,9.434991746058299e-08,9.434991751222988e-08
pynucastro,50.0,0.14285714285714285,7.0,563.1050026720135,0.5732765013043531,573276501.3043531,4.376460891023955e-06,6.89784740669904e-10,6.89784740669904,0.9999999999999994,4.238965840227361e-15,4.238965840227361e-15,0.7500996353463711,0.7500996353463711,5.229102056473503e-09,1.0458204112947007e-08,2.724358183742488e-13,8.173074551227465e-13,3.948364459232534e-06,1.1845093377697602e-05,0.06247200341819525,0.249888013672781,2.4505032849889337e-18,1.4703019709933604e-17,3.863670062497691e-17,2.7045690437483836e-16,7.077549196296442e-08,4.95428443740751e-07,6.971209970071346e-09,3.6319950782064703e-13,5.263786666699698e-06,5.1508758042704237e-17,9.435478785465965e-08,9.435478790616842e-08
pynucastro,50.0,0.14285714285714285,7.0,565.5235031473917,0.5718335698302476,571833569.8302475,4.350038741026023e-06,6.908235510087682e-10,6.908235510087682,0.9999999999999996,4.200396973657558e-15,4.200396973657558e-15,0.7500996353520342,0.7500996353520342,5.215908898302546e-09,1.0431817796605092e-08,2.7108404510556137e-13,8.132521353166841e-13,3.948355187859794e-06,1.1845065563579382e-05,0.06247200342401824,0.24988801369607297,2.439482407884237e-18,1.463689444730542e-17,3.853472404410884e-17,2.697430683087619e-16,7.077909905283501e-08,4.954536933698451e-07,6.953621429044735e-09,3.6139738286679363e-13,5.2637743064716534e-06,5.137280732848758e-17,9.435959666827089e-08,9.43595967196437e-08
pynucastro,50.0,0.14285714285714285,7.0,567.9523909297931,0.5703929904855032,570392990.4855032,4.323787984786763e-06,6.918704826182146e-10,6.918704826182146,0.9999999999999994,4.162289440797607e-15,4.162289440797607e-15,0.7500996353576193,0.7500996353576193,5.202835202101155e-09,1.040567040420231e-08,2.69746990254871e-13,8.092409707646131e-13,3.948346039964668e-06,1.1845038119894003e-05,0.062472003429788266,0.24988801371915306,2.4285692909262165e-18,1.4571415745557298e-17,3.8434367401473583e-17,2.690405718103151e-16,7.078266046994879e-08,4.954786232896415e-07,6.936192149487767e-09,3.5961487986361415e-13,5.263762110859106e-06,5.123901624502127e-17,9.436434459297168e-08,9.43643446442107e-08
pynucastro,50.0,0.14285714285714285,7.0,570.3917106320469,0.5689547605945633,568954760.5945632,4.297707486889987e-06,6.929255862509205e-10,6.929255862509205,0.9999999999999994,4.124636236029257e-15,4.124636236029257e-15,0.7500996353631274,0.7500996353631274,5.189879774475454e-09,1.0379759548950908e-08,2.6842445913265494e-13,8.052733773979649e-13,3.948337014184158e-06,1.1845011042552475e-05,0.06247200343550582,0.24988801374202327,2.4177625569516137e-18,1.4506575341709684e-17,3.8335613676463186e-17,2.683492957352423e-16,7.078617672802958e-08,4.955032370962071e-07,6.918920540419946e-09,3.578517392595574e-13,5.26375007804496e-06,5.1107362101175666e-17,9.436903231363604e-08,9.43690323647434e-08
pynucastro,50.0,0.14285714285714285,7.0,572.8415070585916,0.5675188774970833,567518877.4970833,4.2717961193970945e-06,6.939889130545354e-10,6.939889130545354,0.9999999999999994,4.0874304777461575e-15,4.0874304777461575e-15,0.7500996353685594,0.7500996353685594,5.177041436067488e-09,1.0354082872134976e-08,2.6711626011265945e-13,8.013487803379784e-13,3.948328109168652e-06,1.1844984327505955e-05,0.0624720034411714,0.2498880137646856,2.4070608490998862e-18,1.4442365094599318e-17,3.8238446130282046e-17,2.676691229119743e-16,7.07896483357638e-08,4.955275383503466e-07,6.901805029572855e-09,3.561077055868886e-13,5.263738206229965e-06,5.097782258152104e-17,9.437366050842233e-08,9.437366055940015e-08
pynucastro,50.0,0.14285714285714285,7.0,575.3018252062967,0.566085338547837,566085338.547837,4.246052761799575e-06,6.950605145755503e-10,6.950605145755502,0.9999999999999994,4.050665407029297e-15,4.050665407029297e-15,0.7500996353739162,0.7500996353739162,5.164319021538073e-09,1.0328638043076147e-08,2.6582220460853927e-13,7.974666138256178e-13,3.948319323581973e-06,1.1844957970745919e-05,0.062472003446785516,0.24988801378714207,2.3964628303254828e-18,1.4378776981952896e-17,3.81428483054616e-17,2.6699993813823123e-16,7.079307579677683e-08,4.955515305774378e-07,6.884844063367287e-09,3.543825274305458e-13,5.263726493632783e-06,5.0850375745680536e-17,9.437822984874173e-08,9.43782298995921e-08
pynucastro,50.0,0.14285714285714285,7.0,577.7727102652906,0.5646541411166225,564654141.1166224,4.220476300971844e-06,6.961404427632092e-10,6.961404427632091,0.9999999999999994,4.0143343843688575e-15,4.0143343843688575e-15,0.7500996353791987,0.7500996353791987,5.15171137932608e-09,1.030342275865216e-08,2.64542107010535e-13,7.936263210316051e-13,3.94831065610122e-06,1.1844931968303661e-05,0.06247200345234865,0.2498880138093946,2.3859671817548716e-18,1.431580309052923e-17,3.8048804025325863e-17,2.66341628177281e-16,7.07964596096923e-08,4.955752172678461e-07,6.868036106592333e-09,3.526759573437211e-13,5.263714938489773e-06,5.072500002761768e-17,9.438274099933736e-08,9.438274105006237e-08
pynucastro,50.0,0.14285714285714285,7.0,580.2542076197915,0.5632252825881682,563225282.5881681,4.1950656311243294e-06,6.972287499734599e-10,6.972287499734599,0.9999999999999994,3.9784308861069794e-15,3.9784308861069794e-15,0.7500996353844075,0.7500996353844075,5.139217371282586e-09,1.0278434742565172e-08,2.632757846003025e-13,7.898273538009076e-13,3.948302105416467e-06,1.18449063162494e-05,0.06247200345786129,0.24988801383144515,2.3755726049420024e-18,1.4253435629652013e-17,3.7956297384872264e-17,2.6569408169410585e-16,7.079980026823877e-08,4.955986018776714e-07,6.851379641917655e-09,3.509877517343149e-13,5.263703539054595e-06,5.060167422347913e-17,9.438719461842642e-08,9.438719466902809e-08
pynucastro,50.0,0.14285714285714285,7.0,582.7463628489397,0.5617987603620406,561798760.3620405,4.169819653756847e-06,6.983254889729405e-10,6.9832548897294044,0.9999999999999996,3.942948502912174e-15,3.942948502912174e-15,0.7500996353895434,0.7500996353895434,5.126835872534143e-09,1.0253671745068285e-08,2.620230575079418e-13,7.860691725238254e-13,3.948293670230693e-06,1.1844881010692079e-05,0.062472003463323905,0.24988801385329562,2.3652778213915642e-18,1.4191666928349385e-17,3.7865312742578875e-17,2.650571891980521e-16,7.080309826127311e-08,4.956216878289118e-07,6.8348731697111984e-09,3.4931767080764867e-13,5.263692293598112e-06,5.0480377480672386e-17,9.439159135773142e-08,9.43915914082118e-08
pynucastro,50.0,0.14285714285714285,7.0,585.2492217276344,0.560374571852552,560374571.852552,4.144737277612268e-06,6.994307129430089e-10,6.994307129430089,0.9999999999999994,3.907880937889993e-15,3.907880937889993e-15,0.7500996353946073,0.7500996353946073,5.114565771358454e-09,1.0229131542716908e-08,2.607837486715766e-13,7.823512460147297e-13,3.948285349259724e-06,1.1844856047779172e-05,0.06247200346873698,0.2498880138749479,2.3550815655375514e-18,1.413048939322531e-17,3.777583471904876e-17,2.644308430333413e-16,7.080635407279976e-08,4.956444785095984e-07,6.818515207873442e-09,3.476654785125782e-13,5.263681200408312e-06,5.0361089296058524e-17,9.439593186250575e-08,9.439593191286683e-08
pynucastro,50.0,0.14285714285714285,7.0,587.7628302273746,0.5589527144886677,558952714.4886677,4.119817418630426e-06,7.005444754838128e-10,7.005444754838128,0.9999999999999996,3.873222004045429e-15,3.873222004045429e-15,0.7500996353996,0.7500996353996,5.10240596898868e-09,1.020481193797736e-08,2.5955768378444033e-13,7.78673051353321e-13,3.948277141232101e-06,1.1844831423696304e-05,0.062472003474100965,0.24988801389640386,2.344982595268501e-18,1.4069895571611003e-17,3.76878481949664e-17,2.638149373647648e-16,7.080956818201678e-08,4.956669772741175e-07,6.802304291576517e-09,3.46030942470951e-13,5.263670257790139e-06,5.024378951322777e-17,9.440021677159523e-08,9.440021682183901e-08
pynucastro,50.0,0.14285714285714285,7.0,590.2872345171055,0.5575331857139115,557533185.7139115,4.095058999902271e-06,7.016668306183994e-10,7.016668306183994,0.9999999999999998,3.838965621943572e-15,3.838965621943572e-15,0.7500996354045224,0.7500996354045224,5.090355379404225e-09,1.018071075880845e-08,2.583446912401176e-13,7.750340737203528e-13,3.948269044888932e-06,1.1844807134666797e-05,0.06247200347941634,0.24988801391766535,2.334979694645741e-18,1.4009878167874444e-17,3.760133830431553e-17,2.632093681302087e-16,7.0812741063368e-08,4.95689187443576e-07,6.7862389729852875e-09,3.444138339046045e-13,5.263659464065282e-06,5.012845831345785e-17,9.440444671750745e-08,9.440444676763591e-08
pynucastro,50.0,0.14285714285714285,7.0,592.8224809640649,0.5561159829862758,556115982.9862758,4.070460951624377e-06,7.027978327968685e-10,7.027978327968685,0.9999999999999994,3.805105817823883e-15,3.805105817823883e-15,0.7500996354093749,0.7500996354093749,5.078412929164798e-09,1.0156825858329596e-08,2.571446020861721e-13,7.714338062585163e-13,3.948261058983783e-06,1.1844783176951348e-05,0.06247200348468355,0.2498880139387342,2.3250716368765947e-18,1.395042982125957e-17,3.751629042887533e-17,2.6261403300212733e-16,7.081587318657994e-08,4.957111123060595e-07,6.770317821036134e-09,3.428139275735452e-13,5.263648817572052e-06,5.001507620837653e-17,9.440862232646123e-08,9.44086223764763e-08
pynucastro,50.0,0.14285714285714285,7.0,595.3686161346336,0.5547011037781294,554701103.7781295,4.046022211053661e-06,7.039375369005655e-10,7.039375369005655,0.9999999999999996,3.771636721548794e-15,3.771636721548794e-15,0.7500996354141586,0.7500996354141586,5.066577557246646e-09,1.0133155114493292e-08,2.5595724997853776e-13,7.678717499356132e-13,3.9482531822825776e-06,1.1844759546847734e-05,0.062472003489903026,0.2498880139596121,2.3152572450063063e-18,1.389154347003784e-17,3.743269019603701e-17,2.6202883137225905e-16,7.081896501669859e-08,4.957327551168901e-07,6.7545394212186166e-09,3.412310017151442e-13,5.263638316665221e-06,4.990362403705075e-17,9.441274421843538e-08,9.4412744268339e-08
pynucastro,50.0,0.14285714285714285,7.0,597.9256867951924,0.5532885455761252,553288545.5761251,4.021741722462352e-06,7.050859982463168e-10,7.050859982463168,0.9999999999999998,3.738552564492889e-15,3.738552564492889e-15,0.7500996354188741,0.7500996354188741,5.054848214868442e-09,1.0109696429736883e-08,2.5478247113449727e-13,7.643474134034919e-13,3.948245413563476e-06,1.1844736240690428e-05,0.06247200349507526,0.24988801398030103,2.305535346983879e-18,1.3833212081903272e-17,3.735052347503124e-17,2.6145366432521866e-16,7.082201701413055e-08,4.957541190989138e-07,6.738902375343363e-09,3.396648379814509e-13,5.263627959715883e-06,4.9794082960957295e-17,9.441681300722376e-08,9.441681305701785e-08
pynucastro,50.0,0.14285714285714285,7.0,600.4937399129817,0.5518783058811079,551878305.8811079,3.99761843709327e-06,7.062432725907115e-10,7.062432725907115,0.9999999999999996,3.705847677560632e-15,3.705847677560632e-15,0.7500996354235222,0.7500996354235222,5.043223865317964e-09,1.0086447730635928e-08,2.5362010428628084e-13,7.608603128588425e-13,3.9482377516167586e-06,1.1844713254850277e-05,0.06247200350020065,0.2498880140008026,2.295904774455288e-18,1.3775428646731728e-17,3.7269776371865615e-17,2.608884346030593e-16,7.082502963468486e-08,4.95775207442794e-07,6.723405301311009e-09,3.381152213773328e-13,5.263617745111288e-06,4.968643445723355e-17,9.442082930049092e-08,9.442082935017735e-08
pynucastro,50.0,0.14285714285714285,7.0,603.0728226569635,0.5504703822080234,550470382.2080233,3.97365131311532e-06,7.074094161344226e-10,7.074094161344226,0.9999999999999998,3.673516489198674e-15,3.673516489198674e-15,0.7500996354281039,0.7500996354281039,5.031703483771886e-09,1.0063406967543772e-08,2.524699906341312e-13,7.574099719023935e-13,3.948230195244698e-06,1.1844690585734092e-05,0.062472003505279636,0.24988801402111854,2.28636439990573e-18,1.371818639943438e-17,3.71904352251791e-17,2.603330465762537e-16,7.08280033296182e-08,4.957960233073274e-07,6.7080468328719355e-09,3.3658194019790336e-13,5.263607671254668e-06,4.9580660313150836e-17,9.44247936998324e-08,9.442479374941307e-08
pynucastro,50.0,0.14285714285714285,7.0,605.6629823986857,0.5490647720858283,549064772.0858283,3.949839315579333e-06,7.085844855265732e-10,7.085844855265732,0.9999999999999998,3.641553523396192e-15,3.641553523396192e-15,0.7500996354326195,0.7500996354326195,5.02028605711582e-09,1.004057211423164e-08,2.5133197379963353e-13,7.539959213989006e-13,3.948222743261428e-06,1.1844668229784285e-05,0.06247200351031267,0.2498880140412507,2.276913096316733e-18,1.3661478577900398e-17,3.711248660232303e-17,2.597874062162612e-16,7.083093854568032e-08,4.958165698197622e-07,6.692825619386381e-09,3.350647859663043e-13,5.26359773656508e-06,4.9476742620889864e-17,9.442870680083537e-08,9.442870685031211e-08
pynucastro,50.0,0.14285714285714285,7.0,608.2642667131548,0.5476614730573982,547661473.0573982,3.926181416374062e-06,7.097685378691485e-10,7.0976853786914855,0.9999999999999999,3.6099533985806834e-15,3.6099533985806834e-15,0.75009963543707,0.75009963543707,5.008970583906792e-09,1.0017941167813584e-08,2.5020589980368784e-13,7.506176994110635e-13,3.948215394492964e-06,1.1844646183478893e-05,0.062472003515300155,0.24988801406120062,2.267549754633448e-18,1.3605298527800689e-17,3.703591729773523e-17,2.592514210841466e-16,7.083383572510625e-08,4.958368500757438e-07,6.677740325774391e-09,3.3356355340433837e-13,5.26358793947741e-06,4.9374663775373045e-17,9.443256919306808e-08,9.443256924244274e-08
pynucastro,50.0,0.14285714285714285,7.0,610.8767233797098,0.5462604826794365,546260482.6794364,3.902676594182503e-06,7.109616307214516e-10,7.109616307214517,0.9999999999999998,3.578710825150375e-15,3.578710825150375e-15,0.7500996354414559,0.7500996354414559,4.9977560741159564e-09,9.995512148231913e-09,2.490916170078192e-13,7.472748510234577e-13,3.948208147776991e-06,1.1844624443330972e-05,0.06247200352024253,0.2498880140809701,2.2582732837045977e-18,1.3549639702227586e-17,3.6960714327895977e-17,2.5872500029527185e-16,7.083669530569275e-08,4.958568671398493e-07,6.6627896321728365e-09,3.3207804035422766e-13,5.263578278442107e-06,4.9274406467540147e-17,9.443638146018197e-08,9.443638150945638e-08
pynucastro,50.0,0.14285714285714285,7.0,613.5004003828989,0.5448617985223843,544861798.5223843,3.879323834438468e-06,7.121638221046052e-10,7.121638221046052,0.9999999999999998,3.5478206036724725e-15,3.5478206036724725e-15,0.7500996354457783,0.7500996354457783,4.9866415489710925e-09,9.973283097942185e-09,2.47988976072584e-13,7.43966928217752e-13,3.948201001962747e-06,1.1844603005888241e-05,0.062472003525140186,0.24988801410056075,2.2490826086447283e-18,1.349449565186837e-17,3.688686492765812e-17,2.5820805449360683e-16,7.083951772083739e-08,4.958766240458616e-07,6.647972233725418e-09,3.306080477231616e-13,5.263568751925019e-06,4.917595367945559e-17,9.444014417996353e-08,9.444014422913948e-08
pynucastro,50.0,0.14285714285714285,7.0,616.1353459133596,0.5434654181703306,543465418.1703305,3.856122129283402e-06,7.133751705060991e-10,7.133751705060991,0.9999999999999999,3.517277623253113e-15,3.517277623253113e-15,0.7500996354500375,0.7500996354500375,4.975626040816564e-09,9.951252081633128e-09,2.4689782991941657e-13,7.406934897582497e-13,3.948193955910941e-06,1.1844581867732823e-05,0.06247200352999355,0.2498880141199742,2.239976668815456e-18,1.3439860012892736e-17,3.681435654667027e-17,2.577004958266919e-16,7.084230339957156e-08,4.958961237970009e-07,6.633286840395991e-09,3.2915337943243393e-13,5.263559358407288e-06,4.907928867954022e-17,9.444385792437864e-08,9.444385797345793e-08
pynucastro,50.0,0.14285714285714285,7.0,618.7816083687048,0.5420713392209224,542071339.2209225,3.833070477523489e-06,7.145957348843828e-10,7.145957348843828,0.9999999999999997,3.4870768597141287e-15,3.4870768597141287e-15,0.7500996354542345,0.7500996354542345,4.964708592937426e-09,9.929417185874852e-09,2.4581803368702755e-13,7.374541010610827e-13,3.948187008493611e-06,1.1844561025480833e-05,0.062472003534803026,0.2498880141392121,2.230954419286187e-18,1.3385726515717123e-17,3.674317684538636e-17,2.572022379177045e-16,7.084505276660815e-08,4.95915369366257e-07,6.618732176734054e-09,3.277138423593135e-13,5.263550096385162e-06,4.898439501725122e-17,9.44475232596358e-08,9.444752330862019e-08
pynucastro,50.0,0.14285714285714285,7.0,621.4392363544157,0.5406795592852722,540679559.2852722,3.810167884586914e-06,7.158255746735106e-10,7.158255746735106,0.9999999999999999,3.4572133740708976e-15,3.4572133740708976e-15,0.75009963545837,0.75009963545837,4.953888259434383e-09,9.907776518868766e-09,2.4474944469654274e-13,7.342483340896282e-13,3.948180158594046e-06,1.1844540475782138e-05,0.062472003539569,0.249888014158276,2.2220148298796685e-18,1.3332088979278012e-17,3.667331369210001e-17,2.5671319584470003e-16,7.084776624236997e-08,4.959343636965898e-07,6.604306981708059e-09,3.262892462905698e-13,5.263540964369883e-06,4.889125651912859e-17,9.44511407462242e-08,9.445114079511546e-08
pynucastro,50.0,0.14285714285714285,7.0,624.1082786847272,0.5392900759878722,539290075.9878721,3.7874133624815437e-06,7.170647497878257e-10,7.170647497878257,0.9999999999999999,3.427682311114418e-15,3.427682311114418e-15,0.7500996354624444,0.7500996354624444,4.943164105114513e-09,9.886328210229027e-09,2.4369192241948734e-13,7.31075767258462e-13,3.948173405106722e-06,1.1844520215320166e-05,0.06247200354429188,0.24988801417716752,2.2131568851697324e-18,1.3278941311018394e-17,3.660475516024366e-17,2.562332861217056e-16,7.085044424301265e-08,4.959531097010886e-07,6.59001000855973e-09,3.2487940387979083e-13,5.2635319608876105e-06,4.879985728519443e-17,9.445471093894427e-08,9.445471098774413e-08
pynucastro,50.0,0.14285714285714285,7.0,626.7887843835289,0.537902886966502,537902886.9665021,3.7648059297527113e-06,7.183133206266999e-10,7.183133206267,0.9999999999999998,3.3984788974303848e-15,3.3984788974303848e-15,0.7500996354664584,0.7500996354664584,4.932535205282383e-09,9.865070410564766e-09,2.426453284298885e-13,7.279359852896655e-13,3.948166746937128e-06,1.1844500240811384e-05,0.062472003548972074,0.2498880141958883,2.204379584366604e-18,1.3226277506199624e-17,3.6537489524132694e-17,2.5576242666892887e-16,7.085308718048695e-08,4.959716102634086e-07,6.575840024525578e-09,3.234841305835279e-13,5.263523084479188e-06,4.8710181683279207e-17,9.445823438699061e-08,9.445823443570079e-08
pynucastro,50.0,0.14285714285714285,7.0,629.4808026852662,0.5365179898721404,536517989.8721404,3.7423446114413117e-06,7.195713480793198e-10,7.195713480793198,0.9999999999999998,3.369598439970251e-15,3.369598439970251e-15,0.750099635470413,0.750099635470413,4.922000645619661e-09,9.844001291239323e-09,2.4160952637126653e-13,7.248285791137996e-13,3.9481601830016854e-06,1.1844480549005055e-05,0.06247200355360994,0.24988801421443976,2.1956819408351857e-18,1.3174091645011114e-17,3.64715052560712e-17,2.553005367924984e-16,7.085569546256702e-08,4.959898682379691e-07,6.561795810676414e-09,3.2210324461729005e-13,5.2635143337000286e-06,4.8622214345163195e-17,9.44617116339898e-08,9.446171168261202e-08
pynucastro,50.0,0.14285714285714285,7.0,632.1843830358433,0.5351353823688754,535135382.3688754,3.720028439042155e-06,7.208388935295209e-10,7.2083889352952095,0.9999999999999997,3.341036324788896e-15,3.341036324788896e-15,0.7500996354743087,0.7500996354743087,4.911559522090307e-09,9.823119044180614e-09,2.4058438192801913e-13,7.217531457840573e-13,3.948153712227702e-06,1.1844461136683106e-05,0.062472003558205876,0.2498880142328235,2.1870629821402496e-18,1.3122377892841497e-17,3.640679102386346e-17,2.548475371670442e-16,7.085826949286947e-08,4.960078864500863e-07,6.5478761617909504e-09,3.2073656691739493e-13,5.263505707120063e-06,4.853594016325903e-17,9.446514321802575e-08,9.446514326656169e-08
pynucastro,50.0,0.14285714285714285,7.0,634.8995750935302,0.5337550621338168,533755062.13381684,3.6978564504625554e-06,7.22116018860672e-10,7.22116018860672,0.9999999999999997,3.3127880151347346e-15,3.3127880151347346e-15,0.7500996354781462,0.7500996354781462,4.901210940732468e-09,9.802421881464937e-09,2.395697627788837e-13,7.18709288336651e-13,3.948147333553186e-06,1.1844442000659559e-05,0.06247200356276026,0.24988801425104104,2.178521749733338e-18,1.3071130498400026e-17,3.634333568669557e-17,2.54403349806869e-16,7.086080967091711e-08,4.960256676964198e-07,6.534079886078365e-09,3.193839210789264e-13,5.2634972033234825e-06,4.8451344285121196e-17,9.446852967172468e-08,9.446852972017602e-08
pynucastro,50.0,0.14285714285714285,7.0,637.626428729876,0.532377026857007,532377026.857007,3.6758276899811725e-06,7.234027864606117e-10,7.234027864606118,0.9999999999999996,3.2848490502041295e-15,3.2848490502041295e-15,0.750099635481926,0.750099635481926,4.89095401756311e-09,9.78190803512622e-09,2.3856553856894986e-13,7.156966157068495e-13,3.9481410459267905e-06,1.1844423137780372e-05,0.06247200356727346,0.24988801426909385,2.170057298699423e-18,1.3020343792196538e-17,3.628112829279112e-17,2.5396789804953786e-16,7.086331639215925e-08,4.960432147451147e-07,6.52040580505116e-09,3.1804513331842324e-13,5.263488820908676e-06,4.8368412110320684e-17,9.447187152228223e-08,9.447187157065065e-08
pynucastro,50.0,0.14285714285714285,7.0,640.3649940306263,0.5310012742413316,531001274.2413316,3.6539412082070803e-06,7.246992592266362e-10,7.246992592266362,0.9999999999999997,3.2572150438496817e-15,3.2572150438496817e-15,0.750099635485649,0.750099635485649,4.880787878465713e-09,9.761575756931426e-09,2.3757158087917946e-13,7.127147426375384e-13,3.948134848307743e-06,1.184440454492323e-05,0.06247200357174587,0.24988801428698348,2.1616686976404953e-18,1.2970012185842972e-17,3.6220158076608975e-17,2.535411065362628e-16,7.086579004799908e-08,4.960605303359936e-07,6.5068527533754455e-09,3.167200324332443e-13,5.263480558488125e-06,4.82871292867092e-17,9.447516929149994e-08,9.447516933978706e-08
pynucastro,50.0,0.14285714285714285,7.0,643.1153212966419,0.5296278020024313,529627802.00243133,3.632196062039092e-06,7.26005500570535e-10,7.2600550057053495,0.9999999999999998,3.229881683108084e-15,3.229881683108084e-15,0.7500996354893157,0.7500996354893157,4.8707116590487936e-09,9.741423318097587e-09,2.3658776319160753e-13,7.097632895748226e-13,3.948128739665731e-06,1.1844386218997193e-05,0.062472003576177826,0.2498880143047113,2.1533550284652724e-18,1.2920130170791634e-17,3.6160414455854987e-17,2.531229011909849e-16,7.086823102583296e-08,4.960776171808308e-07,6.493419578682319e-09,3.154084497551758e-13,5.263472414688259e-06,4.8207481706435316e-17,9.447842349583757e-08,9.447842354404505e-08
pynucastro,50.0,0.14285714285714285,7.0,645.8774610448211,0.5282566078686157,528256607.86861575,3.610591314625363e-06,7.273215744236832e-10,7.273215744236833,0.9999999999999997,3.2028447265443993e-15,3.2028447265443993e-15,0.7500996354929267,0.7500996354929267,4.8607245044812215e-09,9.721449008962443e-09,2.3561396085120736e-13,7.06841882553622e-13,3.948122718980769e-06,1.1844368156942307e-05,0.0624720035805697,0.2498880143222788,2.1451153860108464e-18,1.287069231606508e-17,3.6101887028691394e-17,2.5271320920083976e-16,7.087063970909951e-08,4.960944779636966e-07,6.480105141348329e-09,3.141102190995921e-13,5.263464388149272e-06,4.812945550222418e-17,9.448163464647865e-08,9.44816346946081e-08
pynucastro,50.0,0.14285714285714285,7.0,648.651464009029,0.5268876895807736,526887689.5807736,3.5891260353231776e-06,7.286475452421847e-10,7.286475452421847,0.9999999999999998,3.1761000025043613e-15,3.1761000025043613e-15,0.7500996354964827,0.7500996354964827,4.850825569268827e-09,9.701651138537654e-09,2.3465005101886164e-13,7.03950153056585e-13,3.9481167852430076e-06,1.1844350355729023e-05,0.06247200358492186,0.24988801433968744,2.13694887821901e-18,1.2821693269314061e-17,3.604456556832546e-17,2.523119589782782e-16,7.087301647735217e-08,4.961111153414652e-07,6.466908314197645e-09,3.128251767027581e-13,5.2634564775248725e-06,4.805303704016328e-17,9.448480324942713e-08,9.448480329748017e-08
pynucastro,50.0,0.14285714285714285,7.0,651.4373811410314,0.5255210448922855,525521044.89228547,3.5677992996590036e-06,7.299834780120693e-10,7.299834780120693,0.9999999999999996,3.149643409043834e-15,3.149643409043834e-15,0.7500996354999843,0.7500996354999843,4.8410140173324345e-09,9.682028034664869e-09,2.336959126724471e-13,7.010877380173412e-13,3.948110937452839e-06,1.1844332812358517e-05,0.062472003589234645,0.24988801435693858,2.1288546256944787e-18,1.2773127754166873e-17,3.59884400227287e-17,2.519190801591009e-16,7.08753617062142e-08,4.961275319434994e-07,6.4538279826061e-09,3.115531612232759e-13,5.2634486814824236e-06,4.797821291932818e-17,9.448792980544741e-08,9.448792985342562e-08
pynucastro,50.0,0.14285714285714285,7.0,654.235263611428,0.5241566715689361,524156671.5689361,3.546610189288787e-06,7.313294382545441e-10,7.3132943825454415,0.9999999999999997,3.123470912176606e-15,3.123470912176606e-15,0.7500996355034322,0.7500996355034322,4.831289021842455e-09,9.66257804368491e-09,2.327514265693814e-13,6.982542797081443e-13,3.948105174620768e-06,1.1844315523862304e-05,0.06247200359350843,0.2498880143740337,2.1208317610485842e-18,1.2724990566291506e-17,3.593350051336089e-17,2.5153450359352623e-16,7.087767576742906e-08,4.961437303720034e-07,6.440863044280667e-09,3.102940136921536e-13,5.263440998702769e-06,4.790496997008136e-17,9.449101481013151e-08,9.449101485803648e-08
pynucastro,50.0,0.14285714285714285,7.0,657.045162810592,0.5227945673888287,522794567.3888287,3.5255577919585085e-06,7.326854920312986e-10,7.326854920312986,0.9999999999999997,3.0975785441091966e-15,3.0975785441091966e-15,0.7500996355068268,0.7500996355068268,4.821649765010432e-09,9.643299530020865e-09,2.3181647520277653e-13,6.954494256083296e-13,3.948099495767228e-06,1.1844298487301684e-05,0.06247200359774353,0.24988801439097413,2.112879430511099e-18,1.2677276583066594e-17,3.587973733096713e-17,2.5115816131676993e-16,7.087995902892874e-08,4.961597132025011e-07,6.428012408981566e-09,3.0904757745435105e-13,5.26343342787999e-06,4.7833295248469144e-17,9.449405875399021e-08,9.449405880182351e-08
pynucastro,50.0,0.14285714285714285,7.0,659.8671303496152,0.5214347301422962,521434730.14229625,3.504641201464926e-06,7.340517059498667e-10,7.340517059498667,0.9999999999999999,3.071962402319017e-15,3.071962402319017e-15,0.7500996355101689,0.7500996355101689,4.812095437997543e-09,9.624190875995087e-09,2.3089094277648165e-13,6.926728283294449e-13,3.948093899922512e-06,1.1844281699767537e-05,0.062472003601940315,0.24988801440776126,2.104996790826272e-18,1.2629980744957633e-17,3.582714093193753e-17,2.507899865235627e-16,7.088221185485652e-08,4.961754829839956e-07,6.415274998400272e-09,3.0781369813550793e-13,5.26342596772131e-06,4.7763176031368476e-17,9.449706212248332e-08,9.44970621702465e-08
pynucastro,50.0,0.14285714285714285,7.0,662.7012180612567,0.5200771576318152,520077157.6318152,3.483859517616591e-06,7.354281471690449e-10,7.354281471690449,0.9999999999999998,3.0466186484728687e-15,3.0466186484728687e-15,0.750099635513459,0.750099635513459,4.802625240826657e-09,9.605250481653314e-09,2.299747151809063e-13,6.89924145542719e-13,3.948088386126717e-06,1.1844265158380152e-05,0.0624720036060991,0.2498880144243964,2.097183011075487e-18,1.2583098066452921e-17,3.577570193695736e-17,2.504299135587015e-16,7.088443460558873e-08,4.961910422391211e-07,6.402649746042282e-09,3.065922236097126e-13,5.2634186169470236e-06,4.7694599814687466e-17,9.450002539604868e-08,9.450002544374328e-08
pynucastro,50.0,0.14285714285714285,7.0,665.5474780008941,0.5187218476719181,518721847.6719181,3.4632118461950773e-06,7.368148834043665e-10,7.368148834043666,0.9999999999999996,3.0215435070653194e-15,3.0215435070653194e-15,0.7500996355166978,0.7500996355166978,4.793238382247046e-09,9.586476764494092e-09,2.2906767996159574e-13,6.872030398847872e-13,3.948082953429633e-06,1.1844248860288898e-05,0.06247200361022024,0.24988801444088096,2.0894372754998037e-18,1.2536623652998822e-17,3.572541112874956e-17,2.5007787790124695e-16,7.088662763777554e-08,4.962063934644288e-07,6.390135597046753e-09,3.053830039576076e-13,5.26341137429035e-06,4.762755431035573e-17,9.450294905015662e-08,9.450294909778417e-08
pynucastro,50.0,0.14285714285714285,7.0,668.4059624474786,0.5173687980891092,517368798.0891092,3.4426972989164873e-06,7.38211982933632e-10,7.38211982933632,0.9999999999999998,2.9967332641909662e-15,2.9967332641909662e-15,0.7500996355198858,0.7500996355198858,4.783934079597882e-09,9.567868159195764e-09,2.2816972628796643e-13,6.845091788638993e-13,3.9480776008906225e-06,1.1844232802671868e-05,0.06247200361430407,0.24988801445721628,2.0817587717549854e-18,1.2490552630529912e-17,3.567625944853868e-17,2.4973381613977076e-16,7.088879130438276e-08,4.962215391306793e-07,6.37773150800452e-09,3.0418589142470987e-13,5.263404238497267e-06,4.7562027441610286e-17,9.450583355536564e-08,9.450583360292766e-08
pynucastro,50.0,0.14285714285714285,7.0,671.2767239044958,0.5160180067217764,516018006.7217764,3.422314993393132e-06,7.396195146025002e-10,7.396195146025002,0.9999999999999998,2.972184266527984e-15,2.972184266527984e-15,0.7500996355230235,0.7500996355230235,4.774711558712649e-09,9.549423117425298e-09,2.27280744928697e-13,6.81842234786091e-13,3.948072327578558e-06,1.1844216982735674e-05,0.06247200361835091,0.24988801447340364,2.074146708438663e-18,1.2444880250631976e-17,3.562823799388868e-17,2.493976659572208e-16,7.089092595471792e-08,4.962364816830254e-07,6.365436446830662e-09,3.030007403886025e-13,5.263397208326434e-06,4.7498007340113034e-17,9.450867937735719e-08,9.45086794248552e-08
pynucastro,50.0,0.14285714285714285,7.0,674.1598151009322,0.5146694714201054,514669471.42010546,3.4020640530954673e-06,7.41037547830137e-10,7.41037547830137,0.9999999999999999,2.9478929205579086e-15,2.9478929205579086e-15,0.7500996355261117,0.7500996355261117,4.765570053880323e-09,9.531140107760646e-09,2.2640062823589287e-13,6.792018847076786e-13,3.9480671325718075e-06,1.1844201397715423e-05,0.062472003622361084,0.24988801448944434,2.0666003010407663e-18,1.2399601806244598e-17,3.5581338017884217e-17,2.490693661251895e-16,7.089303193443406e-08,4.962512235410384e-07,6.353249392712748e-09,3.018274073378238e-13,5.263390282549166e-06,4.743548234485923e-17,9.451148697694069e-08,9.451148702437618e-08
pynucastro,50.0,0.14285714285714285,7.0,677.0552889922413,0.5133231900459942,513323190.0459942,3.3819436073142713e-06,7.424661526149237e-10,7.4246615261492375,0.9999999999999998,2.923855690958385e-15,2.923855690958385e-15,0.7500996355291508,0.7500996355291508,4.756508807640193e-09,9.513017615280386e-09,2.2552927010419362e-13,6.765878103125808e-13,3.9480620149580425e-06,1.1844186044874128e-05,0.06247200362633491,0.24988801450533965,2.0591187739554876e-18,1.2354712643732925e-17,3.5535550925316715e-17,2.48748856477217e-16,7.08951095856002e-08,4.962657670992014e-07,6.341169335837309e-09,3.006657508173512e-13,5.263383459949182e-06,4.7374440997092995e-17,9.451425681014749e-08,9.451425685752194e-08
pynucastro,50.0,0.14285714285714285,7.0,679.9631987613158,0.511979160472968,511979160.472968,3.3619527911230494e-06,7.439053995402238e-10,7.439053995402238,0.9999999999999998,2.9000690996349187e-15,2.9000690996349187e-15,0.7500996355321413,0.7500996355321413,4.747527070690304e-09,9.495054141380607e-09,2.246665659474064e-13,6.739996978422192e-13,3.948056973834168e-06,1.1844170921502504e-05,0.06247200363027272,0.24988801452109088,2.0517013667536767e-18,1.231020820052206e-17,3.549086827047957e-17,2.48436077893357e-16,7.089715924672689e-08,4.962801147270882e-07,6.329195277267769e-09,2.9951563139744997e-13,5.2633767393225144e-06,4.73148720373679e-17,9.451698932826504e-08,9.451698937557991e-08
pynucastro,50.0,0.14285714285714285,7.0,682.8835978194668,0.5106373805860926,510637380.58609265,3.3420907453406397e-06,7.453553597802144e-10,7.453553597802144,0.9999999999999999,2.8765297248077028e-15,2.8765297248077028e-15,0.7500996355350841,0.7500996355350841,4.738624101803996e-09,9.477248203607992e-09,2.2381241267664849e-13,6.714372380299454e-13,3.948052008306263e-06,1.184415602491879e-05,0.06247200363417482,0.2498880145366993,2.044347327065312e-18,1.2266083962391873e-17,3.544728175518952e-17,2.4813097228632664e-16,7.089918125278913e-08,4.962942687695239e-07,6.317326228833181e-09,2.983769116445334e-13,5.263370119477418e-06,4.725676440290919e-17,9.451968497786719e-08,9.451968502512395e-08
pynucastro,50.0,0.14285714285714285,7.0,685.8165398074042,0.50929784828189,509297848.28189,3.32235661649407e-06,7.468161051057765e-10,7.4681610510577645,0.9999999999999998,2.853234199856842e-15,2.853234199856842e-15,0.7500996355379793,0.7500996355379793,4.729799167700796e-09,9.459598335401592e-09,2.229667086718365e-13,6.689001260155095e-13,3.948047117489471e-06,1.1844141352468413e-05,0.06247200363804153,0.2498880145521661,2.0370559143701838e-18,1.2222335486221103e-17,3.540478322627267e-17,2.478334825839087e-16,7.090117593526767e-08,4.963082315468737e-07,6.3055612129561095e-09,2.9724945608315414e-13,5.263363599234241e-06,4.720010722426227e-17,9.452234420086954e-08,9.452234424806965e-08
pynucastro,50.0,0.14285714285714285,7.0,688.7620785962195,0.507960561468253,507960561.46825296,3.3027495567816415e-06,7.482877078904479e-10,7.48287707890448,0.9999999999999996,2.830179212521637e-15,2.830179212521637e-15,0.7500996355408277,0.7500996355408277,4.721051542983573e-09,9.442103085967146e-09,2.2212935376329506e-13,6.663880612898852e-13,3.948042300507953e-06,1.184412690152386e-05,0.06247200364187314,0.24988801456749257,2.029826398282978e-18,1.2178958389697868e-17,3.536336467399833e-17,2.4754355271798833e-16,7.090314362216443e-08,4.96322005355151e-07,6.2938992625688424e-09,2.9613313117148505e-13,5.263357177425347e-06,4.714488982320471e-17,9.452496743454981e-08,9.45249674816947e-08
pynucastro,50.0,0.14285714285714285,7.0,691.7202682883776,0.5066255180643611,506625518.0643611,3.283268724036229e-06,7.4977024111644e-10,7.4977024111644,0.9999999999999998,2.8073615036414897e-15,2.8073615036414897e-15,0.7500996355436299,0.7500996355436299,4.712380509983696e-09,9.424761019967392e-09,2.2130024919988756e-13,6.639007475996627e-13,3.948037556494745e-06,1.1844112669484233e-05,0.06247200364566998,0.24988801458267992,2.022658058520847e-18,1.2135948351125083e-17,3.5323018229199403e-17,2.472611276043958e-16,7.090508463805484e-08,4.963355924663839e-07,6.282339420906969e-09,2.9502780525883285e-13,5.2633508528949355e-06,4.709110170890734e-17,9.452755511161773e-08,9.452755515870883e-08
pynucastro,50.0,0.14285714285714285,7.0,694.691163218711,0.5052927160005949,505292716.0005949,3.2639132816887835e-06,7.512637783807177e-10,7.512637783807177,0.9999999999999998,2.7847778664974815e-15,2.7847778664974815e-15,0.7500996355463864,0.7500996355463864,4.703785358720558e-09,9.407570717441116e-09,2.2047929763436368e-13,6.61437892903091e-13,3.948032884591745e-06,1.1844098653775237e-05,0.06247200364943233,0.24988801459772933,2.0155501854818614e-18,1.2093301112891168e-17,3.528373616201938e-17,2.4698615313413565e-16,7.090699930409499e-08,4.963489951286649e-07,6.2708807414554124e-09,2.9393334856610417e-13,5.263344624499018e-06,4.7038732576263765e-17,9.45301076602244e-08,9.453010770726313e-08
pynucastro,50.0,0.14285714285714285,7.0,697.6748179554176,0.5039621532184511,503962153.2184511,3.2446823987320867e-06,7.527683939011475e-10,7.5276839390114745,0.9999999999999998,2.7624251455512413e-15,2.7624251455512413e-15,0.7500996355490975,0.7500996355490975,4.695265386741101e-09,9.390530773482201e-09,2.1966640309116312e-13,6.589992092734894e-13,3.948028283949562e-06,1.1844084851848687e-05,0.0624720036531605,0.249888014612642,2.0085020790113136e-18,1.2051012474067883e-17,3.5245510879002267e-17,2.4671857615301587e-16,7.090888793807715e-08,4.963622155665401e-07,6.259522287734499e-09,2.9284963314288257e-13,5.26333849110522e-06,4.698777230201078e-17,9.453262550403656e-08,9.453262555102433e-08
pynucastro,50.0,0.14285714285714285,7.0,700.6712873010598,0.5026338276704608,502633827.6704608,3.2255752496847368e-06,7.542841625227028e-10,7.542841625227028,0.9999999999999998,2.7403002358392545e-15,2.7403002358392545e-15,0.7500996355517641,0.7500996355517641,4.6868198990860594e-09,9.373639798172119e-09,2.1886147095311143e-13,6.565844128593343e-13,3.948023753727502e-06,1.1844071261182506e-05,0.06247200365685479,0.24988801462741916,2.001513049306198e-18,1.2009078295837189e-17,3.5208334921966915e-17,2.464583444537684e-16,7.091075085443469e-08,4.963752559810428e-07,6.248263133254947e-09,2.917765328496922e-13,5.263332451592759e-06,4.693821094322769e-17,9.453510906224294e-08,9.453510910918115e-08
pynucastro,50.0,0.14285714285714285,7.0,703.6806262935746,0.5013077373201034,501307737.32010335,3.206591014555302e-06,7.55811159723744e-10,7.55811159723744,0.9999999999999996,2.718400081747444e-15,2.718400081747444e-15,0.7500996355543864,0.7500996355543864,4.678448208131209e-09,9.356896416262418e-09,2.1806440792996954e-13,6.541932237899086e-13,3.948019293093412e-06,1.1844057879280237e-05,0.062472003660515495,0.24988801464206198,1.9945824160427004e-18,1.1967494496256203e-17,3.517220096515296e-17,2.4620540675607074e-16,7.091258836429775e-08,4.963881185500843e-07,6.237102361306234e-09,2.9071392331606947e-13,5.263326504852246e-06,4.6890038733531396e-17,9.453755874962852e-08,9.453755879651856e-08
pynucastro,50.0,0.14285714285714285,7.0,706.7028902072842,0.4999838801417225,499983880.1417225,3.1877288788067306e-06,7.573494616223622e-10,7.573494616223622,0.9999999999999999,2.6967216764323027e-15,2.6967216764323027e-15,0.7500996355569651,0.7500996355569651,4.670149633555102e-09,9.340299267110204e-09,2.1727512204569268e-13,6.51825366137078e-13,3.94801490122368e-06,1.184404470367104e-05,0.0624720036641429,0.2498880146565716,1.987709508456449e-18,1.1926257050738694e-17,3.513710181413794e-17,2.4595971269896557e-16,7.09144007754982e-08,4.964008054284874e-07,6.2260390649135774e-09,2.89661681923577e-13,5.26332064978567e-06,4.684324608163272e-17,9.453997497658125e-08,9.45399750234245e-08
pynucastro,50.0,0.14285714285714285,7.0,709.7381345539109,0.49866225412044324,498662254.1204432,3.1689880333209706e-06,7.588991449827903e-10,7.588991449827902,0.9999999999999999,2.675262060652272e-15,2.675262060652272e-15,0.7500996355595007,0.7500996355595007,4.66192350218658e-09,9.32384700437316e-09,2.1649352260836449e-13,6.494805678250934e-13,3.948010577303082e-06,1.1844031731909245e-05,0.06247200366773729,0.24988801467094915,1.9808936655302006e-18,1.1885361993181203e-17,3.5103030403105725e-17,2.457212128217401e-16,7.091618839262347e-08,4.964133187483643e-07,6.215072346634648e-09,2.886196877657214e-13,5.263314885306208e-06,4.679782356769486e-17,9.454235814916368e-08,9.454235819596151e-08
pynucastro,50.0,0.14285714285714285,7.0,712.7864150835946,0.49734285725208893,497342857.2520889,3.150367674363813e-06,7.604602872218817e-10,7.604602872218817,0.9999999999999998,2.654018322192677e-15,2.654018322192677e-15,0.7500996355619935,0.7500996355619935,4.653769147970083e-09,9.307538295940166e-09,2.157195201974324e-13,6.471585605922972e-13,3.948006320524765e-06,1.1844018961574295e-05,0.062472003671298945,0.24988801468519578,1.9741342351104646e-18,1.1844805410662787e-17,3.506997979377592e-17,2.4548985855643143e-16,7.091795151702311e-08,4.964256606191617e-07,6.204201318513322e-09,2.875878216309356e-13,5.263309210338196e-06,4.675376194190603e-17,9.454470866912179e-08,9.454470871587555e-08
pynucastro,50.0,0.14285714285714285,7.0,715.8477877859189,0.4960256875430977,496025687.54309773,3.131867003549936e-06,7.620329664156607e-10,7.620329664156607,1.0,2.632987594826561e-15,2.632987594826561e-15,0.7500996355644444,0.7500996355644444,4.645685911833803e-09,9.291371823667606e-09,2.1495302663706595e-13,6.448590799111979e-13,3.948002130090125e-06,1.1844006390270376e-05,0.06247200367482816,0.24988801469931263,1.9674305746280032e-18,1.180458344776802e-17,3.503794317294493e-17,2.452656022106145e-16,7.091969044685496e-08,4.964378331279847e-07,6.193425101903908e-09,2.865659659670617e-13,5.263303623816965e-06,4.6711052121201394e-17,9.454702693394648e-08,9.454702698065752e-08
pynucastro,50.0,0.14285714285714285,7.0,718.9223088909403,0.4947107430104386,494710743.0104386,3.113485227808153e-06,7.636172613059438e-10,7.636172613059438,0.9999999999999999,2.612167057743954e-15,2.612167057743954e-15,0.7500996355668533,0.7500996355668533,4.637673141655073e-09,9.275346283310145e-09,2.1419395498371536e-13,6.425818649511461e-13,3.94799800520879e-06,1.184399401562637e-05,0.0624720036783252,0.2498880147133008,1.9607820503226146e-18,1.1764692301935687e-17,3.5006913851537537e-17,2.4504839696076274e-16,7.092140547709237e-08,4.964498383396466e-07,6.182742827425005e-09,2.8555400486476456e-13,5.263298124688825e-06,4.6669685187998616e-17,9.454931333688327e-08,9.454931338355296e-08
pynucastro,50.0,0.14285714285714285,7.0,722.0100348702198,0.49339802168152913,493398021.6815291,3.0952215593468985e-06,7.652132513070289e-10,7.652132513070289,0.9999999999999999,2.5915539341654046e-15,2.5915539341654046e-15,0.7500996355692213,0.7500996355692213,4.629730192055295e-09,9.25946038411059e-09,2.1344221948937915e-13,6.403266584681375e-13,3.94799394509841e-06,1.1843981835295229e-05,0.06247200368179035,0.2498880147271614,1.954188037386417e-18,1.1725128224318504e-17,3.497688526128547e-17,2.448381968289983e-16,7.092309689960038e-08,4.964616782972026e-07,6.172153634686109e-09,2.8455182400856146e-13,5.2632927119107734e-06,4.6629652385769897e-17,9.455156826703376e-08,9.455156831366341e-08
pynucastro,50.0,0.14285714285714285,7.0,725.1110224378591,0.4920875215941537,492087521.5941537,3.0770752156199275e-06,7.66821016512458e-10,7.66821016512458,0.9999999999999997,2.5711454910854123e-15,2.5711454910854123e-15,0.7500996355715485,0.7500996355715485,4.621856424403412e-09,9.243712848806824e-09,2.1269773559502095e-13,6.380932067850629e-13,3.947989948984689e-06,1.1843969846954067e-05,0.0624720036852239,0.2498880147408956,1.947647919964834e-18,1.1685887519789004e-17,3.4947850953446335e-17,2.4463495667412435e-16,7.092476500312827e-08,4.964733550218979e-07,6.1616566722922435e-09,2.835593106680462e-13,5.263287384450554e-06,4.6590945117334116e-17,9.455379210934584e-08,9.455379215593678e-08
pynucastro,50.0,0.14285714285714285,7.0,728.225328551543,0.49077924079638,490779240.79638004,3.059045419292191e-06,7.684406377018536e-10,7.684406377018536,0.9999999999999998,2.5509390385981557e-15,2.5509390385981557e-15,0.7500996355738355,0.7500996355738355,4.6140512067669576e-09,9.228102413533915e-09,2.1196041991657887e-13,6.358812597497366e-13,3.947986016101338e-06,1.1843958048304014e-05,0.06247200368862608,0.2498880147545043,1.941161090285359e-18,1.1646966541712153e-17,3.491980459831011e-17,2.4443863218817076e-16,7.092641007332336e-08,4.964848705132635e-07,6.151251097778699e-09,2.825763536792369e-13,5.263282141286577e-06,4.655355494419888e-17,9.455598524463189e-08,9.455598529118544e-08
pynucastro,50.0,0.14285714285714285,7.0,731.3530104135878,0.48947317734647694,489473177.3464769,3.041131398205945e-06,7.700721963478282e-10,7.700721963478282,0.9999999999999999,2.5309319287022366e-15,2.5309319287022366e-15,0.750099635576083,0.750099635576083,4.606313913744275e-09,9.21262782748855e-09,2.1123019021412369e-13,6.336905706423711e-13,3.947982145689913e-06,1.1843946437069739e-05,0.06247200369199719,0.24988801476798875,1.934726950073448e-18,1.1608361700440688e-17,3.489273998254487e-17,2.442491798778141e-16,7.092803239279317e-08,4.964962267495522e-07,6.140936077387355e-09,2.8160284340345945e-13,5.2632769814077145e-06,4.6517473583022004e-17,9.455814804965187e-08,9.455814809616934e-08
pynucastro,50.0,0.14285714285714285,7.0,734.4941254719896,0.48816932931283213,488169329.3128321,3.0233323853470645e-06,7.717157746229697e-10,7.717157746229697,0.9999999999999999,2.511121554867193e-15,2.511121554867193e-15,0.7500996355782912,0.7500996355782912,4.598643926434195e-09,9.19728785286839e-09,2.1050696538081286e-13,6.315208961424386e-13,3.947978336999795e-06,1.1843935010999384e-05,0.06247200369533748,0.24988801478134992,1.9283449083547014e-18,1.1570069450128209e-17,3.486665100769106e-17,2.4406655705383745e-16,7.092963224111219e-08,4.965074256877853e-07,6.1307107860262585e-09,2.806386717126212e-13,5.263271903813273e-06,4.6482692903604105e-17,9.456028089712218e-08,9.456028094360487e-08
pynucastro,50.0,0.14285714285714285,7.0,737.6487314214792,0.48686769477387143,486867694.7738714,3.005647618811568e-06,7.73371455406897e-10,7.73371455406897,0.9999999999999999,2.491505351241555e-15,2.491505351241555e-15,0.7500996355804606,0.7500996355804606,4.5910406323455314e-09,9.182081264691063e-09,2.097906654235305e-13,6.293719962705915e-13,3.947974589288117e-06,1.184392376786435e-05,0.06247200369864722,0.2498880147945889,1.922014383323221e-18,1.1532086299939326e-17,3.4841531688661345e-17,2.438907218206294e-16,7.093120989485352e-08,4.965184692639746e-07,6.1205744071489645e-09,2.796837319634013e-13,5.263266907512891e-06,4.64492049268887e-17,9.456238415575791e-08,9.456238420220712e-08
pynucastro,50.0,0.14285714285714285,7.0,740.816886204582,0.48556827181797657,485568271.8179766,2.9880763417723453e-06,7.750393222933997e-10,7.750393222933997,0.9999999999999999,2.4720807919302925e-15,2.4720807919302925e-15,0.7500996355825915,0.7500996355825915,4.583503425319436e-09,9.167006850638871e-09,2.090812114453754e-13,6.272436343361262e-13,3.947970901819675e-06,1.1843912705459025e-05,0.062472003701926675,0.2498880148077067,1.915734800808783e-18,1.1494408804852698e-17,3.4817376152296165e-17,2.4372163306607317e-16,7.09327656276153e-08,4.965293593933071e-07,6.1105261326510244e-09,2.787379189739041e-13,5.263261991526423e-06,4.64170018230365e-17,9.456445819030807e-08,9.456445823672507e-08
pynucastro,50.0,0.14285714285714285,7.0,743.998648012685,0.4842710585434026,484271058.54340255,2.9706178024460615e-06,7.767194595976505e-10,7.767194595976505,1.0,2.4528453901431653e-15,2.4528453901431653e-15,0.7500996355846847,0.7500996355846847,4.576031705414196e-09,9.152063410828392e-09,2.0837852562314516e-13,6.251355768694354e-13,3.9479672738668395e-06,1.1843901821600518e-05,0.062472003705176096,0.24988801482070438,1.909505594820167e-18,1.1457033568921e-17,3.479417863512328e-17,2.4355925044586295e-16,7.09342997100626e-08,4.965400979704382e-07,6.100565162716401e-09,2.778011289936424e-13,5.263257154883822e-06,4.638607590843855e-17,9.456650336161144e-08,9.456650340799752e-08
pynucastro,50.0,0.14285714285714285,7.0,747.1940752871029,0.4829760530581978,482976053.0581978,2.9532712540603184e-06,7.784119523634967e-10,7.784119523634967,1.0,2.4337966977205734e-15,2.4337966977205734e-15,0.7500996355867406,0.7500996355867406,4.568624878871405e-09,9.13724975774281e-09,2.0768253119633653e-13,6.230475935890097e-13,3.947963704709511e-06,1.1843891114128534e-05,0.062472003708395736,0.24988801483358294,1.9033262074709775e-18,1.1419957244825865e-17,3.477193348235859e-17,2.4340353437651015e-16,7.093581240993695e-08,4.965506868695586e-07,6.090690705772373e-09,2.7687325968887286e-13,5.263252396625079e-06,4.635641964438417e-17,9.45685200266092e-08,9.456852007296563e-08
pynucastro,50.0,0.14285714285714285,7.0,750.4032267201504,0.48168325348012336,481683253.48012334,2.936035954820984e-06,7.801168863708293e-10,7.801168863708293,1.0,2.41493230435205e-15,2.41493230435205e-15,0.7500996355887594,0.7500996355887594,4.561282358016831e-09,9.122564716033662e-09,2.0699315244717253e-13,6.209794573415176e-13,3.947960193635038e-06,1.1843880580905113e-05,0.06247200371158586,0.24988801484634343,1.8971960882070555e-18,1.1383176529242334e-17,3.4750635146128576e-17,2.432544460229e-16,7.093730399209218e-08,4.965611279446453e-07,6.080901978357373e-09,2.7595421011596936e-13,5.263247715800117e-06,4.632802563469121e-17,9.457050853839292e-08,9.457050858472095e-08
pynucastro,50.0,0.14285714285714285,7.0,753.6261612562242,0.48039265793657027,480392657.9365703,2.9189111678797094e-06,7.818343481430372e-10,7.8183434814303725,0.9999999999999999,2.3962498369162006e-15,2.3962498369162006e-15,0.7500996355907416,0.7500996355907416,4.554003561185061e-09,9.108007122370122e-09,2.0631031468410468e-13,6.18930944052314e-13,3.9479567399381415e-06,1.1843870219814425e-05,0.062472003714746704,0.24988801485898682,1.8911146947512718e-18,1.134668816850763e-17,3.473027818398993e-17,2.431119472879295e-16,7.093877471852101e-08,4.965714230296471e-07,6.071198205020526e-09,2.750438806994285e-13,5.263243111468685e-06,4.630088662373243e-17,9.45724692462397e-08,9.457246929254059e-08
pynucastro,50.0,0.14285714285714285,7.0,756.8629380928832,0.4791042645644802,479104264.5644802,2.9018961613016806e-06,7.835644249545381e-10,7.835644249545381,0.9999999999999999,2.377746958932313e-15,2.377746958932313e-15,0.7500996355926878,0.7500996355926878,4.546787912665288e-09,9.093575825330576e-09,2.056339442283507e-13,6.169018326850521e-13,3.947953342920869e-06,1.1843860028762607e-05,0.062472003717878526,0.2498880148715141,1.88508149193776e-18,1.1310488951626562e-17,3.471085725765471e-17,2.4297600080358296e-16,7.094022484837349e-08,4.965815739386144e-07,6.06157861824938e-09,2.741421732139224e-13,5.2632385827003e-06,4.627499549473595e-17,9.457440249563699e-08,9.457440254191199e-08
pynucastro,50.0,0.14285714285714285,7.0,760.1136166819347,0.4778180715102649,477818071.5102649,2.8849902080335535e-06,7.853072048383914e-10,7.853072048383914,0.9999999999999997,2.359421369787259e-15,2.359421369787259e-15,0.7500996355945984,0.7500996355945984,4.539634842597869e-09,9.079269685195738e-09,2.0496396839382255e-13,6.148919051814676e-13,3.9479500018924936e-06,1.184385000567748e-05,0.062472003720981564,0.24988801488392626,1.8790959522797696e-18,1.1274575713678617e-17,3.469236713117249e-17,2.4284656991820747e-16,7.094165463799522e-08,4.965915824659666e-07,6.052042458331998e-09,2.7324899075754004e-13,5.2632341285741104e-06,4.6250345267361865e-17,9.457630862833349e-08,9.457630867458383e-08
pynucastro,50.0,0.14285714285714285,7.0,763.3782567305278,0.4765340769297261,476534076.9297261,2.8681925858715893e-06,7.870627765939965e-10,7.8706277659399655,0.9999999999999999,2.3412708042264155e-15,2.3412708042264155e-15,0.7500996355964736,0.7500996355964736,4.5325437869273725e-09,9.065087573854745e-09,2.0430031547493326e-13,6.129009464247998e-13,3.947946716169474e-06,1.1843840148508423e-05,0.06247200372405607,0.24988801489622428,1.8731575555991266e-18,1.123894533359476e-17,3.467480266985751e-17,2.427236186890026e-16,7.094306434094332e-08,4.966014503866032e-07,6.042588973294364e-09,2.723642377355312e-13,5.263229748178848e-06,4.6226929096271807e-17,9.45781879823604e-08,9.457818802858733e-08
pynucastro,50.0,0.14285714285714285,7.0,766.6569182022517,0.47525227898797406,475252278.98797405,2.8515025774299633e-06,7.888312297948776e-10,7.888312297948776,0.9999999999999999,2.3232930316932913e-15,2.3232930316932913e-15,0.7500996355983143,0.7500996355983143,4.525514187319711e-09,9.051028374639422e-09,2.0364291472962383e-13,6.109287441888715e-13,3.947943485075367e-06,1.1843830455226103e-05,0.06247200372710228,0.24988801490840912,1.8672657889534922e-18,1.1203594733720952e-17,3.465815883870386e-17,2.4260711187092705e-16,7.09444542080168e-08,4.966111794561175e-07,6.033217418789906e-09,2.7148781983767903e-13,5.263225440612705e-06,4.6204740269016274e-17,9.45800408920719e-08,9.458004093827664e-08
pynucastro,50.0,0.14285714285714285,7.0,769.949661318235,0.4739726758593491,473972675.85934913,2.8349194701093107e-06,7.906126547965454e-10,7.906126547965454,0.9999999999999998,2.305485855709585e-15,2.305485855709585e-15,0.7500996356001204,0.7500996356001204,4.51854549108672e-09,9.03709098217344e-09,2.0299169636356244e-13,6.089750890906873e-13,3.9479403079407645e-06,1.1843820923822293e-05,0.062472003730120435,0.24988801492048174,1.8614201465578175e-18,1.1168520879346905e-17,3.464243070092798e-17,2.4249701490649586e-16,7.094582448728449e-08,4.966207714109914e-07,6.023927057998953e-09,2.7061964401723524e-13,5.263221204983253e-06,4.618377220409147e-17,9.458186768818249e-08,9.458186773436626e-08
pynucastro,50.0,0.14285714285714285,7.0,773.2565465582513,0.4726952657273414,472695265.7273414,2.818442556065438e-06,7.924071427444539e-10,7.924071427444539,0.9999999999999999,2.287847113367807e-15,2.287847113367807e-15,0.7500996356018926,0.7500996356018926,4.511637151134763e-09,9.023274302269526e-09,2.0234659151770973e-13,6.070397745531292e-13,3.947937184103245e-06,1.1843811552309734e-05,0.062472003733110765,0.24988801493244306,1.8556201296481013e-18,1.1133720777888609e-17,3.462761341683721e-17,2.423932939178605e-16,7.094717542410318e-08,4.966302279687223e-07,6.014717161560209e-09,2.697596184743423e-13,5.263217040407377e-06,4.616401844943096e-17,9.458366869779102e-08,9.458366874395504e-08
pynucastro,50.0,0.14285714285714285,7.0,776.5776346618304,0.47142004678451194,471420046.7845119,2.8020711321782447e-06,7.94214785582039e-10,7.94214785582039,0.9999999999999998,2.2703746746802654e-15,2.2703746746802654e-15,0.7500996356036314,0.7500996356036314,4.504788625879402e-09,9.009577251758804e-09,2.0170753225142998e-13,6.051225967542899e-13,3.947934112907281e-06,1.1843802338721842e-05,0.06247200373607352,0.24988801494429408,1.8498652464104707e-18,1.1099191478462825e-17,3.461370224226221e-17,2.422959156958355e-16,7.09485072611498e-08,4.966395508280485e-07,6.005587007457004e-09,2.689076526335183e-13,5.263212946011153e-06,4.61454726803158e-17,9.458544424442368e-08,9.458544429056915e-08
pynucastro,50.0,0.14285714285714285,7.0,779.9129866293766,0.470147017232412,470147017.232412,2.7858045000208115e-06,7.96035676058849e-10,7.96035676058849,0.9999999999999998,2.2530664421189175e-15,2.2530664421189175e-15,0.750099635605337,0.750099635605337,4.497999379202399e-09,8.995998758404797e-09,2.0107445153142667e-13,6.0322335459428e-13,3.9479310937042104e-06,1.1843793281112631e-05,0.06247200373900891,0.24988801495603563,1.844155011852053e-18,1.1064930071112317e-17,3.46006925275692e-17,2.422048476929844e-16,7.094982023843656e-08,4.96648741669056e-07,5.996535880959966e-09,2.6806365712890637e-13,5.263208920929812e-06,4.612812869805774e-17,9.458719464805424e-08,9.458719469418237e-08
pynucastro,50.0,0.14285714285714285,7.0,783.2626637232869,0.46887617528150494,468876175.2815049,2.7696419658287093e-06,7.978699077387621e-10,7.9786990773876205,0.9999999999999998,2.235920349865695e-15,2.235920349865695e-15,0.7500996356070099,0.7500996356070099,4.4912688803444805e-09,8.982537760688961e-09,2.0044728321218423e-13,6.013418496365527e-13,3.94792812585212e-06,1.1843784377556359e-05,0.062472003741917186,0.24988801496766874,1.8384889476833833e-18,1.10309336861003e-17,3.458857971595783e-17,2.4212005801170485e-16,7.095111459335251e-08,4.966578021534676e-07,5.987563074484059e-09,2.672275437782002e-13,5.263204964307578e-06,4.6111980427729985e-17,9.458892022515929e-08,9.458892027127128e-08
pynucastro,50.0,0.14285714285714285,7.0,786.6267274690748,0.46760751915108756,467607519.1510876,2.7535828404694864e-06,7.997175750082933e-10,7.997175750082933,1.0,2.218934363329707e-15,2.218934363329707e-15,0.7500996356086505,0.7500996356086505,4.48459660384173e-09,8.96919320768346e-09,1.9982596202241236e-13,5.994778860672371e-13,3.947925208715786e-06,1.1843775626147358e-05,0.06247200374479857,0.24988801497919427,1.832866582326108e-18,1.0997199493956647e-17,3.457735934175941e-17,2.4204151539231587e-16,7.095239056068751e-08,4.966667339248126e-07,5.978667887503786e-09,2.663992255645723e-13,5.263201075297599e-06,4.609702191589846e-17,9.459062128875039e-08,9.459062133484742e-08
pynucastro,50.0,0.14285714285714285,7.0,790.005239656502,0.46634104706921103,466341047.069211,2.7376264394123464e-06,8.015787730849974e-10,8.015787730849974,0.9999999999999999,2.2021064788457573e-15,2.2021064788457573e-15,0.750099635610259,0.750099635610259,4.477982029518492e-09,8.955964059036985e-09,1.9921042355913092e-13,5.976312706773928e-13,3.9479223416666755e-06,1.1843767025000026e-05,0.062472003747653285,0.24988801499061314,1.8272874506002396e-18,1.0963724703601438e-17,3.4567027030126766e-17,2.4196918921088736e-16,7.095364837263339e-08,4.966755386084338e-07,5.9698496265437294e-09,2.655786166287885e-13,5.2631972530619375e-06,4.6083247330208404e-17,9.459229814837542e-08,9.459229819445867e-08
pynucastro,50.0,0.14285714285714285,7.0,793.3982623407151,0.46507675727260195,465076757.27260196,2.721772082698006e-06,8.034535980259611e-10,8.034535980259612,1.0,2.1854347229240672e-15,2.1854347229240672e-15,0.7500996356118361,0.7500996356118361,4.4714246423811046e-09,8.942849284762209e-09,1.9860060426858593e-13,5.958018128057578e-13,3.947919524082832e-06,1.1843758572248497e-05,0.06247200375048156,0.24988801500192623,1.8217510939262243e-18,1.0930506563557346e-17,3.455757849556835e-17,2.4190304946897847e-16,7.09548882588255e-08,4.966842178117785e-07,5.961107605036874e-09,2.647656322437655e-13,5.263193496771426e-06,4.607065095743003e-17,9.459395111017419e-08,9.459395115624484e-08
pynucastro,50.0,0.14285714285714285,7.0,796.8058578433835,0.463814648006584,463814648.006584,2.7060190949087423e-06,8.053421467363906e-10,8.053421467363906,1.0,2.1689171517699355e-15,2.1689171517699355e-15,0.7500996356133821,0.7500996356133821,4.464923932553236e-09,8.929847865106472e-09,1.979964414328864e-13,5.939893242986592e-13,3.947916755348812e-06,1.1843750266046437e-05,0.06247200375328361,0.24988801501313443,1.8162570599415607e-18,1.0897542359649364e-17,3.454900954029257e-17,2.41843066782048e-16,7.095611044636775e-08,4.966927731245742e-07,5.9524411432384116e-09,2.6396018879675624e-13,5.263189805605579e-06,4.6059227201251294e-17,9.459558047691158e-08,9.459558052297081e-08
pynucastro,50.0,0.14285714285714285,7.0,800.2280887538425,0.4625547175250011,462554717.5250011,2.6903668051386553e-06,8.072445169782929e-10,8.07244516978293,1.0,2.152551850838401e-15,2.152551850838401e-15,0.7500996356148972,0.7500996356148972,4.458479395229074e-09,8.916958790458147e-09,1.97397873159119e-13,5.92193619477357e-13,3.947914034855645e-06,1.1843742104566937e-05,0.06247200375605966,0.24988801502423863,1.8108049025858547e-18,1.0864829415515128e-17,3.4541316053304226e-17,2.417892123731296e-16,7.095731515985043e-08,4.967012061189529e-07,5.943849568163324e-09,2.631622037748376e-13,5.2631861787525425e-06,4.6048970581073326e-17,9.459718654800155e-08,9.459718659405053e-08
pynucastro,50.0,0.14285714285714285,7.0,803.665017930245,0.46129696409013826,461296964.09013826,2.674814546964066e-06,8.091608073792533e-10,8.091608073792534,1.0,2.1363369342807865e-15,2.1363369342807865e-15,0.750099635616382,0.750099635616382,4.4520905306007335e-09,8.904181061201467e-09,1.968048383651351e-13,5.904145150954053e-13,3.947911362000751e-06,1.1843734086002253e-05,0.06247200375880992,0.2498880150352397,1.8053941819641236e-18,1.0832365091784741e-17,3.453449400912919e-17,2.4174145806390434e-16,7.095850262137866e-08,4.967095183496506e-07,5.935332213489613e-09,2.623715957459624e-13,5.263182615408978e-06,4.6039875730310197e-17,9.459876961954484e-08,9.459876966558472e-08
pynucastro,50.0,0.14285714285714285,7.0,807.116708500717,0.4600413859726439,460041385.97264385,2.659361658414136e-06,8.110911174413147e-10,8.110911174413147,0.9999999999999998,2.1202705444698057e-15,2.1202705444698057e-15,0.7500996356178368,0.7500996356178368,4.44575684379774e-09,8.89151368759548e-09,1.9621727676704592e-13,5.886518303011378e-13,3.947908736187882e-06,1.1843726208563646e-05,0.062472003761534625,0.2498880150461385,1.8000244642071263e-18,1.0800146785242758e-17,3.452853946651984e-17,2.416997762656389e-16,7.095967305059607e-08,4.967177113541725e-07,5.926888419477621e-09,2.615882843422888e-13,5.263179114779995e-06,4.6031937394663066e-17,9.46003299843607e-08,9.460033003039263e-08
pynucastro,50.0,0.14285714285714285,7.0,810.5832238645161,0.4587879814514523,458787981.45145226,2.644007481941648e-06,8.130355475499489e-10,8.130355475499488,0.9999999999999999,2.1043508516211705e-15,2.1043508516211705e-15,0.750099635619262,0.750099635619262,4.439477844851198e-09,8.878955689702396e-09,1.9563512887005757e-13,5.869053866101727e-13,3.947906156827095e-06,1.1843718470481285e-05,0.062472003764233966,0.24988801505693586,1.7946953214802753e-18,1.0768171928881653e-17,3.4523448567623044e-17,2.416641399733613e-16,7.096082666469882e-08,4.967257866528917e-07,5.9185175329222565e-09,2.608121902479615e-13,5.2631756760790995e-06,4.6025150431010966e-17,9.460186793200544e-08,9.460186797803059e-08
pynucastro,50.0,0.14285714285714285,7.0,814.0646276931928,0.45753674881370726,457536748.81370723,2.6287513643939964e-06,8.149941989831311e-10,8.149941989831312,1.0,2.0885760532243503e-15,2.0885760532243503e-15,0.7500996356206578,0.7500996356206578,4.433253048613065e-09,8.86650609722613e-09,1.950583359535342e-13,5.851750078606026e-13,3.947903623334652e-06,1.1843710870003956e-05,0.062472003766908174,0.2498880150676327,1.7894063318036856e-18,1.0736437990822113e-17,3.4519217536620584e-17,2.416345227563441e-16,7.096196367846779e-08,4.967337457492745e-07,5.9102189070453834e-09,2.60043235179199e-13,5.263172298528078e-06,4.601950980559831e-17,9.460338374881552e-08,9.460338379483503e-08
pynucastro,50.0,0.14285714285714285,7.0,817.5609839317659,0.4562876863546838,456287686.3546838,2.6135926569843233e-06,8.169671739205161e-10,8.16967173920516,0.9999999999999999,2.0729443736013024e-15,2.0729443736013024e-15,0.750099635622025,0.750099635622025,4.42708197470191e-09,8.85416394940382e-09,1.9448684005961254e-13,5.834605201788376e-13,3.94790113513298e-06,1.1843703405398942e-05,0.062472003769557444,0.24988801507822977,1.78415707900997e-18,1.070494247405982e-17,3.451584267860567e-17,2.416108987502397e-16,7.096308430429009e-08,4.967415901300306e-07,5.9019919014235005e-09,2.592813418691146e-13,5.263168981356934e-06,4.6015010592537066e-17,9.460487771793608e-08,9.46048777639511e-08
pynucastro,50.0,0.14285714285714285,7.0,821.0723567998938,0.4550407923777111,455040792.3777111,2.598530715262854e-06,8.189545754527165e-10,8.189545754527165,0.9999999999999999,2.05745406346702e-15,2.05745406346702e-15,0.7500996356233633,0.7500996356233633,4.420964147447169e-09,8.841928294894338e-09,1.9392058398173712e-13,5.817617519452114e-13,3.9478986916506055e-06,1.1843696074951817e-05,0.06247200377218199,0.24988801508872796,1.7789471526511364e-18,1.0673682915906818e-17,3.4513320378439255e-17,2.415932426490748e-16,7.096418875218174e-08,4.967493212652722e-07,5.893835881913431e-09,2.5852643405243255e-13,5.2631657238038e-06,4.601164797228208e-17,9.460635011935129e-08,9.460635016536294e-08
pynucastro,50.0,0.14285714285714285,7.0,824.5988107930525,0.45379606519409693,453796065.1940969,2.5835648990884217e-06,8.209565075906823e-10,8.209565075906823,0.9999999999999999,2.0421033995401765e-15,2.0421033995401765e-15,0.7500996356246736,0.7500996356246736,4.414899095846471e-09,8.829798191692942e-09,1.9335951125495887e-13,5.800785337648766e-13,3.9478962923221135e-06,1.184368887696634e-05,0.062472003774782035,0.24988801509912814,1.773776147915881e-18,1.0642656887495285e-17,3.451164709984403e-17,2.415815296989082e-16,7.096527722980472e-08,4.967569406086331e-07,5.885750220595425e-09,2.57778436452554e-13,5.263162525114887e-06,4.600941723042321e-17,9.460780122990691e-08,9.460780127591633e-08
pynucastro,50.0,0.14285714285714285,7.0,828.1404106837223,0.4525535031230506,452553503.1230506,2.5686945726001574e-06,8.229730752751876e-10,8.229730752751877,0.9999999999999999,2.0268906839576106e-15,2.0268906839576106e-15,0.7500996356259562,0.7500996356259562,4.4088863534747865e-09,8.817772706949573e-09,1.9280356614014898e-13,5.784106984204469e-13,3.947893936588046e-06,1.1843681809764137e-05,0.06247200377735775,0.249888015109431,1.7686436655222e-18,1.0611861993133201e-17,3.451081938392627e-17,2.415757356874839e-16,7.096634994250388e-08,4.967644495975272e-07,5.877734295652047e-09,2.570372747605122e-13,5.2631593845443465e-06,4.600831375571471e-17,9.460923132335966e-08,9.460923136936797e-08
pynucastro,50.0,0.14285714285714285,7.0,831.6972215225784,0.4513131044916054,451313104.4916054,2.5539191041893323e-06,8.250043843864233e-10,8.250043843864233,1.0,2.011814243950433e-15,2.011814243950433e-15,0.7500996356272112,0.7500996356272112,4.402925458447711e-09,8.805850916895422e-09,1.92252693615264e-13,5.76758080845792e-13,3.94789162389487e-06,1.184367487168461e-05,0.06247200377990938,0.2498880151196375,1.7635493116935228e-18,1.0581295870161137e-17,3.451083384808532e-17,2.4157583693659725e-16,7.096740709332221e-08,4.967718496532554e-07,5.869787491319223e-09,2.56302875623327e-13,5.263156301354232e-06,4.600833303862144e-17,9.461064067039756e-08,9.461064071640589e-08
pynucastro,50.0,0.14285714285714285,7.0,835.269308639685,0.4500748676345439,450074867.6345439,2.5392378664714307e-06,8.270505417536976e-10,8.270505417536976,0.9999999999999998,1.996872431541196e-15,1.996872431541196e-15,0.750099635628439,0.750099635628439,4.397015953399753e-09,8.794031906799507e-09,1.917068393686002e-13,5.751205181058007e-13,3.9478893536949555e-06,1.1843668061084867e-05,0.06247200378243709,0.24988801512974837,1.758492697990611e-18,1.0550956187943666e-17,3.4511687185521324e-17,2.4158181029864927e-16,7.096844888300989e-08,4.967791421810693e-07,5.861909197857297e-09,2.555751666350122e-13,5.263153274814465e-06,4.6009470670662546e-17,9.46120295386519e-08,9.461202958466137e-08
pynucastro,50.0,0.14285714285714285,7.0,838.8567376456932,0.4488387908943216,448838790.8943216,2.52465023625836e-06,8.291116551652425e-10,8.291116551652426,0.9999999999999999,1.9820636229662904e-15,1.9820636229662904e-15,0.7500996356296401,0.7500996356296401,4.39115738539292e-09,8.78231477078584e-09,1.9116594978320637e-13,5.734978493496191e-13,3.947887125446472e-06,1.1843661376339415e-05,0.06247200378494111,0.24988801513976444,1.7534734413400906e-18,1.0520840648040543e-17,3.45133761637851e-17,2.4159363314649565e-16,7.096947551006183e-08,4.967863285704329e-07,5.854098811429157e-09,2.5485407631579505e-13,5.263150304202696e-06,4.601172234247824e-17,9.461339819274735e-08,9.461339823875907e-08
pynucastro,50.0,0.14285714285714285,7.0,842.4595744330471,0.44760487262099136,447604872.62099135,2.5101555945308395e-06,8.311878333781325e-10,8.311878333781324,1.0,1.967386218343301e-15,1.967386218343301e-15,0.7500996356308147,0.7500996356308147,4.385349305877525e-09,8.77069861175505e-09,1.9062997192808872e-13,5.718899157842661e-13,3.9478849386133545e-06,1.1843654815840063e-05,0.06247200378742161,0.24988801514968645,1.7484911638528516e-18,1.049094698311711e-17,3.4515897623767084e-17,2.416112833663696e-16,7.097048717073426e-08,4.967934101951398e-07,5.846355734047995e-09,2.541395341003916e-13,5.263147388804267e-06,4.601508384248193e-17,9.461474689432409e-08,9.461474694033917e-08
pynucastro,50.0,0.14285714285714285,7.0,846.077885177197,0.44637311117212675,446373111.17212677,2.4957533264109653e-06,8.332791861283175e-10,8.332791861283175,1.0,1.9528386412808244e-15,1.9528386412808244e-15,0.7500996356319634,0.7500996356319634,4.379591270643244e-09,8.759182541286488e-09,1.9009885354824302e-13,5.70296560644729e-13,3.947882792665244e-06,1.1843648377995731e-05,0.062472003789878806,0.24988801515951523,1.7435454928225303e-18,1.0461272956935181e-17,3.451924847877238e-17,2.416347393514067e-16,7.09714840590652e-08,4.968003884134563e-07,5.838679373512044e-09,2.5343147032471707e-13,5.263144527912121e-06,4.6019551055627046e-17,9.461607590206507e-08,9.461607594808463e-08
pynucastro,50.0,0.14285714285714285,7.0,849.7117363378122,0.4451435049127474,445143504.9127474,2.4814428211349475e-06,8.353858241407651e-10,8.35385824140765,1.0,1.9384193384708067e-15,1.9384193384708067e-15,0.7500996356330861,0.7500996356330861,4.373882839763466e-09,8.747765679526932e-09,1.895725430539098e-13,5.687176291617294e-13,3.947880687077431e-06,1.1843642061232294e-05,0.06247200379231288,0.24988801516925152,1.7386360605963145e-18,1.0431816363577887e-17,3.4523425713448296e-17,2.4166397999413806e-16,7.097246636689791e-08,4.968072645682854e-07,5.831069143330402e-09,2.527298162115624e-13,5.26314172082674e-06,4.602511996197736e-17,9.461738547172731e-08,9.461738551775244e-08
pynucastro,50.0,0.14285714285714285,7.0,853.3611946600008,0.4439160522152445,443916052.2152445,2.4672234720260347e-06,8.37507859139716e-10,8.37507859139716,1.0,1.9241267793252993e-15,1.9241267793252993e-15,0.7500996356341835,0.7500996356341835,4.368223577548385e-09,8.73644715509677e-09,1.8905098951103458e-13,5.671529685331038e-13,3.9478786213308055e-06,1.1843635863992416e-05,0.06247200379472404,0.24988801517889617,1.7337625045448048e-18,1.040257502726883e-17,3.452842638279426e-17,2.416989846795598e-16,7.09734342839009e-08,4.968140399873063e-07,5.823524462660487e-09,2.520345038578754e-13,5.263138966856063e-06,4.603178663538699e-17,9.46186758561685e-08,9.461867590220028e-08
pynucastro,50.0,0.14285714285714285,7.0,857.0263271755364,0.442690751459305,442690751.459305,2.453094676467575e-06,8.396454038590589e-10,8.396454038590589,0.9999999999999999,1.9099594555990843e-15,1.9099594555990843e-15,0.7500996356352556,0.7500996356352556,4.3626130524951e-09,8.7252261049902e-09,1.885341426314218e-13,5.656024278942654e-13,3.9478765949118e-06,1.18436297847354e-05,0.062472003797112464,0.24988801518844986,1.728924466943512e-18,1.0373546801661072e-17,3.453424761119027e-17,2.417397332783319e-16,7.097438799758919e-08,4.968207159831243e-07,5.816044756241516e-09,2.513454662216349e-13,5.263136265315424e-06,4.603954724220521e-17,9.461994730537542e-08,9.461994735141497e-08
pynucastro,50.0,0.14285714285714285,7.0,860.7072012040919,0.44146760103183647,441467601.03183645,2.4390558358762675e-06,8.417985720528218e-10,8.417985720528218,1.0,1.895915881023693e-15,1.895915881023693e-15,0.7500996356363031,0.7500996356363031,4.357050837238732e-09,8.714101674477463e-09,1.8802195276309488e-13,5.640658582892846e-13,3.947874607312341e-06,1.1843623821937022e-05,0.06247200379947834,0.24988801519791337,1.7241215949455593e-18,1.0344729569673356e-17,3.454088659140674e-17,2.417862061398472e-16,7.097532769334531e-08,4.968272938534172e-07,5.8086294543293346e-09,2.506626371089988e-13,5.263133615527479e-06,4.6048398039956384e-17,9.46212000664919e-08,9.46212001125403e-08
pynucastro,50.0,0.14285714285714285,7.0,864.403884354474,0.440246599326893,440246599.326893,2.4251063556755805e-06,8.439674785057805e-10,8.439674785057806,1.0000000000000002,1.8819945909508117e-15,1.8819945909508117e-15,0.7500996356373261,0.7500996356373261,4.351536508504986e-09,8.703073017009972e-09,1.8751437088092108e-13,5.625431126427633e-13,3.947872658029788e-06,1.1843617974089364e-05,0.06247200380182187,0.24988801520728748,1.719353540462719e-18,1.0316121242776314e-17,3.454834058364375e-17,2.4183838408550624e-16,7.097625355443987e-08,4.968337748810791e-07,5.801277992633179e-09,2.4998595116180603e-13,5.263131016822129e-06,4.605833537605917e-17,9.462243438384625e-08,9.462243442990458e-08
pynucastro,50.0,0.14285714285714285,7.0,868.116444525863,0.43902774474560113,439027744.7456011,2.4112456452693435e-06,8.461522390441868e-10,8.461522390441868,1.0,1.8681941419989437e-15,1.8681941419989437e-15,0.7500996356383247,0.7500996356383247,4.346069647062786e-09,8.692139294125572e-09,1.8701134857731405e-13,5.610340457319421e-13,3.947870746566891e-06,1.1843612239700672e-05,0.06247200380414322,0.2498880152165729,1.7146199601452662e-18,1.0287719760871598e-17,3.455660691457757e-17,2.41896248402043e-16,7.09771657620521e-08,4.968401603343646e-07,5.793989812252527e-09,2.493153438451812e-13,5.263128468536457e-06,4.606935568655538e-17,9.462365049897868e-08,9.462365054504803e-08
pynucastro,50.0,0.14285714285714285,7.0,871.8449499090619,0.43781103569608554,437811035.6960855,2.397473118015492e-06,8.483529705466213e-10,8.483529705466212,1.0000000000000002,1.8545131117079352e-15,1.8545131117079352e-15,0.7500996356392996,0.7500996356392996,4.340649837677702e-09,8.681299675355404e-09,1.8651283805311496e-13,5.595385141593449e-13,3.947868872431732e-06,1.1843606617295197e-05,0.0624720038064426,0.2498880152257704,1.709920515253033e-18,1.0259523091518198e-17,3.456568297641235e-17,2.4195978083488643e-16,7.097806449529023e-08,4.968464514670316e-07,5.786764359615008e-09,2.486507514353778e-13,5.263125970014661e-06,4.6081455494845683e-17,9.462484865066839e-08,9.462484869674984e-08
pynucastro,50.0,0.14285714285714285,7.0,875.5894689877509,0.43659647059339407,436596470.59339404,2.3837881911999705e-06,8.505697909549666e-10,8.505697909549665,1.0000000000000002,1.8409500981998893e-15,1.8409500981998893e-15,0.7500996356402511,0.7500996356402511,4.335276669066164e-09,8.670553338132328e-09,1.8601879210864143e-13,5.580563763259244e-13,3.947867035137679e-06,1.1843601105413037e-05,0.06247200380872017,0.2498880152348807,1.7052548716582373e-18,1.0231529229949424e-17,3.457556622594712e-17,2.4202896358162987e-16,7.097894993121163e-08,4.968526495184814e-07,5.779601086415365e-09,2.479921110078453e-13,5.263123520607978e-06,4.6094631410445876e-17,9.462602907496043e-08,9.462602912105507e-08
pynucastro,50.0,0.14285714285714285,7.0,879.3500705397432,0.4353840478594247,435384047.8594247,2.3701902860108292e-06,8.52802819285508e-10,8.52802819285508,1.0,1.8275037198455646e-15,1.8275037198455646e-15,0.7500996356411791,0.7500996356411791,4.329949733850131e-09,8.659899467700262e-09,1.855291641348661e-13,5.565874924045983e-13,3.947865234203329e-06,1.1843595702609987e-05,0.06247200381097614,0.24988801524390455,1.7006226996996952e-18,1.0203736198198172e-17,3.458625418364949e-17,2.421037792855464e-16,7.097982224484297e-08,4.968587557139008e-07,5.772499449555025e-09,2.4733936042546835e-13,5.263121119674623e-06,4.610888012775188e-17,9.462719200519273e-08,9.462719205130161e-08
pynucastro,50.0,0.14285714285714285,7.0,883.1268236382464,0.43417376592285245,434173765.92285246,2.3566788275124623e-06,8.550521756401551e-10,8.550521756401551,0.9999999999999999,1.814172614937318e-15,1.814172614937318e-15,0.7500996356420843,0.7500996356420843,4.324668628512485e-09,8.64933725702497e-09,1.8504390810475365e-13,5.55131724314261e-13,3.9478634691524645e-06,1.1843590407457394e-05,0.06247200381321065,0.2498880152528426,1.6960236741847268e-18,1.0176142045108361e-17,3.459774443273815e-17,2.4218421102916707e-16,7.098068160919991e-08,4.968647712643994e-07,5.765458911082625e-09,2.466924383270181e-13,5.2631187665797205e-06,4.6124198424816627e-17,9.462833767202212e-08,9.462833771814632e-08
pynucastro,50.0,0.14285714285714285,7.0,886.9197976531333,0.4329656232190553,432965623.2190553,2.3432532446200157e-06,8.573179812177984e-10,8.573179812177985,0.9999999999999999,1.800955441367694e-15,1.800955441367694e-15,0.7500996356429668,0.7500996356429668,4.319432953353013e-09,8.638865906706027e-09,1.8456297856473884e-13,5.536889356942165e-13,3.947861739514e-06,1.1843585218542e-05,0.06247200381542391,0.24988801526169563,1.691457474273712e-18,1.0148744845642273e-17,3.461003461827527e-17,2.422702423279269e-16,7.09815281953069e-08,4.968706973671483e-07,5.7584789381353355e-09,2.460512841157909e-13,5.263116460695239e-06,4.6140583162140067e-17,9.462946630345087e-08,9.462946634959145e-08
pynucastro,50.0,0.14285714285714285,7.0,890.7290622522177,0.43175961819004055,431759618.1900405,2.3299129700739466e-06,8.596003583257916e-10,8.596003583257916,0.9999999999999999,1.7878508763138552e-15,1.7878508763138552e-15,0.750099635643827,0.750099635643827,4.314242312444989e-09,8.628484624889977e-09,1.84086330626347e-13,5.52258991879041e-13,3.947860044821933e-06,1.18435801344658e-05,0.06247200381761609,0.24988801527046436,1.6869237834494529e-18,1.0121542700696717e-17,3.4623122446266765e-17,2.4236185712386734e-16,7.09823621722167e-08,4.968765352055168e-07,5.75155900288097e-09,2.454158379484369e-13,5.263114201399922e-06,4.615803128146967e-17,9.463057812485268e-08,9.463057817101071e-08
pynucastro,50.0,0.14285714285714285,7.0,894.5546874025324,0.4305557492843723,430555749.28437227,2.3166574404147535e-06,8.618994303915642e-10,8.618994303915642,1.0,1.7748576159277194e-15,1.7748576159277194e-15,0.7500996356446652,0.7500996356446652,4.309096313592369e-09,8.618192627184738e-09,1.8361391995795479e-13,5.508417598738643e-13,3.947858384615294e-06,1.184357515384588e-05,0.062472003819787375,0.2498880152791495,1.682422289426923e-18,1.0094533736561539e-17,3.463700568277081e-17,2.4245903977939566e-16,7.098318370702975e-08,4.968822859492083e-07,5.7446985824609315e-09,2.4478604072397627e-13,5.263111988079222e-06,4.6176539804611954e-17,9.46316733589985e-08,9.463167340517505e-08
pynucastro,50.0,0.14285714285714285,7.0,898.3967433716114,0.4293540149570996,429354014.95709956,2.3034860959578834e-06,8.642153219743678e-10,8.642153219743678,1.0,1.761974375031629e-15,1.761974375031629e-15,0.7500996356454817,0.7500996356454817,4.303994568287573e-09,8.607989136575146e-09,1.8314570277668747e-13,5.494371083300625e-13,3.947856758438101e-06,1.1843570275314301e-05,0.06247200382193792,0.24988801528775167,1.6779526841130046e-18,1.0067716104678028e-17,3.4651682153014303e-17,2.4256177507110015e-16,7.09839929649135e-08,4.968879507543945e-07,5.737897158933913e-09,2.441618340729968e-13,5.263109820125242e-06,4.6196105832254624e-17,9.463275222608233e-08,9.463275227227843e-08
pynucastro,50.0,0.14285714285714285,7.0,902.255300728786,0.42815441366968177,428154413.6696818,2.2903983807687457e-06,8.665481587771588e-10,8.665481587771588,1.0,1.749199886819442e-15,1.749199886819442e-15,0.7500996356462767,0.7500996356462767,4.298936691669835e-09,8.59787338333967e-09,1.8268163584044953e-13,5.480449075213486e-13,3.947855165839307e-06,1.1843565497517921e-05,0.0624720038240679,0.2498880152962716,1.6735146635231749e-18,1.0041087981139048e-17,3.466714974051694e-17,2.426700481836186e-16,7.098479010912125e-08,4.968935307638487e-07,5.731154219220389e-09,2.4354316034702946e-13,5.2631076969366656e-06,4.6216726542798735e-17,9.463381494374627e-08,9.463381498996299e-08
pynucastro,50.0,0.14285714285714285,7.0,906.1304303464782,0.42695694388991723,426956943.88991725,2.2773937426379373e-06,8.688980676586153e-10,8.688980676586153,1.0,1.7365329025629573e-15,1.7365329025629573e-15,0.7500996356470504,0.7500996356470504,4.293922302484129e-09,8.587844604968257e-09,1.8222167644008683e-13,5.466650293202604e-13,3.94785360637276e-06,1.184356081911828e-05,0.062472003826177507,0.24988801530471003,1.6691079277422633e-18,1.0014647566453581e-17,3.4683406386222344e-17,2.427838447035564e-16,7.098557530101131e-08,4.968990271070792e-07,5.724469255047843e-09,2.4292996260809927e-13,5.263105617918699e-06,4.6238399191200474e-17,9.463486172710613e-08,9.463486177334453e-08
pynucastro,50.0,0.14285714285714285,7.0,910.0222034015011,0.42576160409187175,425761604.09187174,2.2644716330566106e-06,8.712651766452908e-10,8.712651766452908,1.0000000000000002,1.7239721913236556e-15,1.7239721913236556e-15,0.7500996356478035,0.7500996356478035,4.288951023040674e-09,8.577902046081348e-09,1.8176578239168116e-13,5.452973471750435e-13,3.9478520795971475e-06,1.1843556238791442e-05,0.06247200382826689,0.24988801531306756,1.6647321808396912e-18,9.988393085038147e-18,3.470045008763658e-17,2.4290315061345604e-16,7.098634870006559e-08,4.969044409004591e-07,5.717841762896787e-09,2.4232218461845274e-13,5.263103582483e-06,4.6261121107822515e-17,9.463589278877616e-08,9.463589283503727e-08
pynucastro,50.0,0.14285714285714285,7.0,913.9306913763675,0.42456839275580566,424568392.7558057,2.25163150719198e-06,8.736496149439099e-10,8.7364961494391,0.9999999999999998,1.7115165396694766e-15,1.7115165396694766e-15,0.7500996356485357,0.7500996356485357,4.284022479174981e-09,8.568044958349963e-09,1.8131391202896858e-13,5.439417360869057e-13,3.947850585075953e-06,1.184355175522786e-05,0.06247200383033624,0.24988801532134497,1.6603871308383027e-18,9.962322785029816e-18,3.471827889797312e-17,2.4302795228581184e-16,7.098711046390826e-08,4.969097732473578e-07,5.711271243947503e-09,2.4171977083045064e-13,5.263101590047627e-06,4.6284889697294304e-17,9.4636908338894e-08,9.463690838517889e-08
pynucastro,50.0,0.14285714285714285,7.0,917.8559660606048,0.42337730836810167,423377308.36810166,2.238872823862988e-06,8.760515129538051e-10,8.760515129538051,1.0,1.6991647513966326e-15,1.6991647513966326e-15,0.7500996356492478,0.7500996356492478,4.27913630020844e-09,8.55827260041688e-09,1.808660241958831e-13,5.425980725876493e-13,3.947849122377412e-06,1.1843547367132236e-05,0.06247200383238571,0.24988801532954283,1.6560724896264565e-18,9.93643493775874e-18,3.473689092530457e-17,2.43158236477132e-16,7.09878607483242e-08,4.969150252382693e-07,5.704757204027488e-09,2.411226663766271e-13,5.263099640036962e-06,4.6309702437381e-17,9.463790858514516e-08,9.463790863145486e-08
pynucastro,50.0,0.14285714285714285,7.0,921.7980995520724,0.4221883494211936,422188349.4211936,2.226195045516147e-06,8.784710022794956e-10,8.784710022794956,1.0,1.6869156472563763e-15,1.6869156472563763e-15,0.7500996356499395,0.7500996356499395,4.274292118909451e-09,8.548584237818902e-09,1.804220782392235e-13,5.412662347176705e-13,3.947847691074465e-06,1.1843543073223397e-05,0.06247200383441545,0.2498880153376618,1.6517879729258352e-18,9.910727837555012e-18,3.475628433172043e-17,2.43293990322043e-16,7.098859970727728e-08,4.96920197950941e-07,5.698299153559648e-09,2.4053081705991365e-13,5.2630977318816715e-06,4.633555687786079e-17,9.463889373278754e-08,9.46388937791231e-08
pynucastro,50.0,0.14285714285714285,7.0,925.7571642582828,0.42100151441349576,421001514.4134958,2.213597638201519e-06,8.809082157434112e-10,8.809082157434112,1.0,1.6747680646866096e-15,1.6747680646866096e-15,0.7500996356506117,0.7500996356506117,4.2694895714550995e-09,8.538979142910199e-09,1.7998203400144025e-13,5.399461020043207e-13,3.947846290744708e-06,1.1843538872234122e-05,0.06247200383642566,0.24988801534570265,1.6475333002169337e-18,9.885199801301602e-18,3.477645733249061e-17,2.434352013274343e-16,7.098932749292853e-08,4.969252924504997e-07,5.6918966075111944e-09,2.3994416934402293e-13,5.26309586501862e-06,4.6362450639409604e-17,9.46398639846755e-08,9.463986403103795e-08
pynucastro,50.0,0.14285714285714285,7.0,929.733232897735,0.41981680184933107,419816801.8493311,2.201080071548842e-06,8.833632873987619e-10,8.83363287398762,1.0,1.6627208575481856e-15,1.6627208575481856e-15,0.7500996356512643,0.7500996356512643,4.264728297393323e-09,8.529456594786646e-09,1.7954585181353975e-13,5.386375554406192e-13,3.947844920970352e-06,1.1843534762911055e-05,0.06247200383841648,0.24988801535366592,1.643308194694311e-18,9.859849168165867e-18,3.479740819523517e-17,2.435818573666462e-16,7.099004425565405e-08,4.969303097895784e-07,5.685549085343213e-09,2.3936267034398893e-13,5.263094038890829e-06,4.6390381412494314e-17,9.464081954128383e-08,9.464081958767421e-08
pynucastro,50.0,0.14285714285714285,7.0,933.7263785012508,0.41863421023885905,418634210.23885906,2.188641818743817e-06,8.858363525425643e-10,8.858363525425643,1.0,1.6507728958658735e-15,1.6507728958658735e-15,0.7500996356518975,0.7500996356518975,4.26000793960563e-09,8.52001587921126e-09,1.7911349248810465e-13,5.373404774643139e-13,3.947843581338178e-06,1.1843530744014535e-05,0.06247200384038808,0.2498880153615523,1.6391123832043902e-18,9.834674299226342e-18,3.4819135239099025e-17,2.437339466736932e-16,7.099075014406299e-08,4.969352510084409e-07,5.679256110960962e-09,2.3878626781686207e-13,5.263092252947412e-06,4.6419346956272504e-17,9.464176060073174e-08,9.464176064715109e-08
pynucastro,50.0,0.14285714285714285,7.0,937.7366744133149,0.41745373809800657,417453738.09800655,2.176282356504543e-06,8.883275477288033e-10,8.883275477288032,0.9999999999999999,1.6389230655738772e-15,1.6389230655738772e-15,0.7500996356525118,0.7500996356525118,4.255328144270297e-09,8.510656288540594e-09,1.7868491731242817e-13,5.360547519372845e-13,3.94784227143949e-06,1.184352681431847e-05,0.06247200384234061,0.24988801536936245,1.6349455961959764e-18,9.809673577175858e-18,3.484163683393217e-17,2.4389145783752517e-16,7.099144530501516e-08,4.969401171351062e-07,5.673017212664804e-09,2.382149101525561e-13,5.263090506643509e-06,4.644934509749951e-17,9.464268735880627e-08,9.464268740525561e-08
pynucastro,50.0,0.14285714285714285,7.0,941.7641942934198,0.4162753839483966,416275383.94839656,2.1640011650581126e-06,8.90837010781762e-10,8.90837010781762,1.0,1.627170268265818e-15,1.627170268265818e-15,0.7500996356531073,0.7500996356531073,4.250688560826079e-09,8.501377121652158e-09,1.7826008804176023e-13,5.347802641252807e-13,3.9478409908700735e-06,1.184352297261022e-05,0.06247200384427425,0.249888015377097,1.6308075676638709e-18,9.784845405983225e-18,3.486491139947469e-17,2.440543797963228e-16,7.099212988363857e-08,4.9694490918547e-07,5.666831923101828e-09,2.376485463648442e-13,5.263088799440239e-06,4.6480373729441976e-17,9.464360000898566e-08,9.464360005546604e-08
pynucastro,50.0,0.14285714285714285,7.0,945.8090121174213,0.41509914631727785,415099146.31727785,2.151797728117337e-06,8.933648808094945e-10,8.933648808094945,1.0,1.6155134209490792e-15,1.6155134209490792e-15,0.7500996356536845,0.7500996356536845,4.246088841936409e-09,8.492177683872818e-09,1.7783896689266258e-13,5.335169006779878e-13,3.9478397392301515e-06,1.1843519217690454e-05,0.06247200384618913,0.24988801538475652,1.626698035097752e-18,9.760188210586512e-18,3.488895740454649e-17,2.442227018318254e-16,7.09928040233469e-08,4.969496281634283e-07,5.6606997792181265e-09,2.3708712608250024e-13,5.263087130804633e-06,4.6512430810797595e-17,9.464449874246272e-08,9.464449878897516e-08
pynucastro,50.0,0.14285714285714285,7.0,949.8712021788986,0.4139250237374539,413925023.7374539,2.1396715328576235e-06,8.959112982174643e-10,8.959112982174643,0.9999999999999998,1.603951455803439e-15,1.603951455803439e-15,0.7500996356542433,0.7500996356542433,4.2415286434540826e-09,8.483057286908165e-09,1.7742151653647176e-13,5.322645496094152e-13,3.947838516124341e-06,1.1843515548373023e-05,0.06247200384808544,0.24988801539234176,1.6226167394302694e-18,9.735700436581617e-18,3.491377336624168e-17,2.4439641356369175e-16,7.099346786585669e-08,4.969542750609968e-07,5.654620322211708e-09,2.3653059954058396e-13,5.2630855002095856e-06,4.6545514364621154e-17,9.464538374816778e-08,9.46453837947133e-08
pynucastro,50.0,0.14285714285714285,7.0,953.9508390905169,0.41275301474721376,412753014.7472138,2.1276220698940184e-06,8.984764047223339e-10,8.984764047223338,0.9999999999999999,1.5924833199439297e-15,1.5924833199439297e-15,0.7500996356547842,0.7500996356547842,4.237007624386419e-09,8.474015248772837e-09,1.770077000928683e-13,5.310231002786048e-13,3.947837321161613e-06,1.1843511963484839e-05,0.06247200384996332,0.24988801539985328,1.6185634249848117e-18,9.71138054990887e-18,3.493935784912692e-17,2.4457550494388846e-16,7.099412155120446e-08,4.969588508584312e-07,5.648593097486055e-09,2.3597891757186767e-13,5.263083907133789e-06,4.657962247725573e-17,9.464625521279128e-08,9.464625525937091e-08
pynucastro,50.0,0.14285714285714285,7.0,958.0479977853963,0.4115831178902626,411583117.8902626,2.115648833258383e-06,9.01060343365917e-10,9.01060343365917,0.9999999999999999,1.5811079751877983e-15,1.5811079751877983e-15,0.7500996356553074,0.7500996356553074,4.232525446860903e-09,8.465050893721806e-09,1.7659748112354947e-13,5.297924433706484e-13,3.947836153955243e-06,1.1843508461865729e-05,0.06247200385182292,0.2498880154072917,1.6145378394271286e-18,9.687227036562772e-18,3.49657094644441e-17,2.447599662511087e-16,7.099476521776376e-08,4.969633565243463e-07,5.6426176546043174e-09,2.354320315984011e-13,5.263082351061678e-06,4.661475329726978e-17,9.464711332080678e-08,9.464711336742153e-08
pynucastro,50.0,0.14285714285714285,7.0,962.1627535184901,0.41041533171565125,410415331.7156513,2.1037513203767112e-06,9.036632585292961e-10,9.036632585292962,1.0,1.5698243978255183e-15,1.5698243978255183e-15,0.7500996356558131,0.7500996356558131,4.228081776091273e-09,8.456163552182546e-09,1.7619082362600388e-13,5.285724708780116e-13,3.947835014122779e-06,1.1843505042368337e-05,0.06247200385366441,0.24988801541465763,1.6105397337141828e-18,9.663238402285097e-18,3.499282686931658e-17,2.4494978808521607e-16,7.099539900226192e-08,4.969677930158334e-07,5.6366935472441016e-09,2.348898936232118e-13,5.263080831483382e-06,4.6650905034398946e-17,9.464795825449316e-08,9.464795830114407e-08
pynucastro,50.0,0.14285714285714285,7.0,966.2951818679687,0.40924965477770664,409249654.7777066,2.0919290320465903e-06,9.062852959471016e-10,9.062852959471016,1.0,1.5586315783957744e-15,1.5586315783957744e-15,0.7500996356563013,0.7500996356563013,4.223676280344081e-09,8.447352560688161e-09,1.757876920273859e-13,5.273630760821577e-13,3.947833901285993e-06,1.1843501703857978e-05,0.06247200385548792,0.2498880154219517,1.6065688620465262e-18,9.639413172279157e-18,3.502070876595903e-17,2.451449613617132e-16,7.099602303979678e-08,4.969721612785775e-07,5.630820333152896e-09,2.3435245622213916e-13,5.263079347894666e-06,4.668807595849261e-17,9.464879019395691e-08,9.464879024064498e-08
pynucastro,50.0,0.14285714285714285,7.0,970.445358736606,0.4080860856359629,408086085.6359629,2.080181472414822e-06,9.089266027219591e-10,9.08926602721959,0.9999999999999998,1.5475285214643242e-15,1.5475285214643242e-15,0.7500996356567727,0.7500996356567727,4.219308630905694e-09,8.438617261811388e-09,1.7538805117848908e-13,5.261641535354673e-13,3.947832815070841e-06,1.1843498445212522e-05,0.06247200385729362,0.2498880154291745,1.6026249818193476e-18,9.615749890916087e-18,3.504935390089074e-17,2.453454773062352e-16,7.099663746385318e-08,4.969764622469723e-07,5.624997574104071e-09,2.3381967253579944e-13,5.263077899796864e-06,4.672626439846515e-17,9.464960931715411e-08,9.464960936388038e-08
pynucastro,50.0,0.14285714285714285,7.0,974.6133603531713,0.4069246228550928,406924622.85509276,2.068508148955174e-06,9.115873273391036e-10,9.115873273391037,0.9999999999999999,1.536514245406701e-15,1.536514245406701e-15,0.7500996356572274,0.7500996356572274,4.214978502049754e-09,8.429957004099508e-09,1.7499186634781655e-13,5.249755990434497e-13,3.947831755107425e-06,1.1843495265322275e-05,0.06247200385908166,0.24988801543632663,1.5987078535762404e-18,9.592247121457441e-18,3.507876106415202e-17,2.4555132744906416e-16,7.099724240631943e-08,4.96980696844236e-07,5.6192248358535e-09,2.332914962616813e-13,5.2630764866968465e-06,4.676546874125126e-17,9.465041579991248e-08,9.465041584667795e-08
pynucastro,50.0,0.14285714285714285,7.0,978.799263273831,0.405765265004839,405765265.004839,2.056908572446287e-06,9.142676196811655e-10,9.142676196811655,1.0,1.5255877821945955e-15,1.5255877821945955e-15,0.7500996356576656,0.7500996356576656,4.210685571005049e-09,8.421371142010098e-09,1.745991032157442e-13,5.237973096472326e-13,3.947830721029949e-06,1.1843492163089847e-05,0.06247200386085216,0.24988801544340863,1.5948172409616112e-18,9.568903445769667e-18,3.510892908852339e-17,2.4576250361966373e-16,7.099783799750359e-08,4.969848659825251e-07,5.613501688096732e-09,2.327678816463639e-13,5.263075108106946e-06,4.680568743076498e-17,9.465120981595297e-08,9.465120986275867e-08
pynucastro,50.0,0.14285714285714285,7.0,983.0031443835613,0.4046080106599431,404608010.6599431,2.0453822569496755e-06,9.169676310431363e-10,9.169676310431363,0.9999999999999999,1.5147481771859593e-15,1.5147481771859593e-15,0.7500996356580873,0.7500996356580873,4.206429517923838e-09,8.412859035847675e-09,1.7420972786877903e-13,5.226291836063371e-13,3.947829712476683e-06,1.1843489137430048e-05,0.062472003862605305,0.24988801545042122,1.5909529106758502e-18,9.545717464055101e-18,3.51398568487478e-17,2.459789979412346e-16,7.099842436614953e-08,4.969889705630467e-07,5.607827704426756e-09,2.3224878347786295e-13,5.2630737635449194e-06,4.684691896686289e-17,9.465199153691129e-08,9.46519915837582e-08
pynucastro,50.0,0.14285714285714285,7.0,987.2250808975485,0.40345285840008077,403452858.4000808,2.0339287197879535e-06,9.196875141474955e-10,9.196875141474955,1.0,1.5039944889187156e-15,1.5039944889187156e-15,0.7500996356584931,0.7500996356584931,4.202210025850595e-09,8.40442005170119e-09,1.738237067939089e-13,5.214711203817267e-13,3.947828729089918e-06,1.1843486187269753e-05,0.06247200386434122,0.2498880154573649,1.5871146324292667e-18,9.5226877945756e-18,3.5171543260755023e-17,2.4620080282528516e-16,7.099900163945298e-08,4.969930114761708e-07,5.602202462292338e-09,2.3173415707809745e-13,5.263072452533883e-06,4.6889161904309997e-17,9.465276113235916e-08,9.465276117924832e-08
pynucastro,50.0,0.14285714285714285,7.0,991.4651503626143,0.4022998068097915,402299806.8097915,2.0225474815231253e-06,9.224274231595282e-10,9.224274231595283,0.9999999999999998,1.4933257889079557e-15,1.4933257889079557e-15,0.7500996356588829,0.7500996356588829,4.19802678069117e-09,8.39605356138234e-09,1.7344100687304132e-13,5.203230206191239e-13,3.947827770515934e-06,1.1843483311547801e-05,0.062472003866060055,0.24988801546424022,1.583302178898595e-18,9.49981307339157e-18,3.520398728088864e-17,2.464279109662205e-16,7.09995699430774e-08,4.969969896015418e-07,5.596625542956902e-09,2.3122395829547605e-13,5.263071174602273e-06,4.6932414851749224e-17,9.465351876982558e-08,9.4653518816758e-08
pynucastro,50.0,0.14285714285714285,7.0,995.723430658641,0.4011488544784101,401148854.47841007,2.0112380659350403e-06,9.251875137028193e-10,9.251875137028193,0.9999999999999998,1.4827411614466184e-15,1.4827411614466184e-15,0.7500996356592572,0.7500996356592572,4.1938794711823524e-09,8.387758942364705e-09,1.7306159537753067e-13,5.19184786132592e-13,3.947826836404955e-06,1.1843480509214864e-05,0.06247200386776196,0.24988801547104783,1.5795153256823914e-18,9.477091954094348e-18,3.523718790513501e-17,2.466603153359451e-16,7.100012940116972e-08,4.970009058081881e-07,5.59109653145796e-09,2.307181434976009e-13,5.263069929283778e-06,4.697667647067353e-17,9.465426461481777e-08,9.465426466179444e-08
pynucastro,50.0,0.14285714285714285,7.0,1000.0,0.4,400000000.0,2e-06,9.279679428749265e-10,9.279679428749265,0.9999999999999999,1.472239703409494e-15,1.472239703409494e-15,0.7500996356596161,0.7500996356596161,4.189767788861841e-09,8.379535577723682e-09,1.7268543996279084e-13,5.180563198883725e-13,3.947825926411111e-06,1.1843477779233333e-05,0.06247200386944707,0.24988801547778827,1.5757538512586507e-18,9.454523107551904e-18,3.527114416835411e-17,2.4689800917847877e-16,7.100068013637583e-08,4.970047609546308e-07,5.585615016567072e-09,2.3021666956408557e-13,5.263068716117301e-06,4.7021945474400443e-17,9.465499883084181e-08,9.465499887786376e-08
