model,t0_s,t_s,T9,T_K,rho_g_cm3,eta,eta10,baryon_sum,Y_n,X_n,Y_H1,X_H1,Y_H2,X_H2,Y_H3,X_H3,Y_He3,X_He3,Y_He4,X_He4,Y_Li7,X_Li7,Y_Be7,X_Be7,D/H,T/H,He3/H,Li7/H,Be7/H,Li7_plus_Be7_over_H
t0_10s,10.0,10.0,3.1476891268922293,3147689126.8922296,0.0028973038472805404,2.758681061090506e-09,27.58681061090506,1.0,0.125,0.125,0.875,0.875,1.0000000000000002e-27,2.0000000000000004e-27,1.0441793614477258e-55,3.1325380843431773e-55,4.0442959033691835e-55,1.2132887710107551e-54,9.45714901855498e-85,3.782859607421992e-84,0.0,0.0,0.0,0.0,1.142857142857143e-27,1.1933478416545437e-55,4.6220524609933524e-55,0.0,0.0,0.0
t0_10s,10.0,10.132636445976988,3.131853672690873,3131853672.6908727,0.0028345834145453003,2.7401087886457384e-09,27.401087886457383,1.0000000000000009,0.0005654253903384848,0.0005654253903384848,0.750606778619504,0.750606778619504,0.00033991730421974154,0.0006798346084394831,4.258183577081075e-05,0.00012774550731243226,7.6259196384052125e-06,2.287775891521564e-05,0.061999331206900564,0.24799732482760226,1.7528795488009774e-09,1.2270156841606841e-08,1.4539032706015476e-10,1.0177322894210834e-09,0.0004528566939468738,5.672988438650412e-05,1.0159673287830682e-05,2.3352833983524995e-09,1.9369706109975823e-10,2.5289804594522576e-09
t0_10s,10.0,10.26703213463412,3.116097883793062,3116097883.793062,0.0027732207450581877,2.7216615503372564e-09,27.216615503372562,1.000000000000001,6.030735371214236e-06,6.030735371214236e-06,0.7500075453076285,0.7500075453076285,4.550527798369059e-05,9.101055596738118e-05,3.682096628876611e-06,1.1046289886629833e-05,8.591131681707145e-06,2.5773395045121438e-05,0.06246463570240727,0.24985854280962908,1.8478666769666163e-10,1.2935066738766314e-09,7.087566646727551e-09,4.961296652709286e-08,6.067309358204632e-05,4.909412781129203e-06,1.1454727003024143e-05,2.463797449142571e-10,9.449993791489742e-09,9.696373536404e-09
t0_10s,10.0,10.403210399941054,3.100421359417078,3100421359.417078,0.0027131864461483043,2.7033385043975637e-09,27.03338504397564,1.0000000000000018,2.557905856485904e-07,2.557905856485904e-07,0.749998992172072,0.749998992172072,1.2215176393216285e-05,2.443035278643257e-05,4.323801674330137e-07,1.2971405022990412e-06,8.095137707405472e-06,2.4285413122216417e-05,0.062487628899680084,0.24995051559872034,2.430763767475578e-11,1.7015346372329047e-10,3.190886561986087e-08,2.2336205933902612e-07,1.6286923743510526e-05,5.765076646047184e-07,1.0793531447237209e-05,3.241022711825043e-11,4.2545211330817405e-08,4.257762155793565e-08
t0_10s,10.0,10.541194885360959,3.0848237007974566,3084823700.7974567,0.002654451761433225,2.685138814726205e-09,26.851388147262053,1.0000000000000016,2.6065793058795614e-08,2.6065793058795614e-08,0.7499988048567944,0.7499988048567944,4.478032620615953e-06,8.956065241231907e-06,6.721954430194975e-08,2.0165863290584926e-07,7.655756923159662e-06,2.2967270769478987e-05,0.06249214948708623,0.24996859794834492,4.108713874614073e-12,2.8760997122298514e-11,6.372938064738613e-08,4.461056645317029e-07,5.970719675308008e-06,8.962620189079465e-08,1.0207692163751462e-05,5.478293895946402e-12,8.497264293581734e-08,8.497812122971328e-08
t0_10s,10.0,10.681009547955467,3.0693045111748565,3069304511.1748567,0.002596988557044708,2.6670616508515913e-09,26.670616508515913,1.0000000000000013,3.903630612846846e-09,3.903630612846846e-09,0.7499989613863289,0.7499989613863289,1.8500926557921827e-06,3.7001853115843654e-06,1.208682727736923e-08,3.626048183210769e-08,7.387667857398502e-06,2.2163003572195505e-05,0.06249361232363089,0.24997444929452356,8.096783294815188e-13,5.667748306370632e-12,9.799435496670273e-08,6.859604847669191e-07,2.4667936237836856e-06,1.6115792020601525e-08,9.850237450653041e-06,1.079572600987175e-12,1.306593208950129e-07,1.3066040046761388e-07
t0_10s,10.0,10.822678662544178,3.0538633957859562,3053863395.7859564,0.0025407693081526033,2.6491061878931337e-09,26.491061878931337,1.000000000000001,7.00034763443051e-10,7.00034763443051e-10,0.7499990988298867,0.7499990988298867,8.079093893296039e-07,1.6158187786592078e-06,2.351932689248754e-09,7.055798067746262e-09,7.202139945806953e-06,2.1606419837420857e-05,0.06249418479830759,0.24997673919323035,1.735925818979493e-13,1.215148073285645e-12,1.3314017428920755e-07,9.319812200244529e-07,1.077213813443331e-06,3.135914020320996e-09,9.602864799495616e-06,2.314570539735051e-13,1.7752044568710361e-07,1.7752067714415758e-07
t0_10s,10.0,10.966226825919263,3.0384999618534216,3038499961.8534217,0.0024857670857804746,2.6312716065235755e-09,26.312716065235755,1.0000000000000007,1.3803395759853036e-10,1.3803395759853036e-10,0.7499992096700929,0.7499992096700929,3.6413716089698957e-07,7.282743217939791e-07,4.814666466924373e-10,1.4443999400773119e-09,7.0538787659263155e-06,2.1161636297778948e-05,0.062494430483993405,0.24997772193597362,3.91187133270301e-14,2.738309932892107e-13,1.681286581273895e-07,1.1769006068917266e-06,4.855167261538382e-07,6.419562053995006e-10,9.405181598830153e-06,5.215833939910084e-14,2.2417178039606916e-07,2.2417183255440856e-07
t0_10s,10.0,11.111678961116002,3.0232138185759063,3023213818.5759063,0.0024319555439066367,2.6135570929316247e-09,26.13557092931625,1.0000000000000009,2.8843769177701083e-11,2.8843769177701083e-11,0.7499993051790524,0.7499993051790524,1.677522327145519e-07,3.355044654291038e-07,1.0242680747042445e-10,3.0728042241127337e-10,6.923728713855422e-06,2.0771186141566267e-05,0.06249454295588946,0.24997817182355783,9.115389344073891e-15,6.380772540851723e-14,2.0228151364721506e-07,1.4159705955305055e-06,2.2366985083339948e-07,1.3656920314875679e-10,9.231646837596034e-06,1.2153863718443995e-14,2.697089347288435e-07,2.6970894688270726e-07
t0_10s,10.0,11.259060321739973,3.0080045771181143,3008004577.1181145,0.002379308906844436,2.595961838784813e-09,25.95961838784813,1.0000000000000007,6.283034014567628e-12,6.283034014567628e-12,0.7499993921138302,0.7499993921138302,7.864995130750914e-08,1.572999026150183e-07,2.2518064895911373e-11,6.755419468773412e-11,6.8037545164580624e-06,2.0411263549374186e-05,0.06249459817990889,0.24997839271963557,2.1801183308412187e-15,1.526082831588853e-14,2.352184614859935e-07,1.6465292304019546e-06,1.0486668673935692e-07,3.0024110862870836e-11,9.07168004134253e-06,2.9068267971480356e-15,3.136248695122856e-07,3.136248724191124e-07
t0_10s,10.0,11.408396496351585,2.992871850600914,2992871850.600914,0.002327801956895723,2.5784850411926068e-09,25.78485041192607,1.0000000000000007,1.4158123907990642e-12,1.4158123907990642e-12,0.7499994736846549,0.7499994736846549,3.745003875556341e-08,7.490007751112682e-08,5.1014525625511456e-12,1.5304357687653437e-11,6.690612281670407e-06,2.007183684501122e-05,0.06249462804714745,0.2499785121885898,5.334760573343318e-16,3.7343324013403224e-15,2.667675870605448e-07,1.8673731094238134e-06,4.9933420048384814e-08,6.801941523356461e-12,8.920822635781668e-06,7.113019089379219e-16,3.556903656877898e-07,3.556903663990917e-07
t0_10s,10.0,11.559713412908827,2.9778152540914893,2977815254.0914893,0.002277410022271578,2.561125902669769e-09,25.61125902669769,1.0000000000000007,3.287756220226576e-13,3.287756220226576e-13,0.7499995513547366,0.7499995513547366,1.8090167599497993e-08,3.6180335198995986e-08,1.1890381906265782e-12,3.5671145718797345e-12,6.582820529841681e-06,1.974846158952504e-05,0.062494646452409416,0.24997858580963767,1.3339173473528433e-16,9.337421431469903e-16,2.96884257857188e-07,2.078189805000316e-06,2.41202378945713e-08,1.5853852025361867e-12,8.777099290194272e-06,1.7785575270590046e-16,3.958459139354431e-07,3.9584591411329885e-07
t0_10s,10.0,11.713037343268903,2.9628344045935515,2962834404.5935516,0.0022281089652745638,2.5438836310999876e-09,25.438836310999875,1.0000000000000007,7.85110004199183e-14,7.85110004199183e-14,0.7499996258089984,0.7499996258089984,8.858635724976899e-09,1.7717271449953797e-08,2.8481138233467235e-13,8.54434147004017e-13,6.479655534327911e-06,1.9438966602983733e-05,0.06249465958733367,0.24997863834933468,3.4066190135744837e-17,2.3846333095021385e-16,3.2559383717497677e-07,2.279156860224837e-06,1.1811520192988628e-08,3.7974869924429133e-13,8.639545022890556e-06,4.542160950946986e-17,4.341253328276932e-07,4.3412533287311483e-07
t0_10s,10.0,11.868394907749597,2.9479289210375987,2947928921.0375986,0.00217987517073677,2.5267574396997023e-09,25.267574396997023,1.0000000000000009,1.9253866650070413e-14,1.9253866650070413e-14,0.7499996973959219,0.7499996973959219,4.395488815848102e-09,8.790977631696205e-09,7.00498561565784e-14,2.101495684697352e-13,6.38070586229544e-06,1.914211758688632e-05,0.062494670250275844,0.24997868100110338,8.884518625970164e-18,6.219163038179115e-17,3.529563116586378e-07,2.4706941816104646e-06,5.860654119074586e-09,9.339984589300355e-14,8.507611248977732e-06,1.184602961416938e-17,4.7060860542229465e-07,4.706086054341407e-07
t0_10s,10.0,12.02581307975112,2.9330984242712184,2933098424.2712183,0.002132685534708176,2.5097465469822248e-09,25.097465469822247,1.000000000000001,4.844428011708293e-15,4.844428011708293e-15,0.7499997663192349,0.7499997663192349,2.2089552345610787e-09,4.417910469122157e-09,1.767877080500171e-14,5.3036312415005133e-14,6.285692567445735e-06,1.8857077702337206e-05,0.06249467971537682,0.24997871886150727,2.366230923410034e-18,1.6563616463870237e-17,3.790462268933326e-07,2.653323588253328e-06,2.9452745637534563e-09,2.357170175100668e-14,8.38092603454259e-06,3.1549755475561783e-18,5.0539512665927e-07,5.053951266624249e-07
t0_10s,10.0,12.1853191904393,2.9183425370494462,2918342537.049446,0.0020865174533898677,2.4928501767220637e-09,24.928501767220638,1.0000000000000009,1.2495737583224076e-15,1.2495737583224076e-15,0.7499998327196851,0.7499998327196851,1.1239601973088638e-09,2.2479203946177276e-09,4.576235723495364e-15,1.3728707170486092e-14,6.194396323732485e-06,1.8583188971197456e-05,0.06249468856234651,0.24997875424938604,6.436827527107184e-19,4.505779268975029e-18,4.039420032974234e-07,2.827594023081964e-06,1.4986139306632988e-09,6.101648992241506e-15,8.259196940444735e-06,8.582438617040292e-19,5.385894578571168e-07,5.38589457857975e-07
t0_10s,10.0,12.346940933490806,2.903660884025171,2903660884.0251713,0.002041348812306856,2.47606755791952e-09,24.7606755791952,1.0000000000000007,3.302032305454365e-16,3.302032305454365e-16,0.7499998967097523,0.7499998967097523,5.78837663910805e-10,1.15767532782161e-09,1.215391479331928e-15,3.646174437995784e-15,6.106627672281048e-06,1.8319883016843142e-05,0.06249469705136771,0.24997878820547084,1.7900612589454695e-19,1.2530428812618287e-18,4.277205830506245e-07,2.9940440813543712e-06,7.717836581713737e-10,1.6205221956214228e-15,8.142171351050591e-06,2.3867486739644415e-19,5.702941892752701e-07,5.702941892755088e-07
t0_10s,10.0,12.51070636990141,2.8890530917395805,2889053091.7395806,0.0019971579757152333,2.459397924765497e-09,24.59397924765497,1.0000000000000009,8.933973491188217e-17,8.933973491188217e-17,0.7499999583883553,0.7499999583883553,3.0162714897471505e-10,6.032542979494301e-10,3.3210005788411363e-16,9.963001736523408e-16,6.022214689934511e-06,1.8066644069803532e-05,0.062494705294897916,0.24997882117959166,5.106943628998242e-20,3.5748605402987695e-19,4.5045496122598597e-07,3.1531847285819017e-06,4.021695542795355e-10,4.4280010174633886e-16,8.029620032080275e-06,6.809258549790252e-20,6.006066482909552e-07,6.006066482910233e-07
t0_10s,10.0,12.67664393285795,2.8745187886126704,2874518788.6126704,0.001953923776238684,2.442840516606545e-09,24.42840516606545,1.0000000000000007,2.4737739546167664e-17,2.4737739546167664e-17,0.7500000178470715,0.7500000178470715,1.5898791983037578e-10,3.1797583966075157e-10,9.435797134805858e-17,2.8307391404417577e-16,5.940997714676089e-06,1.782299314402827e-05,0.06249471333731759,0.24997885334927036,1.5131039687654697e-20,1.0591727781358288e-19,4.72213219781322e-07,3.305492538469254e-06,2.119838880627789e-10,1.2581062547027647e-16,7.92133009773806e-06,2.0174719103460058e-20,6.296176113926553e-07,6.296176113926755e-07
t0_10s,10.0,12.844782432674947,2.8600576049337874,2860057604.9337873,0.0019116255047293331,2.426394577910173e-09,24.26394577910173,1.0000000000000004,7.009800048660351e-18,7.009800048660351e-18,0.7500000751727529,0.7500000751727529,8.47452884007493e-11,1.694905768014986e-10,2.8838013654974097e-17,8.65140409649223e-17,5.8628269366559714e-06,1.7588480809967915e-05,0.06249472119218325,0.249978884768733,4.8389072820565864e-21,3.3872350974396104e-20,4.93058316266575e-07,3.451408213866025e-06,1.1299370654226842e-10,3.845068101937407e-17,7.817101798697213e-06,6.4518757294017685e-21,6.574110224629049e-07,6.574110224629114e-07
t0_10s,10.0,13.015151061796713,2.845669172852221,2845669172.852221,0.0018702429003480603,2.4100593582303582e-09,24.10059358230358,1.0000000000000002,2.0351118206637984e-18,2.0351118206637984e-18,0.7500001304486151,0.7500001304486151,4.566746506108008e-11,9.133493012216016e-11,1.0335102022160625e-17,3.1005306066481875e-17,5.787561157079295e-06,1.7362683471237885e-05,0.062494728859736,0.249978915438944,1.8402589144161887e-21,1.288181240091332e-20,5.130482335772869e-07,3.5913376350410083e-06,6.088994282409515e-11,1.378013363274837e-17,7.716746867253803e-06,2.4536781257830336e-21,6.840641924560804e-07,6.840641924560828e-07
t0_10s,10.0,13.187779399865748,2.8313531263678575,2831353126.3678575,0.0018297561408595973,2.3938341121733063e-09,23.938341121733064,1.0000000000000004,6.08343142408738e-19,6.08343142408738e-19,0.7500001837546897,0.7500001837546897,2.487281330667437e-11,4.974562661334874e-11,4.960639854105313e-18,1.488191956231594e-17,5.715067028325723e-06,1.714520108497717e-05,0.06249473633511636,0.24997894534046544,9.569827632084011e-22,6.698879342458808e-21,5.322362878125241e-07,3.7256540146876684e-06,3.3163742950241436e-11,6.614184851623771e-18,7.620087504131878e-06,1.2759767049889302e-21,7.096482098817833e-07,7.096482098817846e-07
t0_10s,10.0,13.362697418858424,2.8171091013218605,2817109101.3218603,0.00179014583313768,2.3777180993634425e-09,23.777180993634424,1.0000000000000004,1.9025801576073217e-19,1.9025801576073217e-19,0.7500002351680157,0.7500002351680157,1.3688633626457725e-11,2.737726725291545e-11,3.3343625511120664e-18,1.0003087653336198e-17,5.645218497624271e-06,1.6935655492872813e-05,0.062494743612166885,0.24997897444866754,6.991608224172705e-22,4.894125756920894e-21,5.506714924230363e-07,3.854700446961254e-06,1.825150577904977e-11,4.4458153407979924e-18,7.5269556367000665e-06,9.322141375870955e-22,7.342284263413256e-07,7.342284263413265e-07
t0_10s,10.0,13.53993548828875,2.80293673538741,2802936735.38741,0.0017513930038757534,2.361710584409616e-09,23.617105844096162,1.0,6.508650663866214e-20,6.508650663866214e-20,0.7500002847627333,0.7500002847627333,7.610393041282903e-12,1.5220786082565807e-11,2.802473235234771e-18,8.407419705704312e-18,5.577896343568301e-06,1.6733689030704902e-05,0.06249475068512859,0.24997900274051435,6.297168556882279e-22,4.408017989817595e-21,5.683989287145931e-07,3.978792501002151e-06,1.0147186868989647e-11,3.7366295615758985e-18,7.437192300977458e-06,8.396221554601706e-22,7.578649505371977e-07,7.578649505371986e-07
t0_10s,10.0,13.719524380481182,2.788835668060487,2788835668.0604873,0.0017134790904987807,2.345810836871563e-09,23.45810836871563,1.0,2.6752529961644392e-20,2.6752529961644392e-20,0.7500003326101444,0.7500003326101444,4.273306098062346e-12,8.546612196124692e-12,2.5979335100650224e-18,7.793800530195067e-18,5.512987761122285e-06,1.6538963283366854e-05,0.06249475754933173,0.24997903019732692,6.1796793433421605e-22,4.325775540339513e-21,5.854600998098864e-07,4.098220698669205e-06,5.6977389372487674e-12,3.4639098105779736e-18,7.35064708829666e-06,8.239568803703988e-22,7.806131202267249e-07,7.806131202267258e-07
t0_10s,10.0,13.901495275913344,2.774805540650707,2774805540.6507072,0.0016763859322717837,2.3300181312265504e-09,23.300181312265504,0.9999999999999999,1.468840265595726e-20,1.468840265595726e-20,0.7500003787787688,0.7500003787787688,2.422883026030978e-12,4.845766052061956e-12,2.4943317699497706e-18,7.482995309849312e-18,5.4503859779890836e-06,1.635115793396725e-05,0.062494764201410515,0.24997905680564206,6.2410759711961945e-22,4.368753179837336e-21,6.018932584729867e-07,4.213252809310907e-06,3.23050906984364e-12,3.3257740136229126e-18,7.267177633781983e-06,8.321430425620031e-22,8.025239393252761e-07,8.025239393252769e-07
t0_10s,10.0,14.085879768629649,2.760845996272184,2760845996.272184,0.0016400957616008514,2.3143317468362926e-09,23.143317468362927,1.0,1.0730281349271712e-20,1.0730281349271712e-20,0.7500004233344039,0.7500004233344039,1.3868110641112154e-12,2.7736221282224308e-12,2.4234155893189215e-18,7.270246767956765e-18,5.389989895340061e-06,1.6169969686020184e-05,0.06249477063929855,0.2499790825571942,6.357919789188392e-22,4.4505438524318746e-21,6.177337060217777e-07,4.324135942152444e-06,1.8490803751091695e-12,3.231218961910358e-18,7.18664913731231e-06,8.477221600651786e-22,8.236444764596456e-07,8.236444764596465e-07
t0_10s,10.0,14.27270987172667,2.746956679834467,2746956679.834467,0.0016045911955224984,2.298750967914053e-09,22.98750967914053,1.0,9.32287939808519e-21,9.32287939808519e-21,0.7500004663401925,0.7500004663401925,8.011739030564648e-13,1.6023478061129296e-12,2.3641530736334736e-18,7.09245922090042e-18,5.331703750313393e-06,1.599511125094018e-05,0.062494776862129044,0.24997910744851617,6.4913020647643185e-22,4.543911445335023e-21,6.330140625795465e-07,4.431098438056825e-06,1.0682312065297578e-12,3.152202138179896e-18,7.108933913509045e-06,8.65506403808012e-22,8.440182253065665e-07,8.440182253065673e-07
t0_10s,10.0,14.462018022911321,2.733137238033498,2733137238.033498,0.0015698552273772208,2.283275083491989e-09,22.83275083491989,1.0,8.734265944837007e-21,8.734265944837007e-21,0.7500005078566961,0.7500005078566961,4.670595055913265e-13,9.34119011182653e-13,2.3098950447496626e-18,6.929685134248987e-18,5.275436798535471e-06,1.582631039560641e-05,0.06249478287010006,0.24997913148040024,6.628802373599678e-22,4.6401616615197745e-21,6.477645105412209e-07,4.534351573788546e-06,6.227455857677477e-13,3.079857974164223e-18,7.033910968422247e-06,8.838397179947315e-22,8.636854292170564e-07,8.636854292170572e-07
t0_10s,10.0,14.653837090132734,2.7193873193426286,2719387319.3426285,0.001535871218663325,2.267903387388702e-09,22.679033873887022,0.9999999999999999,8.414374240410062e-21,8.414374240410062e-21,0.7500005479419759,0.7500005479419759,2.747056373614923e-13,5.494112747229846e-13,2.258461142880366e-18,6.7753834286410975e-18,5.221103015833251e-06,1.5663309047499752e-05,0.06249478866433316,0.24997915465733264,6.766446257548456e-22,4.736512380283919e-21,6.620130134929403e-07,4.634091094450582e-06,3.6627391555285237e-13,3.011279323832031e-18,6.961465601805379e-06,9.021921752078433e-22,8.826833731115583e-07,8.826833731115593e-07
t0_10s,10.0,14.848200377288824,2.705706574003677,2705706574.0036774,0.0015026228910671076,2.252635178177032e-09,22.52635178177032,1.0,8.185370622867971e-21,8.185370622867971e-21,0.7500005866516742,0.7500005866516742,1.6297808844458602e-13,3.2595617688917204e-13,2.2090881964760857e-18,6.627264589428257e-18,5.1686208182045134e-06,1.550586245461354e-05,0.06249479424673857,0.2499791769869543,6.902993827265733e-22,4.832095679086013e-21,6.757855130078975e-07,4.730498591055283e-06,2.173039479504815e-13,2.9454486246982916e-18,6.891489033734579e-06,9.203984570310368e-22,9.010466458764989e-07,9.010466458764999e-07
t0_10s,10.0,15.045141630008603,2.6920946540180313,2692094654.018031,0.0014700943186655396,2.237469759152031e-09,22.37469759152031,1.0000000000000002,7.988798204483362e-21,7.988798204483362e-21,0.7500006240391006,0.7500006240391006,9.751617316397361e-14,1.9503234632794722e-13,2.161472768940412e-18,6.484418306821236e-18,5.117912799144576e-06,1.5353738397433726e-05,0.0624947996198919,0.2499791984795676,7.038103885865212e-22,4.9266727201056485e-21,6.891061056291504e-07,4.823742739404053e-06,1.300214560340015e-13,2.881961293978504e-18,6.8238780543704696e-06,9.384130706400968e-22,9.188073763432288e-07,9.188073763432298e-07
t0_10s,10.0,15.244695041511081,2.678551213137797,2678551213.137797,0.0014382699202977725,2.2224064382991763e-09,22.224064382991763,0.9999999999999998,7.805168573366786e-21,7.805168573366786e-21,0.7500006601553196,0.7500006601553196,5.88345092979365e-14,1.17669018595873e-13,2.115465108708832e-18,6.346395326126496e-18,5.068905483402323e-06,1.520671645020697e-05,0.06249480478692428,0.2499792191476971,7.171728420244271e-22,5.02020989417099e-21,7.019972021799612e-07,4.913980415259728e-06,7.844594334857292e-14,2.8206176622174367e-18,6.758534695626255e-06,9.562296143524806e-22,9.359954457034513e-07,9.359954457034523e-07
t0_10s,10.0,15.446895258541987,2.665075906856992,2665075906.8569922,0.0014071344521017699,2.2074445282627947e-09,22.074445282627945,0.9999999999999999,7.627924464343274e-21,7.627924464343274e-21,0.7500006950492377,0.7500006950492377,3.578657336673238e-14,7.157314673346476e-14,2.070969410953957e-18,6.212908232861872e-18,5.021529096253584e-06,1.5064587288760751e-05,0.06249480975142566,0.24997923900570265,7.303924045933808e-22,5.112746832153666e-21,7.144796713221172e-07,5.00135769925482e-06,4.771538693625209e-14,2.7612899889619404e-18,6.695365923526137e-06,9.738556369543503e-22,9.526386789217727e-07,9.526386789217737e-07
t0_10s,10.0,15.651777387389169,2.6516683924027804,2651668392.4027805,0.0013766730002125155,2.1925833463147066e-09,21.925833463147065,0.9999999999999998,7.45486270252278e-21,7.45486270252278e-21,0.7500007287676886,0.7500007287676886,2.1941549666975276e-14,4.388309933395055e-14,2.027910625858359e-18,6.0837318775750776e-18,4.975717347459905e-06,1.4927152042379715e-05,0.06249481451736037,0.2499792580694415,7.434763994283592e-22,5.204334795998514e-21,7.265729690563494e-07,5.086010783394446e-06,2.9255371128808105e-14,2.703878207145717e-18,6.6342833501447496e-06,9.913009026670556e-22,9.687630174042193e-07,9.687630174042204e-07
t0_10s,10.0,15.85937699997779,2.6383283287267534,2638328328.726753,0.001346870973618275,2.177822214323059e-09,21.77822214323059,0.9999999999999996,7.285261119657215e-21,7.285261119657215e-21,0.7500007613555205,0.7500007613555205,1.3558223397313628e-14,2.7116446794627256e-14,1.9862231219260054e-18,5.958669365778016e-18,4.931407228682276e-06,1.4794221686046828e-05,0.06249481908899385,0.2499792763559754,7.564337148807946e-22,5.2950360041655624e-21,7.38295255793282e-07,5.168066790552974e-06,1.807761284509772e-14,2.6482948075095118e-18,6.575202963486935e-06,1.0085772626599037e-21,9.843926750939792e-07,9.843926750939803e-07
t0_10s,10.0,16.069730140046417,2.6250553764962565,2625055376.4962564,0.0013177140971715167,2.1631604587213825e-09,21.631604587213825,0.9999999999999994,7.118901476598507e-21,7.118901476598507e-21,0.7500007928556787,0.7500007928556787,8.442265161715753e-15,1.6884530323431505e-14,1.945846662560123e-18,5.837539987680369e-18,4.888538824019789e-06,1.4665616472059367e-05,0.06249482347082916,0.24997929388331663,7.69272734207666e-22,5.384909139453662e-21,7.496635021801876e-07,5.247644515261313e-06,1.125634164941514e-14,2.5944594740375947e-18,6.518044874867862e-06,1.0256958946384683e-21,9.99550279574763e-07,9.99550279574764e-07
t0_10s,10.0,16.282873329404925,2.611849198085756,2611849198.0857563,0.0012891884047511303,2.1485974104778677e-09,21.485974104778677,0.9999999999999997,6.955732711249327e-21,6.955732711249327e-21,0.7500008233092873,0.7500008233092873,5.2962731115296666e-15,1.0592546223059333e-14,1.906724874940711e-18,5.7201746248221335e-18,4.847055132805601e-06,1.4541165398416804e-05,0.06249482766755225,0.249979310670209,7.820014957935865e-22,5.4740104705551054e-21,7.606935849065588e-07,5.324855094345912e-06,7.0616897300999035e-15,2.542297042458593e-18,6.462733082636577e-06,1.0426675164743154e-21,1.0142569998124682e-06,1.0142569998124693e-06
t0_10s,10.0,16.4988435742755,2.598709457568251,2598709457.5682507,0.001261280232572662,2.134132405064831e-09,21.34132405064831,0.9999999999999998,6.79575396807282e-21,6.79575396807282e-21,0.7500008527557283,0.7500008527557283,3.3471370816776183e-15,6.694274163355237e-15,1.8688045886098756e-18,5.606413765829627e-18,4.806901903068089e-06,1.4420705709204267e-05,0.0624948316839848,0.2499793267359392,7.946276082541199e-22,5.56239325777884e-21,7.714003737646471e-07,5.39980261635253e-06,4.4628443679486924e-15,2.491736618356268e-18,6.4091952501201685e-06,1.0595022730099834e-21,1.0285326622367037e-06,1.0285326622367047e-06
t0_10s,10.0,16.71767837171772,2.585635820706727,2585635820.706727,0.001233976212643369,2.119764782428378e-09,21.19764782428378,0.9999999999999997,6.638974134665562e-21,6.638974134665562e-21,0.7500008812327185,0.7500008812327185,2.130627294878711e-15,4.261254589757422e-15,1.8320354874573797e-18,5.496106462372139e-18,4.7680274759595746e-06,1.4304082427878724e-05,0.06249483552504373,0.24997934210017492,8.071582349081122e-22,5.650107644356785e-21,7.817978105972208e-07,5.472584674180545e-06,2.840833055258233e-15,2.4427111131472334e-18,6.357362498191651e-06,1.0762097153558654e-21,1.0423958560051825e-06,1.0423958560051836e-06
t0_10s,10.0,16.93941571613881,2.5726279549456597,2572627954.9456596,0.001207263266358972,2.1054938869583073e-09,21.054938869583072,0.9999999999999996,6.485398360381272e-21,6.485398360381272e-21,0.7500009087763839,0.7500009087763839,1.365886538533516e-15,2.731773077067032e-15,1.7963698811030164e-18,5.389109643309049e-18,4.730382639908769e-06,1.4191147919726306e-05,0.06249483919570635,0.2499793567828254,8.196001266891253e-22,5.737200886823877e-21,7.918989811191745e-07,5.543292867834221e-06,1.8211798446510432e-15,2.3951569392546057e-18,6.3071692108031205e-06,1.092798844772457e-21,1.0558640287665073e-06,1.0558640287665084e-06
t0_10s,10.0,17.164094105890353,2.5596855294025453,2559685529.4025455,0.0011811285982389994,2.0913190674581765e-09,20.913190674581767,0.9999999999999999,6.335024124444999e-21,6.335024124444999e-21,0.750000935421331,0.750000935421331,8.81740850435531e-16,1.763481700871062e-15,1.7617625264124335e-18,5.285287579237301e-18,4.693920493959279e-06,1.4081761481877838e-05,0.06249484270098078,0.24997937080392313,8.3195964622635255e-22,5.823717523584468e-21,8.017161803089788e-07,5.612013262162851e-06,1.175653000939515e-15,2.3490137721264593e-18,6.258552852767253e-06,1.1092781447785519e-21,1.0689535738493387e-06,1.0689535738493397e-06
t0_10s,10.0,17.39175254995234,2.5468082148594955,2546808214.8594956,0.001155559689797776,2.0772396771155955e-09,20.772396771155954,0.9999999999999997,6.187840669849267e-21,6.187840669849267e-21,0.7500009612007134,0.7500009612007134,5.731084470665001e-16,1.1462168941330001e-15,1.7281704738343849e-18,5.184511421503155e-18,4.6585963196768145e-06,1.3975788959030444e-05,0.06249484604588052,0.24997938418352209,8.4424280250479625e-22,5.909699617533574e-21,8.112609720200473e-07,5.678826804140331e-06,7.641436167614807e-16,2.3042243453497337e-18,6.21145379896399e-06,1.1256556273650724e-21,1.0816799097447285e-06,1.0816799097447296e-06
t0_10s,10.0,17.622430574706033,2.533995683754854,2533995683.754854,0.0011305442935480704,2.063255073472714e-09,20.63255073472714,0.9999999999999998,6.043829569839011e-21,6.043829569839011e-21,0.7500009861463005,0.7500009861463005,3.7502295917348823e-16,7.500459183469765e-16,1.6955529288329322e-18,5.0866587864987966e-18,4.624367461057702e-06,1.3873102383173107e-05,0.06249484923540288,0.24997939694161153,8.564552764254885e-22,5.99518693497842e-21,8.205442433858848e-07,5.7438097037011935e-06,5.000299547610643e-16,2.2607342658909328e-18,6.165815174215838e-06,1.1419388670755993e-21,1.094057552646769e-06,1.09405755264677e-06
t0_10s,10.0,17.85616823079656,2.521247610174871,2521247610.174871,0.0011060704271345608,2.049364618396896e-09,20.49364618396896,0.9999999999999997,5.9029656228851015e-21,5.9029656228851015e-21,0.7500010102885386,0.7500010102885386,2.4703974566992584e-16,4.940794913398517e-16,1.6638711243907953e-18,4.991613373172386e-18,4.591193211902709e-06,1.3773579635708126e-05,0.062494852274510806,0.24997940909804323,8.68602447777405e-22,6.0802171344418345e-21,8.295762545318347e-07,5.807033781722844e-06,3.2938588386019013e-16,2.2184918440985497e-18,6.121582703117154e-06,1.1581350369691346e-21,1.1061001827353302e-06,1.1061001827353312e-06
t0_10s,10.0,18.093006100086555,2.5085636698454072,2508563669.845407,0.0010821263675942932,2.0355676780516094e-09,20.355676780516095,0.9999999999999998,5.7652177876319555e-21,5.7652177876319555e-21,0.750001033656611,0.750001033656611,1.6380819247148563e-16,3.2761638494297127e-16,1.6330882026724916e-18,4.899264608017475e-18,4.559034710153639e-06,1.3677104130460917e-05,0.06249485516811744,0.24997942067246975,8.806894186560212e-22,6.164825930592148e-21,8.383666840509169e-07,5.868566788356418e-06,2.1841062227986935e-16,2.177447935918717e-18,6.0787045691473e-06,1.1742509398450324e-21,1.117820704810874e-06,1.1178207048108753e-06
t0_10s,10.0,18.332985302702113,2.4959435401236876,2495943540.1236877,0.0010587006457413936,2.0218636228675e-09,20.218636228675,0.9999999999999999,5.630550059489998e-21,5.630550059489998e-21,0.7500010562784958,0.7500010562784958,1.0933220671847664e-16,2.1866441343695328e-16,1.6031691047676906e-18,4.809507314303072e-18,4.527854838727756e-06,1.3583564516183267e-05,0.06249485792107329,0.24997943168429315,8.927210361401607e-22,6.249047252981125e-21,8.469246706506326e-07,5.928472694554428e-06,1.457760703177978e-16,2.1375557958846266e-18,6.037131282447741e-06,1.1902930384789606e-21,1.129231303823853e-06,1.1292313038238542e-06
t0_10s,10.0,18.57614750417198,2.4833868999900974,2483386899.9900975,0.0010357820406733398,2.0082518275136676e-09,20.082518275136675,0.9999999999999998,5.498922260420968e-21,5.498922260420968e-21,0.7500010781810214,0.7500010781810214,7.345221779012602e-17,1.4690443558025203e-16,1.5740804677621118e-18,4.7222414032863355e-18,4.497618132424279e-06,1.3492854397272837e-05,0.06249486053815544,0.24997944215262177,9.047019119842169e-22,6.332913383889518e-21,8.552588513317832e-07,5.986811959322482e-06,9.793614959630429e-17,2.098770939876155e-18,5.996815555695411e-06,1.2062674818793483e-21,1.1403434957800911e-06,1.1403434957800924e-06
t0_10s,10.0,18.82253492266175,2.470893430040011,2470893430.040011,0.0010133595743961484,1.994731670869119e-09,19.94731670869119,0.9999999999999999,5.370290738611038e-21,5.370290738611038e-21,0.7500010993899182,0.7500010993899182,4.967399435090891e-17,9.934798870181782e-17,1.5457905285388847e-18,4.637371585616654e-18,4.4682906904871015e-06,1.3404872071461305e-05,0.062494863024058774,0.2499794520962351,9.166364412852076e-22,6.4164550889964536e-21,8.633773964286086e-07,6.0436417750002605e-06,6.623189538164115e-17,2.0610510168535678e-18,5.957712187517849e-06,1.2221801301769257e-21,1.1511681744612313e-06,1.1511681744612326e-06
t0_10s,10.0,19.072190336303713,2.45846281247567,2458462812.47567,0.0009914225065659364,1.981302535994445e-09,19.813025359944447,0.9999999999999999,5.244608983725559e-21,5.244608983725559e-21,0.7500011199298688,0.7500011199298688,3.3820014707205675e-17,6.764002941441135e-17,1.518269033800412e-18,4.554807101401236e-18,4.439840094450801e-06,1.3319520283352404e-05,0.06249486538338874,0.24997946153355496,9.285288193646405e-22,6.4997017355524836e-21,8.712880418004777e-07,6.099016292603344e-06,4.5093285607850986e-17,2.0243556888853478e-18,5.919777952952873e-06,1.2380365771339987e-21,1.161715654347223e-06,1.1617156543472243e-06
t0_10s,10.0,19.325157090624103,2.4460947310980994,2446094731.098099,0.0009699603293442981,1.9679638101036566e-09,19.679638101036566,0.9999999999999998,5.121828165830304e-21,5.121828165830304e-21,0.7500011398245557,0.7500011398245557,2.318634991841745e-17,4.63726998368349e-17,1.4914871558610071e-18,4.474461467583021e-18,4.412235330919854e-06,1.3236705992759562e-05,0.062494867620655564,0.24997947048262226,9.403830573278993e-22,6.5826814012952954e-21,8.789981184364616e-07,6.152986829055231e-06,3.0915086240857345e-17,1.988646518870496e-18,5.88297150048597e-06,1.2538421708904052e-21,1.171995710089296e-06,1.1719957100892972e-06
t0_10s,10.0,19.58147910606885,2.433788871299064,2433788871.2990637,0.0009489627623650538,1.9547148845362155e-09,19.547148845362155,0.9999999999999999,5.001897606514631e-21,5.001897606514631e-21,0.7500011590967065,0.7500011590967065,1.6012239769260435e-17,3.202447953852087e-17,1.4654174137932252e-18,4.3962522413796755e-18,4.385446718965047e-06,1.3156340156895141e-05,0.06249486974026965,0.2499794789610786,9.522029962997304e-22,6.665420974098113e-21,8.865145797045556e-07,6.205602057931889e-06,2.134962003064823e-17,1.9538868653991927e-18,5.847253255244076e-06,1.2696020329442606e-21,1.1820176128424448e-06,1.182017612842446e-06
t0_10s,10.0,19.841200885629004,2.421544920053066,2421544920.0530663,0.0009284197478099776,1.941555154729283e-09,19.41555154729283,1.0,4.884765190010925e-21,4.884765190010925e-21,0.7500011777681369,0.7500011777681369,1.1144241414364918e-17,2.2288482828729836e-17,1.4400335995431549e-18,4.3201007986294644e-18,4.359445841818644e-06,1.3078337525455931e-05,0.06249487174653809,0.24997948698615235,9.639923205586511e-22,6.747946243910558e-21,8.938440264613447e-07,6.256908185229413e-06,1.485896521859885e-17,1.9200417842388265e-18,5.8125853279211355e-06,1.28532107566459e-21,1.191790163745152e-06,1.1917901637451533e-06
t0_10s,10.0,20.104367522567536,2.4093625659093805,2409362565.9093804,0.0009083214455910912,1.928484020190112e-09,19.28484020190112,0.9999999999999999,4.7703777214942376e-21,4.7703777214942376e-21,0.7500011958597923,0.7500011958597923,7.822317310838426e-18,1.5644634621676852e-17,1.4153107086651e-18,4.2459321259952996e-18,4.3342054825914815e-06,1.3002616447774444e-05,0.06249487364366209,0.24997949457464835,9.757545695643737e-22,6.830281986950616e-21,9.009927302104041e-07,6.306949111472829e-06,1.0429739784442631e-17,1.887077935979295e-18,5.778931429066324e-06,1.3010040183279715e-21,1.2013217247974077e-06,1.201321724797409e-06
t0_10s,10.0,20.371024708248395,2.397241498984137,2397241498.984137,0.0008886582286372852,1.9155008844686526e-09,19.155008844686527,0.9999999999999999,4.658681238815453e-21,4.658681238815453e-21,0.7500012133917868,0.7500012133917868,5.5427703258513254e-18,1.1085540651702651e-17,1.3912248753602607e-18,4.1736746260807824e-18,4.309699563750091e-06,1.2929098691250272e-05,0.062494875435735106,0.24997950174294042,9.874931490780097e-22,6.912452043546068e-21,9.079666544805536e-07,6.355766581363875e-06,7.390348477950908e-18,1.8549634994170474e-18,5.746256788385732e-06,1.3166554019455453e-21,1.2106202473651847e-06,1.210620247365186e-06
t0_10s,10.0,20.641218740069544,2.3851814109524336,2385181410.9524336,0.0008694206782829513,1.902605155130341e-09,19.026051551303407,0.9999999999999999,4.549621283364306e-21,4.549621283364306e-21,0.7500012303834404,0.7500012303834404,3.969905911528178e-18,7.939811823056356e-18,1.36775331151961e-18,4.103259934558829e-18,4.2859030901199355e-06,1.2857709270359807e-05,0.06249487712674178,0.24997950850696712,9.992113413704405e-22,6.994479389593083e-21,9.14771474575623e-07,6.403400322029361e-06,5.293199198484717e-18,1.8236680902781214e-18,5.714528078745624e-06,1.332279602874239e-21,1.2196932985135817e-06,1.219693298513583e-06
t0_10s,10.0,20.914996529501188,2.373181995040496,2373181995.040496,0.000850599579756452,1.8897962437290593e-09,18.89796243729059,1.0,4.443143134867394e-21,4.443143134867394e-21,0.7500012468533142,0.7500012468533142,2.87875195494404e-18,5.75750390988808e-18,1.3448742494889059e-18,4.034622748466717e-18,4.262792095172455e-06,1.2788376285517365e-05,0.06249487872055736,0.24997951488222944,1.0109123146509805e-21,7.076386202556864e-21,9.214125958397615e-07,6.449888170878331e-06,3.838329558813478e-18,1.7931626849040924e-18,5.683713344554179e-06,1.347880845388375e-21,1.2285480853606796e-06,1.2285480853606808e-06
t0_10s,10.0,21.192405610230587,2.361242946017872,2361242946.017872,0.0008321859177662492,1.8770735657802845e-09,18.770735657802845,1.0,4.339192014501775e-21,4.339192014501775e-21,0.7500012628192442,0.7500012628192442,2.11771277703699e-18,4.23542555407398e-18,1.3225668882957352e-18,3.9677006648872055e-18,4.240343590380834e-06,1.2721030771142503e-05,0.06249488022094768,0.24997952088379072,1.022599131767583e-21,7.158193922373081e-21,9.278951705653999e-07,6.495266193957799e-06,2.8236122817667503e-18,1.7634195485541248e-18,5.6537819342349406e-06,1.3634632132799982e-21,1.237191477621591e-06,1.2371914776215923e-06
t0_10s,10.0,21.473494146414968,2.349363960189668,2349363960.189668,0.0008141708721825885,1.864436540734422e-09,18.64436540734422,1.0,4.237713260105788e-21,4.237713260105788e-21,0.750001278298374,0.750001278298374,1.58409231975717e-18,3.16818463951434e-18,1.3008113431336208e-18,3.9024340294008626e-18,4.218535517473055e-06,1.2655606552419165e-05,0.062494881631569514,0.24997952652627806,1.0342747582392203e-21,7.239923307674542e-21,9.342241136512702e-07,6.539568795558891e-06,2.112119493117675e-18,1.734412168049822e-18,5.624704436563358e-06,1.3790306605687589e-21,1.2456300284859069e-06,1.2456300284859084e-06
t0_10s,10.0,21.758310941043785,2.3375447353888275,2337544735.3888273,0.0007965458138126664,1.8518845919503124e-09,18.518845919503125,1.0000000000000002,4.138652476874279e-21,4.138652476874279e-21,0.7500012933071847,0.7500012933071847,1.2079538328960643e-18,2.4159076657921287e-18,1.2795885978478911e-18,3.838765793543673e-18,4.19734670337603e-06,1.259204011012809e-05,0.06249488295597136,0.24997953182388544,1.0459420696789812e-21,7.321594487752868e-21,9.404041171205172e-07,6.58282881984362e-06,1.6106023331899935e-18,1.7061151884224801e-18,5.59645262059153e-06,1.3945870213994223e-21,1.2538699939752605e-06,1.253869993975262e-06
t0_10s,10.0,22.046905444412012,2.3257849709684386,2325784970.9684386,0.0007793023002672481,1.8394171466689153e-09,18.39417146668915,1.0000000000000002,4.041955666437861e-21,4.041955666437861e-21,0.7500013078615239,0.7500013078615239,9.414236002171998e-19,1.8828472004343996e-18,1.258880460245929e-18,3.776641380737787e-18,4.176756817691493e-06,1.253027045307448e-05,0.06249488419759451,0.24997953679037804,1.0576038586630108e-21,7.403227010641075e-21,9.464396635898736e-07,6.625077645129115e-06,1.2552292780681645e-18,1.6785043533262236e-18,5.568999378948638e-06,1.4101360192004904e-21,1.2619173509022987e-06,1.2619173509023001e-06
t0_10s,10.0,22.339327762705768,2.314084367794091,2314084367.794091,0.0007624320719167734,1.8270336359871789e-09,18.270336359871788,1.0000000000000004,3.947569336927253e-21,3.947569336927253e-21,0.750001321976634,0.750001321976634,7.515626156782888e-19,1.5031252313565776e-18,1.2386695200177777e-18,3.716008560053333e-18,4.156746332522845e-06,1.2470238997568536e-05,0.06249488535977432,0.24997954143909729,1.069262841090225e-21,7.484839887631575e-21,9.523350387810566e-07,6.666345271467397e-06,1.0020817212662239e-18,1.6515564489316566e-18,5.542318674276079e-06,1.4256812751638555e-21,1.269777813552609e-06,1.2697778135526104e-06
t0_10s,10.0,22.63562866670179,2.3024426282362658,2302442628.2362657,0.0007459270479350021,1.814733494832082e-09,18.14733494832082,1.0000000000000004,3.855440596356466e-21,3.855440596356466e-21,0.7500013356671776,0.7500013356671776,6.155955993990236e-19,1.2311911987980472e-18,1.218939109146904e-18,3.656817327440712e-18,4.137296484551064e-06,1.2411889453653193e-05,0.06249488644574177,0.24997954578296708,1.0809216620740637e-21,7.566451634518445e-21,9.580943431399668e-07,6.706660401979768e-06,8.207926707909247e-19,1.625249251139765e-18,5.51638548866137e-06,1.4412263161005036e-21,1.2774568491770433e-06,1.2774568491770448e-06
t0_10s,10.0,22.93585960058241,2.2908594561627624,2290859456.1627626,0.0007297793224282968,1.802516161934834e-09,18.02516161934834,1.0000000000000004,3.7655172313096014e-21,3.7655172313096014e-21,0.7500013489472637,0.7500013489472637,5.176971392261529e-19,1.0353942784523058e-18,1.1996732645893864e-18,3.599019793768159e-18,4.118389239178859e-06,1.2355167717536578e-05,0.062494887458625206,0.24997954983450082,1.0925829014034484e-21,7.648080309824138e-21,9.637215026457083e-07,6.746050518519958e-06,6.902616107995224e-19,1.599561475820414e-18,5.491175775829763e-06,1.4567745817218167e-21,1.2849596924037964e-06,1.2849596924037978e-06
t0_10s,10.0,23.240072690867255,2.2793345569311705,2279334556.9311705,0.0007139811606487183,1.7903810798052902e-09,17.903810798052902,1.0000000000000007,3.677747772699182e-21,3.677747772699182e-21,0.7500013618304702,0.7500013618304702,4.468175494088223e-19,8.936350988176445e-19,1.1808566930967877e-18,3.542570079290363e-18,4.100007256623866e-06,1.2300021769871598e-05,0.06249488840145214,0.24997955360580856,1.1042490784671811e-21,7.729743549270268e-21,9.692202788712397e-07,6.784541952098678e-06,5.95755650787499e-19,1.5744727319091293e-18,5.466666415934627e-06,1.4723294312054662e-21,1.2922913586526549e-06,1.2922913586526563e-06
t0_10s,10.0,23.548320755463607,2.2678676373813706,2267867637.3813705,0.0006985249952890758,1.7783276947064857e-09,17.783276947064856,1.0000000000000007,3.5920815501739445e-21,3.5920815501739445e-21,0.7500013743298675,0.7500013743298675,3.9520514419537983e-19,7.904102883907597e-19,1.1624747380648663e-18,3.4874242141945986e-18,4.082133859856331e-06,1.2246401579568994e-05,0.0624948892771513,0.2499795571086052,1.1159226576931831e-21,7.811458603852282e-21,9.745942783505185e-07,6.82215994845363e-06,5.269392266760831e-19,1.5499634772050215e-18,5.442835172807186e-06,1.48789415044775e-21,1.2994566566245652e-06,1.2994566566245666e-06
t0_10s,10.0,23.860657312836693,2.256458405828079,2256458405.828079,0.0006834034228581979,1.766355456629382e-09,17.663554566293822,1.0000000000000009,3.5084687366026685e-21,3.5084687366026685e-21,0.7500013864580404,0.7500013864580404,3.5739639893967014e-19,7.147927978793403e-19,1.1445133482437573e-18,3.4335400447312718e-18,4.064753004249397e-06,1.219425901274819e-05,0.062494890088554654,0.24997956035421862,1.1276060513924555e-21,7.893242359747189e-21,9.798469613108062e-07,6.858928729175643e-06,4.765276510054359e-19,1.5260149766506975e-18,5.419660653489744e-06,1.503471955855565e-21,1.3064601999447433e-06,1.3064601999447448e-06
t0_10s,10.0,24.177136591301633,2.245106572053428,2245106572.053428,0.0006686092001346672,1.7544638192677744e-09,17.544638192677745,1.0000000000000009,3.426860383858191e-21,3.426860383858191e-21,0.7500013982271073,0.7500013982271073,3.2952304733797753e-19,6.5904609467595505e-19,1.1269590482313448e-18,3.3808771446940343e-18,4.0478492488711e-06,1.21435477466133e-05,0.0624948908383996,0.2499795633535984,1.1393016255596397e-21,7.975111378917478e-21,9.849816498108125e-07,6.894871548675687e-06,4.393632440111731e-19,1.5026092629897888e-18,5.397122269957921e-06,1.5190660020805037e-21,1.3133064180135713e-06,1.3133064180135728e-06
t0_10s,10.0,24.49781353843868,2.233811847299584,2233811847.299584,0.0006541352406973198,1.7426522399933468e-09,17.426522399933468,1.000000000000001,3.347208450844206e-21,3.347208450844206e-21,0.7500014096487415,0.7500014096487415,3.0883359000424274e-19,6.176671800084855e-19,1.109798910562728e-18,3.329396731688184e-18,4.031407729256392e-06,1.2094223187769176e-05,0.06249489152933111,0.24997956611732444,1.151011702410914e-21,8.057081916876398e-21,9.900015353453796e-07,6.930010747417657e-06,4.117773460571001e-19,1.4797290995526202e-18,5.375200202816255e-06,1.534679385402733e-21,1.3199995661462032e-06,1.3199995661462046e-06
t0_10s,10.0,24.82274383063323,2.2225739442614,2222573944.2613997,0.0006399746115308563,1.730920179830926e-09,17.30920179830926,1.000000000000001,3.2694658249847054e-21,3.2694658249847054e-21,0.7500014207341884,0.7500014207341884,2.933624529120691e-19,5.867249058241382e-19,1.0930205294282227e-18,3.279061588284668e-18,4.015414131663822e-06,1.2046242394991465e-05,0.06249489216390402,0.24997956865561607,1.162738564643445e-21,8.139169952504115e-21,9.949096859341256e-07,6.964367801538879e-06,3.911491962573776e-19,1.4573579452132869e-18,5.353875366973396e-06,1.5503151494102793e-21,1.3265437350241185e-06,1.32654373502412e-06
t0_10s,10.0,25.15198388274247,2.2113925770791107,2211392577.0791106,0.000626120529704934,1.7192671034338804e-09,17.192671034338805,1.0000000000000009,3.193586337740491e-21,3.193586337740491e-21,0.7500014314942846,0.7500014314942846,2.8169911090881657e-19,5.633982218176331e-19,1.0766119957314076e-18,3.2298359871942226e-18,3.9998546686109555e-06,1.1999564005832866e-05,0.062494892744585306,0.24997957097834123,1.1744844591528602e-21,8.221391214070021e-21,9.997090527612196e-07,6.997963369328537e-06,3.7559809765638197e-19,1.4354799211334732e-18,5.333129379022307e-06,1.5659762899556685e-21,1.3329428595481793e-06,1.3329428595481808e-06
t0_10s,10.0,25.485590857890216,2.20026746133106,2200267461.3310604,0.0006125663591251478,1.7076924790596944e-09,17.076924790596944,1.000000000000001,3.1195247750879423e-21,3.1195247750879423e-21,0.7500014419394739,0.7500014419394739,2.728271084220485e-19,5.45654216844097e-19,1.0605618736147237e-18,3.1816856208441714e-18,3.984716055737651e-06,1.1954148167212953e-05,0.062494893273756326,0.2499795730950253,1.1862515979324488e-21,8.303761185527142e-21,1.004402476369444e-06,7.030817334586108e-06,3.637687785193165e-19,1.4140797794630272e-18,5.312944526390954e-06,1.5816657563548802e-21,1.3392007270974027e-06,1.3392007270974041e-06
t0_10s,10.0,25.823622677391626,2.1891983140264655,2189198314.0264654,0.0005993056073543448,1.6961957785457013e-09,16.961957785457013,1.0000000000000009,3.0472368836762435e-21,3.0472368836762435e-21,0.7500014520798236,0.7500014520798236,2.660108740015477e-19,5.320217480030954e-19,1.0448591782000309e-18,3.1345775346000926e-18,3.969985489847599e-06,1.1909956469542796e-05,0.06249489375371515,0.2499795750148606,1.1980421623870514e-21,8.386295136709359e-21,1.0089926924584845e-06,7.062948847209391e-06,3.5468047863624116e-19,1.3931428736604968e-18,5.293303738064055e-06,1.5973864571392087e-21,1.345320985260034e-06,1.3453209852600358e-06
t0_10s,10.0,26.166138030809623,2.1781848535982173,2178184853.5982175,0.0005863319225027532,1.6847764772849867e-09,16.847764772849867,1.0000000000000009,2.9766793728009615e-21,2.9766793728009615e-21,0.7500014619250407,0.7500014619250407,2.607156915551508e-19,5.214313831103016e-19,1.0294933544913284e-18,3.088480063473985e-18,3.955650627977243e-06,1.1866951883931728e-05,0.062494894186678765,0.24997957674671506,1.2098583077628994e-21,8.469008154340297e-21,1.0134823373357659e-06,7.094376361350361e-06,3.4762024448054764e-19,1.372655130363228e-18,5.274190556674665e-06,1.6131412659617181e-21,1.3513071491013425e-06,1.3513071491013442e-06
t0_10s,10.0,26.513196386144617,2.167226799895723,2167226799.895723,0.0005736390901854332,1.6734340542024484e-09,16.734340542024484,1.000000000000001,2.9078099136625913e-21,2.9078099136625913e-21,0.7500014714844853,0.7500014714844853,2.565515023795962e-19,5.131030047591924e-19,1.0144542575663664e-18,3.0433627726990993e-18,3.941699567740962e-06,1.1825098703222886e-05,0.06249489457478543,0.24997957829914172,1.2217021640537881e-21,8.551915148376516e-21,1.0178739529717734e-06,7.1251176708024135e-06,3.420679987091243e-19,1.3526030229760044e-18,5.255589112297496e-06,1.62893302280549e-21,1.357162607904069e-06,1.3571626079040708e-06
t0_10s,10.0,26.864858000159433,2.1563238741777737,2156323874.1777735,0.000561221030545589,1.662167991731018e-09,16.62167991731018,1.0000000000000009,2.840587134959921e-21,2.840587134959921e-21,0.7500014807671856,0.7500014807671856,2.5323240440930584e-19,5.064648088186117e-19,9.99732133556374e-19,2.999196400669122e-18,3.92812082842333e-06,1.1784362485269988e-05,0.062494894920096855,0.24997957968038742,1.2335758348645271e-21,8.63503084405169e-21,1.0221699917958281e-06,7.155189942570797e-06,3.3764253925241767e-19,1.3329735463105162e-18,5.237484097238324e-06,1.6447645324682392e-21,1.3628906315628044e-06,1.362890631562806e-06
t0_10s,10.0,27.2211839288412,2.1454757991054594,2145475799.1054595,0.0005490717953423228,1.6509777757880377e-09,16.50977775788038,1.0000000000000009,2.7749706163559887e-21,2.7749706163559887e-21,0.7500014897818517,0.7500014897818517,2.505479927134087e-19,5.010959854268174e-19,9.853176017974342e-19,2.9559528053923027e-18,3.914903333078285e-06,1.1744709999234855e-05,0.06249489522460045,0.2499795808984018,1.2454814087080839e-21,8.718369860956587e-21,1.0263728211792983e-06,7.184609748255087e-06,3.3406332670923636e-19,1.3137541927870404e-18,5.219860742165978e-06,1.6606385796251545e-21,1.368494376561616e-06,1.3684943765616176e-06
t0_10s,10.0,27.582236038001927,2.134682298735111,2134682298.735111,0.0005371855651014357,1.639862895751826e-09,16.39862895751826,1.0000000000000009,2.7109208806278946e-21,2.7109208806278946e-21,0.7500014985368865,0.7500014985368865,2.483429743231396e-19,4.966859486462792e-19,9.712016380895479e-19,2.9136049142686436e-18,3.9020363917720075e-06,1.1706109175316022e-05,0.0624948954902115,0.249979581960846,1.2574209525662122e-21,8.801946667963485e-21,1.0304847275831937e-06,7.213393093082356e-06,3.311233041635391e-19,1.2949329301130488e-18,5.2027047937692864e-06,1.676557920243102e-21,1.3739768915041875e-06,1.3739768915041892e-06
t0_10s,10.0,27.94807701401984,2.123943098511281,2123943098.511281,0.0005255566463278966,1.628822844438344e-09,16.288228444383442,1.0000000000000009,2.6483993826003287e-21,2.6483993826003287e-21,0.7500015070404,0.7500015070404,2.4650213965870123e-19,4.930042793174025e-19,9.573755584205502e-19,2.8721266752616507e-18,3.88950968531864e-06,1.1668529055955921e-05,0.06249489571877532,0.24997958287510127,1.2693965135755178e-21,8.885775595028624e-21,1.034507920530197e-06,7.2415554437113794e-06,3.286688591219364e-19,1.2764981795816306e-18,5.186002493071158e-06,1.692525283828716e-21,1.379341122409867e-06,1.3793411224098686e-06
t0_10s,10.0,28.318770374722906,2.113257925259763,2113257925.259763,0.0005141794687786703,1.6178571180780763e-09,16.178571180780764,1.0000000000000009,2.5873684968178686e-21,2.5873684968178686e-21,0.7500015153002197,0.7500015153002197,2.4493960697960666e-19,4.898792139592133e-19,9.438310036116964e-19,2.8314930108350895e-18,3.87731324963675e-06,1.1631939748910248e-05,0.06249489591206938,0.24997958364827752,1.281410127477864e-21,8.969870892345049e-21,1.0384445363763891e-06,7.269111754634724e-06,3.265854828060704e-19,1.2584387955988173e-18,5.169740554570335e-06,1.708543384695597e-21,1.3845899177426433e-06,1.384589917742645e-06
t0_10s,10.0,28.694380480417074,2.102626507180639,2102626507.1806393,0.0005030485827945703,1.6069652162930324e-09,16.069652162930325,1.0000000000000009,2.5277915057899475e-21,2.5277915057899475e-21,0.7500015233239025,0.7500015233239025,2.435912998183268e-19,4.871825996366536e-19,9.305599253394781e-19,2.7916797760184344e-18,3.865437461687761e-06,1.1596312385063282e-05,0.062494896071805424,0.2499795842872217,1.2934638186541209e-21,9.054246730578847e-21,1.0422966416670405e-06,7.296076491669284e-06,3.247877400818655e-19,1.240744047045886e-18,5.1539061474924475e-06,1.724614922009317e-21,1.3897260328855422e-06,1.389726032885544e-06
t0_10s,10.0,29.074972545060476,2.0920485738413666,2092048573.8413665,0.000492158656689878,1.5961466420739226e-09,15.961466420739226,1.000000000000001,2.4696325856131932e-21,2.4696325856131932e-21,0.750001531118744,0.750001531118744,2.4240915390028584e-19,4.848183078005717e-19,9.17554572298599e-19,2.752663716895797e-18,3.853873025580153e-06,1.1561619076740458e-05,0.06249489619963136,0.24997958479852544,1.3055595946928117e-21,9.138917162849682e-21,1.046066236411094e-06,7.3224636548776585e-06,3.2321154536670725e-19,1.2234035988298897e-18,5.138486877262106e-06,1.7407425725456407e-21,1.3947521345066102e-06,1.3947521345066119e-06
t0_10s,10.0,29.460612647585997,2.0815238561699028,2081523856.1699028,0.00048150447419847053,1.585400901757467e-09,15.85400901757467,1.0000000000000009,2.4128567879029996e-21,2.4128567879029996e-21,0.75000153869179,0.75000153869179,2.413568380098324e-19,4.827136760196648e-19,9.048074763804002e-19,2.7144224291412007e-18,3.842610958525128e-06,1.1527832875575383e-05,0.062494896297133486,0.24997958518853394,1.3176994579015958e-21,9.22389620531117e-21,1.0497552573486946e-06,7.348286801440862e-06,3.218084571277353e-19,1.2064074934547927e-18,5.123470766776964e-06,1.756929006039145e-21,1.3996708049156245e-06,1.3996708049156262e-06
t0_10s,10.0,29.851367743374066,2.071052086447854,2071052086.447854,0.0004710809319752304,1.5747275050038803e-09,15.747275050038802,1.0000000000000009,2.3574300269544317e-21,2.3574300269544317e-21,0.7500015460498463,0.7500015460498463,2.4040689824559526e-19,4.808137964911905e-19,8.923114412032647e-19,2.676934323609794e-18,3.83164257891572e-06,1.1494927736747158e-05,0.06249489636583827,0.24997958546335308,1.329885404039903e-21,9.30919782827932e-21,1.0533655806949484e-06,7.373559064864639e-06,3.2054187022918145e-19,1.1897461357285793e-18,5.108846240513034e-06,1.7731768834934065e-21,1.4044845457224433e-06,1.404484545722445e-06
t0_10s,10.0,30.247305675877378,2.060632998303674,2060632998.303674,0.0004608830371515521,1.5641259647744921e-09,15.64125964774492,1.0000000000000009,2.3033190637486723e-21,2.3033190637486723e-21,0.7500015531994866,0.7500015531994866,2.395385254634559e-19,4.790770509269118e-19,8.80059530357013e-19,2.6401785910710388e-18,3.820959494314504e-06,1.1462878482943514e-05,0.06249489640721431,0.24997958562885725,1.3421194075565674e-21,9.394835852895972e-21,1.056899024873268e-06,7.398293174112876e-06,3.19384039195107e-19,1.1734102770890308e-18,5.094602108508167e-06,1.7894888374978984e-21,1.4091957814814716e-06,1.4091957814814733e-06
t0_10s,10.0,30.648495188400176,2.0502663267058785,2050266326.7058785,0.0004509059049437547,1.55359579730952e-09,15.5359579730952,1.0000000000000009,2.2504914886835904e-21,2.2504914886835904e-21,0.7500015601470624,0.7500015601470624,2.3873586477173407e-19,4.774717295434681e-19,8.68045056205352e-19,2.604135168616056e-18,3.810553590343955e-06,1.1431660771031866e-05,0.06249489642267408,0.2499795856906963,1.3544034610500757e-21,9.48082422735053e-21,1.0603573530148881e-06,7.422501471104217e-06,3.1831382420714175e-19,1.1573910006735763e-18,5.080727551549054e-06,1.805867524841549e-21,1.413806863024352e-06,1.4138068630243538e-06
t0_10s,10.0,31.055005936033403,2.0399518079563124,2039951807.9563124,0.000441144756313281,1.5431365221060003e-09,15.431365221060004,1.0000000000000009,2.1989157024133717e-21,2.1989157024133717e-21,0.7500015668987112,0.7500015668987112,2.379867313385067e-19,4.759734626770134e-19,8.562615686220117e-19,2.568784705866035e-18,3.800417019020688e-06,1.1401251057062063e-05,0.06249489641357592,0.24997958565430367,1.3667395317664988e-21,9.567176722365491e-21,1.063742275559587e-06,7.446195928917109e-06,3.1731497885076705e-19,1.141679706300735e-18,5.06721210561676e-06,1.8223155685101107e-21,1.4183200709275945e-06,1.4183200709275964e-06
t0_10s,10.0,31.466908497748378,2.0296891796834373,2029689179.6834373,0.00043159491567753915,1.5327476618958612e-09,15.327476618958611,1.0000000000000009,2.14856089843152e-21,2.14856089843152e-21,0.7500015734603653,0.7500015734603653,2.3728170870183333e-19,4.7456341740366665e-19,8.447028447772729e-19,2.5341085343318186e-18,3.7905421878372635e-06,1.1371626563511791e-05,0.06249489638122586,0.24997958552490343,1.379129592864489e-21,9.653907150051423e-21,1.0670554526629059e-06,7.469388168640341e-06,3.16374947864523e-19,1.1262680968520823e-18,5.054045647329004e-06,1.8388355993727402e-21,1.4227376187222034e-06,1.4227376187222053e-06
t0_10s,10.0,31.884274388650827,2.019478180835657,2019478180.835657,0.00042225180867030065,1.5224287426241422e-09,15.224287426241423,1.0000000000000009,2.0993970492227106e-21,2.0993970492227106e-21,0.7500015798377586,0.7500015798377586,2.3661355869309823e-19,4.732271173861965e-19,8.33362880809639e-19,2.500088642428917e-18,3.780921751015366e-06,1.1342765253046097e-05,0.06249489632687913,0.24997958530751652,1.3915756155981333e-21,9.741029309186933e-21,1.0702984960887663e-06,7.4920894726213645e-06,3.1548408037258107e-19,1.1111481671677454e-18,5.041218382277622e-06,1.8554302457591633e-21,1.4270616554171722e-06,1.427061655417174e-06
t0_10s,10.0,32.30717607239739,2.009318551674681,2009318551.674681,0.0004131109599505859,1.5121792934273629e-09,15.121792934273628,1.0000000000000009,2.0513948873629615e-21,2.0513948873629615e-21,0.7500015860364345,0.7500015860364345,2.3597668058164355e-19,4.719533611632871e-19,8.222358821720648e-19,2.4667076465161944e-18,3.7715486000413665e-06,1.13146458001241e-05,0.06249489625174188,0.24997958500696751,1.404079566621049e-21,9.828556966347343e-21,1.0734729712494771e-06,7.51431079874634e-06,3.146349087456196e-19,1.096312191174648e-18,5.028720832409209e-06,1.872102129865149e-21,1.4312942682194922e-06,1.4312942682194941e-06
t0_10s,10.0,32.73568697377695,1.9992100337689132,1999210033.7689133,0.00040416799105897613,1.5019988466120399e-09,15.019988466120399,1.0000000000000009,2.0045258900350533e-21,2.0045258900350533e-21,0.7500015920617514,0.7500015920617514,2.3536670724044384e-19,4.707334144808877e-19,8.113162553059536e-19,2.4339487659178606e-18,3.762415855386925e-06,1.1287247566160774e-05,0.06249489615697264,0.24997958462789055,1.416643414240255e-21,9.916503899681785e-21,1.0765803989611857e-06,7.5360627927282995e-06,3.1382161015608206e-19,1.0817527107851176e-18,5.016543824985835e-06,1.888853876090993e-21,1.4354374848747594e-06,1.4354374848747613e-06
t0_10s,10.0,33.169881491458646,1.989152369986881,1989152369.986881,0.0003954186183203363,1.49188693763334e-09,14.9188693763334,1.0000000000000009,1.9587622527545366e-21,1.9587622527545366e-21,0.7500015979188926,0.7500015979188926,2.3478017108246097e-19,4.6956034216492195e-19,8.005985972955971e-19,2.4017957918867915e-18,3.7535168554092486e-06,1.1260550566227746e-05,0.06249489604368433,0.2499795841747373,1.4292691307905042e-21,1.000488391553353e-20,1.0796222578281538e-06,7.557355804797077e-06,3.1303956116084273e-19,1.0674625221027545e-18,5.004678477785276e-06,1.905688114207284e-21,1.4394932768462013e-06,1.4394932768462032e-06
t0_10s,10.0,33.609835010909144,1.9791453044906937,1979145304.4906938,0.00038685865079193896,1.4818431050738902e-09,14.818431050738901,1.0000000000000009,1.9140768760948254e-21,1.9140768760948254e-21,0.7500016036128716,0.7500016036128716,2.342143173411116e-19,4.684286346822232e-19,7.90077688716436e-19,2.370233066149308e-18,3.7448451484368827e-06,1.1234535445310648e-05,0.062494895912945714,0.24997958365178286,1.4419586839823258e-21,1.009371078787628e-20,1.0825999858905794e-06,7.578199901234056e-06,3.1228508874229824e-19,1.0534346658867285e-18,4.9931161885486575e-06,1.922607467818991e-21,1.4434635615117765e-06,1.4434635615117785e-06
t0_10s,10.0,34.05562391748114,1.9691885827295341,1969188582.7295341,0.00037848398825600366,1.471866890622716e-09,14.71866890622716,1.0000000000000009,1.870443353970676e-21,1.870443353970676e-21,0.750001609148538,0.750001609148538,2.3366696693283194e-19,4.673339338656639e-19,7.797484874657665e-19,2.3392454623972994e-18,3.736394485897349e-06,1.1209183457692047e-05,0.06249489576578278,0.24997958306313112,1.454714050839877e-21,1.018299835587914e-20,1.0855149820257553e-06,7.598604874180287e-06,3.115552874587955e-19,1.039662419326006e-18,4.981848625817222e-06,1.9396145729492304e-21,1.4473502040323873e-06,1.4473502040323892e-06
t0_10s,10.0,34.50732560967549,1.9592819514331854,1959281951.4331853,0.0003702906192556975,1.4619578390543281e-09,14.619578390543282,1.000000000000001,1.8278359580910557e-21,1.8278359580910557e-21,0.7500016145305832,0.7500016145305832,2.331363963908417e-19,4.662727927816834e-19,7.696061223970914e-19,2.308818367191274e-18,3.728158815388037e-06,1.118447644616411e-05,0.06249489560318005,0.2499795824127202,1.4675372119649756e-21,1.0272760483754829e-20,1.088368607354187e-06,7.618580251479309e-06,3.108478593566214e-19,1.026139287551772e-18,4.970867719693438e-06,1.956712070391327e-21,1.4511550192267032e-06,1.4511550192267052e-06
t0_10s,10.0,34.9650185125793,1.9494251586055857,1949425158.6055858,0.00036227461917365,1.4521154982079564e-09,14.521154982079564,1.000000000000001,1.7862296145696973e-21,1.7862296145696973e-21,0.750001619763546,0.750001619763546,2.32621219573151e-19,4.65242439146302e-19,7.596458849221692e-19,2.2789376547665078e-18,3.720132273259509e-06,1.1160396819778527e-05,0.06249489542608201,0.24997958170432805,1.4804301462234996e-21,1.0363011023564497e-20,1.0911621867510407e-06,7.638135307257285e-06,3.1016095624765424e-19,1.0128589924401281e-18,4.960165651952005e-06,1.973902598624036e-21,1.4548797735864261e-06,1.454879773586428e-06
t0_10s,10.0,35.42878209148211,1.9396179535184206,1939617953.5184207,0.00035443214835206404,1.4423394189669115e-09,14.423394189669114,1.000000000000001,1.7455998916617276e-21,1.7455998916617276e-21,0.7500016248518172,0.7500016248518172,2.3212030692341746e-19,4.642406138468349e-19,7.498632229221585e-19,2.2495896687664755e-18,3.712309178680465e-06,1.1136927536041394e-05,0.062494895235394414,0.24997958094157766,1.493394839823558e-21,1.0453763878764906e-20,1.0938970100123294e-06,7.657279070086306e-06,3.0949307205738256e-19,9.998154644935789e-19,4.949734848126403e-06,1.9911888059157446e-21,1.4585261868312057e-06,1.4585261868312076e-06
t0_10s,10.0,35.898696865672854,1.9298600867047446,1929860086.7047446,0.0003467594502535236,1.4326291552380929e-09,14.326291552380928,1.000000000000001,1.7059229768194658e-21,1.7059229768194658e-21,0.7500016297996471,0.7500016297996471,2.3163272360337297e-19,4.632654472067459e-19,7.402537333815864e-19,2.2207612001447594e-18,3.704684025316472e-06,1.1114052075949417e-05,0.06249489503198576,0.24997958012794305,1.5064332957684154e-21,1.0545033070378908e-20,1.0965743335648318e-06,7.676020334953823e-06,3.0884296033496695e-19,9.870028330196233e-19,4.939567966413791e-06,2.008573362928343e-21,1.4620959341885256e-06,1.4620959341885275e-06
t0_10s,10.0,36.37484442241967,1.9201513099526348,1920151309.9526348,0.00033925284966161484,1.422984263931635e-09,14.22984263931635,1.0000000000000009,1.6671756705991128e-21,1.6671756705991128e-21,0.7500016346111481,0.7500016346111481,2.3115769212368365e-19,4.623153842473673e-19,7.308131581732965e-19,2.1924394745198894e-18,3.697251476467734e-06,1.1091754429403202e-05,0.06249489481668847,0.24997957926675388,1.5195475107989563e-21,1.0636832575592695e-20,1.099195381377669e-06,7.694367669643682e-06,3.0820958442781465e-19,9.744154205106496e-19,4.929657891191985e-06,2.0260589319739193e-21,1.4655906476091438e-06,1.465590647609146e-06
t0_10s,10.0,36.85730743113521,1.9104913762988787,1910491376.2988787,0.0003319087509205004,1.4134043049406855e-09,14.134043049406856,1.000000000000001,1.6293353289632051e-21,1.6293353289632051e-21,0.7500016392903095,0.7500016392903095,2.3069452548795255e-19,4.613890509759051e-19,7.2153736884557e-19,2.1646121065367102e-18,3.6900063478071335e-06,1.10700190434214e-05,0.06249489459030178,0.24997957836120713,1.532739490458058e-21,1.0729176433206405e-20,1.101761348724347e-06,7.712329441070428e-06,3.075920283404283e-19,9.62047722360082e-19,4.919997710003419e-06,2.0436481871005185e-21,1.469011920783121e-06,1.4690119207831231e-06
t0_10s,10.0,37.34616965772992,1.9008800400226886,1900880040.0226886,0.00032472363621260177,1.4038888411213234e-09,14.038888411213234,1.000000000000001,1.5923799215090081e-21,1.5923799215090081e-21,0.7500016438409874,0.7500016438409874,2.3024268151768367e-19,4.604853630353673e-19,7.124223779105586e-19,2.137267133731676e-18,3.682943619348515e-06,1.1048830858045545e-05,0.06249489435359025,0.249979577414361,1.5460112580068809e-21,1.0822078806048167e-20,1.1042733992307014e-06,7.72991379461491e-06,3.0698956916752953e-19,9.498944219135654e-19,4.910580729512853e-06,2.0613438259805475e-21,1.4723613052037862e-06,1.4723613052037883e-06
t0_10s,10.0,37.84151597915542,1.891317056639456,1891317056.639456,0.0003176940638735689,1.3944374382726099e-09,13.944374382726098,1.000000000000001,1.5562879891034042e-21,1.5562879891034042e-21,0.7500016482669156,0.7500016482669156,2.298016962747823e-19,4.596033925495646e-19,7.03464328083684e-19,2.110392984251052e-18,3.6760584227410878e-06,1.1028175268223263e-05,0.06249489410728603,0.24997957642914412,1.5593648465897527e-21,1.0915553926128269e-20,1.1067326675780004e-06,7.747128673046002e-06,3.0640158832424185e-19,9.379503761214808e-19,4.901400458566496e-06,2.0791485594639592e-21,1.4756403137718557e-06,1.4756403137718578e-06
t0_10s,10.0,38.343432398141076,1.881802182894529,1881802182.894529,0.00031081666674372696,1.3850496651167863e-09,13.850496651167862,1.000000000000001,1.5210386028472169e-21,1.5210386028472169e-21,0.7500016525717129,0.7500016525717129,2.293711729095599e-19,4.587423458191198e-19,6.946594819091575e-19,2.0839784457274725e-18,3.66934603145203e-06,1.100803809435609e-05,0.062494893852090685,0.24997957540836274,1.5728022968322492e-21,1.1009616077825744e-20,1.109140261567273e-06,7.76398183097091e-06,3.0582755667678766e-19,9.262106017062892e-19,4.892450595102093e-06,2.0970651083756947e-21,1.4788504235478605e-06,1.4788504235478626e-06
t0_10s,10.0,38.852006058125916,1.8723351767570262,1872335176.7570262,0.00030408815055520594,1.3757250932795786e-09,13.757250932795786,1.0000000000000009,1.4866113694100628e-21,1.4866113694100628e-21,0.7500016567588808,0.7500016567588808,2.2895076648138226e-19,4.579015329627645e-19,6.860042219025263e-19,2.058012665707579e-18,3.6628018639804944e-06,1.0988405591941482e-05,0.062494893588675035,0.24997957435470014,1.5863256453725225e-21,1.1104279517607657e-20,1.1114972611643201e-06,7.780480828150241e-06,3.0526701430339377e-19,9.146702753525662e-19,4.883725030434239e-06,2.115096188224172e-21,1.4819930744788436e-06,1.4819930744788458e-06
t0_10s,10.0,39.36732525838852,1.86291579741368,1862915797.41368,0.0002975052923539913,1.3664632972706573e-09,13.664632972706572,1.0000000000000009,1.4529864093967863e-21,1.4529864093967863e-21,0.7500016608318102,0.7500016608318102,2.2854016478755386e-19,4.570803295751077e-19,6.774950419907388e-19,2.0324851259722163e-18,3.656421475387242e-06,1.0969264426161727e-05,0.062494893317680725,0.2499795732707229,1.5999369408476755e-21,1.1199558585933728e-20,1.113804720234619e-06,7.796633041642333e-06,3.0471954493285394e-19,9.0332472229374e-19,4.8752178379605e-06,2.1332445305164006e-21,1.4850696717115572e-06,1.4850696717115593e-06
t0_10s,10.0,39.889479469377825,1.8535438052627093,1853543805.2627094,0.0002910649389561307,1.3572638544642244e-09,13.572638544642244,1.0000000000000009,1.420144421385193e-21,1.420144421385193e-21,0.7500016647937738,0.7500016647937738,2.2813911104469215e-19,4.562782220893843e-19,6.691285615607466e-19,2.00738568468224e-18,3.6502005682332824e-06,1.0950601704699847e-05,0.06249489303971901,0.24997957215887603,1.613638275945705e-21,1.1295467931619935e-20,1.116063663760915e-06,7.812445646326405e-06,3.041848061862943e-19,8.921694350435012e-19,4.86692328774626e-06,2.151512925493843e-21,1.4880815818826166e-06,1.4880815818826187e-06
t0_10s,10.0,40.41855934824684,1.844218961907729,1844218961.907729,0.0002847640054373629,1.348126345079728e-09,13.481263450797279,1.0000000000000009,1.388066392535438e-21,1.388066392535438e-21,0.7500016686479744,0.7500016686479744,2.2774731304002196e-19,4.554946260800439e-19,6.609014606379379e-19,1.9827043819138137e-18,3.6441349288910457e-06,1.0932404786673137e-05,0.06249489275538052,0.24997957102152207,1.6274317483632503e-21,1.1392022238542753e-20,1.1182751025354545e-06,7.827925717748181e-06,3.0366240844581227e-19,8.811999869671529e-19,4.858835761606126e-06,2.16990417007607e-21,1.491030152708014e-06,1.491030152708016e-06
t0_10s,10.0,40.95465675459298,1.8349410301516802,1834941030.1516802,0.0002785994736554389,1.3390503521627017e-09,13.390503521627018,1.0000000000000009,1.3567340641016161e-21,1.3567340641016161e-21,0.7500016723974711,0.7500016723974711,2.2736457409726387e-19,4.547291481945277e-19,6.52810579634808e-19,1.958431738904424e-18,3.6382205243588176e-06,1.0914661573076453e-05,0.06249489246522121,0.24997956986088485,1.6413194286563812e-21,1.1489236000594669e-20,1.1204400102523586e-06,7.843080071766511e-06,3.0315208947530146e-19,8.704121652796053e-19,4.850949882190003e-06,2.1884210249954577e-21,1.493916682439836e-06,1.4939166824398381e-06
t0_10s,10.0,41.49786476640666,1.8257097739908006,1825709773.9908006,0.0002725683908044357,1.3300354615657445e-09,13.300354615657445,1.0000000000000007,1.326129288212956e-21,1.326129288212956e-21,0.7500016760452904,0.7500016760452904,2.2699063642676493e-19,4.539812728535299e-19,6.448527796152742e-19,1.9345583388458227e-18,3.632453358068947e-06,1.0897360074206841e-05,0.06249489216978404,0.24997956867913615,1.6553034297563772e-21,1.158712400829464e-20,1.122559357136128e-06,7.857915499952897e-06,3.0265350555437643e-19,8.598017847313896e-19,4.843260320727062e-06,2.2070663074843824e-21,1.4967424647039588e-06,1.496742464703961e-06
t0_10s,10.0,42.04827769623162,1.8165249586086205,1816524958.6086204,0.00026666786800036446,1.3210812619296198e-09,13.210812619296199,1.0000000000000007,1.2962347426031452e-21,1.2962347426031452e-21,0.7500016795943012,0.7500016795943012,2.2662533062467665e-19,4.532506612493533e-19,6.370250939671736e-19,1.911075281901521e-18,3.6268296330142814e-06,1.0880488899042845e-05,0.06249489186957519,0.24997956747830077,1.6693858842610786e-21,1.1685701189827549e-20,1.1246340713797029e-06,7.87243849965792e-06,3.0216643081021525e-19,8.493648898383267e-19,4.835762014527946e-06,2.2258428609974586e-21,1.499508737084498e-06,1.4995087370845003e-06
t0_10s,10.0,42.605991107539815,1.8073863503699885,1807386350.3699884,0.00026089507889739657,1.312187344664483e-09,13.12187344664483,1.0000000000000009,1.267033211541023e-21,1.267033211541023e-21,0.7500016830473476,0.7500016830473476,2.2626845632880716e-19,4.525369126576143e-19,6.293245754394409e-19,1.887973726318323e-18,3.621345578281816e-06,1.0864036734845447e-05,0.06249489156508991,0.24997956626035964,1.6835689410113363e-21,1.1784982587079354e-20,1.1266650798185773e-06,7.886655558730041e-06,3.016905980923283e-19,8.390975509313779e-19,4.828449935695945e-06,2.2447535506464358e-21,1.5022167353555804e-06,1.5022167353555828e-06
t0_10s,10.0,43.17110183132292,1.7982937168151314,1798293716.8151314,0.0002552472583340482,1.303353303931243e-09,13.03353303931243,1.0000000000000007,1.2385082645153668e-21,1.2385082645153668e-21,0.7500016864071277,0.7500016864071277,2.2591986021084126e-19,4.518397204216825e-19,6.217484385659655e-19,1.8652453156978967e-18,3.6159976076796665e-06,1.0847992823038999e-05,0.062494891256789614,0.24997956502715846,1.6978547733029655e-21,1.1884983413120758e-20,1.1286532702153092e-06,7.900572891507165e-06,3.0122580296200013e-19,8.289960540548148e-19,4.821319302629906e-06,2.2638012741498146e-21,1.5048676431943858e-06,1.5048676431943882e-06
t0_10s,10.0,43.74370798290465,1.7892468266537356,1789246826.6537356,0.00024972170100866735,1.2945787366230412e-09,12.945787366230412,1.0000000000000009,1.2106436483232452e-21,1.2106436483232452e-21,0.7500016896763025,0.7500016896763025,2.2557938924289923e-19,4.511587784857985e-19,6.142939329274402e-19,1.8428817987823207e-18,3.610782178734672e-06,1.0832346536204016e-05,0.06249489094512261,0.24997956378049044,1.7122455797002378e-21,1.1985719057901665e-20,1.1305995245287222e-06,7.914196671701056e-06,3.007718413811285e-19,8.19056731982253e-19,4.814365392020743e-06,2.2829889629171843e-21,1.507462636539771e-06,1.5074626365397734e-06
t0_10s,10.0,44.323908978975425,1.7802454497590696,1780245449.7590697,0.0002443157601835982,1.2858632423468521e-09,12.85863242346852,1.0000000000000007,1.183423651493577e-21,1.183423651493577e-21,0.750001692857414,0.750001692857414,2.252468965277143e-19,4.504937930554286e-19,6.069584221200607e-19,1.820875266360182e-18,3.6056958981590798e-06,1.081708769447724e-05,0.0624948906305094,0.2499795625220376,1.7267435300710004e-21,1.2087204710497003e-20,1.1325046935274922e-06,7.927532854692445e-06,3.0032851748580907e-19,8.092760695080886e-19,4.807583679473873e-06,2.3023195100964646e-21,1.5100028497439639e-06,1.5100028497439662e-06
t0_10s,10.0,44.91180555485329,1.7712893571621284,1771289357.1621284,0.00023902684641739539,1.277206423405216e-09,12.77206423405216,1.0000000000000009,1.1568328225805604e-21,1.1568328225805604e-21,0.7500016959529533,0.7500016959529533,2.2492224296154705e-19,4.498444859230941e-19,5.997393202014439e-19,1.7992179606043316e-18,3.6007354350934777e-06,1.0802206305280433e-05,0.062494890313355124,0.2499795612534205,1.7413508211777037e-21,1.2189455748243926e-20,1.1343696174019306e-06,7.940587321813513e-06,2.9989564580352115e-19,7.996506187088206e-19,4.800969723832928e-06,2.321795844694912e-21,1.5124894030547475e-06,1.5124894030547498e-06
t0_10s,10.0,45.50749978197385,1.7623783210458057,1762378321.0458057,0.00023385242632448325,1.2686078847780952e-09,12.686078847780951,1.0000000000000009,1.1308561201330069e-21,1.1308561201330069e-21,0.7500016989653185,0.7500016989653185,2.2460528767888937e-19,4.492105753577787e-19,5.926341194261477e-19,1.777902358278443e-18,3.5958975745706804e-06,1.0787692723712041e-05,0.062494889994042534,0.24997955997617013,1.7560696285439595e-21,1.2292487399807717e-20,1.1361951126327777e-06,7.953365788429445e-06,2.9947303851277744e-19,7.901770359236908e-19,4.794519238465034e-06,2.3414208674014796e-21,1.514923385107315e-06,1.5149233851073173e-06
t0_10s,10.0,46.11109508561179,1.7535121147391053,1753512114.7391052,0.00022879002136166776,1.2600672341048464e-09,12.600672341048464,1.0000000000000007,1.1054789462073395e-21,1.1054789462073395e-21,0.750001701896839,0.750001701896839,2.2429589972007386e-19,4.485917994401477e-19,5.856403914510896e-19,1.756921174353269e-18,3.591179187671094e-06,1.0773537563013282e-05,0.062494889672936434,0.24997955869174573,1.770902229828538e-21,1.2396315608799766e-20,1.1379819790038315e-06,7.96587385302682e-06,2.9906052099989136e-19,7.80852083361863e-19,4.7882280514678785e-06,2.3611976150850408e-21,1.5173058622743742e-06,1.5173058622743766e-06
t0_10s,10.0,46.72269626283804,1.7446905127113694,1744690512.7113695,0.00022383720664091364,1.2515840816663139e-09,12.51584081666314,1.0000000000000007,1.0806870558197014e-21,1.0806870558197014e-21,0.7500017047497819,0.7500017047497819,2.23993948165226e-19,4.47987896330452e-19,5.787557657743843e-19,1.736267297323153e-18,3.5865772219564136e-06,1.0759731665869242e-05,0.062494889350385156,0.24997955740154063,1.7858509783950553e-21,1.2500956848765388e-20,1.1397310017574268e-06,7.978117012301987e-06,2.986579187042723e-19,7.716726003542495e-19,4.782092092914615e-06,2.3811292255540366e-21,1.5196378815401062e-06,1.5196378815401086e-06
t0_10s,10.0,47.34240950071456,1.7359132905665446,1735913290.5665445,0.00021899160976782668,1.2431580403670521e-09,12.431580403670521,1.0000000000000007,1.056466489144723e-21,1.056466489144723e-21,0.7500017075263439,0.7500017075263439,2.2369930632203073e-19,4.473986126440615e-19,5.71977936477318e-19,1.715933809431954e-18,3.582088713236361e-06,1.0746266139709083e-05,0.0624948890267194,0.2499795561068776,1.8009181748845538e-21,1.2606427224191876e-20,1.1414429485015948e-06,7.990100639511164e-06,2.982650627021049e-19,7.626355123427866e-19,4.7761074105428485e-06,2.401218766320337e-21,1.521920466376407e-06,1.5219204663764093e-06
t0_10s,10.0,47.970342394730736,1.7271802250374741,1727180225.0374742,0.00021425090970527815,1.2347887257176535e-09,12.347887257176534,1.0000000000000007,1.0328036229647588e-21,1.0328036229647588e-21,0.7500017102286575,0.7500017102286575,2.234118578646994e-19,4.468237157293988e-19,5.6530466538411505e-19,1.6959139961523453e-18,3.5777107770237556e-06,1.0733132331071267e-05,0.06249488870225351,0.24997955480901404,1.8161061388802645e-21,1.2712742972161851e-20,1.143118571164113e-06,8.001829998148791e-06,2.978817978916161e-19,7.537378350934257e-19,4.770270158361369e-06,2.4214693301520303e-21,1.5241546193482728e-06,1.5241546193482751e-06
t0_10s,10.0,48.6066039674844,1.7184910939802165,1718491093.9802165,0.0002096128356616296,1.2264757558172134e-09,12.264757558172134,1.0000000000000007,1.0096852035070733e-21,1.0096852035070733e-21,0.7500017128587941,0.7500017128587941,2.231314878113129e-19,4.462629756226258e-19,5.587337828847589e-19,1.6762013486542767e-18,3.573440604671338e-06,1.0720321814014014e-05,0.06249488837728644,0.24997955350914575,1.831417151308547e-21,1.281992005915983e-20,1.144758606662269e-06,8.013310246635883e-06,2.9750797096289136e-19,7.449766757932111e-19,4.764576591499231e-06,2.4418839582748466e-21,1.5263413230068148e-06,1.5263413230068173e-06
t0_10s,10.0,49.251304687610194,1.7098456763683987,1709845676.3683987,0.00020507516600302677,1.2182187513358981e-09,12.182187513358981,1.0000000000000007,9.870983381467465e-22,9.870983381467465e-22,0.7500017154187604,0.7500017154187604,2.2285809235599455e-19,4.457161847119891e-19,5.522631992457184e-19,1.656789597737155e-18,3.5692754700206096e-06,1.0707826410061828e-05,0.06249488805210095,0.2499795522084038,1.846853387709756e-21,1.2927973713968292e-20,1.1463637752104732e-06,8.024546426473313e-06,2.971434435074094e-19,7.363492481312052e-19,4.759023075070861e-06,2.462465551400203e-21,1.5284815376327583e-06,1.5284815376327608e-06
t0_10s,10.0,49.904556488959635,1.701243752287588,1701243752.2875881,0.00020063572718923654,1.2100173354976382e-09,12.100173354976382,1.0000000000000007,9.650304863944423e-22,9.650304863944423e-22,0.750001717910502,0.750001717910502,2.225915671442459e-19,4.451831342884918e-19,5.458908766327021e-19,1.6376726298981065e-18,3.565212721778589e-06,1.0695638165335766e-05,0.0624948877269651,0.2499795509078604,1.8624171710527957e-21,1.303692019736957e-20,1.1479347818598862e-06,8.035543473019202e-06,2.967880763851902e-19,7.278528349955641e-19,4.753606074011723e-06,2.4832172068105035e-21,1.53057620328927e-06,1.5305762032892725e-06
t0_10s,10.0,50.0,1.7,1700000000.0,0.00019999999999999985,1.2088326550782666e-09,12.088326550782666,1.0000000000000007,9.618728278346116e-22,9.618728278346116e-22,0.7500017182662736,0.7500017182662736,2.225534831104672e-19,4.451069662209344e-19,5.449748769855231e-19,1.634924630956569e-18,3.5646319361778455e-06,1.0693895808533537e-05,0.06249488767983701,0.24997955071934805,1.864684776720227e-21,1.3052793437041588e-20,1.1481597957866618e-06,8.037118570506631e-06,2.967372976490354e-19,7.266315045854872e-19,4.752831692729925e-06,2.486240672928974e-21,1.5308762204449108e-06,1.5308762204449133e-06
t0_10s,10.0,50.566472790034986,1.6926851029297043,1692685102.9297044,0.0001962923927325243,1.2018711340629306e-09,12.018711340629306,1.0000000000000009,9.434694522226645e-22,9.434694522226645e-22,0.7500017203359098,0.7500017203359098,2.223318119405705e-19,4.44663623881141e-19,5.396148384264784e-19,1.6188445152794354e-18,3.561249778079857e-06,1.068374933423957e-05,0.062494887402132944,0.24997954960853178,1.8781108389513907e-21,1.3146775872659735e-20,1.1494723178588739e-06,8.046306225012116e-06,2.9644173594827593e-19,7.194848008945852e-19,4.7483221458276775e-06,2.5041420413145517e-21,1.5326262416358854e-06,1.532626241635888e-06
t0_10s,10.0,51.23716851368122,1.6841695105874492,1684169510.5874493,0.00019204308217906737,1.1937797753117672e-09,11.937797753117671,1.0000000000000009,9.22403335426772e-22,9.22403335426772e-22,0.750001722696809,0.750001722696809,2.2207872779541824e-19,4.441574555908365e-19,5.334331496132141e-19,1.6002994488396425e-18,3.557384139772092e-06,1.0672152419316276e-05,0.06249488707784353,0.24997954831137412,1.893937148383094e-21,1.3257560038681658e-20,1.1509770569086242e-06,8.05683939836037e-06,2.961042902633364e-19,7.112425658105541e-19,4.743167958309047e-06,2.5252437308717028e-21,1.5346325509360343e-06,1.5346325509360369e-06
t0_10s,10.0,51.916760107039096,1.6756967586487719,1675696758.6487718,0.00018788576011242046,1.1857428900266746e-09,11.857428900266747,1.0000000000000007,9.018204589742494e-22,9.018204589742494e-22,0.7500017249949854,0.7500017249949854,2.218322143220955e-19,4.43664428644191e-19,5.273439007869056e-19,1.582031702360717e-18,3.553613356328587e-06,1.066084006898576e-05,0.0624948867543249,0.2499795470172996,1.9098991122259807e-21,1.3369293785581866e-20,1.152449663806459e-06,8.067147646645213e-06,2.95775605480879e-19,7.031235838696658e-19,4.7381402440805675e-06,2.5465262926411944e-21,1.5365960175813787e-06,1.5365960175813813e-06
t0_10s,10.0,52.60536556176283,1.6672666315913576,1667266631.5913575,0.00018381843517855084,1.177760111475855e-09,11.77760111475855,1.0000000000000007,8.817093976851993e-22,8.817093976851993e-22,0.750001727232156,0.750001727232156,2.2159217857908937e-19,4.431843571581787e-19,5.213452551882744e-19,1.564035765564823e-18,3.549935065772907e-06,1.0649805197318722e-05,0.06249488643179002,0.24997954572716008,1.9259994572206106e-21,1.3481996200544274e-20,1.1538907839169564e-06,8.077235487418694e-06,2.9545555767833266e-19,6.951254060604275e-19,4.733235853834318e-06,2.567993362266532e-21,1.5385175020534058e-06,1.5385175020534083e-06
t0_10s,10.0,53.30310443450608,1.6588789149771435,1658878914.9771435,0.00017983915913198263,1.1698310753964666e-09,11.698310753964666,1.0000000000000009,8.620588331155376e-22,8.620588331155376e-22,0.7500017294100062,0.7500017294100062,2.2135852424106297e-19,4.427170484821259e-19,5.154353827942758e-19,1.5463061483828274e-18,3.5463469431099703e-06,1.0639040829329912e-05,0.06249488611044276,0.24997954444177103,1.9422410451081116e-21,1.359568731575678e-20,1.1553010563148705e-06,8.087107394204094e-06,2.9514401842139234e-19,6.872455923531622e-19,4.7284516875710776e-06,2.589648755391522e-21,1.5403978564472054e-06,1.540397856447208e-06
t0_10s,10.0,54.0100978676794,1.650533395446867,1650533395.446867,0.00017594602590258808,1.1619554199779913e-09,11.619554199779913,1.0000000000000007,8.42857878943775e-22,8.42857878943775e-22,0.7500017315301556,0.7500017315301556,2.211311646518514e-19,4.422623293037028e-19,5.096125752417004e-19,1.5288377257251013e-18,3.5428467489606763e-06,1.062854024688203e-05,0.062494885790472715,0.24997954316189086,1.958624805879956e-21,1.3710373641159694e-20,1.1566811010564419e-06,8.096767707395093e-06,2.9484087216798684e-19,6.794818649311481e-19,4.723784759446556e-06,2.6114937119997902e-21,1.5422379074999972e-06,1.5422379074999997e-06
t0_10s,10.0,54.72646861048324,1.6422298607146384,1642229860.7146385,0.00017213717068258273,1.1541327858457305e-09,11.541327858457304,1.0000000000000007,8.240958198769639e-22,8.240958198769639e-22,0.7500017335941916,0.7500017335941916,2.209100130658727e-19,4.418200261317454e-19,5.038751484764953e-19,1.511625445429486e-18,3.5394322828608535e-06,1.061829684858256e-05,0.06249488547206073,0.24997954188824292,1.9751514268239e-21,1.38260599877673e-20,1.1580315310753918e-06,8.106220717527742e-06,2.9454600325684305e-19,6.718319783899731e-19,4.719232135503246e-06,2.633529148470753e-21,1.5440384724523524e-06,1.544038472452355e-06
t0_10s,10.0,55.452341040219814,1.6339680995625376,1633968099.5625377,0.00016841076903328204,1.146362816044404e-09,11.46362816044404,1.0000000000000007,8.05762609444537e-22,8.05762609444537e-22,0.7500017356036449,0.7500017356036449,2.2069498657521003e-19,4.413899731504201e-19,4.982215105113834e-19,1.4946645315341502e-18,3.5361014173859466e-06,1.060830425215784e-05,0.06249488515537524,0.24997954062150096,1.9918207420255302e-21,1.394274519417871e-20,1.159352943223714e-06,8.115470602565998e-06,2.9425930114359257e-19,6.642938100808338e-19,4.714790979170051e-06,2.6557548435836584e-21,1.5458003471026631e-06,1.5458003471026659e-06
t0_10s,10.0,56.187841183887656,1.6257479018352465,1625747901.8352466,0.00016476503601119792,1.1386451560218582e-09,11.386451560218582,1.0000000000000004,7.8784905851635625e-22,7.8784905851635625e-22,0.7500017375600286,0.7500017375600286,2.2048600205844283e-19,4.409720041168857e-19,4.926500545566472e-19,1.4779501636699416e-18,3.532852042438359e-06,1.0598556127315076e-05,0.06249488484057598,0.2499795393623039,2.008647709352632e-21,1.4060533965468426e-20,1.160645934389535e-06,8.124521540726744e-06,2.9398065499921004e-19,6.568652176185345e-19,4.710458476978657e-06,2.678190741113935e-21,1.547524327297494e-06,1.5475243272974967e-06
t0_10s,10.0,56.93309674006269,1.6175690584346967,1617569058.4346967,0.00016119822531305195,1.1309794536128993e-09,11.309794536128994,1.0000000000000007,7.703436433517622e-22,7.703436433517622e-22,0.7500017394649119,0.7500017394649119,2.2028296704134556e-19,4.405659340826911e-19,4.871589785739223e-19,1.4614769357217668e-18,3.52968195059422e-06,1.058904585178266e-05,0.062494884527808915,0.24997953811123566,2.0256259296441376e-21,1.4179381507508965e-20,1.1619111430470543e-06,8.13337800132938e-06,2.9370994152427736e-19,6.495437982870352e-19,4.706231685692447e-06,2.7008283088640817e-21,1.5492112643312252e-06,1.549211264331228e-06
t0_10s,10.0,57.68823710106929,1.6094313613147577,1609431361.3147578,0.00015770862843929735,1.1233653590232073e-09,11.233653590232073,1.0000000000000007,7.532387012271052e-22,7.532387012271052e-22,0.7500017413193867,0.7500017413193867,2.2008583314450566e-19,4.401716662890113e-19,4.817472432007006e-19,1.4452417296021018e-18,3.5265896466212556e-06,1.0579768939863766e-05,0.06249488421721697,0.24997953686886787,2.0427596893198713e-21,1.4299317825239098e-20,1.163148972337604e-06,8.142042806363227e-06,2.934470962125174e-19,6.423281662696162e-19,4.702108611664496e-06,2.7236732620464228e-21,1.5508616957227562e-06,1.550861695722759e-06
t0_10s,10.0,58.453393375445664,1.60133460347594,1601334603.47594,0.00015429457387574914,1.1158025248133883e-09,11.158025248133882,1.0000000000000007,7.365235424499767e-22,7.365235424499767e-22,0.7500017431249573,0.7500017431249573,2.1989451037110215e-19,4.397890207422043e-19,4.764130829604688e-19,1.4292392488814066e-18,3.5235730026739203e-06,1.057071900802176e-05,0.062494883908929134,0.24997953563571654,2.0600517802539723e-21,1.4420362461777806e-20,1.164360045547722e-06,8.150520318834054e-06,2.931919990677484e-19,6.352159675995499e-19,4.698086417762979e-06,2.7467293231487177e-21,1.5524764525163628e-06,1.5524764525163656e-06
t0_10s,10.0,59.22869841070706,1.5932785789601298,1593278578.9601297,0.0001509544262929298,1.1082906058831131e-09,11.082906058831131,1.0000000000000007,7.201891325388519e-22,7.201891325388519e-22,0.750001744882992,0.750001744882992,2.1970891969325463e-19,4.394178393865093e-19,4.711549950662918e-19,1.4134649851988753e-18,3.520630087841525e-06,1.0561890263524575e-05,0.06249488360306629,0.24997953441226517,2.0775049817967853e-21,1.4542534872577496e-20,1.1655449257169684e-06,8.15881448001878e-06,2.9294454471906793e-19,6.282051985623004e-19,4.694162529436221e-06,2.770000197960736e-21,1.5540562854274499e-06,1.5540562854274526e-06
t0_10s,10.0,60.014286816410944,1.5852630828453544,1585263082.8453546,0.0001476865857627489,1.1008292594553738e-09,11.008292594553737,1.0000000000000007,7.042268011243046e-22,7.042268011243046e-22,0.7500017465947674,0.7500017465947674,2.195289895851408e-19,4.390579791702816e-19,4.659716091247734e-19,1.39791482737432e-18,3.5177591008035694e-06,1.0553277302410708e-05,0.06249488329974234,0.24997953319896937,2.095122062703798e-21,1.4665854438926588e-20,1.1667041373703745e-06,8.166928961592622e-06,2.9270463779833603e-19,6.212940319678242e-19,4.6903345449197284e-06,2.7934895781460243e-21,1.5556018938189955e-06,1.5556018938189982e-06
t0_10s,10.0,60.810294987528216,1.577287911240564,1577287911.240564,0.000144489486992137,1.0934181450608384e-09,10.934181450608383,1.0000000000000007,6.886278803224298e-22,6.886278803224298e-22,0.7500017482615254,0.7500017482615254,2.1935465016295787e-19,4.387093003259157e-19,4.608615729031613e-19,1.382584718709484e-18,3.514958284032712e-06,1.0544874852098137e-05,0.06249488299906261,0.24997953199625045,2.112905822340328e-21,1.4790340756382296e-20,1.1678381961134073e-06,8.17486737279385e-06,2.924721851267858e-19,6.144806648403425e-19,4.686600120840047e-06,2.8172011961811563e-21,1.557113965161295e-06,1.5571139651612978e-06
t0_10s,10.0,61.61686112812399,1.5693528612804482,1569352861.2804482,0.00014136159857327274,1.0860569245223195e-09,10.860569245223195,1.0000000000000009,6.733837564513506e-22,6.733837564513506e-22,0.7500017498845012,0.7500017498845012,2.1918583075881793e-19,4.383716615176359e-19,4.558235231471828e-19,1.3674705694415485e-18,3.512225883274609e-06,1.0536677649823827e-05,0.062494882701125486,0.24997953080450194,2.1308591135968554e-21,1.4916013795177987e-20,1.1689476211133542e-06,8.182633347793479e-06,2.9224709248021373e-19,6.077632795088527e-19,4.682956918187838e-06,2.841138855909341e-21,1.5585931916737126e-06,1.5585931916737154e-06
t0_10s,10.0,62.4341252753532,1.561457731120275,1561457731.120275,0.00013830142225003907,1.0787452619393365e-09,10.787452619393365,1.0000000000000007,6.584862235119895e-22,6.584862235119895e-22,0.7500017514648797,0.7500017514648797,2.190224636294427e-19,4.380449272588854e-19,4.508561544742443e-19,1.3525684634227327e-18,3.5095602112120827e-06,1.0528680633636249e-05,0.06249488240602147,0.24997952962408587,2.1489848227888777e-21,1.5042893759522143e-20,1.1700329144859345e-06,8.190230401401541e-06,2.92029269533911e-19,6.011401354645456e-19,4.679402687203491e-06,2.8653064057404513e-21,1.5600402428403176e-06,1.5600402428403206e-06
t0_10s,10.0,63.262229323773695,1.5536023199307585,1553602319.9307585,0.00013530749220036083,1.071482823672797e-09,10.71482823672797,1.0000000000000007,6.439273267616401e-22,6.439273267616401e-22,0.7500017530037915,0.7500017530037915,2.188644845078467e-19,4.377289690156934e-19,4.459582209784998e-19,1.3378746629354994e-18,3.506959655655355e-06,1.0520878966966064e-05,0.06249488211383336,0.24997952845533344,2.1672858467846112e-21,1.5171000927492278e-20,1.1710945584032688e-06,8.197661908822882e-06,2.918186305982411e-19,5.946095715008887e-19,4.675935278297445e-06,2.8897077081547233e-21,1.5614557615538648e-06,1.5614557615538678e-06
t0_10s,10.0,64.10131704998233,1.5457864278929463,1545786427.8929462,0.00013237837433407548,1.0642692783297647e-09,10.642692783297647,1.0000000000000009,6.296991812383244e-22,6.296991812383244e-22,0.7500017545023409,0.7500017545023409,2.187118300743555e-19,4.37423660148711e-19,4.411284928378079e-19,1.3233854785134236e-18,3.5044226359560752e-06,1.0513267907868225e-05,0.06249488182463763,0.24997952729855052,2.185765125404655e-21,1.5300355877832585e-20,1.1721330287909866e-06,8.204931201536905e-06,2.9161509124666037e-19,5.881699478563434e-19,4.672552583935505e-06,2.9143466829021037e-21,1.562840382378503e-06,1.562840382378506e-06
t0_10s,10.0,64.95153413757774,1.53800985619314,1538009856.1931398,0.00012951266560600586,1.057104296748339e-09,10.571042967483391,1.0000000000000009,6.157940032689552e-22,6.157940032689552e-22,0.7500017559616136,0.7500017559616136,2.185644373765558e-19,4.371288747531116e-19,4.36365747570287e-19,1.3090972427108611e-18,3.501947594137693e-06,1.050584278241308e-05,0.06249488153850476,0.24997952615401903,2.204425645540173e-21,1.5430979518781212e-20,1.173148797977847e-06,8.212041585844928e-06,2.9141856754231694e-19,5.81819634556457e-19,4.669252526812656e-06,2.939227312493118e-21,1.5641947350825813e-06,1.5641947350825843e-06
t0_10s,10.0,65.81302820245385,1.5302724070178377,1530272407.0178378,0.00012670899334390367,1.0499875519826418e-09,10.499875519826418,1.0000000000000007,6.022042834911749e-22,6.022042834911749e-22,0.7500017573826688,0.7500017573826688,2.184222444604101e-19,4.368444889208202e-19,4.31668790023491e-19,1.2950063700704731e-18,3.4995330054070356e-06,1.0498599016221106e-05,0.06249488125549931,0.24997952502199725,2.2232704373612653e-21,1.5562893061528857e-20,1.174142331188318e-06,8.218996318318225e-06,2.9122897687953793e-19,5.755570380660365e-19,4.666033073868506e-06,2.964353637143412e-21,1.5655194399621153e-06,1.5655194399621182e-06
t0_10s,10.0,66.68594881842954,1.5225738835486993,1522573883.5486994,0.00012396601459093774,1.0429187192878856e-09,10.429187192878857,1.0000000000000009,5.889226870195541e-22,5.889226870195541e-22,0.7500017587665349,0.7500017587665349,2.182851909772509e-19,4.365703819545018e-19,4.270364577974867e-19,1.28110937339246e-18,3.497177387069316e-06,1.0491532161207948e-05,0.06249488097567978,0.24997952390271913,2.2423025662403842e-21,1.569611796368269e-20,1.1751140836529554e-06,8.225798585570688e-06,2.9104623879315467e-19,5.6938060851990245e-19,4.662892248173966e-06,2.9897297440050164e-21,1.5668151039879788e-06,1.5668151039879818e-06
t0_10s,10.0,67.57044754321753,1.5149140899575444,1514914089.9575443,0.00012128241546242223,1.0358974761055707e-09,10.358974761055707,1.0000000000000007,5.759421437269438e-22,5.759421437269438e-22,0.7500017601142014,0.7500017601142014,2.181532186236925e-19,4.36306437247385e-19,4.2246763180327124e-19,1.2674028954098136e-18,3.4948793059994845e-06,1.0484637917998454e-05,0.062494880699098705,0.24997952279639482,2.2615251324160503e-21,1.583067592691235e-20,1.1760644980582263e-06,8.232451486407585e-06,2.9087027554505297e-19,5.632888538007469e-19,4.659828138893068e-06,3.0153597667180033e-21,1.568082317405694e-06,1.568082317405697e-06
t0_10s,10.0,68.46667794473818,1.5072928314013676,1507292831.4013677,0.00011865691051646421,1.028923502048752e-09,10.289235020487519,1.0000000000000004,5.632556694975532e-22,5.632556694975532e-22,0.7500017614266352,0.7500017614266352,2.180262702157839e-19,4.360525404315678e-19,4.179612148161685e-19,1.2538836444485055e-18,3.492637359975472e-06,1.0477912079926415e-05,0.06249488042580357,0.24997952170321427,2.2809412795358508e-21,1.5966588956750956e-20,1.1769940101541555e-06,8.238958071079089e-06,2.9070101088970727e-19,5.572803109437141e-19,4.656838876393919e-06,3.041247896801068e-21,1.569321661212243e-06,1.569321661212246e-06
t0_10s,10.0,69.37479562778233,1.4997099140173829,1499709914.0173829,0.00011608824213823895,1.0219964788874289e-09,10.21996478887429,1.0000000000000004,5.50856398689146e-22,5.50856398689146e-22,0.7500017627047787,0.7500017627047787,2.179042896036662e-19,4.358085792073324e-19,4.1351612791034566e-19,1.240548383731037e-18,3.4904501781629287e-06,1.0471350534488787e-05,0.062494880155836846,0.24997952062334738,2.300554191445206e-21,1.6103879340116442e-20,1.177903048569928e-06,8.245321339989495e-06,2.9053836996039076e-19,5.513535413824314e-19,4.653922632895019e-06,3.0673983793698995e-21,1.5705337069102103e-06,1.5705337069102133e-06
t0_10s,10.0,70.2949582610272,1.4921651449180944,1492165144.9180944,0.00011357517993759409,1.0151160905340219e-09,10.151160905340218,1.0000000000000004,5.387377018477042e-22,5.387377018477042e-22,0.7500017639495373,0.7500017639495373,2.1778722269726823e-19,4.355744453945365e-19,4.0913133095772314e-19,1.2273939928731694e-18,3.4883164390292147e-06,1.0464949317087644e-05,0.06249487988923575,0.249979519556943,2.320367089917333e-21,1.6242569629421328e-20,1.1787920290096655e-06,8.25154420306766e-06,2.9038228063677153e-19,5.455071582808316e-19,4.651077646350603e-06,3.093815510110527e-21,1.5717190087688629e-06,1.571719008768866e-06
t0_10s,10.0,71.22732560441155,1.484658332186387,1484658332.186387,0.00011111652015969233,1.0082820230289462e-09,10.082820230289462,1.0000000000000004,5.268930526309537e-22,5.268930526309537e-22,0.7500017651618031,0.7500017651618031,2.1767501563516534e-19,4.353500312703307e-19,4.048057896818446e-19,1.2144173690455337e-18,3.486234838082272e-06,1.0458704514246816e-05,0.06249487962603336,0.24997951850413344,2.3403832452415013e-21,1.6382682716690507e-20,1.1796613642554469e-06,8.257629549788128e-06,2.9023267110338706e-19,5.397397826050623e-19,4.648302177435759e-06,3.120503649396871e-21,1.5728781171614315e-06,1.5728781171614347e-06
t0_10s,10.0,72.17205953687304,1.4771892848706467,1477189284.8706467,0.00010871108510841478,1.0014939645262881e-09,10.014939645262881,1.0000000000000004,5.1531610173686e-22,5.1531610173686e-22,0.7500017663424439,0.7500017663424439,2.1756761557882547e-19,4.351352311576509e-19,4.005384934402372e-19,1.2016154803207116e-18,3.4842041017768194e-06,1.0452612305330458e-05,0.06249487936625831,0.24997951746503325,2.360605973840359e-21,1.6524241816882513e-20,1.1805114597209224e-06,8.263580218046457e-06,2.9008947090864063e-19,5.340500668332493e-19,4.645594528088037e-06,3.1474672191138925e-21,1.5740115726366326e-06,1.5740115726366358e-06
t0_10s,10.0,73.12932408445405,1.4697578129799016,1469757812.9799016,0.0001063577225822451,9.94751605279576e-10,9.947516052795761,1.0000000000000007,5.040006989185979e-22,5.040006989185979e-22,0.7500017674922972,0.7500017674922972,2.1746497141724514e-19,4.349299428344903e-19,3.963284660619463e-19,1.1889853981858388e-18,3.4822229984660283e-06,1.0446668995398085e-05,0.06249487910993481,0.24997951643973923,2.3810386354181804e-21,1.6667270447927262e-20,1.181342709827114e-06,8.269398968789797e-06,2.8995261190431604e-19,5.2843670940551045e-19,4.642953056109688e-06,3.1747106988552992e-21,1.5751199010864288e-06,1.575119901086432e-06
t0_10s,10.0,74.09928544878024,1.4623637274789902,1462363727.4789903,0.00010405530532236574,9.880546376276414e-10,9.880546376276413,1.0000000000000007,4.929408715664306e-22,4.929408715664306e-22,0.7500017686121738,0.7500017686121738,2.173670333914836e-19,4.347340667829672e-19,3.921747601788554e-19,1.1765242805365662e-18,3.4802903316903066e-06,1.044087099507092e-05,0.062494878857083005,0.24997951542833202,2.401684634904752e-21,1.6811792444333264e-20,1.1821554999563331e-06,8.275088499694333e-06,2.898220277449561e-19,5.228984471657281e-19,4.64037616621937e-06,3.2022386285153737e-21,1.5762036163512386e-06,1.5762036163512417e-06
t0_10s,10.0,75.08211203591625,1.4550068402837537,1455006840.2837536,0.00010180273047270264,9.814027559805899e-10,9.814027559805899,1.0000000000000007,4.821306358842079e-22,4.821306358842079e-22,0.7500017697028734,0.7500017697028734,2.172737519182221e-19,4.345475038364442e-19,3.8807643014543507e-19,1.1642292904363052e-18,3.4784049189792403e-06,1.0435214756937722e-05,0.06249487860771951,0.24997951443087804,2.4225474203620926e-21,1.6957831942534647e-20,1.1829502131902458e-06,8.28065149233172e-06,2.896976523192725e-19,5.174340192546192e-19,4.6378622817880455e-06,3.230055605497875e-21,1.5772632292039694e-06,1.5772632292039726e-06
t0_10s,10.0,76.07797448560527,1.4476869642562495,1447686964.2562494,9.95989190516568e-05,9.74795656805844e-10,9.74795656805844,1.0000000000000004,4.715642585235435e-22,4.715642585235435e-22,0.7500017707651633,0.7500017707651633,2.1718507925142763e-19,4.343701585028553e-19,3.840325689098905e-19,1.1520977067296716e-18,3.476565621494059e-06,1.0429696864482177e-05,0.062494878361857055,0.24997951344742822,2.4436304856496768e-21,1.7105413399547738e-20,1.1837272206494577e-06,8.286090544546204e-06,2.8957942196570027e-19,5.120422162711624e-19,4.635409884362291e-06,3.2581662882697566e-21,1.5782992344695415e-06,1.5782992344695446e-06
t0_10s,10.0,77.08704570089513,1.4404039131999928,1440403913.199993,9.744281543527377e-05,9.68233038614301e-10,9.68233038614301,1.0000000000000007,4.612361217766155e-22,4.612361217766155e-22,0.7500017717997927,0.7500017717997927,2.1710096847084767e-19,4.342019369416953e-19,3.8004228664840394e-19,1.1401268599452119e-18,3.474771325642455e-06,1.0424313976927364e-05,0.06249487811950508,0.24997951247802033,2.464937373398366e-21,1.7254561613788564e-20,1.1844868872496888e-06,8.291408210747822e-06,2.8946727412372185e-19,5.06721851784976e-19,4.633017489150704e-06,3.2865754003263378e-21,1.5793121186997392e-06,1.5793121186997426e-06
t0_10s,10.0,78.10950087815839,1.4331575018552185,1433157501.8552184,9.533338685160018e-05,9.617146019465754e-10,9.617146019465753,1.0000000000000004,4.511407099790017e-22,4.511407099790017e-22,0.7500017728074945,0.7500017728074945,2.170213730873976e-19,4.340427461747952e-19,3.7610470072275817e-19,1.1283141021682745e-18,3.4730209373540065e-06,1.0419062812062019e-05,0.062494877880669805,0.24997951152267922,2.4864716861394176e-21,1.7405301802975922e-20,1.1852295735356549e-06,8.296607014749585e-06,2.8936114680771723e-19,5.014717489465111e-19,4.630683637391133e-06,3.3152877450299428e-21,1.5803023626183773e-06,1.5803023626183807e-06
t0_10s,10.0,79.14551753750993,1.4259475458941717,1425947545.8941717,9.326962288598756e-05,9.552400493593312e-10,9.552400493593312,1.0000000000000004,4.412726400257123e-22,4.412726400257123e-22,0.7500017737889814,0.7500017737889814,2.169462476567772e-19,4.338924953135544e-19,3.722189500097767e-19,1.11665685002933e-18,3.471313391486522e-06,1.0413940174459566e-05,0.06249487764535425,0.249979510581417,2.5082370727522094e-21,1.7557659509265465e-20,1.18595563253118e-06,8.30168942771826e-06,2.892609794251189e-19,4.962907595929277e-19,4.628406908892461e-06,3.3443081875402612e-21,1.58127043692147e-06,1.5812704369214733e-06
t0_10s,10.0,80.19527555362836,1.4187738619164156,1418773861.9164157,9.125053499710335e-05,9.488090854117109e-10,9.48809085411711,1.0000000000000004,4.316267465565291e-22,4.316267465565291e-22,0.7500017747449345,0.7500017747449345,2.1687554860889465e-19,4.337510972177893e-19,3.6838420726100575e-19,1.1051526217830173e-18,3.4696476660617683e-06,1.0408942998185305e-05,0.062494877413558525,0.2499795096542341,2.5302372296130143e-21,1.77116606072911e-20,1.1866654048175292e-06,8.306657833722704e-06,2.8916671388231197e-19,4.911777807276366e-19,4.6261859410156045e-06,3.3736416563460986e-21,1.5822167957150478e-06,1.5822167957150511e-06
t0_10s,10.0,81.25895718698622,1.4116362674441685,1411636267.4441686,8.927515604342113e-05,9.424214166518527e-10,9.424214166518528,1.0000000000000004,4.221979218343804e-22,4.221979218343804e-22,0.7500017756760221,0.7500017756760221,2.1680923273959754e-19,4.336184654791951e-19,3.64599659499517e-19,1.093798978498551e-18,3.468022755820738e-06,1.0404068267462213e-05,0.062494877185279865,0.24997950874111946,2.5524758910664112e-21,1.7867331237464878e-20,1.1873592273385917e-06,8.311514591370142e-06,2.8907829257360653e-19,4.861317283827511e-19,4.624019393413834e-06,3.403293130560537e-21,1.583141888255335e-06,1.5831418882553383e-06
t0_10s,10.0,82.33674711549405,1.40453458091766,1404534580.91766,8.734253981996044e-05,9.36076751603505e-10,9.36076751603505,1.0000000000000007,4.129811255344206e-22,4.129811255344206e-22,0.7500017765829031,0.7500017765829031,2.1674725695659608e-19,4.3349451391319215e-19,3.608644970151468e-19,1.0825934910454404e-18,3.466437667878271e-06,1.0399313003634813e-05,0.06249487696051316,0.24997950784205264,2.574956854468152e-21,1.8024697981277065e-20,1.1880374344628459e-06,8.316262041239921e-06,2.889956580424679e-19,4.811515229461032e-19,4.6219059422389255e-06,3.433267673311336e-21,1.5840461603646927e-06,1.5840461603646961e-06
t0_10s,10.0,83.42883246656457,1.3974686216905166,1397468621.6905165,8.545176060505526e-05,9.297748007527163e-10,9.297748007527163,1.0000000000000007,4.0397150489809485e-22,4.0397150489809485e-22,0.75000177746621,0.75000177746621,2.1668957961943781e-19,4.3337915923887563e-19,3.5717793954956044e-19,1.0715338186486814e-18,3.4648914448591925e-06,1.0394674334577577e-05,0.0624948767392505,0.249979506957002,2.5976839910723733e-21,1.8183787937506613e-20,1.1887003505760946e-06,8.320902454032662e-06,2.889187547681517e-19,4.762361240745892e-19,4.619844310989379e-06,3.463570446257252e-21,1.5849300445553269e-06,1.5849300445553303e-06
t0_10s,10.0,84.53540284960205,1.390438210025162,1390438210.025162,8.360191271693411e-05,9.235152765346341e-10,9.235152765346342,1.0000000000000007,3.951642121113722e-22,3.951642121113722e-22,0.7500017783265742,0.7500017783265742,2.1663615854439979e-19,4.3327231708879958e-19,3.535392007660876e-19,1.0606176022982628e-18,3.463383129912811e-06,1.0390149389738432e-05,0.062494876521481946,0.24997950608592778,2.6206612243778893e-21,1.8344628570645226e-20,1.1893483012583173e-06,8.325438108808222e-06,2.8884752650555667e-19,4.713844833207122e-19,4.617833223863032e-06,3.494206680716391e-21,1.5857939749316673e-06,1.5857939749316709e-06
t0_10s,10.0,85.65665038892243,1.3834431670882479,1383443167.0882478,8.179211007989914e-05,9.172978933203788e-10,9.172978933203789,1.0000000000000004,3.8655462747650555e-22,3.8655462747650555e-22,0.7500017791645974,0.7500017791645974,2.1658695340791394e-19,4.331739068158279e-19,3.4994752883909756e-19,1.0498425865172927e-18,3.4619118081517996e-06,1.03857354244554e-05,0.06249487630719511,0.24997950522878043,2.6438925271382317e-21,1.8507247689967622e-20,1.1899815997374515e-06,8.32987119816216e-06,2.887819194897952e-19,4.665955982516371e-19,4.615871461008946e-06,3.525181673679731e-21,1.5866383691288485e-06,1.586638369128852e-06
t0_10s,10.0,86.79276975711043,1.3764833149461033,1376483314.9461033,8.002148579989662e-05,9.111223674040107e-10,9.111223674040106,1.0000000000000004,3.781382662374214e-22,3.781382662374214e-22,0.7500017799808657,0.7500017799808657,2.1654192463497046e-19,4.330838492699409e-19,3.4640219228217142e-19,1.0392065768465143e-18,3.460476586237502e-06,1.0381429758712505e-05,0.0624948760963755,0.249979504385502,2.6673819169397923e-21,1.8671673418578545e-20,1.1906005534442168e-06,8.334203874109518e-06,2.8872188095406246e-19,4.618684935534539e-19,4.613957831307796e-06,3.556500781915269e-21,1.5874636370524237e-06,1.5874636370524273e-06
t0_10s,10.0,87.94395820881867,1.3695584765602102,1369558476.5602102,7.828919174927514e-05,9.04988416989582e-10,9.04988416989582,1.0000000000000004,3.6991077367871363e-22,3.6991077367871363e-22,0.7500017807759469,0.7500017807759469,2.1650103356743507e-19,4.3300206713487014e-19,3.4290247830946828e-19,1.0287074349284048e-18,3.459076595534608e-06,1.0377229786603825e-05,0.062494875889006686,0.24997950355602674,2.6911334635134217e-21,1.8837934244593952e-20,1.1912054628946125e-06,8.338438240262288e-06,2.886673593540598e-19,4.572022188463388e-19,4.612091176578101e-06,3.5881694317168056e-21,1.5882701793883731e-06,1.5882701793883767e-06
t0_10s,10.0,89.11041561501533,1.3626684757826997,1362668475.7826996,7.659439816053379e-05,8.98895762178284e-10,8.98895762178284,1.0000000000000004,3.618677962836602e-22,3.618677962836602e-22,0.7500017815503925,0.7500017815503925,2.1646424238639452e-19,4.3292848477278904e-19,3.3944768809349927e-19,1.0183430642804978e-18,3.457710990796388e-06,1.0373132972389163e-05,0.06249487568507029,0.24997950274028116,2.715151305750408e-21,1.9006059140252855e-20,1.1917966220704013e-06,8.342576354492809e-06,2.88618304264455e-19,4.525958423615982e-19,4.610270369823201e-06,3.6201931415918606e-21,1.5890583881104084e-06,1.589058388110412e-06
t0_10s,10.0,90.29234449768613,1.3558131373518696,1355813137.3518696,7.49362932288631e-05,8.92844124955666e-10,8.92844124955666,1.0000000000000007,3.540050696699448e-22,3.540050696699448e-22,0.750001782304738,0.750001782304738,2.1643151401904089e-19,4.3286302803808177e-19,3.3603713647879945e-19,1.0081114094363982e-18,3.456378948483535e-06,1.0369136845450606e-05,0.06249487548454624,0.24997950193818497,2.73943965724559e-21,1.917607760071913e-20,1.1923743188755602e-06,8.346620232128922e-06,2.8857466625472795e-19,4.480484505598975e-19,4.6084943129897145e-06,3.652577529652471e-21,1.5898286470885732e-06,1.5898286470885768e-06
t0_10s,10.0,91.48995006499638,1.3489922868877295,1348992286.8877296,7.331408272329245e-05,8.868332291789604e-10,8.868332291789605,1.0000000000000004,3.4631831643867363e-22,3.4631831643867363e-22,0.7500017830395087,0.7500017830395087,2.1640281163392169e-19,4.3280562326784337e-19,3.326701390803882e-19,9.980104172411645e-19,3.455079658894382e-06,1.0365238976683145e-05,0.062494875287412856,0.24997950114965142,2.764002833109143e-21,1.9348019831764e-20,1.1929388376644116e-06,8.350571863650882e-06,2.8853639621617004e-19,4.435591309292444e-19,4.60676192647448e-06,3.685328349364125e-21,1.590581335460065e-06,1.5905813354600685e-06
t0_10s,10.0,92.70344024691977,1.3422057508875604,1342205750.8875604,7.172698960625245e-05,8.808628005644702e-10,8.808628005644701,1.0000000000000007,3.3880355679222874e-22,3.3880355679222874e-22,0.7500017837552146,0.7500017837552146,2.1637809900367958e-19,4.3275619800735915e-19,3.293460305428231e-19,9.880380916284692e-19,3.4538123341580415e-06,1.0361437002474124e-05,0.062494875093646894,0.24997950037458758,2.788845176329152e-21,1.9521916234304065e-20,1.1934904565471079e-06,8.354433195829755e-06,2.8850344584553815e-19,4.39126996330338e-19,4.605072159782084e-06,3.71845139136279e-21,1.5913168240365666e-06,1.5913168240365704e-06
t0_10s,10.0,93.93302573133887,1.3354533567215068,1335453356.7215068,7.017425366137638e-05,8.749325666750625e-10,8.749325666750625,1.0000000000000004,3.3145691292232664e-22,3.3145691292232664e-22,0.7500017844523554,0.7500017844523554,2.1635734008028146e-19,4.327146801605629e-19,3.260641522051139e-19,9.781924566153416e-19,3.4525761997624325e-06,1.0357728599287297e-05,0.06249487490322374,0.24997949961289495,2.8139710616402794e-21,1.9697797431481956e-20,1.1940294501127778e-06,8.358206150789444e-06,2.8847576707869255e-19,4.347511685498228e-19,4.60342398022889e-06,3.751952488613098e-21,1.59203547893509e-06,1.5920354789350938e-06
t0_10s,10.0,95.17892000062587,1.3287349326281814,1328734932.6281815,6.86551311293557e-05,8.690422569077322e-10,8.690422569077322,1.0000000000000004,3.2427477486108432e-22,3.2427477486108432e-22,0.7500017851314148,0.7500017851314148,2.163404995728139e-19,4.326809991456278e-19,3.2282387211524523e-19,9.684716163457356e-19,3.451370504279584e-06,1.035411151283875e-05,0.0624948747161174,0.2499794988644696,2.839384801973978e-21,1.9875693613817847e-20,1.194556086176585e-06,8.361892603236096e-06,2.884533128609912e-19,4.304308049862578e-19,4.601816385910118e-06,3.785837391675625e-21,1.5927376572407434e-06,1.5927376572407472e-06
t0_10s,10.0,96.44133936870698,1.322050307710297,1322050307.7102969,6.716889435168051e-05,8.63191602481255e-10,8.63191602481255,1.0000000000000007,3.1725322848939167e-22,3.1725322848939167e-22,0.750001785792863,0.750001785792863,2.1632754312360698e-19,4.3265508624721397e-19,3.1962456908299723e-19,9.588737072489918e-19,3.4501945152205963e-06,1.0350583545661788e-05,0.062494874532300564,0.24997949812920225,2.8650908738987018e-21,2.0055636117290913e-20,1.1950706270862691e-06,8.365494389603883e-06,2.8843603738212e-19,4.2616507738725806e-19,4.600248400173114e-06,3.82011206929311e-21,1.5934237087487764e-06,1.5934237087487802e-06
t0_10s,10.0,97.72050301861952,1.3153993119303218,1315399311.9303217,6.571483142209205e-05,8.573803364239239e-10,8.57380336423924,1.0000000000000004,3.103886068265896e-22,3.103886068265896e-22,0.7500017864371601,0.7500017864371601,2.1631843653349421e-19,4.3263687306698843e-19,3.164656355568567e-19,9.4939690667057e-19,3.4490475135008195e-06,1.0347142540502458e-05,0.06249487435174472,0.2499794974069789,2.8910938440839576e-21,2.0237656908587702e-20,1.1955733315516969e-06,8.369013320861879e-06,2.88423895043107e-19,4.219531756853651e-19,4.598719064237592e-06,3.854782610342745e-21,1.5940939784039696e-06,1.5940939784039734e-06
t0_10s,10.0,99.01663304056692,1.3087817761061487,1308781776.1061487,6.429224584557892e-05,8.516081935613629e-10,8.516081935613629,1.0000000000000004,3.036770913857495e-22,3.036770913857495e-22,0.7500017870647511,0.7500017870647511,2.1631314669383973e-19,4.3262629338767946e-19,3.1334647357975216e-19,9.400394207392564e-19,3.447928802896893e-06,1.0343786408690679e-05,0.06249487417442042,0.24997949669768169,2.9173987011553706e-21,2.0421790908087593e-20,1.1960644512880981e-06,8.372451159016688e-06,2.8841684169902443e-19,4.177943026057077e-19,4.59722744980502e-06,3.889855666308563e-21,1.5947488018249701e-06,1.594748801824974e-06
t0_10s,10.0,100.32995447047772,1.3021975319067982,1302197531.9067981,6.290045620475817e-05,8.458749105044345e-10,8.458749105044346,1.0000000000000002,2.9711521679049527e-22,2.9711521679049527e-22,0.7500017876760728,0.7500017876760728,2.1631164022504981e-19,4.3262328045009963e-19,3.1026648804133757e-19,9.307994641240127e-19,3.446837696463367e-06,1.03405130893901e-05,0.0624948740002969,0.2499794960011876,2.944010431749341e-21,2.060807302224539e-20,1.1965442357742543e-06,8.37580965041978e-06,2.8841483284367213e-19,4.1368766466906377e-19,4.595772640947441e-06,3.925337886022299e-21,1.5953885116485136e-06,1.5953885116485176e-06
t0_10s,10.0,101.6606953290775,1.2956464118481315,1295646411.8481314,6.153879583347549e-05,8.401802256372122e-10,8.401802256372122,1.0000000000000002,2.906996466728462e-22,2.906996466728462e-22,0.7500017882715424,0.7500017882715424,2.163138852197087e-19,4.326277704394174e-19,3.0722511125130136e-19,9.21675333753904e-19,3.4457735383200946e-06,1.0337320614960284e-05,0.06249487382934312,0.24997949531737249,2.9709339777228223e-21,2.0796537844059755e-20,1.1970129243440017e-06,8.379090470408013e-06,2.884178259337577e-19,4.0963250495619986e-19,4.5943537631573394e-06,3.961235858609951e-21,1.5960134269848118e-06,1.5960134269848158e-06
t0_10s,10.0,103.00908666147728,1.2891282492885936,1289128249.2885935,6.0206612497473644e-05,8.345238791050501e-10,8.3452387910505,1.0000000000000004,2.8442728288622074e-22,2.8442728288622074e-22,0.7500017888515712,0.7500017888515712,2.1631984932133274e-19,4.326396986426655e-19,3.0422177416908865e-19,9.126653225072659e-19,3.4447356788157455e-06,1.0334207036447237e-05,0.06249487366152678,0.2499794946461071,2.9981736757299258e-21,2.098721573010948e-20,1.197470755079342e-06,8.382295285555395e-06,2.884257778272359e-19,4.056280647475836e-19,4.592969950232311e-06,3.9975553662623035e-21,1.596623865274976e-06,1.59662386527498e-06
t0_10s,10.0,104.37536257728863,1.2826428784249724,1282642878.4249723,5.890326808197202e-05,8.289056128027185e-10,8.289056128027184,1.0000000000000002,2.782948171254129e-22,2.782948171254129e-22,0.7500017894165617,0.7500017894165617,2.1632950061091114e-19,4.326590012218223e-19,3.0125591702099947e-19,9.037677510629985e-19,3.443723480838324e-06,1.0331170442514972e-05,0.06249487349681462,0.24997949398725847,3.0257336592590796e-21,2.118013561481356e-20,1.1979179625121218e-06,8.385425737584853e-06,2.8843864596536134e-19,4.0167359767948183e-19,4.591620352689093e-06,4.034301920283212e-21,1.5972201392266025e-06,1.5972201392266065e-06
t0_10s,10.0,105.7597602912697,1.2761901342881814,1276190134.2881813,5.7628138286010584e-05,8.233251703626328e-10,8.233251703626328,1.0000000000000002,2.722990644013091e-22,2.722990644013091e-22,0.7500017899668988,0.7500017899668988,2.1634280834971797e-19,4.3268561669943593e-19,2.9832700324727345e-19,8.949810097418204e-19,3.442736333880038e-06,1.0328209001640115e-05,0.06249487333517325,0.249979493340693,3.0536183350788128e-21,2.137532834555169e-20,1.1983547724080186e-06,8.38848340685613e-06,2.884563893631057e-19,3.9776838834003325e-19,4.590304156516723e-06,4.071481396349179e-21,1.5978025498591248e-06,1.5978025498591288e-06
t0_10s,10.0,107.16252016451098,1.269769852739064,1269769852.739064,5.638061232341006e-05,8.177822971431507e-10,8.177822971431507,1.0000000000000002,2.6643658274724444e-22,2.6643658274724444e-22,0.7500017905029636,0.7500017905029636,2.1635974173353593e-19,4.3271948346707186e-19,2.9543449657719724e-19,8.863034897315916e-19,3.4417736316691137e-06,1.032532089500734e-05,0.06249487317656815,0.2499794927062726,3.081833404508421e-21,2.1572833831558948e-20,1.1987814098770976e-06,8.391469869139683e-06,2.884789669481209e-19,3.939117217027895e-19,4.589020553352284e-06,4.1091013962002584e-21,1.5983713973178319e-06,1.598371397317836e-06
t0_10s,10.0,108.58388574616686,1.263381870464218,1263381870.464218,5.51600926302058e-05,8.122767402169539e-10,8.12276740216954,1.0000000000000002,2.6070427781950836e-22,2.6070427781950836e-22,0.7500017910251271,0.7500017910251271,2.1638027010844333e-19,4.3276054021688665e-19,2.9257787010503883e-19,8.777336103151165e-19,3.4408347822998043e-06,1.0322504346899412e-05,0.06249487302096415,0.2499794920838566,3.11038646880431e-21,2.1772705281630168e-20,1.1991980956602752e-06,8.394386669621926e-06,2.885063378484572e-19,3.901028952279351e-19,4.5877687539875845e-06,4.147172054819938e-21,1.5989269759225133e-06,1.5989269759225175e-06
t0_10s,10.0,110.0241038157411,1.2570260249718415,1257026024.9718416,5.396599457841544e-05,8.0680824835951e-10,8.0680824835951,1.0000000000000004,2.5509927245928145e-22,2.5509927245928145e-22,0.7500017915337474,0.7500017915337474,2.1640436348790255e-19,4.328087269758051e-19,2.897566139832422e-19,8.692698419497267e-19,3.439919213799997e-06,1.031975764139999e-05,0.06249487286832592,0.24997949147330367,3.1392848457202175e-21,2.1974993920041522e-20,1.1996050439879817e-06,8.397235307915872e-06,2.8853846208201376e-19,3.863412291198563e-19,4.586547995792638e-06,4.1857031291890735e-21,1.5994695713123556e-06,1.5994695713123599e-06
t0_10s,10.0,111.48342442593336,1.2507021545875994,1250702154.5875993,5.279774619600196e-05,8.013765720376028e-10,8.013765720376028,1.0000000000000004,2.496190560783741e-22,2.496190560783741e-22,0.7500017920291745,0.7500017920291745,2.1643199174351956e-19,4.3286398348703912e-19,2.869702236906809e-19,8.609106710720428e-19,3.43902636467817e-06,1.031707909403451e-05,0.06249487271861741,0.24997949087446963,3.1685344171119215e-21,2.217974091978345e-20,1.200002466029796e-06,8.400017262208572e-06,2.885752994775518e-19,3.826260506848469e-19,4.585357530111601e-06,4.224702461762475e-21,1.599999465045434e-06,1.5999994650454382e-06
t0_10s,10.0,112.96210094605343,1.2444100984505102,1244410098.4505103,5.165478789289988e-05,7.959814633979484e-10,7.959814633979485,1.0000000000000002,2.4426099580108296e-22,2.4426099580108296e-22,0.7500017925117498,0.7500017925117498,2.1646312517985765e-19,4.329262503597153e-19,2.842182032672235e-19,8.526546098016705e-19,3.438155686304697e-06,1.0314467058914092e-05,0.06249487257180219,0.24997949028720876,3.1981346966641286e-21,2.23869428766489e-20,1.2003905689760205e-06,8.402733982832143e-06,2.8861681044111163e-19,3.7895669864385135e-19,4.584196625437843e-06,4.2641694041204916e-21,1.6005169333741487e-06,1.600516933374153e-06
t0_10s,10.0,114.4603901060112,1.2381496965088563,1238149696.5088563,5.053657219297229e-05,7.906226762558902e-10,7.9062267625589016,1.0000000000000004,2.390221041377632e-22,2.390221041377632e-22,0.7500017929818044,0.7500017929818044,2.1649773499596537e-19,4.3299546999193075e-19,2.815000686179497e-19,8.445002058538491e-19,3.4373066460371677e-06,1.0311919938111504e-05,0.06249487242784356,0.24997948971137424,3.228081255338745e-21,2.2596568787371216e-20,1.2007695548162542e-06,8.40538688371378e-06,2.886629565713822e-19,3.7533252753807635e-19,4.583064571581043e-06,4.304098050892341e-21,1.601022245616666e-06,1.6010222456166702e-06
t0_10s,10.0,115.97855204089137,1.2319207895161104,1231920789.5161104,4.9442563471769635e-05,7.852999660841558e-10,7.852999660841558,1.0000000000000004,2.338989648127939e-22,2.338989648127939e-22,0.7500017934396613,0.7500017934396613,2.1653579290756789e-19,4.3307158581513577e-19,2.788153408033766e-19,8.364460224101298e-19,3.4364787212884505e-06,1.0309436163865352e-05,0.062494872286704396,0.24997948914681759,3.258374003250245e-21,2.2808618022751714e-20,1.2011396225113548e-06,8.407977357579484e-06,2.8871370015595633e-19,3.7175289878264498e-19,4.58196067175794e-06,4.344488282230202e-21,1.6015156670528523e-06,1.6015156670528568e-06
t0_10s,10.0,117.51685033611743,1.2257232190268854,1225723219.0268855,4.837223769996642e-05,7.800130900017074e-10,7.8001309000170735,1.0000000000000004,2.2888900755522058e-22,2.2888900755522058e-22,0.7500017938856246,0.7500017938856246,2.1657727208188332e-19,4.3315454416376663e-19,2.761635872210758e-19,8.284907616632274e-19,3.435671422278119e-06,1.0307014266834357e-05,0.062494872148350415,0.24997948859340166,3.2890772573501573e-21,2.3023540801451102e-20,1.2015009581755187e-06,8.410506707228631e-06,2.8876900541775425e-19,3.6821723557529355e-19,4.580884272927565e-06,4.38542585386368e-21,1.6019974458337733e-06,1.6019974458337777e-06
t0_10s,10.0,119.0755520732166,1.2195568273929052,1219556827.3929052,4.7325082192351475e-05,7.74761806762654e-10,7.747618067626539,1.0000000000000004,2.239904150138749e-22,2.239904150138749e-22,0.7500017943200251,0.7500017943200251,2.1662213953967207e-19,4.3324427907934415e-19,2.7354426502024183e-19,8.206327950607255e-19,3.434884208457093e-06,1.030465262537128e-05,0.06249487201273736,0.24997948805094944,3.320137684925625e-21,2.3240963794479374e-20,1.2018537714822963e-06,8.412976400376074e-06,2.888288283844286e-19,3.647248141162723e-19,4.579834654357414e-06,4.4268396556781106e-21,1.6024678615228303e-06,1.6024678615228348e-06
t0_10s,10.0,120.6549278761906,1.213421457758992,1213421457.758992,4.630059536225213e-05,7.695458767452468e-10,7.695458767452468,1.0000000000000004,2.192004098415274e-22,2.192004098415274e-22,0.7500017947431424,0.7500017947431424,2.166703706720171e-19,4.333407413440342e-19,2.7095698958409573e-19,8.128709687522872e-19,3.434116627425811e-06,1.0302349882277433e-05,0.06249487187983223,0.2499794875193289,3.3515788457659497e-21,2.3461051920361647e-20,1.2021982352458172e-06,8.41538764672072e-06,2.888931362440559e-19,3.61275121584065e-19,4.5788112128477145e-06,4.468761100650146e-21,1.6029271445377555e-06,1.60292714453776e-06
t0_10s,10.0,122.25525195850132,1.2073169540590802,1207316954.0590801,4.529828648127458e-05,7.64365061940939e-10,7.6436506194093905,1.0000000000000004,2.1451644060258875e-22,2.1451644060258875e-22,0.7500017951552748,0.7500017951552748,2.1672193644405683e-19,4.3344387288811367e-19,2.6840129425467594e-19,8.052038827640278e-19,3.433368192084546e-06,1.0300104576253638e-05,0.06249487174959542,0.24997948699838168,3.3834067776288753e-21,2.3683847443402126e-20,1.202534538236132e-06,8.417741767652924e-06,2.8896189028346036e-19,3.5786753576917526e-19,4.577813298931808e-06,4.511198239103414e-21,1.6033755465707496e-06,1.603375546570754e-06
t0_10s,10.0,123.87680217068107,1.2012431610122423,1201243161.0122423,4.431767544424532e-05,7.592191259435315e-10,7.592191259435316,1.0000000000000004,2.0993613205386874e-22,2.0993613205386874e-22,0.7500017955567034,0.7500017955567034,2.1677680958988372e-19,4.3355361917976745e-19,2.658767494900889e-19,7.976302484702667e-19,3.4326384429500913e-06,1.0297915328850274e-05,0.062494871621989266,0.24997948648795706,3.415627474987116e-21,2.3909392324909812e-20,1.2028628587189697e-06,8.420040011032787e-06,2.8903505414807295e-19,3.545014839500974e-19,4.57684029996508e-06,4.5541590636483745e-21,1.6038133053083178e-06,1.6038133053083224e-06
t0_10s,10.0,125.51986004857238,1.1951999241187434,1195199924.1187434,4.3358292539241496e-05,7.541078339383848e-10,7.541078339383848,1.0000000000000002,2.0545711424719477e-22,2.0545711424719477e-22,0.7500017959477052,0.7500017959477052,2.1683496261028474e-19,4.3366992522056948e-19,2.633829247920076e-19,7.901487743760227e-19,3.4319269263894668e-06,1.02957807791684e-05,0.06249487149697544,0.24997948598790176,3.4482470759316276e-21,2.4137729531521395e-20,1.2031833734495442e-06,8.42228361414681e-06,2.8911259117225344e-19,3.51176392130096e-19,4.575891611103238e-06,4.597651758386004e-21,1.6042406564229582e-06,1.6042406564229629e-06
t0_10s,10.0,127.1847108622095,1.1891870896561059,1189187089.6561058,4.241967822259849e-05,7.490309526916989e-10,7.490309526916989,1.0000000000000004,2.010771027607678e-22,2.010771027607678e-22,0.7500017963285475,0.7500017963285475,2.16896368565448e-19,4.33792737130896e-19,2.6091940348133613e-19,7.827582104440083e-19,3.431233203777972e-06,1.0293699611333915e-05,0.06249487137451606,0.24997948549806423,3.4812718028208355e-21,2.4368902619745848e-20,1.2034962539140801e-06,8.424473777398562e-06,2.8919446543623196e-19,3.478917047380473e-19,4.5749666475130394e-06,4.64168461977366e-21,1.604657828561885e-06,1.6046578285618897e-06
t0_10s,10.0,128.871643665347,1.1832045046752035,1183204504.6752036,4.15013828987896e-05,7.439882505398748e-10,7.4398825053987485,1.0000000000000004,1.9679379025880117e-22,1.9679379025880117e-22,0.7500017966995007,0.7500017966995007,2.1696099917058917e-19,4.339219983411783e-19,2.584857510087655e-19,7.754572530262964e-19,3.4305568292641707e-06,1.0291670487792511e-05,0.062494871254571274,0.2499794850182851,3.514707993298555e-21,2.4602955953089885e-20,1.2038016752762903e-06,8.426611726934033e-06,2.8928063922694546e-19,3.4464684237594117e-19,4.574064814725603e-06,4.6862660979821286e-21,1.6050650552756091e-06,1.6050650552756138e-06
t0_10s,10.0,130.5809513456454,1.1772520169963705,1177252016.9963706,4.060296670506999e-05,7.389794973789454e-10,7.389794973789454,1.0000000000000004,1.926050542656167e-22,1.926050542656167e-22,0.7500017970608144,0.7500017970608144,2.1702882838996727e-19,4.340576567799345e-19,2.5608157569511066e-19,7.682447270853319e-19,3.4298973913363732e-06,1.028969217400912e-05,0.06249487113710381,0.24997948454841523,3.54856206364063e-21,2.4839934445484412e-20,1.2040997995612157e-06,8.42869859692851e-06,2.8937107783005665e-19,3.4144128280581454e-19,4.573185564058399e-06,4.7314047480247475e-21,1.605462552596498e-06,1.6054625525965026e-06
t0_10s,10.0,132.31293067552352,1.1713294752055274,1171329475.2055275,3.972399930078236e-05,7.340044646540686e-10,7.340044646540686,1.0000000000000002,1.8850878481754676e-22,1.8850878481754676e-22,0.750001797412732,0.750001797412732,2.1709983028188717e-19,4.341996605637743e-19,2.5370649054118763e-19,7.611194716235629e-19,3.429254487319261e-06,1.0287763461957782e-05,0.062494871022076334,0.24997948408830534,3.5828405277677466e-21,2.5079883694374226e-20,1.2043907858790245e-06,8.430735501153172e-06,2.894657466566249e-19,3.3827451002970186e-19,4.572328358610739e-06,4.777109255107666e-21,1.605850532670442e-06,1.6058505326704468e-06
t0_10s,10.0,134.06788236368357,1.1654367286503333,1165436728.6503334,3.8864059661224704e-05,7.29062925349107e-10,7.29062925349107,1.0000000000000007,1.845028720336366e-22,1.845028720336366e-22,0.7500017977554945,0.7500017977554945,2.1717397856009673e-19,4.343479571201935e-19,2.513601057097336e-19,7.540803171292008e-19,3.428627718476249e-06,1.0285883155428746e-05,0.062494870909451015,0.24997948363780406,3.61755000665707e-21,2.5322850046599487e-20,1.2046747923747055e-06,8.432723546622939e-06,2.8956461065830254e-19,3.3514600426555063e-19,4.571492666733586e-06,4.82338844717865e-21,1.6062292063564326e-06,1.6062292063564374e-06
t0_10s,10.0,135.84611110732152,1.1595736274363508,1159573627.4363508,3.8022735875979275e-05,7.241546539762611e-10,7.241546539762611,1.0000000000000007,1.8058523665842607e-22,1.8058523665842607e-22,0.7500017980893375,0.7500017980893375,2.172512468061044e-19,4.345024936122088e-19,2.490420321555775e-19,7.471260964667325e-19,3.4280166926417944e-06,1.0284050077925383e-05,0.062494870799189785,0.24997948319675914,3.652697231583864e-21,2.5568880621087048e-20,1.2049519751367614e-06,8.434663825957329e-06,2.896676346104256e-19,3.3205524678743834e-19,4.570677965539306e-06,4.8702512992492424e-21,1.6065987817714962e-06,1.606598781771501e-06
t0_10s,10.0,137.6479256450286,1.1537400224232348,1153740022.4232347,3.719962495160814e-05,7.192794265657835e-10,7.1927942656578345,1.0000000000000004,1.7675387964569322e-22,1.7675387964569322e-22,0.7500017984144917,0.7500017984144917,2.17331608644625e-19,4.3466321728925e-19,2.467518871607022e-19,7.402556614821066e-19,3.4274210261890165e-06,1.028226307856705e-05,0.06249487069125466,0.24997948276501863,3.6882890418911576e-21,2.5818023293238102e-20,1.2052224873734802e-06,8.436557411614362e-06,2.897747833459404e-19,3.290017273056374e-19,4.569883743525156e-06,4.917706930420997e-21,1.6069594631923921e-06,1.606959463192397e-06
t0_10s,10.0,139.47363881039468,1.1479357652209383,1147935765.2209382,3.63943326186195e-05,7.144370206557588e-10,7.144370206557588,1.0000000000000004,1.730068696840448e-22,1.730068696840448e-22,0.750001798731181,0.750001798731181,2.1741503788039413e-19,4.348300757607883e-19,2.4448929661548636e-19,7.334678898464591e-19,3.4268403452904002e-06,1.02805210358712e-05,0.06249487058560785,0.2499794823424314,3.724332380835023e-21,2.6070326665845164e-20,1.205486478874358e-06,8.438405352120506e-06,2.898860219378234e-19,3.2598494700826353e-19,4.569109502254226e-06,4.96576459834587e-21,1.607311450337513e-06,1.607311450337518e-06
t0_10s,10.0,141.32356758632366,1.1421607081859368,1142160708.185937,3.560647314261293e-05,7.096272152819526e-10,7.096272152819527,1.0000000000000002,1.6934231122966049e-22,1.6934231122966049e-22,0.7500017990396232,0.7500017990396232,2.1750150853853615e-19,4.350030170770723e-19,2.42253894765045e-19,7.267616842951351e-19,3.426274285998782e-06,1.0278822857996346e-05,0.06249487048221189,0.24997948192884756,3.7608342982224825e-21,2.6325840087557378e-20,1.2057440959474067e-06,8.440208671631848e-06,2.9000131575290447e-19,3.230044182230642e-19,4.568354756463417e-06,5.014433702743418e-21,1.6076549382832964e-06,1.6076549382833015e-06
t0_10s,10.0,143.19803316006747,1.1364147044174755,1136414704.4174755,3.48356691395131e-05,7.048497909677304e-10,7.0484979096773035,1.0000000000000002,1.6575833353565957e-22,1.6575833353565957e-22,0.7500017993400299,0.7500017993400299,2.1759099480727886e-19,4.351819896145577e-19,2.4004532254939807e-19,7.201359676481942e-19,3.4257224934908457e-06,1.0277167480472538e-05,0.06249487038102952,0.24997948152411809,3.797801958874129e-21,2.6584613712118902e-20,1.2059954816953389e-06,8.441968371867371e-06,2.9012063037548685e-19,3.2005966220431454e-19,4.567619033054771e-06,5.0637237966842685e-21,1.6079901178324696e-06,1.6079901178324747e-06
t0_10s,10.0,145.09736097899201,1.1306976077538298,1130697607.7538297,3.408155139480278e-05,7.001045297140371e-10,7.0010452971403705,1.0000000000000004,1.6225310592236992e-22,1.6225310592236992e-22,0.7500017996326074,0.7500017996326074,2.1768347097706405e-19,4.353669419541281e-19,2.3786322663393005e-19,7.135896799017901e-19,3.4251846214986706e-06,1.0275553864496012e-05,0.06249487028202374,0.24997948112809495,3.835242645763289e-21,2.6846698520343024e-20,1.2062407762174536e-06,8.443685433522175e-06,2.90243931526161e-19,3.1715020784009944e-19,4.566901870337533e-06,5.113644590775655e-21,1.608317175783228e-06,1.608317175783233e-06
t0_10s,10.0,147.0218808070815,1.1250092727685863,1125009272.7685864,3.3343758686669284e-05,6.953912149894528e-10,6.953912149894528,1.0000000000000004,1.5882485465745599e-22,1.5882485465745599e-22,0.7500017999175567,0.7500017999175567,2.177789113610982e-19,4.355578227221964e-19,2.3570725856039985e-19,7.0712177568119955e-19,3.4246603314988844e-06,1.0273980994496652e-05,0.0624948701851577,0.2499794807406308,3.873163754180772e-21,2.7112146279265403e-20,1.2064801169094547e-06,8.445360818366184e-06,2.9037118495587256e-19,3.142755905203291e-19,4.566202816947022e-06,5.1642059453811e-21,1.6086362953289927e-06,1.6086362953289978e-06
t0_10s,10.0,148.97192678219193,1.1193495547669496,1119349554.7669497,3.262193761298028e-05,6.907096317203171e-10,6.9070963172031705,1.0000000000000004,1.5547185787586828e-22,1.5547185787586828e-22,0.7500018001950739,0.7500018001950739,2.178772903259509e-19,4.357545806519018e-19,2.3357707557099223e-19,7.007312267129767e-19,3.424149292887572e-06,1.0272447878662716e-05,0.06249487009039482,0.24997948036157927,3.911572784423216e-21,2.738100949096251e-20,1.2067136383689783e-06,8.446995468582848e-06,2.9050235648671974e-19,3.1143535323547135e-19,4.56552143207784e-06,5.215417860871566e-21,1.6089476559324451e-06,1.6089476559324504e-06
t0_10s,10.0,150.94783747406527,1.1137183097820544,1113718309.7820544,3.1915742422003475e-05,6.860595662809058e-10,6.860595662809057,1.0000000000000004,1.52192420072612e-22,1.52192420072612e-22,0.7500018004653498,0.7500018004653498,2.1797858231924006e-19,4.359571646384801e-19,2.3147234077929875e-19,6.944170223378963e-19,3.4236511829382614e-06,1.0270953548814785e-05,0.062494869997698765,0.24997947999079506,3.950477356983086e-21,2.76533414988816e-20,1.2069414723886748e-06,8.448590306720723e-06,2.9063741204886707e-19,3.086290468045254e-19,4.564857285427856e-06,5.267290497878743e-21,1.6092514333163066e-06,1.6092514333163119e-06
t0_10s,10.0,152.94995594311243,1.108115394571308,1108115394.5713081,3.1224834846792335e-05,6.814408064836883e-10,6.814408064836883,1.0000000000000004,1.4898486994328624e-22,1.4898486994328624e-22,0.7500018007285705,0.7500018007285705,2.1808276186418477e-19,4.361655237283695e-19,2.2939272293032565e-19,6.88178168790977e-19,3.423165686638232e-06,1.0269497059914697e-05,0.0624948699070335,0.249979479628134,3.989885240101437e-21,2.792919668071006e-20,1.2071637479992888e-06,8.450146235995022e-06,2.9077631767328254e-19,3.0585622955503287e-19,4.564209956979948e-06,5.31983421403197e-21,1.6095477995207741e-06,1.6095477995207794e-06
t0_10s,10.0,154.9786297999755,1.1025406666127446,1102540666.6127446,3.0548883943156376e-05,6.768531415696464e-10,6.768531415696463,1.0000000000000002,1.4584758311837157e-22,1.4584758311837157e-22,0.7500018009849171,0.7500018009849171,2.1818980352678e-19,4.3637960705356e-19,2.273378961080579e-19,6.820136883241737e-19,3.422692496471357e-06,1.0268077489414071e-05,0.06249486981836328,0.24997947927345313,4.029804337328703e-21,2.820863036130092e-20,1.2073805915352809e-06,8.451664140746966e-06,2.909190394479705e-19,3.031164669331638e-19,4.5635790367124585e-06,5.373059547372666e-21,1.609836922991018e-06,1.6098369229910234e-06
t0_10s,10.0,157.0342112658808,1.0969939841014007,1096993984.1014006,2.9887565931139107e-05,6.722963621986519e-10,6.722963621986519,1.0000000000000004,1.427789899646178e-22,1.427789899646178e-22,0.7500018012345662,0.7500018012345662,2.1829968189688453e-19,4.365993637937691e-19,2.253075395813891e-19,6.759226187441673e-19,3.422231312211466e-06,1.0266693936634398e-05,0.062494869731652664,0.24997947892661065,4.07024262526677e-21,2.849169837686739e-20,1.2075921266971864e-06,8.453144886880305e-06,2.9106554349275543e-19,3.004093312982901e-19,4.562964124323682e-06,5.426977133343957e-21,1.6101189686603257e-06,1.6101189686603313e-06
t0_10s,10.0,159.11705723379148,1.0914752059457087,1091475205.9457088,2.9240564039927833e-05,6.677702604399195e-10,6.677702604399196,1.0000000000000004,1.397775530137897e-22,1.397775530137897e-22,0.7500018014776897,0.7500018014776897,2.1841237159884436e-19,4.368247431976887e-19,2.233013377453043e-19,6.699040132359129e-19,3.421781840744509e-06,1.0265345522233527e-05,0.06249486964686654,0.24997947858746616,4.111208150233849e-21,2.877845705163694e-20,1.2077984746033095e-06,8.454589322223166e-06,2.9121579597344673e-19,2.9773440184456258e-19,4.562364828994743e-06,5.48159770034385e-21,1.610394098019027e-06,1.6103940980190325e-06
t0_10s,10.0,161.22752933037214,1.085984191763907,1085984191.763907,2.8607568356120616e-05,6.632746297625188e-10,6.632746297625188,1.0000000000000002,1.368417504903023e-22,1.368417504903023e-22,0.7500018017144553,0.7500018017144553,2.185278472987851e-19,4.370556945975702e-19,2.2131898005204236e-19,6.63956940156127e-19,3.4213437959075703e-06,1.0264031387722711e-05,0.06249486956397011,0.24997947825588043,4.152709179009413e-21,2.906896425306589e-20,1.207999753835508e-06,8.455998276848556e-06,2.9136976311156147e-19,2.950912645091273e-19,4.561780769174956e-06,5.5369322707180035e-21,1.6106624691755395e-06,1.610662469175545e-06
t0_10s,10.0,163.36599397877518,1.0805208018804677,1080520801.8804677,2.7988275675277704e-05,6.588092650259433e-10,6.5880926502594335,1.0000000000000002,1.3397009491027184e-22,1.3397009491027184e-22,0.7500018019450262,0.7500018019450262,2.186460836808308e-19,4.372921673616616e-19,2.1936016088898405e-19,6.580804826669522e-19,3.4209168983240183e-06,1.0262750694972055e-05,0.062494869482928914,0.24997947793171565,4.1947543098093234e-21,2.9363280168665264e-20,1.2081960804874432e-06,8.457372563412103e-06,2.9152741115261636e-19,2.9247951180931e-19,4.5612115723620165e-06,5.592992308726201e-21,1.6109242369207025e-06,1.610924236920708e-06
t0_10s,10.0,165.5328224622594,1.075084897322547,1075084897.3225472,2.7382389356687306e-05,6.543739624707561e-10,6.543739624707561,1.0000000000000002,1.3116115371812644e-22,1.3116115371812644e-22,0.7500018021695616,0.7500018021695616,2.187670554166984e-19,4.375341108333968e-19,2.174245793761067e-19,6.5227373812832e-19,3.4205008751960098e-06,1.026150262558803e-05,0.062494869403708866,0.24997947761483547,4.2373521537850736e-21,2.9661465076495514e-20,1.2083875682313312e-06,8.458712977619319e-06,2.9168870632558723e-19,2.898987425725558e-19,4.560656874825346e-06,5.6497892958757e-21,1.6111795528167772e-06,1.611179552816783e-06
t0_10s,10.0,167.72839098865288,1.069676339816447,1069676339.816447,2.67896191812746e-05,6.499685197092916e-10,6.499685197092917,1.0000000000000002,1.2841352615679473e-22,1.2841352615679473e-22,0.7500018023882163,0.7500018023882163,2.188907371902949e-19,4.377814743805898e-19,2.1551193928527054e-19,6.465358178558116e-19,3.420095460305554e-06,1.0260286380916662e-05,0.06249486932627621,0.24997947730510484,4.280510631212765e-21,2.9963574418489357e-20,1.2085743282991994e-06,8.460020298094396e-06,2.918536148757047e-19,2.873485618288116e-19,4.560116321607508e-06,5.707333792508788e-21,1.611428565172456e-06,1.6114285651724617e-06
t0_10s,10.0,169.95308075567036,1.064294991784101,1064294991.7841009,2.620968121258728e-05,6.45592735716418e-10,6.455927357164181,1.0000000000000002,1.2572583246170295e-22,1.2572583246170295e-22,0.7500018026011418,0.7500018026011418,2.190171036924877e-19,4.380342073849754e-19,2.1362194927419038e-19,6.408658478225711e-19,3.4197003937078537e-06,1.0259101181123561e-05,0.062494869250597565,0.24997947700239026,4.3242391814038434e-21,3.0269674269826907e-20,1.208756469592114e-06,8.461295287144799e-06,2.920221030574817e-19,2.8482858112248646e-19,4.559589566115328e-06,5.765638384343345e-21,1.6116714191884982e-06,1.611671419188504e-06
t0_10s,10.0,172.20727801709748,1.058940716339572,1058940716.3395721,2.5642297660789927e-05,6.412464108203641e-10,6.412464108203641,1.0000000000000002,1.2309672244543462e-22,1.2309672244543462e-22,0.7500018028084847,0.7500018028084847,2.1914612960893613e-19,4.382922592178723e-19,2.1175432262733834e-19,6.352629678820151e-19,3.4193154216319492e-06,1.0257946264895847e-05,0.06249486917663994,0.24997947670655976,4.368546872577142e-21,3.0579828108039996e-20,1.208934098704595e-06,8.462538690932166e-06,2.9219413711848874e-19,2.8233841816699e-19,4.559076269987423e-06,5.824715162308302e-21,1.6119082569902836e-06,1.6119082569902896e-06
t0_10s,10.0,174.4913741498533,1.0536133772855714,1053613377.2855713,2.5087196749603082e-05,6.369293466936111e-10,6.369293466936111,1.0000000000000002,1.2052488171246025e-22,1.2052488171246025e-22,0.7500018030103887,0.7500018030103887,2.192777896057928e-19,4.385555792115856e-19,2.0990877695222665e-19,6.2972633085668e-19,3.4189402963363856e-06,1.0256820889009157e-05,0.062494869104370694,0.24997947641748278,4.41344221622944e-21,3.089409551360608e-20,1.2091073199682918e-06,8.463751239778042e-06,2.9236968328028865e-19,2.7987769643977657e-19,4.558576102901753e-06,5.884575475038301e-21,1.612139217686046e-06,1.6121392176860518e-06
t0_10s,10.0,176.805765721941,1.0483128391099938,1048312839.1099938,2.4544112586122575e-05,6.326413463438403e-10,6.326413463438403,1.0000000000000002,1.1800902768733626e-22,1.1800902768733626e-22,0.7500018032069935,0.7500018032069935,2.194120583270492e-19,4.388241166540984e-19,2.0808503411904892e-19,6.242551023571468e-19,3.4185747759686227e-06,1.0255724327905868e-05,0.06249486903375759,0.24997947613503035,4.458934728278455e-21,3.1212543097949185e-20,1.2092762354948422e-06,8.464933648463896e-06,2.92548707734898e-19,2.774460451018668e-19,4.558088742388167e-06,5.9452320103926874e-21,1.6123644374240167e-06,1.6123644374240227e-06
t0_10s,10.0,179.15085456130092,1.0430389669824718,1043038966.9824718,2.4012785033457023e-05,6.283822141049445e-10,6.283822141049445,1.0000000000000002,1.1554790500656816e-22,1.1554790500656816e-22,0.7500018033984354,0.7500018033984354,2.195489103935211e-19,4.390978207870422e-19,2.0628282026871358e-19,6.188484608061407e-19,3.418218624427983e-06,1.0254655873283949e-05,0.062494868964768774,0.2499794758590751,4.505034173727141e-21,3.153523921608999e-20,1.2094409452179483e-06,8.466086616525638e-06,2.9273117664343355e-19,2.750430990085589e-19,4.557613873645672e-06,6.006697788343664e-21,1.612584049448529e-06,1.612584049448535e-06
t0_10s,10.0,181.52704782557615,1.0377916267509446,1037791626.7509446,2.349295958612243e-05,6.241517556280982e-10,6.241517556280982,1.0000000000000002,1.1314028605567636e-22,1.1314028605567636e-22,0.7500018035848469,0.7500018035848469,2.1968832039289593e-19,4.393766407857919e-19,2.045018656867564e-19,6.135055970602692e-19,3.4178716111908877e-06,1.0253614833572663e-05,0.062494868897372796,0.24997947558949118,4.5517493803740815e-21,3.186224566261857e-20,1.2096015469520281e-06,8.467210828664197e-06,2.929170561228428e-19,2.726684985413123e-19,4.55715118930941e-06,6.068984579260611e-21,1.612798184178216e-06,1.612798184178222e-06
t0_10s,10.0,183.934758072804,1.0325706849382468,1032570684.9382467,2.2984387248134386e-05,6.199497778728929e-10,6.199497778728929,1.0000000000000002,1.1078497232509073e-22,1.1078497232509073e-22,0.7500018037663574,0.7500018037663574,2.1983026287614803e-19,4.396605257522961e-19,2.0274190475355327e-19,6.082257142606598e-19,3.4175335112117604e-06,1.025260053363528e-05,0.062494868831538576,0.2499794753261543,4.599090094594428e-21,3.2193630662161e-20,1.209758136419762e-06,8.468306954938334e-06,2.931063122411238e-19,2.7032188954136434e-19,4.55670038931853e-06,6.1321053782787295e-21,1.6130069692427423e-06,1.6130069692427485e-06
t0_10s,10.0,186.3744033330453,1.0273760087387116,1027376008.7387116,2.2486824413739083e-05,6.157760890985268e-10,6.1577608909852675,1.0000000000000002,1.0848079332895569e-22,1.0848079332895569e-22,0.7500018039430928,0.7500018039430928,2.199747123610763e-19,4.399494247221526e-19,2.0100267598435634e-19,6.030080279530691e-19,3.417204104871499e-06,1.0251612314614496e-05,0.062494868767235486,0.24997947506894194,4.647067133099599e-21,3.252946993169719e-20,1.2099108072599682e-06,8.469375650819776e-06,2.9329891102204217e-19,2.6800292336311184e-19,4.556261180847484e-06,6.196074607644811e-21,1.6132105294933017e-06,1.6132105294933078e-06
t0_10s,10.0,188.84640718096293,1.0222074660147942,1022207466.0147942,2.2000032750726362e-05,6.116304988550544e-10,6.116304988550544,1.0000000000000002,1.0622660454429739e-22,1.0622660454429739e-22,0.7500018041151763,0.7500018041151763,2.2012164331847836e-19,4.402432866369567e-19,1.992839217774369e-19,5.978517653323107e-19,3.4168831777488433e-06,1.025064953324653e-05,0.06249486870443327,0.24997947481773308,4.695689623630159e-21,3.286982736541111e-20,1.2100596511108395e-06,8.470417557775876e-06,2.934948184266964e-19,2.6571125653830197e-19,4.555833278001181e-06,6.2609044376499276e-21,1.6134089871136004e-06,1.6134089871136068e-06
t0_10s,10.0,191.35119880936364,1.017064925293708,1017064925.2937081,2.1523779086268494e-05,6.075128179746922e-10,6.075128179746922,1.0000000000000002,1.0402128752276656e-22,1.0402128752276656e-22,0.7500018042827268,0.7500018042827268,2.202710301711636e-19,4.405420603423272e-19,1.9758538840486294e-19,5.927561652145889e-19,3.4165705205354813e-06,1.0249711561606444e-05,0.0624948686431021,0.2499794745724084,4.744966528816938e-21,3.321476570171857e-20,1.2102047576332074e-06,8.471433303432452e-06,2.936940003522024e-19,2.6344655076373597e-19,4.555416401701806e-06,6.326606818439382e-21,1.6136024616508773e-06,1.6136024616508837e-06
t0_10s,10.0,193.88921310371478,1.0119482557640849,1011948255.7640848,2.1057835295231327e-05,6.034228585631998e-10,6.034228585631998,1.0000000000000002,1.0186374912986252e-22,1.0186374912986252e-22,0.7500018044458615,0.7500018044458615,2.20422847278832e-19,4.40845694557664e-19,1.9590682575015224e-19,5.877204772504567e-19,3.41626592881211e-06,1.024879778643633e-05,0.062494868583212515,0.24997947433285006,4.794910858959123e-21,3.3564376012713855e-20,1.2103462145934753e-06,8.472423502154328e-06,2.9389642261153134e-19,2.612084725514733e-19,4.555010279390216e-06,6.3931990970366265e-21,1.6137910701264768e-06,1.6137910701264831e-06
t0_10s,10.0,196.46089071764985,1.006857327272644,1006857327.272644,2.0601978190901724e-05,5.993604339912891e-10,5.993604339912891,1.0000000000000002,9.975292140173916e-23,9.975292140173916e-23,0.750001804604694,0.750001804604694,2.2057706895804566e-19,4.411541379160913e-19,1.9424798760997085e-19,5.827439628299125e-19,3.4159692031627694e-06,1.0247907609488308e-05,0.06249486852473552,0.24997947409894208,4.845532202197153e-21,3.391872541538007e-20,1.210484107803058e-06,8.473388754621405e-06,2.941020509601386e-19,2.589966936310957e-19,4.554614645178402e-06,6.460694057597773e-21,1.6139749269551048e-06,1.6139749269551114e-06
t0_10s,10.0,199.06667814947602,1.0017920103208813,1001792010.3208812,2.015598941808172e-05,5.953253588861227e-10,5.953253588861227,1.0000000000000004,9.768776197194425e-23,9.768776197194425e-23,0.750001804759335,0.750001804759335,2.207336694617076e-19,4.414673389234152e-19,1.9260863146117301e-19,5.77825894383519e-19,3.4156801488917484e-06,1.0247040446675245e-05,0.062494868467642524,0.2499794738705701,4.896838228252731e-21,3.4277867597769117e-20,1.2106185212274233e-06,8.474329648591963e-06,2.9431085106860235e-19,2.568108906390944e-19,4.5542292394720195e-06,6.52910192639344e-21,1.6141541440902181e-06,1.6141541440902247e-06
t0_10s,10.0,200.0,1.0,1000000000.0,1.9999999999999998e-05,5.938994834399529e-10,5.938994834399529,1.0000000000000004,9.696554232107761e-23,9.696554232107761e-23,0.7500018048132336,0.7500018048132336,2.2078982905108124e-19,4.415796581021625e-19,1.9203138014347374e-19,5.760941404304212e-19,3.4155793644912584e-06,1.0246738093473776e-05,0.06249486844770596,0.24997947379082383,4.915222092281991e-21,3.440655464597394e-20,1.2106654070691574e-06,8.474657849484102e-06,2.9438573031975917e-19,2.56041224049179e-19,4.5540948602674495e-06,6.553613685644378e-21,1.6142166582794273e-06,1.6142166582794339e-06
t0_10s,10.0,201.70702781969507,0.9951730525279525,995173052.5279526,1.9758288355532184e-05,5.953007755805731e-10,5.953007755805731,1.0000000000000016,9.55492127239711e-23,9.55492127239711e-23,0.7500018049097062,0.7500018049097062,2.2089376063883223e-19,4.417875212776645e-19,1.909724090355282e-19,5.729172271065847e-19,3.415398911318411e-06,1.0246196733955234e-05,0.062494868411960294,0.24997947364784118,4.962558337145061e-21,3.4737908360015424e-20,1.2107493886025645e-06,8.475245720217952e-06,2.945243053987396e-19,2.546292659369262e-19,4.553854256030218e-06,6.61672852606336e-21,1.614328633180194e-06,1.6143286331802005e-06
t0_10s,10.0,204.38239814955378,0.9877355310823928,987735531.0823928,1.9389308870638444e-05,5.974798331504752e-10,5.974798331504752,1.0000000000000018,9.313370009596198e-23,9.313370009596198e-23,0.750001805055332,0.750001805055332,2.210610332846621e-19,4.421220665693242e-19,1.8928763956466104e-19,5.678629186939832e-19,3.4151263433837916e-06,1.0245379030151376e-05,0.0624948683578309,0.2499794734313236,5.041278625829539e-21,3.528895038080677e-20,1.2108763308482248e-06,8.476134315937573e-06,2.94747334999218e-19,2.523829119993867e-19,4.553490832107848e-06,6.7216886570794515e-21,1.614497888786936e-06,1.6144978887869429e-06
t0_10s,10.0,207.09325364063497,0.9803535946681123,980353594.6681124,1.9027219955303296e-05,5.996668670108303e-10,5.996668670108303,1.0000000000000016,9.065026595985421e-23,9.065026595985421e-23,0.750001805196296,0.750001805196296,2.2123542012781416e-19,4.424708402556283e-19,1.8755994267683238e-19,5.626798280304972e-19,3.414862304930613e-06,1.0244586914791838e-05,0.06249486830523854,0.24997947322095415,5.121614139963923e-21,3.5851298979747463e-20,1.2109994052371849e-06,8.476995836660294e-06,2.9497985017504162e-19,2.5007932164608965e-19,4.553138780828467e-06,6.828802416846791e-21,1.614661987273795e-06,1.6146619872738017e-06
t0_10s,10.0,209.84006495550537,0.9730268278650388,973026827.8650388,1.8671892930424545e-05,6.018619063583006e-10,6.018619063583006,1.0000000000000016,8.817707760137435e-23,8.817707760137435e-23,0.7500018053327413,0.7500018053327413,2.2141666585901096e-19,4.428333317180219e-19,1.857985488658631e-19,5.573956465975893e-19,3.4146065468428403e-06,1.024381964052852e-05,0.062494868254148565,0.24997947301659426,5.203598955902956e-21,3.642519269132069e-20,1.2111187179126286e-06,8.4778310253884e-06,2.952215105146028e-19,2.4773080217244654e-19,4.552797770037282e-06,6.938115240395133e-21,1.6148210701643724e-06,1.6148210701643794e-06
t0_10s,10.0,212.62330899943314,0.9657548183577803,965754818.3577803,1.8323201519939588e-05,6.040649804964221e-10,6.040649804964222,1.0000000000000016,8.573946246636729e-23,8.573946246636729e-23,0.7500018054648069,0.7500018054648069,2.216045763689287e-19,4.432091527378574e-19,1.8401141338611092e-19,5.520342401583328e-19,3.4143588267427363e-06,1.0243076480228209e-05,0.0624948682045267,0.2499794728181068,5.287272787019765e-21,3.701090950913836e-20,1.2112343725271201e-06,8.47864060768984e-06,2.9547205720603733e-19,2.4534796055867023e-19,4.552467476563897e-06,7.049680078760645e-21,1.6149752756614614e-06,1.6149752756614683e-06
t0_10s,10.0,215.44346900318823,0.9585371569124244,958537156.9124243,1.798102180594944e-05,6.062761188359949e-10,6.062761188359949,1.0000000000000016,8.334667054817113e-23,8.334667054817113e-23,0.750001805592627,0.750001805592627,2.217989851263485e-19,4.43597970252697e-19,1.8220539141015664e-19,5.466161742304699e-19,3.4141189088771175e-06,1.0242356726631352e-05,0.06249486815633903,0.2499794726253561,5.372675955415487e-21,3.760873168790841e-20,1.2113464702623106e-06,8.479425291836175e-06,2.957312682082014e-19,2.4293993701279676e-19,4.552147586070666e-06,7.163550694614893e-21,1.615124738673321e-06,1.6151247386733283e-06
t0_10s,10.0,218.30103460694198,0.951373437353507,951373437.353507,1.764523218468069e-05,6.084953508954715e-10,6.084953508954715,1.0000000000000016,8.100280411145354e-23,8.100280411145354e-23,0.7500018057163322,0.7500018057163322,2.219997419142831e-19,4.439994838285662e-19,1.803863902197607e-19,5.411591706592821e-19,3.4138865639553296e-06,1.024165969186599e-05,0.06249486810955208,0.2499794724382083,5.459849580696695e-21,3.821894706487686e-20,1.2114551098711624e-06,8.480185769098136e-06,2.959989432322093e-19,2.4051460789147346e-19,4.5518377928366475e-06,7.279781913967463e-21,1.615269590869975e-06,1.6152695908699823e-06
t0_10s,10.0,221.19650194527856,0.9442632565411564,944263256.5411564,1.731571332327026e-05,6.1072270630136e-10,6.1072270630136005,1.0000000000000016,7.871010231260677e-23,7.871010231260677e-23,0.7500018058360494,0.7500018058360494,2.222067083094422e-19,4.444134166188844e-19,1.7855950373832096e-19,5.356785112149628e-19,3.413661568940872e-06,1.0240984706822616e-05,0.062494868064132784,0.24997947225653114,5.548835717833146e-21,3.8841850024832027e-20,1.2115603877408721e-06,8.480922714186105e-06,2.962748977140685e-19,2.380787650761392e-19,4.551537799479778e-06,7.398429809975849e-21,1.6154099607671073e-06,1.6154099607671147e-06
t0_10s,10.0,224.13037373333484,0.9372062143484059,937206214.3484058,1.6992348117356643e-05,6.129582147886098e-10,6.129582147886098,1.0000000000000016,7.646991783579047e-23,7.646991783579047e-23,0.7500018059519011,0.7500018059519011,2.224197554402684e-19,4.448395108805368e-19,1.767291239072928e-19,5.301873717218784e-19,3.4134437068938562e-06,1.0240331120681569e-05,0.062494868020048513,0.24997947208019405,5.639677388695208e-21,3.9477741720866454e-20,1.2116623979358753e-06,8.481636785551127e-06,2.965589598254015e-19,2.356382644745615e-19,4.551247316746816e-06,7.519551744995251e-21,1.6155459737834034e-06,1.615545973783411e-06
t0_10s,10.0,227.1031593540831,0.930201913638674,930201913.638674,1.6675021649463393e-05,6.152019062010147e-10,6.1520190620101465,1.0000000000000013,7.428303031354803e-23,7.428303031354803e-23,0.7500018060640068,0.7500018060640068,2.2263876268821804e-19,4.452775253764361e-19,1.7489902606466172e-19,5.246970781939852e-19,3.4132327669752503e-06,1.0239698300925752e-05,0.06249486797726712,0.24997947190906847,5.732418619641075e-21,4.0126930337487524e-20,1.2117612321739805e-06,8.482328625217863e-06,2.9685096874182404e-19,2.331981398585265e-19,4.550966063518996e-06,7.643206420694749e-21,1.6156777522087276e-06,1.6156777522087352e-06
t0_10s,10.0,230.11537494677012,0.9232499602434191,923249960.243419,1.636362114815997e-05,6.174538104916118e-10,6.1745381049161185,1.0000000000000016,7.214985629929897e-23,7.214985629929897e-23,0.750001806172482,0.750001806172482,2.228636161793834e-19,4.457272323587668e-19,1.730724679145597e-19,5.1921740374367915e-19,3.4130285440444717e-06,1.0239085632133415e-05,0.06249486793575687,0.24997947174302748,5.827104467967154e-21,4.078973127577008e-20,1.2118569799750208e-06,8.482998859825145e-06,2.9715077263177983e-19,2.307627348230109e-19,4.550693766275489e-06,7.769453913324394e-21,1.6158054154023242e-06,1.615805415402332e-06
t0_10s,10.0,233.16754349653044,0.9163499629399553,916349962.9399554,1.6058035947984753e-05,6.197139577230744e-10,6.197139577230744,1.0000000000000013,7.007050014881611e-23,7.007050014881611e-23,0.7500018062774386,0.7500018062774386,2.2309420800893195e-19,4.461884160178639e-19,1.712522509164376e-19,5.137567527493128e-19,3.412830838657564e-06,1.0238492515972692e-05,0.06249486789548656,0.24997947158194625,5.92378106147439e-21,4.146646743032073e-20,1.2119497286417242e-06,8.48364810049207e-06,2.9745822762246197e-19,2.2833578463821515e-19,4.550430159090975e-06,7.898355726470186e-21,1.6159290797673134e-06,1.6159290797673212e-06
t0_10s,10.0,236.26019492518702,0.9095015334294383,909501533.4294382,1.575815745011712e-05,6.219823780681235e-10,6.219823780681235,1.0000000000000013,6.80448106361595e-23,6.80448106361595e-23,0.7500018063789857,0.7500018063789857,2.233304353488909e-19,4.466608706977818e-19,1.694407843418015e-19,5.083223530254045e-19,3.4126394568237867e-06,1.023791837047136e-05,0.062494867856425426,0.2499794714257017,6.02249562277287e-21,4.2157469359410094e-20,1.2120395633443086e-06,8.48427694341016e-06,2.9777319661019474e-19,2.259205016583398e-19,4.550174983311087e-06,8.029974823460124e-21,1.61604885886348e-06,1.616048858863488e-06
t0_10s,10.0,239.39386618325767,0.902704286315012,902704286.315012,1.5463879083783294e-05,6.242591018099203e-10,6.242591018099203,1.0000000000000013,6.6072431971652e-23,6.6072431971652e-23,0.7500018064772288,0.7500018064772288,2.2357219985199157e-19,4.471443997039831e-19,1.6764013206394534e-19,5.02920396191836e-19,3.4124542099945596e-06,1.0237362629983679e-05,0.062494867818543194,0.24997947127417278,6.123296504074567e-21,4.2863075528521973e-20,1.2121265671069738e-06,8.484885969748817e-06,2.980955484655617e-19,2.2351963770774617e-19,4.5499279875376764e-06,8.164375673754434e-21,1.616164863389267e-06,1.6161648633892752e-06
t0_10s,10.0,242.56910134318136,0.8959578390801205,895957839.0801204,1.5175096268383433e-05,6.265441593424797e-10,6.265441593424797,1.0000000000000013,6.415284303549819e-23,6.415284303549819e-23,0.7500018065722702,0.7500018065722702,2.238194069262855e-19,4.47638813852571e-19,1.6585206324194438e-19,4.975561897258331e-19,3.41227491477948e-06,1.0236824744338441e-05,0.0624948677818101,0.2499794711272404,6.226233219772843e-21,4.35836325384099e-20,1.2122108209120284e-06,8.485475746384198e-06,2.9842515706622937e-19,2.211355516594517e-19,4.549688927250168e-06,8.30162429638479e-21,1.6162772013206073e-06,1.6162772013206156e-06
t0_10s,10.0,245.7864516937804,0.8892618120669813,889261812.0669813,1.4891706376325666e-05,6.2883758117107e-10,6.288375811710701,1.0000000000000013,6.228538341872236e-23,6.228538341872236e-23,0.7500018066642092,0.7500018066642092,2.2407196531595914e-19,4.481439306319183e-19,1.6407808654027635e-19,4.922342596208291e-19,3.412101392932673e-06,1.023630417879802e-05,0.06249486774619685,0.2499794709847874,6.3313564722938805e-21,4.4319495306057165e-20,1.2122924036893352e-06,8.486046825825347e-06,2.9876190073803464e-19,2.18770255061182e-19,4.549457564787359e-06,8.441788294422809e-21,1.616385977896854e-06,1.6163859778968626e-06
t0_10s,10.0,249.04647583597634,0.8826158284552218,882615828.4552218,1.4613608696554358e-05,6.311393979126201e-10,6.311393979126201,1.000000000000001,6.046928195582667e-23,6.046928195582667e-23,0.7500018067531422,0.7500018067531422,2.2432978658907434e-19,4.486595731781487e-19,1.6231948620694357e-19,4.869584586208307e-19,3.411933471140255e-06,1.0235800413420765e-05,0.062494867711674694,0.24997947084669878,6.4387181938861654e-21,4.5071027357203156e-20,1.2123713923920422e-06,8.486599746744295e-06,2.991056615719739e-19,2.1642546023941762e-19,4.549233669064039e-06,8.584936910699235e-21,1.6164912957217525e-06,1.6164912957217612e-06
t0_10s,10.0,252.34973977977427,0.8760195142406728,876019514.2406728,1.4340704398759578e-05,6.334496402961339e-10,6.3344964029613395,1.000000000000001,5.870367818732837e-23,5.870367818732837e-23,0.7500018068391628,0.7500018068391628,2.2459278476923306e-19,4.491855695384661e-19,1.6057735003825092e-19,4.817320501147528e-19,3.4117709809188604e-06,1.023531294275658e-05,0.062494867678215354,0.24997947071286142,6.548371569125484e-21,4.583860098387839e-20,1.212447862025565e-06,8.487135034178955e-06,2.9945632493309014e-19,2.1410261758567546e-19,4.549017015435686e-06,8.731141057810513e-21,1.6165932548020824e-06,1.616593254802091e-06
t0_10s,10.0,255.69681704253486,0.8694724982143215,869472498.2143215,1.4072896498254567e-05,6.35768339163093e-10,6.35768339163093,1.0000000000000016,5.698764051869318e-23,5.698764051869318e-23,0.7500018069223617,0.7500018069223617,2.248608760124228e-19,4.497217520248456e-19,1.5885259405123293e-19,4.765577821536988e-19,3.4116137585174527e-06,1.0234841275552358e-05,0.06249486764579109,0.24997947058316436,6.6603710718758455e-21,4.662259750313092e-20,1.2125218856757732e-06,8.487653199730413e-06,2.998137790296015e-19,2.1180294845299879e-19,4.548807385567558e-06,8.880473367399914e-21,1.6166919525852427e-06,1.6166919525852516e-06
t0_10s,10.0,259.08828874854976,0.8629744119414209,862974411.9414209,1.381008982150949e-05,6.380955254678744e-10,6.380955254678744,1.0000000000000013,5.532018240981414e-23,5.532018240981414e-23,0.7500018070028266,0.7500018070028266,2.2513397828097806e-19,4.502679565619561e-19,1.5714598528218417e-19,4.714379558465525e-19,3.411461644743572e-06,1.0234384934230716e-05,0.06249486761437463,0.24997947045749852,6.774772509691465e-21,4.742340756784026e-20,1.2125935345709515e-06,8.48815474199666e-06,3.0017791447818416e-19,2.095274755539248e-19,4.548604567203016e-06,9.033008249360034e-21,1.6167874840418638e-06,1.616787484041873e-06
t0_10s,10.0,262.52474372993663,0.8565248897407548,856524889.7407548,1.3552190972328554e-05,6.404312302781618e-10,6.4043123027816184,1.0000000000000013,5.370027521114821e-23,5.370027521114821e-23,0.750001807080643,0.750001807080643,2.254120111031216e-19,4.508240222062432e-19,1.5545816014283725e-19,4.663744804285117e-19,3.411314484869831e-06,1.0233943454609493e-05,0.062494867583939254,0.24997947033575701,6.891633028734438e-21,4.824143120114106e-20,1.2126628781097211e-06,8.488640146768048e-06,3.0054862398336125e-19,2.0727704743532944e-19,4.548408354038851e-06,9.188821898389671e-21,1.6168799417030351e-06,1.6168799417030442e-06
t0_10s,10.0,266.0067786288724,0.8501235686640638,850123568.6640638,1.3299108298659038e-05,6.427754847753574e-10,6.427754847753573,1.0000000000000016,5.2126860030792115e-23,5.2126860030792115e-23,0.7500018071558937,0.7500018071558937,2.256948953606453e-19,4.513897907212906e-19,1.5378964057461255e-19,4.613689217238376e-19,3.411172128536376e-06,1.0233516385609128e-05,0.062494867554458745,0.24997947021783498,7.011011187306259e-21,4.9077078311143814e-20,1.2127299838913102e-06,8.489109887239171e-06,3.009258020544114e-19,2.050523600173755e-19,4.548218545595234e-06,9.347992392035618e-21,1.6169694157006676e-06,1.616969415700677e-06
t0_10s,10.0,269.53499800118465,0.8437700884756146,843770088.4756147,1.3050751860019893e-05,6.451283202550043e-10,6.451283202550043,1.0000000000000018,5.0598856605051884e-23,5.0598856605051884e-23,0.7500018072286588,0.7500018072286588,2.259825530724424e-19,4.519651061448848e-19,1.5214084898039094e-19,4.564225469411728e-19,3.411034429600098e-06,1.0233103288800295e-05,0.062494867525907404,0.24997947010362961,7.13296696091179e-21,4.9930768726382525e-20,1.2127949177699753e-06,8.489564424389828e-06,3.0130934471674596e-19,2.0285397650249473e-19,4.548034947014667e-06,9.510599697444604e-21,1.6170559938400537e-06,1.6170559938400632e-06
t0_10s,10.0,273.1100144213137,0.8374640916319325,837464091.6319325,1.280703339553874e-05,6.474897681271967e-10,6.474897681271967,1.0000000000000016,4.911517118121268e-23,4.911517118121268e-23,0.7500018072990163,0.7500018072990163,2.262749072338495e-19,4.52549814467699e-19,1.505121204758747e-19,4.515363614276241e-19,3.4109012460439427e-06,1.0232703738131828e-05,0.062494867498260005,0.24997946999304002,7.2575617930376e-21,5.08029325512632e-20,1.2128577438837857e-06,8.4900042071865e-06,3.0169914929769833e-19,2.0068234371049643e-19,4.5478573689410575e-06,9.676725739067587e-21,1.617139761638247e-06,1.6171397616382568e-06
t0_10s,10.0,276.7324485886703,0.8312052232616766,831205223.2616765,1.2567866292585731e-05,6.498598599170068e-10,6.498598599170068,1.0000000000000016,4.767470358031874e-23,4.767470358031874e-23,0.7500018073670417,0.7500018073670417,2.265718816650528e-19,4.531437633301056e-19,1.4890371382403843e-19,4.467111414721153e-19,3.410772439863765e-06,1.0232317319591294e-05,0.062494867471491876,0.2499794698859675,7.384858628674645e-21,5.169401040072251e-20,1.2129185246939257e-06,8.49042967285748e-06,3.0209511422439985e-19,1.985378066578002e-19,4.547685627368861e-06,9.84645444335654e-21,1.6172208023764645e-06,1.6172208023764742e-06
t0_10s,10.0,280.4029294354016,0.8249931311456711,824993131.1456711,1.2333165555993169e-05,6.522386272649018e-10,6.522386272649018,1.0000000000000016,4.627635275568912e-23,4.627635275568912e-23,0.7500018074328083,0.7500018074328083,2.268734008895501e-19,4.537468017791002e-19,1.4731582084573838e-19,4.419474625372151e-19,3.4106478769823202e-06,1.023194363094696e-05,0.06249486744557884,0.24997946978231536,7.514921950945433e-21,5.2604453656618035e-20,1.2129773210126107e-06,8.490841247088275e-06,3.024971388617292e-19,1.9642062110488475e-19,4.5475195435284015e-06,1.0019871787600572e-20,1.617299197137308e-06,1.617299197137318e-06
t0_10s,10.0,284.1220942355862,0.8188274656970859,818827465.6970859,1.2102847777849955e-05,6.546261019271644e-10,6.546261019271644,1.0000000000000016,4.491902135311154e-23,4.491902135311154e-23,0.750001807496387,0.750001807496387,2.2717939001842264e-19,4.543587800368453e-19,1.4574857483386765e-19,4.37245724501603e-19,3.410527427145981e-06,1.0231582281437943e-05,0.06249486742049722,0.2499794696819889,7.64781782452631e-21,5.3534724771684166e-20,1.2130341920392661e-06,8.491239344274864e-06,3.0290512335800875e-19,1.9433096477513458e-19,4.547358943748159e-06,1.0197065857822151e-20,1.617375024853003e-06,1.6173750248530132e-06
t0_10s,10.0,287.8905887158811,0.8127078799417589,812707879.9417589,1.1876831107860014e-05,6.570223157763208e-10,6.570223157763208,1.0000000000000016,4.3601619413041273e-23,4.3601619413041273e-23,0.7500018075578471,0.7500018075578471,2.27489774605768e-19,4.54979549211536e-19,1.4420205847726304e-19,4.326061754317891e-19,3.410410963732499e-06,1.0231232891197496e-05,0.06249486739622382,0.24997946958489528,7.783613927031731e-21,5.448529748922211e-20,1.2130891954368896e-06,8.491624368058227e-06,3.0331896845224857e-19,1.922689479200233e-19,4.5472036591984565e-06,1.0378126890622709e-20,1.6174483624072133e-06,1.6174483624072236e-06
t0_10s,10.0,291.70906716763074,0.8066340294986751,806634029.4986751,1.1655035224254484e-05,6.594273008015633e-10,6.594273008015633,1.0000000000000018,4.232306863847609e-23,4.232306863847609e-23,0.7500018076172552,0.7500018076172552,2.278044806153444e-19,4.556089612306888e-19,1.4267630941755038e-19,4.280289282526511e-19,3.410298363764542e-06,1.0230895091293626e-05,0.06249486737273599,0.24997946949094396,7.922379605210566e-21,5.545665723647397e-20,1.2131423873175412e-06,8.491996711222788e-06,3.037385754296725e-19,1.902346207282232e-19,4.547053525909504e-06,1.0563147348110868e-20,1.6175192846156956e-06,1.6175192846157062e-06
t0_10s,10.0,295.57819256046827,0.8006055725605832,800605572.5605832,1.1437381305246884e-05,6.618410891091793e-10,6.618410891091793,1.0000000000000018,4.108230354861225e-23,4.108230354861225e-23,0.7500018076746762,0.7500018076746762,2.281234343371871e-19,4.562468686743742e-19,1.4117132607444797e-19,4.235139782233439e-19,3.4101895078058313e-06,1.0230568523417493e-05,0.06249486735001153,0.24997946940004612,8.064185881814962e-21,5.644930117270473e-20,1.2131938222804722e-06,8.492356755963305e-06,3.041638460105403e-19,1.882279810926576e-19,4.5469083846329195e-06,1.0752221927060895e-20,1.617587864277138e-06,1.6175878642771488e-06
t0_10s,10.0,299.4986366574207,0.7946221698747606,794622169.8747606,1.1223792001021468e-05,6.642637129229801e-10,6.642637129229802,1.0000000000000016,3.987827486696289e-23,3.987827486696289e-23,0.750001807730173,0.750001807730173,2.284465622941544e-19,4.568931245883088e-19,1.3968707293365015e-19,4.1906121880095044e-19,3.4100842798151748e-06,1.0230252839445524e-05,0.06249486732802874,0.24997946931211495,8.209105578834497e-21,5.746373905184148e-20,1.2132435534694979e-06,8.492704874286485e-06,3.045946822255424e-19,1.8624898166099508e-19,4.546768080647101e-06,1.094544772322452e-20,1.6176541722496549e-06,1.617654172249666e-06
t0_10s,10.0,303.47108013153996,0.7886834847239241,788683484.7239242,1.1014191406244653e-05,6.666952045847269e-10,6.666952045847269,1.0000000000000016,3.870995070370272e-23,3.870995070370272e-23,0.7500018077838065,0.7500018077838065,2.2877379120105327e-19,4.575475824021065e-19,1.382234846264861e-19,4.146704538794583e-19,3.4099825670921393e-06,1.0229947701276418e-05,0.06249486730676641,0.24997946922706565,8.357213202220184e-21,5.850049241554129e-20,1.2132916325901435e-06,8.493041428131004e-06,3.0503098636130085e-19,1.8429753527518167e-19,4.546632463684796e-06,1.1142924077629972e-20,1.6177182774736506e-06,1.6177182774736618e-06
t0_10s,10.0,307.49621268408464,0.7827891829072783,782789182.9072783,1.0808505033089818e-05,6.691355965545692e-10,6.691355965545692,1.0000000000000016,3.757631801796791e-23,3.757631801796791e-23,0.7500018078356361,0.7500018078356361,2.291050479030806e-19,4.582100958061612e-19,1.3678046989345607e-19,4.103414096803682e-19,3.4098842601705592e-06,1.0229652780511677e-05,0.06249486728620384,0.24997946914481536,8.508585203714687e-21,5.956009642600281e-20,1.213338109950464e-06,8.493366769653248e-06,3.0547266087829117e-19,1.8237352025614275e-19,4.546501387791108e-06,1.1344752925688088e-20,1.6177802470262428e-06,1.6177802470262542e-06
t0_10s,10.0,311.5747331642646,0.7769389327217094,776938932.7217095,1.0606659784765754e-05,6.715849214114714e-10,6.715849214114714,1.0000000000000016,3.6476384063226835e-23,3.6476384063226835e-23,0.7500018078857189,0.7500018078857189,2.2944025933272256e-19,4.588805186654451e-19,1.3535791494465244e-19,4.060737448339573e-19,3.4097892527367763e-06,1.0229367758210328e-05,0.062494867266320746,0.24997946906528298,8.663299851011188e-21,6.064309895707832e-20,1.2133830344912177e-06,8.493681241438523e-06,3.059196083533753e-19,1.8047678488433394e-19,4.5463747112144845e-06,1.1551038624071229e-20,1.6178401461614959e-06,1.6178401461615075e-06
t0_10s,10.0,315.70734969057816,0.7711324049431196,771132404.9431196,1.040858392953965e-05,6.740432118536531e-10,6.740432118536531,1.0000000000000013,3.540917703069963e-23,3.540917703069963e-23,0.7500018079341106,0.7500018079341106,2.297793524858945e-19,4.59558704971789e-19,1.3395568637053016e-19,4.0186705911159046e-19,3.409697441579895e-06,1.0229092324739684e-05,0.06249486724709736,0.24997946898838944,8.821437331355501e-21,6.175006131948851e-20,1.2134264538020547e-06,8.493985176614383e-06,3.0637173144798753e-19,1.786071512807586e-19,4.54625229634039e-06,1.1761888088849093e-20,1.6178980383320048e-06,1.6178980383320167e-06
t0_10s,10.0,319.8947797737556,0.7653692728078979,765369272.8078979,1.021420707524501e-05,6.765105006990245e-10,6.765105006990245,1.0000000000000016,3.4373746475417227e-23,3.4373746475417227e-23,0.7500018079808655,0.7500018079808655,2.301222543683454e-19,4.602445087366908e-19,1.3257363386015165e-19,3.9772090158045493e-19,3.4096087264675758e-06,1.0228826179402727e-05,0.06249486722851437,0.24997946891405748,8.983079823247954e-21,6.288155876273568e-20,1.2134684141716683e-06,8.494278899201678e-06,3.068289328366745e-19,1.767644190312858e-19,4.5461340095256996e-06,1.1977410891090993e-20,1.6179539852557623e-06,1.6179539852557744e-06
t0_10s,10.0,324.1377504413337,0.7596492119945341,759649211.994534,1.0023460144265705e-05,6.789868208856196e-10,6.789868208856197,1.0000000000000016,3.336916386506814e-23,3.336916386506814e-23,0.7500018080260354,0.7500018080260354,2.3046889195379622e-19,4.6093778390759245e-19,1.312115925144967e-19,3.9363477754349013e-19,3.409523010037964e-06,1.0228569030113892e-05,0.06249486721055289,0.24997946884221156,9.148311521091789e-21,6.403818064764252e-20,1.213508960631159e-06,8.494562724418112e-06,3.0729111515127945e-19,1.7494836827105601e-19,4.546019720954601e-06,1.2197719289730321e-20,1.6180080469739792e-06,1.6180080469739915e-06
t0_10s,10.0,328.4369983638853,0.7539719006053641,753971900.6053641,9.836275348987194e-06,6.814722054720443e-10,6.814722054720443,1.0000000000000016,3.239452328370177e-23,3.239452328370177e-23,0.7500018080696714,0.7500018080696714,2.3081919219384274e-19,4.616383843876855e-19,1.2986938484051147e-19,3.896081545215344e-19,3.4094401978006155e-06,1.0228320593401846e-05,0.06249486719319453,0.24997946877277813,9.317218683787357e-21,6.522053078651149e-20,1.2135481369483616e-06,8.49483695863853e-06,3.0775818099414606e-19,1.7315876234320656e-19,4.54590930463983e-06,1.2422928296356631e-20,1.6180602818435193e-06,1.6180602818435318e-06
t0_10s,10.0,332.79326998291873,0.7483370191484594,748337019.1484594,9.652586167706179e-06,6.839666876379087e-10,6.839666876379088,1.0000000000000016,3.144894103410088e-23,3.144894103410088e-23,0.7500018081118225,0.7500018081118225,2.311730819733737e-19,4.623461639467474e-19,1.285468226098465e-19,3.856404678295395e-19,3.4093601980092684e-06,1.0228080594027806e-05,0.062494867176421325,0.2499794687056853,9.489889708326609e-21,6.642922795828626e-20,1.2135859856805442e-06,8.49510189976381e-06,3.082300328786763e-19,1.7139535027718313e-19,4.545802638253034e-06,1.2653155773341418e-20,1.6181107466071643e-06,1.618110746607177e-06
t0_10s,10.0,337.2073216404781,0.7427442505196422,742744250.5196422,9.472327320990065e-06,6.864703006842788e-10,6.864703006842787,1.0000000000000016,3.053155603086703e-23,3.053155603086703e-23,0.7500018081525363,0.7500018081525363,2.315304880985812e-19,4.630609761971624e-19,1.2724370844777242e-19,3.8173112534331726e-19,3.4092829216012167e-06,1.022784876480365e-05,0.06249486716021576,0.24997946864086304,9.666415140264624e-21,6.766490598185236e-20,1.2136225481972909e-06,8.495357837381036e-06,3.0870657321334384e-19,1.696578689072886e-19,4.545699603043934e-06,1.2888522447800095e-20,1.6181594964241245e-06,1.6181594964241374e-06
t0_10s,10.0,341.6799197104595,0.7371932799846448,737193279.9846448,9.295434748478074e-06,6.889830780341156e-10,6.889830780341156,1.0000000000000016,2.964152954302146e-23,2.964152954302146e-23,0.7500018081918592,0.7500018081918592,2.3189133728162276e-19,4.637826745632455e-19,1.259598372556528e-19,3.778795117669584e-19,3.4092082821244563e-06,1.0227624846373369e-05,0.06249486714456072,0.24997946857824288,9.84688779882582e-21,6.892821459178073e-20,1.2136578647092236e-06,8.495605052964564e-06,3.0918770428124386e-19,1.6794604476930912e-19,4.545600083743186e-06,1.3129152078399884e-20,1.6182065849083335e-06,1.6182065849083467e-06
t0_10s,10.0,346.2118407316695,0.7316837951613967,731683795.1613967,9.121845586115394e-06,6.915050532327191e-10,6.915050532327191,1.0000000000000016,2.8778045188478633e-23,2.8778045188478633e-23,0.7500018082298362,0.7500018082298362,2.322555561275611e-19,4.645111122551222e-19,1.2469499746692684e-19,3.740849924007805e-19,3.4091361956653632e-06,1.022740858699609e-05,0.06249486712943957,0.2499794685177583,1.0031402734859346e-20,7.021981914401542e-20,1.2136919742967847e-06,8.495843820077493e-06,3.0967332822267934e-19,1.662595957751536e-19,4.545503968465956e-06,1.3375171399300476e-20,1.6182520641668263e-06,1.6182520641668397e-06
t0_10s,10.0,350.80387154264935,0.7262154860024445,726215486.0024445,8.951498143812662e-06,6.940362599481864e-10,6.9403625994818645,1.0000000000000013,2.794030864962652e-23,2.794030864962652e-23,0.7500018082665104,0.7500018082665104,2.3262307112566463e-19,4.652461422513293e-19,1.23448972157941e-19,3.7034691647382303e-19,3.409066580782041e-06,1.0227199742346122e-05,0.06249486711483605,0.2499794684593442,1.0220057392124615e-20,7.154040174487231e-20,1.213724914936727e-06,8.49607440455709e-06,3.1016334702356194e-19,1.6459823269395888e-19,4.545411148623046e-06,1.362671033520089e-20,1.6182959848350583e-06,1.6182959848350719e-06
t0_10s,10.0,355.45680941828766,0.7207880447775039,720788044.777504,8.784331883522401e-06,6.965767319718477e-10,6.965767319718477,1.0000000000000016,2.712754746406624e-23,2.712754746406624e-23,0.7500018083019242,0.7500018083019242,2.329938086415423e-19,4.659876172830846e-19,1.2222154003301272e-19,3.666646200990382e-19,3.4089993584361804e-06,1.022699807530854e-05,0.06249486710073434,0.24997946840293736,1.0412951581470296e-20,7.289066107029207e-20,1.2137567235295455e-06,8.496297064706819e-06,3.1065766250492456e-19,1.629616604655047e-19,4.545321518830042e-06,1.388390196691154e-20,1.6183383961134797e-06,1.6183383961134937e-06
t0_10s,10.0,360.17146220824367,0.7154011660561422,715401166.0561422,8.620287397725117e-06,6.99126503218727e-10,6.99126503218727,1.0000000000000016,2.633901069206922e-23,2.633901069206922e-23,0.7500018083361182,0.7500018083361182,2.333676949122941e-19,4.667353898245882e-19,1.2101247629566222e-19,3.6303742888698667e-19,3.4089344519284208e-06,1.0226803355785263e-05,0.062494867087119,0.249979468348476,1.0610187593237969e-20,7.427131315266579e-20,1.2137874359255692e-06,8.496512051478985e-06,3.111561763164561e-19,1.6134957936185361e-19,4.545234976821129e-06,1.414688268122541e-20,1.618379345802327e-06,1.6183793458023411e-06
t0_10s,10.0,364.94864847720754,0.7100545466905906,710054546.6905906,8.459306388317081e-06,7.016856077279934e-10,7.016856077279934,1.0000000000000016,2.55739685854711e-23,2.55739685854711e-23,0.7500018083691323,0.7500018083691323,2.3374465604315124e-19,4.674893120863025e-19,1.1982155342045856e-19,3.5946466026137567e-19,3.4088717868343677e-06,1.0226615360503103e-05,0.06249486707397501,0.24997946829590004,1.0811870236871836e-20,7.568309165810286e-20,1.2138170869509957e-06,8.49671960865697e-06,3.116587899320209e-19,1.5976168601647606e-19,4.545151423363776e-06,1.441579222373088e-20,1.6184188803363326e-06,1.618418880336347e-06
t0_10s,10.0,369.78919764702,0.704747885798685,704747885.798685,8.301331645892297e-06,7.042540796634098e-10,7.042540796634098,1.0000000000000016,2.483171220757796e-23,2.483171220757796e-23,0.7500018084010048,0.7500018084010048,2.341246180062159e-19,4.682492360124318e-19,1.1864854183606777e-19,3.559456255082033e-19,3.4088112909428124e-06,1.0226433872828437e-05,0.062494867061287734,0.24997946824515094,1.1018106898325351e-20,7.712674828827746e-20,1.213845710433145e-06,8.496919973032016e-06,3.1216540464797926e-19,1.581976743349794e-19,4.545070762176372e-06,1.4690773775353724e-20,1.6184570448183987e-06,1.6184570448184133e-06
t0_10s,10.0,374.6939501406781,0.6994808847469327,699480884.7469327,8.146307029411511e-06,7.068319533137982e-10,7.068319533137982,1.0000000000000016,2.4111553037118254e-23,2.4111553037118254e-23,0.7500018084317727,0.7500018084317727,2.345075066406791e-19,4.690150132813582e-19,1.1749321052977414e-19,3.524796315893224e-19,3.4087528941951194e-06,1.0226258682585359e-05,0.062494867049042925,0.2499794681961717,1.1229007635117752e-20,7.860305344582427e-20,1.2138733392254036e-06,8.497113374577825e-06,3.1267592158347724e-19,1.5665723630113412e-19,4.544992899847403e-06,1.4971974079098838e-20,1.6184938830528555e-06,1.6184938830528705e-06
t0_10s,10.0,379.6637575282518,0.6942532471337067,694253247.1337067,7.994177446250685e-06,7.094192630934879e-10,7.094192630934879,1.0000000000000016,2.3412822548402497e-23,2.3412822548402497e-23,0.7500018084614722,0.7500018084614722,2.348932476546764e-19,4.697864953093528e-19,1.1635532758221544e-19,3.490659827466463e-19,3.40869652862633e-06,1.022608958587899e-05,0.0624948670372267,0.2499794681489068,1.1444685192937917e-20,8.011279635056541e-20,1.2139000052315816e-06,8.49730003662107e-06,3.131902416829211e-19,1.5514006268985236e-19,4.544917745756923e-06,1.525954346218864e-20,1.618529437577936e-06,1.6185294375779513e-06
t0_10s,10.0,384.69948267473325,0.6890646787725663,689064678.7725663,7.844888832622327e-06,7.120160435427821e-10,7.120160435427821,1.0000000000000016,2.2734871780041535e-23,2.2734871780041535e-23,0.7500018084901384,0.7500018084901384,2.3528176662854627e-19,4.705635332570925e-19,1.1523466064018365e-19,3.4570398192055094e-19,3.408642128307714e-06,1.0225926384923143e-05,0.06249486702582556,0.24997946810330224,1.1665255129386213e-20,8.16567859057035e-20,1.2139257394298055e-06,8.497480176008639e-06,3.1370826572032183e-19,1.5364584369758734e-19,4.544845211999957e-06,1.5553636001051853e-20,1.6185637496976343e-06,1.6185637496976497e-06
t0_10s,10.0,389.80199988984975,0.6839148876757013,683914887.6757013,7.698388134362254e-06,7.146223293284188e-10,7.146223293284188,1.0000000000000016,2.2077070889087827e-23,2.2077070889087827e-23,0.7500018085178048,0.7500018085178048,2.356729890193864e-19,4.713459780387728e-19,1.1413097733411403e-19,3.4239293200234205e-19,3.408589629290708e-06,1.0225768887872124e-05,0.06249486701482637,0.2499794680593055,1.1890835838818214e-20,8.323585087172751e-20,1.2139505718959606e-06,8.497654003271725e-06,3.142298943053703e-19,1.5217426949898427e-19,4.544775213311754e-06,1.5854409554448334e-20,1.6185968595129619e-06,1.6185968595129778e-06
t0_10s,10.0,394.9721950798612,0.6788035840375004,678803584.0375004,7.5546232880751516e-06,7.172381552440236e-10,7.172381552440236,1.0000000000000016,2.143880870249565e-23,2.143880870249565e-23,0.7500018085445047,0.7500018085445047,2.3606684016687975e-19,4.721336803337595e-19,1.1304404564673319e-19,3.3913213694019953e-19,3.408538969552353e-06,1.0225616908657059e-05,0.062494867004216345,0.24997946801686538,1.2121548645130791e-20,8.485084051591554e-20,1.2139745318266144e-06,8.4978217227863e-06,3.14755027891205e-19,1.507250307384095e-19,4.544707666995035e-06,1.6162025887183585e-20,1.6186288059525096e-06,1.6186288059525256e-06
t0_10s,10.0,400.21096590137324,0.6737304802182432,673730480.2182432,7.413543202632453e-06,7.198635562105903e-10,7.198635562105903,1.0000000000000016,2.0819492260163316e-23,2.0819492260163316e-23,0.7500018085702695,0.7500018085702695,2.3646324530023514e-19,4.729264906004703e-19,1.1197363423787049e-19,3.3592090271361146e-19,3.4084900889420613e-06,1.0225470266826183e-05,0.06249486699398306,0.24997946797593223,1.2357517874823079e-20,8.650262512376155e-20,1.2139976475615026e-06,8.497983532930517e-06,3.152835667836664e-19,1.4929781896303174e-19,4.544642492849018e-06,1.6476650767523147e-20,1.6186596268024334e-06,1.61865962680245e-06
t0_10s,10.0,405.51922191719063,0.6686952907279115,668695290.7279115,7.275097741015385e-06,7.22498567276932e-10,7.2249856727693205,1.0000000000000016,2.021854635753806e-23,2.021854635753806e-23,0.7500018085951303,0.7500018085951303,2.368621295461955e-19,4.73724259092391e-19,1.1091951273034196e-19,3.3275853819102585e-19,3.4084429291297185e-06,1.0225328787389155e-05,0.062494866984114404,0.24997946793645762,1.2598870920643965e-20,8.819209644450776e-20,1.2140199466055494e-06,8.498139626238847e-06,3.158154111519744e-19,1.4789232700399937e-19,4.544579613100214e-06,1.6798454052055693e-20,1.6186893587358103e-06,1.618689358735827e-06
t0_10s,10.0,410.89788475423546,0.6636977322101243,663697732.2101243,7.139237702497431e-06,7.251432236201601e-10,7.251432236201601,1.0000000000000016,1.963541308815622e-23,1.963541308815622e-23,0.7500018086191168,0.7500018086191168,2.372634179380656e-19,4.745268358761312e-19,1.0988145196129999e-19,3.2964435588389996e-19,3.4083974335551705e-06,1.0225192300665512e-05,0.062494866974598634,0.24997946789839454,1.2845738328607312e-20,8.992016830025118e-20,1.2140414556504055e-06,8.498290189552838e-06,3.163504610407656e-19,1.4650824931157268e-19,4.544518952335089e-06,1.7127609801713067e-20,1.618718037341358e-06,1.6187180373413752e-06
t0_10s,10.0,416.3478882635621,0.6587375234261916,658737523.4261917,7.005914805159317e-06,7.277975605461478e-10,7.277975605461478,1.0000000000000016,1.9069551387452686e-23,1.9069551387452686e-23,0.7500018086422581,0.7500018086422581,2.376670354256297e-19,4.753340708512594e-19,1.0885922420241324e-19,3.2657767260723972e-19,3.408353547378907e-06,1.0225060642136721e-05,0.06249486696542429,0.24997946786169717,1.3098253873340921e-20,9.168777711338645e-20,1.2140622005955695e-06,8.498435404168986e-06,3.1688861638331604e-19,1.4514528224869627e-19,4.544460437434293e-06,1.7464296382235302e-20,1.6187456971515953e-06,1.6187456971516127e-06
t0_10s,10.0,421.8701786824927,0.6538143852392886,653814385.2392886,6.875081668730609e-06,7.304616134900026e-10,7.3046161349000265,1.0000000000000018,1.8520436580278273e-23,1.8520436580278273e-23,0.7500018086645821,0.7500018086645821,2.38072906885962e-19,4.76145813771924e-19,1.0785260335258797e-19,3.235578100577639e-19,3.408311217434057e-06,1.0224933652302171e-05,0.06249486695658031,0.24997946782632124,1.3356554633260169e-20,9.349588243282118e-20,1.2140822065690384e-06,8.498575445983269e-06,3.17429777015956e-19,1.4380312434796021e-19,4.544403997508666e-06,1.780869656440192e-20,1.6187723716703778e-06,1.6187723716703956e-06
t0_10s,10.0,427.4657147989048,0.6489280405987464,648928040.5987464,6.746691797751725e-06,7.331354180165382e-10,7.331354180165382,1.0000000000000016,1.79875599326916e-23,1.79875599326916e-23,0.750001808686116,0.750001808686116,2.384809571350404e-19,4.769619142700808e-19,1.0686136510602376e-19,3.205840953180713e-19,3.4082703921796004e-06,1.0224811176538801e-05,0.062494866948055866,0.24997946779222346,1.3620781082101673e-20,9.534546757471171e-20,1.214101497947522e-06,8.498710485632653e-06,3.179738426935545e-19,1.4248147653567383e-19,4.544349563836851e-06,1.8160997646076502e-20,1.6187980933998479e-06,1.618798093399866e-06
t0_10s,10.0,433.13546811769857,0.6440782145244593,644078214.5244594,6.620699565050342e-06,7.358190098207545e-10,7.358190098207545,1.0000000000000016,1.747042820914182e-23,1.747042820914182e-23,0.7500018087068862,0.7500018087068862,2.388911109401092e-19,4.777822218802184e-19,1.058852870981859e-19,3.1765586129455767e-19,3.4082310216547578e-06,1.0224693064964274e-05,0.06249486693984048,0.24997946775936192,1.389107716431998e-20,9.723754015023987e-20,1.2141200983762321e-06,8.498840688633626e-06,3.185207131060027e-19,1.4118004232649486e-19,4.544297069804473e-06,1.8521391552735383e-20,1.618822893866822e-06,1.6188228938668404e-06
t0_10s,10.0,438.88042302946945,0.6392646340914133,639264634.0914134,6.497060195526489e-06,7.385124247283085e-10,7.385124247283085,1.0000000000000018,1.6968563236613714e-23,1.6968563236613714e-23,0.750001808726918,0.750001808726918,2.3930329303275286e-19,4.786065860655057e-19,1.0492414903218492e-19,3.1477244709655476e-19,3.4081930574345566e-06,1.022457917230367e-05,0.06249486693192398,0.24997946772769591,1.4167590385807044e-20,9.917313270064931e-20,1.214138030788236e-06,8.498966215517652e-06,3.1907028789564585e-19,1.3989852799193539e-19,4.544246450844905e-06,1.8890074958426644e-20,1.6188468036485948e-06,1.6188468036486137e-06
t0_10s,10.0,444.7015769814203,0.6344870284143251,634487028.4143251,6.375729750240334e-06,7.412156986959957e-10,7.412156986959957,1.0000000000000016,1.6481501475197302e-23,1.6481501475197302e-23,0.750001808746236,0.750001808746236,2.3971742812262257e-19,4.794348562452451e-19,1.0397773278751807e-19,3.119331983625542e-19,3.4081564525865337e-06,1.02244693577596e-05,0.062494866924296455,0.24997946769718582,1.445047190103664e-20,1.0115330330725647e-19,1.2141553174233909e-06,8.499087221963736e-06,3.1962246667558536e-19,1.3863664270534988e-19,4.5441976443815316e-06,1.926724940196241e-20,1.618869852398185e-06,1.6188698523982044e-06
t0_10s,10.0,450.5999406505383,0.6297451286323991,629745128.6323991,6.256665110797177e-06,7.439288678122267e-10,7.439288678122267,1.0000000000000016,1.6008793596820328e-23,1.6008793596820328e-23,0.7500018087648646,0.7500018087648646,2.40133440911785e-19,4.8026688182357e-19,1.0304582251318568e-19,3.0913746753955704e-19,3.4081211616285578e-06,1.0224363484885673e-05,0.0624948669169483,0.2499794676677932,1.4739876602370043e-20,1.031791362165903e-19,1.2141719798468583e-06,8.499203858928009e-06,3.2017714904880987e-19,1.373940986660899e-19,4.544150589771509e-06,1.9653121405992754e-20,1.6188920688690195e-06,1.6188920688690392e-06
t0_10s,10.0,456.5765381190711,0.6250386678941965,625038667.8941965,6.139823964024047e-06,7.466519682975126e-10,7.466519682975125,1.0000000000000016,1.555000407197722e-23,1.555000407197722e-23,0.7500018087828266,0.7500018087828266,2.405512561096358e-19,4.811025122192716e-19,1.021282047067095e-19,3.0638461412012853e-19,3.4080871404877313e-06,1.0224261421463194e-05,0.06249486690987019,0.24997946763948076,1.5035963212464217e-20,1.0525174248724952e-19,1.214188038967214e-06,8.499316272770498e-06,3.207342346280804e-19,1.3617061120486195e-19,4.544105228250976e-06,2.0047902600216378e-20,1.6189134809390824e-06,1.6189134809391025e-06
t0_10s,10.0,462.63240705232994,0.6203673813426186,620367381.3426186,6.02516478693246e-06,7.493850365049472e-10,7.4938503650494726,1.0000000000000018,1.5104710765039864e-23,1.5104710765039864e-23,0.7500018088001447,0.7500018088001447,2.409707984483457e-19,4.819415968966914e-19,1.0122466828062076e-19,3.0367400484186227e-19,3.4080543464603533e-06,1.022416303938106e-05,0.06249486690305308,0.24997946761221232,1.533889437847916e-20,1.0737226064935413e-19,1.2142035150541492e-06,8.499424605379044e-06,3.2129362305652513e-19,1.349658988723778e-19,4.544061502881666e-06,2.045180984699007e-20,1.6189341156345156e-06,1.6189341156345362e-06
t0_10s,10.0,468.76859887884973,0.6157310061000006,615731006.1000006,5.912646831961944e-06,7.521281089206923e-10,7.521281089206923,1.0000000000000018,1.4672504538297868e-23,1.4672504538297868e-23,0.7500018088168402,0.7500018088168402,2.413919926988006e-19,4.827839853976012e-19,1.0033500461772939e-19,3.010050138531882e-19,3.408022738172918e-06,1.0224068214518753e-05,0.06249486689648817,0.24997946758595269,1.564883676788323e-20,1.0954185737518262e-19,1.214218427755778e-06,8.499528994290447e-06,3.2185521402889253e-19,1.3377968351304663e-19,4.544019358498907e-06,2.0865065369068826e-20,1.6189539991526946e-06,1.6189539991527156e-06
t0_10s,10.0,474.98617897294037,0.6111292812533201,611129281.2533201,5.802230112499245e-06,7.548812221644661e-10,7.548812221644661,1.0000000000000018,1.425298886511261e-23,1.425298886511261e-23,0.7500018088329345,0.7500018088329345,2.418147636869983e-19,4.836295273739966e-19,9.945900761636457e-20,2.983770228490937e-19,3.40799227554412e-06,1.0223976826632359e-05,0.06249486689016694,0.24997946756066777,1.5965961166692785e-20,1.117617281668495e-19,1.2142327961155498e-06,8.499629572808848e-06,3.2241890731341337e-19,1.3261169032529548e-19,4.5439787416609575e-06,2.1287896880591733e-20,1.618973156884778e-06,1.6189731568847993e-06
t0_10s,10.0,481.2862268396567,0.6065619478395132,606561947.8395132,5.693875388667832e-06,7.576444129900274e-10,7.576444129900274,1.0000000000000016,1.384577945227736e-23,1.384577945227736e-23,0.7500018088484476,0.7500018088484476,2.422390363108669e-19,4.844780726217338e-19,9.859647372666876e-20,2.9578942118000626e-19,3.4079629197478565e-06,1.0223888759243569e-05,0.06249486688408114,0.24997946753632455,1.6290442579736104e-20,1.1403309805815273e-19,1.21424663858878e-06,8.49972647012146e-06,3.2298460277422613e-19,1.3146164790996137e-19,4.543939600599685e-06,2.172053772076689e-20,1.6189916134377511e-06,1.618991613437773e-06
t0_10s,10.0,487.6698363022251,0.6020287488309017,602028748.8309017,5.587544153382902e-06,7.604177182856737e-10,7.604177182856737,1.0000000000000016,1.3450503871477194e-23,1.3450503871477194e-23,0.7500018088633997,0.7500018088633997,2.426647355574709e-19,4.853294711149418e-19,9.77472019788636e-20,2.932416059365908e-19,3.4079346331771842e-06,1.0223803899531553e-05,0.06249486687822273,0.2499794675128909,1.6622460332873852e-20,1.1635722233011695e-19,1.2142599730587984e-06,8.499819811411588e-06,3.235522003943169e-19,1.3032928830797874e-19,4.543901885172496e-06,2.2163226990164973e-20,1.6190093926559523e-06,1.6190093926559746e-06
t0_10s,10.0,494.1381156919556,0.5975294291207279,597529429.1207279,5.483198618666642e-06,7.632011750747259e-10,7.632011750747259,1.0000000000000018,1.3066801200091489e-23,1.3066801200091489e-23,0.7500018088778099,0.7500018088778099,2.4309178652057326e-19,4.861835730411465e-19,9.691099400437231e-20,2.907329820131169e-19,3.407907379409212e-06,1.0223722138227636e-05,0.06249486687258392,0.24997946749033567,1.6962198177366625e-20,1.1873538724156638e-19,1.2142728168527255e-06,8.499909717969078e-06,3.24121600298937e-19,1.29214347028543e-19,4.543865546815538e-06,2.2616209689875698e-20,1.6190265176421122e-06,1.6190265176421349e-06
t0_10s,10.0,500.6921880406701,0.5930637355087988,593063735.5087987,5.380801702219211e-06,7.659948205160274e-10,7.6599482051602745,1.0000000000000016,1.2694321671316185e-23,1.2694321671316185e-23,0.7500018088916961,0.7500018088916961,2.435201144185238e-19,4.870402288370476e-19,9.608765405057005e-20,2.8826296215171014e-19,3.4078811231709226e-06,1.0223643369512767e-05,0.062494866867157176,0.2499794674686287,1.7309844396293775e-20,1.2116891077405642e-19,1.214285186756885e-06,8.499996307298194e-06,3.246927027794533e-19,1.281165630687773e-19,4.543830538498124e-06,2.307973686339922e-20,1.6190430107779028e-06,1.619043010777926e-06
t0_10s,10.0,507.33319127568603,0.5886314166872373,588631416.6872373,5.280317014240442e-06,7.687986919044416e-10,7.687986919044416,1.0000000000000018,1.233272633351908e-23,1.233272633351908e-23,0.7500018089050767,0.7500018089050767,2.4394964461244176e-19,4.878992892248835e-19,9.527698898983341e-20,2.858309669695002e-19,3.4078558303058895e-06,1.0223567490917668e-05,0.0624948668619352,0.2499794674477408,1.7665591913022458e-20,1.236591433911572e-19,1.2142970990318492e-06,8.500079693222944e-06,3.2526540831759115e-19,1.270356789257985e-19,4.5437968146783515e-06,2.3554065741271147e-20,1.6190588937439958e-06,1.6190588937440193e-06
t0_10s,10.0,514.0622784173834,0.5842322232263406,584232223.2263407,5.181708844497613e-06,7.716128266713437e-10,7.716128266713437,1.0000000000000016,1.1981686718710153e-23,1.1981686718710153e-23,0.7500018089179689,0.7500018089179689,2.4438030262466547e-19,4.887606052493309e-19,9.447880832351791e-20,2.8343642497055373e-19,3.4078314677418587e-06,1.0223494403225576e-05,0.0624948668569109,0.2499794674276436,1.802963840171804e-20,1.2620746881202627e-19,1.2143085694271352e-06,8.500159985989947e-06,3.2583961761003496e-19,1.2597144060202059e-19,4.543764331259885e-06,2.4039459888409448e-20,1.6190741875396592e-06,1.6190741875396834e-06
t0_10s,10.0,520.8806177793947,0.5798659075605427,579865907.5605427,5.084942149634759e-06,7.744372623851247e-10,7.744372623851247,1.0000000000000016,1.1640884520207856e-23,1.1640884520207856e-23,0.7500018089303894,0.7500018089303894,2.4481201415743717e-19,4.896240283148743e-19,9.369292418138235e-20,2.8107877254414703e-19,3.4078080034591877e-06,1.0223424010377563e-05,0.062494866852077384,0.24997946740830954,1.8402186399881597e-20,1.288153047991712e-19,1.2143196131955533e-06,8.500237292368873e-06,3.2641523159334024e-19,1.2492359760438706e-19,4.543733045549867e-06,2.4536189354164046e-20,1.6190889125018885e-06,1.619088912501913e-06
t0_10s,10.0,527.7893931714501,0.5755322239744821,575532223.974482,4.989982540718972e-06,7.772720367516927e-10,7.772720367516927,1.0000000000000016,1.1310011279248163e-23,1.1310011279248163e-23,0.7500018089423544,0.7500018089423544,2.4524470511180576e-19,4.904894102236115e-19,9.291915131705306e-20,2.7875745395115914e-19,3.4077854064601295e-06,1.0223356219380389e-05,0.06249486684742802,0.24997946738971208,1.8783443422881882e-20,1.3148410396017318e-19,1.2143302451072076e-06,8.500311715750453e-06,3.269921514691379e-19,1.238919029383233e-19,4.5437029162179714e-06,2.5044530825025772e-20,1.6191030883240734e-06,1.6191030883240984e-06
t0_10s,10.0,534.7898041049111,0.5712309285891751,571230928.5891751,4.896796271019272e-06,7.801171876149762e-10,7.801171876149762,1.0000000000000018,1.0988768080403525e-23,1.0988768080403525e-23,0.7500018089538798,0.7500018089538798,2.456783016067098e-19,4.913566032134196e-19,9.215730709985855e-20,2.7647192129957565e-19,3.407763646738914e-06,1.0223290940216743e-05,0.06249486684295634,0.24997946737182536,1.9173622080452833e-20,1.3421535456316983e-19,1.2143404794631654e-06,8.500383356242158e-06,3.2757027872957757e-19,1.2287611309684938e-19,4.5436739032565046e-06,2.5564767779955962e-20,1.6191167340742232e-06,1.6191167340742488e-06
t0_10s,10.0,541.883066001032,0.5669617793482901,566961779.3482901,4.805350224013668e-06,7.829727529574288e-10,7.829727529574288,1.0000000000000016,1.0676865255763088e-23,1.0676865255763088e-23,0.7500018089649806,0.7500018089649806,2.461127299982232e-19,4.922254599964464e-19,9.140721150352108e-20,2.7422163451056325e-19,3.4077426952526335e-06,1.02232280857579e-05,0.06249486683865612,0.24997946735462448,1.9572940195119102e-20,1.370105813658337e-19,1.2143503301087959e-06,8.500452310761572e-06,3.281495151829891e-19,1.2187598804550231e-19,4.543645967941591e-06,2.6097190648286836e-20,1.6191298682127537e-06,1.6191298682127798e-06
t0_10s,10.0,549.0704104019813,0.5627245360045279,562724536.0045279,4.715611901620257e-06,7.858387709005332e-10,7.858387709005331,1.0000000000000016,1.0374022097652767e-23,1.0374022097652767e-23,0.7500018089756716,0.7500018089756716,2.465479168989374e-19,4.930958337978748e-19,9.066868709203793e-20,2.720060612761138e-19,3.4077225238928965e-06,1.022316757167869e-05,0.06249486683452129,0.24997946733808515,1.9981620922503276e-20,1.3987134645752294e-19,1.2143598104467805e-06,8.500518673127465e-06,3.287297629797249e-19,1.2089129120351098e-19,4.543619072795377e-06,2.664209697013069e-20,1.6191425086098315e-06,1.6191425086098581e-06
t0_10s,10.0,556.3530851846657,0.5585189601061004,558518960.1061003,4.6275494126480635e-06,7.887152797053196e-10,7.887152797053196,1.0000000000000018,1.0079966579746526e-23,1.0079966579746526e-23,0.7500018089859671,0.7500018089859671,2.4698378919745684e-19,4.939675783949137e-19,8.994155900308498e-20,2.6982467700925495e-19,3.4077031054582467e-06,1.0223109316374739e-05,0.06249486683054601,0.24997946732218404,2.0399892873463072e-20,1.427992501142415e-19,1.2143689334498107e-06,8.500582534148675e-06,3.293109246381538e-19,1.1992178942166769e-19,4.543593181549255e-06,2.719979155922911e-20,1.619154672562306e-06,1.619154672562333e-06
t0_10s,10.0,563.7323547773881,0.5543448149833113,554344814.9833113,4.5411314614634855e-06,7.916023177728623e-10,7.916023177728624,1.0000000000000016,9.794435086405012e-24,9.794435086405012e-24,0.7500018089958808,0.7500018089958808,2.4742027407798133e-19,4.948405481559627e-19,8.922565492921289e-20,2.676769647876387e-19,3.407684413627311e-06,1.0223053240881933e-05,0.06249486682672459,0.24997946730689835,2.0827990237997065e-20,1.4579593166597945e-19,1.214377711672971e-06,8.500643981710797e-06,3.2989290307077145e-19,1.1896725295725646e-19,4.543568259108062e-06,2.7770586668160237e-20,1.6191663768102201e-06,1.6191663768102479e-06
t0_10s,10.0,571.2095003793789,0.5502018657352389,550201865.7352389,4.456327336868541e-06,7.944999236448048e-10,7.944999236448049,1.0000000000000016,9.517172150080811e-24,9.517172150080811e-24,0.7500018090054258,0.7500018090054258,2.478572990399619e-19,4.957145980799238e-19,8.852080509716377e-20,2.655624152914913e-19,3.4076664229326717e-06,1.0222999268798016e-05,0.06249486682305155,0.2499794672922062,2.1266152910850593e-20,1.4886307037595416e-19,1.2143861572658123e-06,8.500703100860687e-06,3.3047560161040734e-19,1.180274554464753e-19,4.543544271515243e-06,2.8354802155812863e-20,1.6191776375529075e-06,1.6191776375529359e-06
t0_10s,10.0,578.7858201832405,0.5460898792165144,546089879.2165145,4.373106901186659e-06,7.974081360038704e-10,7.974081360038705,1.0000000000000016,9.247930196546974e-24,9.247930196546974e-24,0.7500018090146151,0.7500018090146151,2.4829479191779858e-19,4.9658958383559715e-19,8.782684224546893e-20,2.6348052673640676e-19,3.407649108735447e-06,1.022294732620634e-05,0.062494866819521565,0.24997946727808626,2.1714626618743672e-20,1.520023863312057e-19,1.214394281984131e-06,8.500759973888917e-06,3.310589240364887e-19,1.1710217387456656e-19,4.543521185918957e-06,2.895276565702327e-20,1.6191884704646977e-06,1.6191884704647267e-06
t0_10s,10.0,586.462629600339,0.5420086240242051,542008624.0242051,4.291440579552404e-06,8.003269936743742e-10,8.003269936743742,1.0000000000000016,8.986469297824706e-24,8.986469297824706e-24,0.7500018090234615,0.7500018090234615,2.48732680900566e-19,4.97465361801132e-19,8.714360160058801e-20,2.61430804801764e-19,3.4076324472005463e-06,1.0222897341601639e-05,0.0624948668161295,0.249979467264518,2.2173663049133517e-20,1.5521564134393462e-19,1.214402097201448e-06,8.500814680410137e-06,3.316427746013412e-19,1.1619118854400254e-19,4.543498970539082e-06,2.956481275425815e-20,1.6191988907102211e-06,1.6191988907102508e-06
t0_10s,10.0,594.2412614891896,0.5379578704847902,537957870.4847902,4.211299349401168e-06,8.03256535622748e-10,8.032565356227481,1.0000000000000018,8.732556932600668e-24,8.732556932600668e-24,0.7500018090319769,0.7500018090319769,2.4917089455174585e-19,4.983417891034917e-19,8.647092085178728e-20,2.5941276255536185e-19,3.4076164152726024e-06,1.0222849245817808e-05,0.06249486681287039,0.24997946725148157,2.264351998041511e-20,1.5850463986290578e-19,1.214409613920203e-06,8.500867297441422e-06,3.32227058056499e-19,1.1529428304099e-19,4.54347759463513e-06,3.019128715121497e-20,1.6192089129593364e-06,1.6192089129593667e-06
t0_10s,10.0,602.1230663868702,0.5339373906412348,533937390.6412348,4.132654730155073e-06,8.061968009580563e-10,8.061968009580562,1.0000000000000016,8.485967753971015e-24,8.485967753971015e-24,0.7500018090401727,0.7500018090401727,2.4960936182894544e-19,4.992187236578909e-19,8.58086401249064e-20,2.574259203747192e-19,3.4076009906525578e-06,1.0222802971957673e-05,0.062494866809739404,0.24997946723895761,2.312446141345197e-20,1.6187122989416379e-19,1.2144168427826613e-06,8.500917899478629e-06,3.3281167967899595e-19,1.1441124420049258e-19,4.543457028475027e-06,3.0832540848195934e-20,1.6192185514016712e-06,1.6192185514017021e-06
t0_10s,10.0,610.1094127435025,0.5299469582401637,529946958.2401637,4.05547877310162e-06,8.091478289325202e-10,8.091478289325202,1.0000000000000016,8.246483364275398e-24,8.246483364275398e-24,0.7500018090480602,0.7500018090480602,2.5004801210358385e-19,5.000960242071677e-19,8.515660195518652e-20,2.5546980586555957e-19,3.4075861517748823e-06,1.0222758455324646e-05,0.0624948668067319,0.2499794672269276,2.361675770431867e-20,1.653173039302307e-19,1.214423794081544e-06,8.500966558570807e-06,3.333965452976137e-19,1.135418620700016e-19,4.543437243304734e-06,3.1488934319097494e-20,1.6192278197607966e-06,1.6192278197608282e-06
t0_10s,10.0,618.2016871598429,0.5259863487191282,525986348.7191282,3.979744051461243e-06,8.121096589420397e-10,8.121096589420397,1.0000000000000018,8.013892096872829e-24,8.013892096872829e-24,0.7500018090556505,0.7500018090556505,2.5048677518052855e-19,5.009735503610571e-19,8.451465125929853e-20,2.535439537778956e-19,3.407571877785416e-06,1.022271563335625e-05,0.062494866803843356,0.24997946721537342,2.4120685698125748e-20,1.6884479988688024e-19,1.214430477770389e-06,8.501013344392723e-06,3.3398156131906382e-19,1.1268592987224048e-19,4.543418211318704e-06,3.216083668984321e-20,1.619236731308041e-06,1.6192367313080731e-06
t0_10s,10.0,626.4012946280292,0.522055339193968,522055339.19396794,3.905423650640393e-06,8.15082330526723e-10,8.15082330526723,1.0000000000000018,7.787988804665184e-24,7.787988804665184e-24,0.7500018090629541,0.7500018090629541,2.5092558131766425e-19,5.018511626353285e-19,8.388263530669857e-20,2.5164790592009575e-19,3.4075581485198233e-06,1.022267444555947e-05,0.062494866801069436,0.24997946720427774,2.4636528863785624e-20,1.7245570204649936e-19,1.2144369034736425e-06,8.501058324315498e-06,3.3456663475407953e-19,1.1184324396697233e-19,4.543399905631158e-06,3.2848625918071176e-20,1.619245298875945e-06,1.6192452988759779e-06
t0_10s,10.0,634.7096587755135,0.51815370844627,518153708.4462699,3.832491158666638e-06,8.180658833714085e-10,8.180658833714086,1.0000000000000018,7.56857465516888e-24,7.56857465516888e-24,0.7500018090699812,0.7500018090699812,2.513643612453758e-19,5.027287224907516e-19,8.326040369042581e-20,2.4978121107127743e-19,3.4075449444826237e-06,1.0222634833447871e-05,0.06249486679840593,0.2499794671936237,2.5164577429564682e-20,1.7615204200695277e-19,1.214443080496488e-06,8.501101563475416e-06,3.351516732433928e-19,1.1101360381206354e-19,4.5433823002481215e-06,3.35526889738697e-20,1.619253534871368e-06,1.6192535348714016e-06
t0_10s,10.0,643.1282221122383,0.5142812369109167,514281236.9109166,3.7609206568023573e-06,8.210603573062019e-10,8.210603573062018,1.0000000000000016,7.355456931984831e-24,7.355456931984831e-24,0.7500018090767414,0.7500018090767414,2.5180304618593073e-19,5.036060923718615e-19,8.264780829744619e-20,2.4794342489233856e-19,3.4075322468268196e-06,1.022259674048046e-05,0.062494866795848744,0.24997946718339498,2.5705128519255946e-20,1.7993589963479163e-19,1.2144490178344232e-06,8.501143124840962e-06,3.3573658508357787e-19,1.1019681192394236e-19,4.543365370040268e-06,3.427342202134043e-20,1.619261451288258e-06,1.6192614512882922e-06
t0_10s,10.0,651.6584462810854,0.5104377066637323,510437706.66373235,3.6906867103337805e-06,8.240657923070041e-10,8.24065792307004,1.0000000000000018,7.148448842454575e-24,7.148448842454575e-24,0.7500018090832447,0.7500018090832447,2.522415678727435e-19,5.04483135745487e-19,8.204470327863821e-20,2.4613410983591463e-19,3.4075200373340682e-06,1.0222560112002204e-05,0.06249486679339398,0.24997946717357591,2.6258486288790712e-20,1.8380940402153498e-19,1.2144547241825846e-06,8.501183069278092e-06,3.363212792527365e-19,1.0939267383757985e-19,4.5433490907164715e-06,3.5011230600746745e-20,1.61926905972008e-06,1.619269059720115e-06
t0_10s,10.0,660.301812311646,0.5066229014092191,506622901.4092191,3.6217643595319797e-06,8.270822284960414e-10,8.270822284960413,1.0000000000000018,6.94736933133105e-24,6.94736933133105e-24,0.7500018090894999,0.7500018090894999,2.5267985856950585e-19,5.053597171390117e-19,8.145094501849357e-20,2.4435283505548073e-19,3.4075082983954172e-06,1.0222524895186252e-05,0.06249486679103781,0.24997946716415123,2.6824962063095484e-20,1.8777473444166838e-19,1.2144602079448269e-06,8.501221455613788e-06,3.369056654360054e-19,1.0860099806609106e-19,4.543333438798132e-06,3.5766529810989275e-20,1.619276371371928e-06,1.6192763713719638e-06
t0_10s,10.0,669.0598208773646,0.5028366064683832,502836606.46838325,3.5541291107826838e-06,8.301097061424079e-10,8.301097061424079,1.0000000000000018,6.752042900309744e-24,6.752042900309744e-24,0.750001809095516,0.750001809095516,2.5311785108916866e-19,5.062357021783373e-19,8.086639210462506e-20,2.425991763138752e-19,3.4074970129925652e-06,1.0222491038977696e-05,0.062494866788776554,0.24997946715510622,2.740487447298591e-20,1.9183412131090138e-19,1.2144654772425608e-06,8.501258340697925e-06,3.3748965405086512e-19,1.0782159606007881e-19,4.543318391594181e-06,3.6539744492130663e-20,1.6192833970723041e-06,1.6192833970723408e-06
t0_10s,10.0,677.9339925560816,0.49907860876665605,499078608.76665604,3.487756927881773e-06,8.331482656626017e-10,8.331482656626017,1.0000000000000018,6.562299433228016e-24,6.562299433228016e-24,0.7500018091013017,0.7500018091013017,2.535554788127604e-19,5.071109576255208e-19,8.02909052971403e-20,2.408727158914209e-19,3.4074861646796493e-06,1.0222458494038947e-05,0.06249486678660669,0.24997946714642677,2.799854959187286e-20,1.9598984714311003e-19,1.2144705399233592e-06,8.501293779463515e-06,3.3807315627223107e-19,1.0705428216679878e-19,4.543303927176801e-06,3.733130940766989e-20,1.6192901472845946e-06,1.619290147284632e-06
t0_10s,10.0,686.9258680940442,0.49534869682190175,495348696.82190174,3.4226242234932404e-06,8.361979476210565e-10,8.361979476210566,1.000000000000002,6.377974026773366e-24,6.377974026773366e-24,0.7500018091068652,0.7500018091068652,2.539926757080255e-19,5.07985351416051e-19,7.972434749793318e-20,2.391730424937995e-19,3.407475737565541e-06,1.0222427212696623e-05,0.06249486678452478,0.24997946713809913,2.860632107204284e-20,2.0024424750429988e-19,1.2144754035693326e-06,8.501327824985328e-06,3.386560840573052e-19,1.0629887358921494e-19,4.543290024357823e-06,3.814166942624911e-20,1.6192966321182381e-06,1.6192966321182763e-06
t0_10s,10.0,696.0370086734098,0.4916466607325157,491646660.7325157,3.3587078507667656e-06,8.392587927306958e-10,8.392587927306959,1.0000000000000018,6.198906826541573e-24,6.198906826541573e-24,0.7500018091122145,0.7500018091122145,2.544293763478723e-19,5.088587526957446e-19,7.916658371996991e-20,2.374997511599097e-19,3.4074657162966395e-06,1.0222397148889919e-05,0.06249486678252751,0.24997946713011004,2.9228530280257e-20,2.04599711961799e-19,1.2144800755052755e-06,8.501360528536928e-06,3.392383501701725e-19,1.0555519034504768e-19,4.54327666266578e-06,3.8971279702451834e-20,1.6193028613395867e-06,1.6193028613396257e-06
t0_10s,10.0,705.268996183299,0.4879722921656146,487972292.1656146,3.2959850951117958e-06,8.423308418534648e-10,8.423308418534647,1.000000000000002,6.024942868270408e-24,6.024942868270408e-24,0.7500018091173575,0.7500018091173575,2.548655159286117e-19,5.097310318572234e-19,7.861748105659614e-20,2.358524431697884e-19,3.407456086040144e-06,1.0222368258120432e-05,0.06249486678061169,0.24997946712244676,2.9865526432397195e-20,2.0905868502678038e-19,1.2144845628066003e-06,8.501391939646203e-06,3.398198682061196e-19,1.0482305522584995e-19,4.543263822323604e-06,3.9820605856330607e-20,1.6193088443824839e-06,1.6193088443825237e-06
t0_10s,10.0,714.6234334944505,0.4843253843453099,484325384.3453099,3.234433666125222e-06,8.454141360008857e-10,8.454141360008858,1.000000000000002,5.8559319241069924e-24,5.8559319241069924e-24,0.7500018091223015,0.7500018091223015,2.5530103028797708e-19,5.1060206057595415e-19,7.807690865092572e-20,2.3423072595277717e-19,3.407446832467808e-06,1.0222340497403423e-05,0.062494866778774215,0.24997946711509686,3.0517666726872125e-20,2.1362366708810487e-19,1.2144888723070512e-06,8.501422106149359e-06,3.4040055261566116e-19,1.041022937561926e-19,4.543251484226968e-06,4.069012415128143e-20,1.6193145903585502e-06,1.6193145903585909e-06
t0_10s,10.0,724.1019447375079,0.4807057320410733,480705732.0410733,3.1740316896698223e-06,8.48508716334596e-10,8.48508716334596,1.000000000000002,5.6917283537440754e-24,5.6917283537440754e-24,0.750001809127054,0.750001809127054,2.5573585592290867e-19,5.1147171184581735e-19,7.754473766533627e-20,2.326342129960088e-19,3.407437941740137e-06,1.0222313825220412e-05,0.06249486677701214,0.24997946710804855,3.118531647647678e-20,2.1829721533533746e-19,1.2144930106062067e-06,8.501451074243447e-06,3.409803187282522e-19,1.0339273415299163e-19,4.543239629923213e-06,4.1580321669855906e-20,1.6193201080671866e-06,1.6193201080672282e-06
t0_10s,10.0,733.7061755850084,0.4771131315561862,477113131.5561862,3.1147577001006424e-06,8.516146241669067e-10,8.516146241669068,1.000000000000002,5.532190960288276e-24,5.532190960288276e-24,0.7500018091316217,0.7500018091316217,2.561699300070916e-19,5.123398600141832e-19,7.702084125112138e-20,2.310625237533641e-19,3.4074294004910543e-06,1.0222288201473162e-05,0.06249486677532256,0.24997946710129024,3.186884923838397e-20,2.230819446686878e-19,1.2144969840767823e-06,8.501478888537477e-06,3.4155908277567236e-19,1.0269420728504481e-19,4.543228241590904e-06,4.249169648708293e-20,1.6193254060053125e-06,1.619325406005355e-06
t0_10s,10.0,743.4377935371052,0.4735473807162762,473547380.7162762,3.056590632636509e-06,8.547319009613463e-10,8.547319009613464,1.000000000000002,5.377182850701459e-24,5.377182850701459e-24,0.7500018091360117,0.7500018091360117,2.566031904082319e-19,5.132063808164638e-19,7.650509451831739e-20,2.2951528355495215e-19,3.407421195812986e-06,1.022226358743896e-05,0.0624948667737027,0.2499794670948108,3.2568646941925956e-20,2.279805285934817e-19,1.2145007988717275e-06,8.501505592102092e-06,3.4213676191506004e-19,1.020065466328006e-19,4.543217302019942e-06,4.3424757840843665e-20,1.6193304923768252e-06,1.6193304923768686e-06
t0_10s,10.0,753.2984882110785,0.4700082788579421,470008278.8579421,2.9995098158740914e-06,8.578605883332222e-10,8.578605883332221,1.000000000000002,5.2265713006814764e-24,5.2265713006814764e-24,0.7500018091402301,0.7500018091402301,2.570355757050599e-19,5.140711514101198e-19,7.599737450574043e-20,2.279921235172213e-19,3.407413315242385e-06,1.0222239945727155e-05,0.0624948667721499,0.2499794670885996,3.3285100013807847e-20,2.3299570009665493e-19,1.2145044609311269e-06,8.501531226517889e-06,3.427132742515841e-19,1.0132958824840777e-19,4.5432067945922665e-06,4.4380026298822475e-20,1.619335375101805e-06,1.6193353751018496e-06
t0_10s,10.0,763.2899716346946,0.46649562681745854,466495626.81745857,2.943494964441621e-06,8.610007280501645e-10,8.610007280501645,1.000000000000002,5.080227623843182e-24,5.080227623843182e-24,0.7500018091442835,0.7500018091442835,2.5746702520404675e-19,5.149340504080935e-19,7.549756015125486e-20,2.264926804537646e-19,3.4074057467456627e-06,1.0222217240236987e-05,0.06249486677066157,0.2499794670826463,3.401860750037658e-20,2.3813025250263606e-19,1.2145079759889108e-06,8.501555831922374e-06,3.432885388607321e-19,1.0066317071607333e-19,4.5431967032630905e-06,4.5358033921531735e-20,1.61934006182546e-06,1.6193400618255052e-06
t0_10s,10.0,773.4139785434444,0.46300922691957047,463009226.91957045,2.888526171789965e-06,8.641523620326994e-10,8.641523620326995,1.0000000000000018,4.938027045065923e-24,4.938027045065923e-24,0.7500018091481778,0.7500018091481778,2.5789747895582115e-19,5.157949579116423e-19,7.5005532262297e-20,2.2501659678689098e-19,3.407398478705524e-06,1.0222195436116573e-05,0.062494866769235206,0.24997946707694083,3.476957718654719e-20,2.433870403058303e-19,1.2145113495793826e-06,8.501579447055678e-06,3.438624758101995e-19,1.0000713511276099e-19,4.543187012542692e-06,4.635932442087985e-20,1.6193445599268303e-06,1.6193445599268767e-06
t0_10s,10.0,783.6722666817366,0.459548882966367,459548882.966367,2.8345839031181586e-06,8.673155323547922e-10,8.673155323547922,1.0000000000000018,4.79984857787443e-24,4.79984857787443e-24,0.750001809151919,0.750001809151919,2.583268777712749e-19,5.166537555425498e-19,7.452117348667115e-20,2.2356352046001345e-19,3.407391499907705e-06,1.0222174499723115e-05,0.06249486676786841,0.24997946707147364,3.5538425710974977e-20,2.4876897997682483e-19,1.2145145870435507e-06,8.501602109304854e-06,3.444350061813633e-19,9.936132496925253e-20,4.543177707478716e-06,4.738445331373378e-20,1.6193488765272307e-06,1.6193488765272782e-06
t0_10s,10.0,794.0666171080767,0.4561144002262414,456114400.2262414,2.7816489884311898e-06,8.704902812444238e-10,8.704902812444239,1.0000000000000018,4.6655749057281655e-24,4.6655749057281655e-24,0.750001809155513,0.750001809155513,2.58755163237343e-19,5.17510326474686e-19,7.404436828363662e-20,2.2213310485090986e-19,3.407384799528086e-06,1.0222154398584258e-05,0.062494866766558854,0.24997946706623542,3.632557867703727e-20,2.542790507392609e-19,1.2145176935352976e-06,8.501623854747083e-06,3.450060520903225e-19,9.872558623159736e-20,4.5431687736390034e-06,4.843398806989432e-20,1.6193530184984757e-06,1.6193530184985241e-06
t0_10s,10.0,804.5988345042956,0.45270558542293277,452705585.42293274,2.7297026157273444e-06,8.736766510841431e-10,8.73676651084143,1.0000000000000013,4.53509226709589e-24,4.53509226709589e-24,0.7500018091589646,0.7500018091589646,2.5918227773244733e-19,5.183645554648947e-19,7.357500289529899e-20,2.20725008685897e-19,3.407378367120179e-06,1.0222135101360537e-05,0.06249486676530431,0.24997946706121724,3.7131470759173765e-20,2.5992029531421635e-19,1.2145206740273632e-06,8.501644718191542e-06,3.4557553670848954e-19,9.80997672229676e-20,4.543160197094907e-06,4.9508508253882975e-20,1.6193569924708577e-06,1.6193569924709073e-06
t0_10s,10.0,815.270747488883,0.4493222467246485,449322246.7246485,2.678726324312807e-06,8.768746844116404e-10,8.768746844116404,1.0000000000000013,4.408290344195962e-24,4.408290344195962e-24,0.7500018091622798,0.7500018091622798,2.596081644415912e-19,5.192163288831824e-19,7.311296531831942e-20,2.1933889595495827e-19,3.407372192602987e-06,1.0222116577808962e-05,0.06249486676410263,0.24997946705641053,3.795654580411436e-20,2.656958206288005e-19,1.2145235333171625e-06,8.501664733220137e-06,3.4614338428271597e-19,9.748371860593711e-20,4.543151964405096e-06,5.0608605659911957e-20,1.6193608048409028e-06,1.6193608048409534e-06
t0_10s,10.0,826.0842089344754,0.44596419373326934,445964193.73326933,2.6287019982410852e-06,8.800844239203084e-10,8.800844239203084,1.0000000000000013,4.285062155285371e-24,4.285062155285371e-24,0.7500018091654633,0.7500018091654633,2.6003276737109154e-19,5.200655347421831e-19,7.265814527595277e-20,2.179744358278583e-19,3.4073662662492073e-06,1.0222098798747622e-05,0.06249486676295173,0.24997946705180693,3.8801256926504457e-20,2.716087984855312e-19,1.2145262760324363e-06,8.501683932227054e-06,3.467095201549358e-19,9.687729334519929e-20,4.543144062599832e-06,5.173488443938437e-20,1.619364461778906e-06,1.6193644617789576e-06
t0_10s,10.0,837.0410962895531,0.4426312374736347,442631237.4736347,2.5796118598749975e-06,8.833059124598209e-10,8.83305912459821,1.0000000000000016,4.165303950382932e-24,4.165303950382932e-24,0.7500018091685204,0.7500018091685204,2.604560313629371e-19,5.209120627258742e-19,7.221043419042218e-20,2.1663130257126654e-19,3.407360578673792e-06,1.0222081736021376e-05,0.062494866761849614,0.24997946704739846,3.9666066598418246e-20,2.7766246618892773e-19,1.2145289066367378e-06,8.501702346457164e-06,3.4727387078130946e-19,9.628034667073312e-20,4.54313647916572e-06,5.288796122024493e-20,1.6193679692362465e-06,1.6193679692362994e-06
t0_10s,10.0,848.1433119044065,0.4393231903829079,439323190.3829079,2.5314384635688367e-06,8.865391930366986e-10,8.865391930366986,1.0000000000000013,4.0489151103231524e-24,4.0489151103231524e-24,0.7500018091714554,0.7500018091714554,2.6087790210876133e-19,5.217558042175227e-19,7.176972515564264e-20,2.153091754669279e-19,3.4073551208228366e-06,1.022206536246851e-05,0.06249486676079435,0.2499794670431774,4.055144673223498e-20,2.838601271256449e-19,1.2145314294347648e-06,8.501720006043353e-06,3.478363637508545e-19,9.56927360414348e-20,4.543129202030888e-06,5.4068465217481426e-20,1.619371332952498e-06,1.619371332952552e-06
t0_10s,10.0,859.3927833614223,0.4360398663000215,436039866.3000215,2.4841646894685418e-06,8.897843088148805e-10,8.897843088148806,1.0000000000000013,3.9357980490270254e-24,3.9357980490270254e-24,0.7500018091742732,0.7500018091742732,2.612983261634164e-19,5.225966523268328e-19,7.133591291029402e-20,2.1400773873088204e-19,3.407349883962797e-06,1.0222049651888391e-05,0.062494866759784065,0.24997946703913626,4.1457878756332035e-20,2.9020515129432427e-19,1.2145338485775347e-06,8.501736940042744e-06,3.483969278035437e-19,9.511432110921501e-20,4.54312221955061e-06,5.527703833404851e-20,1.6193745584623266e-06,1.6193745584623819e-06
t0_10s,10.0,870.791463809755,0.4327810804552009,432781080.4552009,2.437773737427669e-06,8.930413031163103e-10,8.930413031163102,1.0000000000000016,3.8258581188933806e-24,3.8258581188933806e-24,0.7500018091769781,0.7500018091769781,2.617172509581371e-19,5.234345019162742e-19,7.090889381125539e-20,2.127266814337662e-19,3.407344859670032e-06,1.0222034579010096e-05,0.06249486675881698,0.2499794670352679,4.238585368303375e-20,2.9670097578123626e-19,1.2145361680674104e-06,8.501753176471873e-06,3.4895549284785735e-19,9.454496368357827e-20,4.543115520493365e-06,5.651433525146598e-20,1.6193776511021935e-06,1.61937765110225e-06
t0_10s,10.0,882.3413323044372,0.42954664945956517,429546649.45956516,2.3922491210369174e-06,8.963102194215058e-10,8.963102194215057,1.0000000000000016,3.719003519205285e-24,3.719003519205285e-24,0.7500018091795743,0.7500018091795743,2.621346248132827e-19,5.242692496265654e-19,7.04885658073991e-20,2.114656974221973e-19,3.4073400398206467e-06,1.022202011946194e-05,0.06249486675789136,0.24997946703156543,4.3335872168237373e-20,3.033511051776616e-19,1.2145383917629764e-06,8.501768742340835e-06,3.4951198997777263e-19,9.398452769668172e-20,4.543109094027294e-06,5.778102350931982e-20,1.6193806160168571e-06,1.619380616016915e-06
t0_10s,10.0,894.044394149983,0.42633639129480855,426336391.29480857,2.3475746617652185e-06,8.995911013701399e-10,8.995911013701399,1.0000000000000013,3.615145207460222e-24,3.615145207460222e-24,0.7500018091820657,0.7500018091820657,2.6255039695064553e-19,5.2510079390129105e-19,7.007482841375325e-20,2.1022448524125975e-19,3.40733541658065e-06,1.022200624974195e-05,0.06249486675700555,0.2499794670280222,4.430844456211992e-20,3.1015911193483943e-19,1.2145405233837761e-06,8.501783663686432e-06,3.5006635148917416e-19,9.343287916888521e-20,4.543102929707076e-06,5.90777835728712e-20,1.6193834581656882e-06,1.6193834581657472e-06
t0_10s,10.0,905.9026812485538,0.4231501253029562,423150125.3029562,2.303734483210218e-06,9.028839927616309e-10,9.028839927616309,1.0000000000000013,3.514196813526171e-24,3.514196813526171e-24,0.7500018091844568,0.7500018091844568,2.629645175053127e-19,5.259290350106254e-19,6.966758268603179e-20,2.0900274805809534e-19,3.407330982396395e-06,1.0221992947189185e-05,0.062494866756157945,0.24997946702463178,4.5304090950316944e-20,3.171286366522186e-19,1.2145425665149065e-06,8.501797965604345e-06,3.5061851089567e-19,9.288988617479137e-20,4.54309701746118e-06,6.040530888796133e-20,1.6193861823287944e-06,1.6193861823288548e-06
t0_10s,10.0,917.9182524527376,0.4199876721761985,419987672.1761985,2.2607130054561025e-06,9.061889375557159e-10,9.06188937555716,1.0000000000000013,3.4160745565343116e-24,3.4160745565343116e-24,0.7500018091867511,0.7500018091867511,2.6337693753707287e-19,5.267538750741457e-19,6.926673119553522e-20,2.0780019358660566e-19,3.407326729985314e-06,1.022198018995594e-05,0.062494866755347,0.249979467021388,4.6323341184947976e-20,3.242633882946358e-19,1.2145445246114772e-06,8.50181167228034e-06,3.5116840294380115e-19,9.235541880978016e-20,4.5430913475795186e-06,6.176430592237868e-20,1.6193887931129705e-06,1.6193887931130323e-06
t0_10s,10.0,930.0931939230111,0.4168488539467999,416848853.9467999,2.2184949395368342e-06,9.095059798730482e-10,9.095059798730482,1.000000000000001,3.320697164420608e-24,3.320697164420608e-24,0.7500018091889522,0.7500018091889522,2.63787609041353e-19,5.27575218082706e-19,6.887217800442289e-20,2.0661653401326866e-19,3.407322652326928e-06,1.0221967956980784e-05,0.06249486675457125,0.249979467018285,4.7366734904850687e-20,3.315671443339548e-19,1.2145464010029376e-06,8.501824807020564e-06,3.517159636276231e-19,9.182934915703855e-20,4.543085910701452e-06,6.315549419283776e-20,1.6193912949574633e-06,1.6193912949575264e-06
t0_10s,10.0,942.4296194899441,0.41373349397708364,413733493.9770836,2.177065282002743e-06,9.128351639957817e-10,9.128351639957817,1.0000000000000013,3.2279857960305306e-24,3.2279857960305306e-24,0.7500018091910642,0.7500018091910642,2.641964849596766e-19,5.283929699193532e-19,6.848382864135719e-20,2.0545148592407156e-19,3.407318742654133e-06,1.0221956227962398e-05,0.062494866753829245,0.24997946701531698,4.843482154437395e-20,3.3904375081061766e-19,1.214548198897274e-06,8.501837392280917e-06,3.5226113020265015e-19,9.131155125508613e-20,4.543080697804174e-06,6.457960627670313e-20,1.6193936921395691e-06,1.6193936921396337e-06
t0_10s,10.0,954.9296710212028,0.4106414169494912,410641416.9494912,2.1364093095885894e-06,9.161765343681573e-10,9.161765343681573,1.0000000000000016,3.137863965704405e-24,3.137863965704405e-24,0.7500018091930899,0.7500018091930899,2.6460351918963254e-19,5.292070383792651e-19,6.81015900775195e-20,2.043047702325585e-19,3.407314994444744e-06,1.0221944983334231e-05,0.06249486675311962,0.24997946701247847,4.952816033006792e-20,3.4669712231047543e-19,1.2145499213850806e-06,8.501849449695565e-06,3.5280384119914793e-19,9.080190106579672e-20,4.543075700191441e-06,6.60373878075763e-20,1.6193959887800637e-06,1.6193959887801298e-06
t0_10s,10.0,967.5955187934261,0.4075724488567171,407572448.8567171,2.096512573981253e-06,9.195301355971066e-10,9.195301355971067,1.0000000000000013,3.0502574702635313e-24,3.0502574702635313e-24,0.7500018091950328,0.7500018091950328,2.650086665943422e-19,5.300173331886844e-19,6.772537070299757e-20,2.031761121089927e-19,3.4073114014132976e-06,1.0221934204239892e-05,0.062494866752441036,0.24997946700976414,5.064732026460177e-20,3.545312418522124e-19,1.21455157144351e-06,8.50186100010457e-06,3.5334403643475547e-19,9.030027644291463e-20,4.543070909482633e-06,6.752959745385265e-20,1.6193981888484675e-06,1.619398188848535e-06
t0_10s,10.0,980.4293618690288,0.4045264169919164,404526416.99191636,2.05736089668506e-06,9.228960124528372e-10,9.228960124528372,1.0000000000000013,2.9650943183197336e-24,2.9650943183197336e-24,0.7500018091968964,0.7500018091968964,2.6541188301141663e-19,5.308237660228333e-19,6.735508030354224e-20,2.0206524091062672e-19,3.407307957503109e-06,1.0221923872509327e-05,0.06249486675179225,0.249979467007169,5.1792880097229973e-20,3.625501606806098e-19,1.214553151940102e-06,8.501872063580713e-06,3.5388165702642806e-19,8.980655710106381e-20,4.5430663176021696e-06,6.905700687934327e-20,1.6194002961681495e-06,1.6194002961682185e-06
t0_10s,10.0,993.4334284780077,0.4015031499389853,401503149.9389853,2.0189403639830582e-06,9.262742098694398e-10,9.262742098694398,1.0000000000000016,2.8823046618330775e-24,2.8823046618330775e-24,0.7500018091986833,0.7500018091986833,2.6581312526139213e-19,5.316262505227843e-19,6.69906300376927e-20,2.009718901130781e-19,3.407304656878565e-06,1.0221913970635695e-05,0.062494866751172024,0.2499794670046881,5.296542828012409e-20,3.7075799796086864e-19,1.2145546656364965e-06,8.501882659455476e-06,3.5441664540168524e-19,8.932062458524842e-20,4.543061916769236e-06,7.062040068505087e-20,1.619402314421282e-06,1.6194023144213526e-06
t0_10s,10.0,1000.0,0.4,400000000.0,2.000000000000001e-06,9.27967942874927e-10,9.27967942874927,1.0000000000000013,2.8417786365943115e-24,2.8417786365943115e-24,0.750001809199549,0.750001809199549,2.660129928508608e-19,5.320259857017216e-19,6.681056756173886e-20,2.004317026852166e-19,3.4073030585333883e-06,1.0221909175600165e-05,0.06249486675087224,0.24997946700348897,5.35620095332865e-20,3.7493406673300547e-19,1.2145553982695631e-06,8.501887787886942e-06,3.5468313487772417e-19,8.908054186301694e-20,4.543059785642231e-06,7.141584043704025e-20,1.6194032912611454e-06,1.6194032912612168e-06
t0_10s,10.0,1006.6099764048131,0.3985024775629144,398502477.56291443,1.981237321992325e-06,9.296647729454773e-10,9.296647729454772,1.0000000000000016,2.8018207298456277e-24,2.8018207298456277e-24,0.7500018092003967,0.7500018092003967,2.6621235115563673e-19,5.324247023112735e-19,6.663193241426831e-20,1.9989579724280495e-19,3.4073014939176604e-06,1.0221904481752981e-05,0.06249486675057918,0.2499794670023167,5.416556290988092e-20,3.7915894036916645e-19,1.214556115192033e-06,8.501892806344231e-06,3.549489453091521e-19,8.884236224084174e-20,4.543057699487825e-06,7.222057633118077e-20,1.6194042471536356e-06,1.6194042471537078e-06
t0_10s,10.0,1019.9612933803452,0.39552423100021455,395524231.0002146,1.944238371811689e-06,9.330677469446e-10,9.330677469446,1.0000000000000016,2.723576764320519e-24,2.723576764320519e-24,0.7500018092020394,0.7500018092020394,2.6660951950371625e-19,5.332190390074325e-19,6.62789012702237e-20,1.988367038106711e-19,3.40729846320476e-06,1.022189538961428e-05,0.062494866750012576,0.2499794670000503,5.539389165351697e-20,3.8775724157461876e-19,1.2145575031672404e-06,8.501902522170683e-06,3.55478501828381e-19,8.837165518405988e-20,4.5430536585370875e-06,7.385834403846708e-20,1.6194060977792342e-06,1.6194060977793081e-06
t0_10s,10.0,1033.489697479151,0.39256824264941503,392568242.649415,1.9079303647600126e-06,9.36483177296134e-10,9.364831772961342,1.0000000000000013,2.6475089580189777e-24,2.6475089580189777e-24,0.7500018092036141,0.7500018092036141,2.6700459012021377e-19,5.340091802404275e-19,6.593145174886617e-20,1.977943552465985e-19,3.4072955595235846e-06,1.0221886678570753e-05,0.06249486674947113,0.2499794669978845,5.665103165825845e-20,3.9655722160780917e-19,1.2145588320272196e-06,8.501911824190536e-06,3.560052613789443e-19,8.790839027291837e-20,4.5430497869619875e-06,7.553452666789309e-20,1.6194078695848654e-06,1.619407869584941e-06
t0_10s,10.0,1047.1975375218972,0.3896343461616295,389634346.1616295,1.872300397703423e-06,9.399111095957067e-10,9.399111095957068,1.0000000000000016,2.573555394348714e-24,2.573555394348714e-24,0.7500018092051237,0.7500018092051237,2.6739752383099157e-19,5.347950476619831e-19,6.55895002784306e-20,1.967685008352918e-19,3.407292777850419e-06,1.0221878333551257e-05,0.06249486674895379,0.24997946699581516,5.793760944444119e-20,4.0556326611108833e-19,1.2145601041449196e-06,8.501920729014438e-06,3.565291717287831e-19,8.745245607866532e-20,4.5430460780642365e-06,7.724995957789135e-20,1.6194095657344478e-06,1.6194095657345251e-06
t0_10s,10.0,1061.0871934831737,0.3867223764311967,386722376.43119675,1.837335808469782e-06,9.433515896058347e-10,9.433515896058347,1.0000000000000016,2.5016559891207693e-24,2.5016559891207693e-24,0.7500018092065707,0.7500018092065707,2.6778828247889047e-19,5.355765649577809e-19,6.525296455101004e-20,1.957588936530301e-19,3.4072901133475236e-06,1.0221870340042572e-05,0.062494866748459554,0.24997946699383822,5.925426078083508e-20,4.1477982546584556e-19,1.2145613218043162e-06,8.501929252630213e-06,3.570501820018068e-19,8.700374285768904e-20,4.543042525393514e-06,7.900549045811017e-20,1.6194111892732693e-06,1.6194111892733483e-06
t0_10s,10.0,1075.1610769047036,0.3838321695863889,383832169.5863889,1.803024171348841e-06,9.468046632565534e-10,9.468046632565533,1.0000000000000018,2.4317524341527483e-24,2.4317524341527483e-24,0.7500018092079574,0.7500018092079574,2.6817682892885775e-19,5.363536578577155e-19,6.492176350183821e-20,1.9476529050551464e-19,3.40728756135676e-06,1.022186268407028e-05,0.06249486674798745,0.2499794669919498,6.060163054171918e-20,4.2421141379203424e-19,1.2145624872034859e-06,8.5019374104244e-06,3.5756824268473035e-19,8.656214252389485e-20,4.543039122738971e-06,8.080197913884739e-20,1.6194127431320862e-06,1.619412743132167e-06
t0_10s,10.0,1089.4216313140475,0.38096356298018824,380963562.98018825,1.769353292676345e-06,9.502703766460158e-10,9.502703766460158,1.0000000000000018,2.3637881426588374e-24,2.3637881426588374e-24,0.7500018092092862,0.7500018092092862,2.6856312707249813e-19,5.371262541449963e-19,6.459581728891992e-20,1.9378745186675977e-19,3.40728511739341e-06,1.0221855352180231e-05,0.062494866747536564,0.24997946699014625,6.198037254504496e-20,4.338626078153148e-19,1.2145636024575889e-06,8.501945217203123e-06,3.580833056331418e-19,8.612754862154555e-20,4.5430358641209834e-06,8.264029737526872e-20,1.6194142301311009e-06,1.6194142301311834e-06
t0_10s,10.0,1103.8713326488419,0.3781163951811363,378116395.1811363,1.736311206500702e-06,9.537487760411197e-10,9.537487760411196,1.0000000000000018,2.2977081963692394e-24,2.2977081963692394e-24,0.7500018092105593,0.7500018092105593,2.6894714183204154e-19,5.378942836640831e-19,6.427504727300664e-20,1.9282514181901992e-19,3.4072827771401904e-06,1.022184833142057e-05,0.06249486674710597,0.24997946698842388,6.339114937103198e-20,4.4373804559722385e-19,1.214564669601755e-06,8.501952687212283e-06,3.5859532407679296e-19,8.569985629856228e-20,4.543032743783172e-06,8.452132860553571e-20,1.6194156529838075e-06,1.619415652983892e-06
t0_10s,10.0,1118.5126896866836,0.3752905059642475,375290505.9642475,1.7038861703304806e-06,9.572399078781135e-10,9.572399078781135,1.0000000000000018,2.233459294322759e-24,2.233459294322759e-24,0.750001809211779,0.750001809211779,2.693288391637236e-19,5.386576783274472e-19,6.395937599791213e-20,1.9187812799373639e-19,3.407280536441461e-06,1.0221841609324382e-05,0.06249486674669483,0.2499794669867793,6.483463216056643e-20,4.538424251239651e-19,1.2145656905938798e-06,8.50195983415716e-06,3.5910425262410654e-19,8.527896228027877e-20,4.543029756184686e-06,8.644596768200462e-20,1.6194170143007234e-06,1.6194170143008098e-06
t0_10s,10.0,1133.3482444807048,0.37248573630199255,372485736.30199254,1.672066660961387e-06,9.607438187632287e-10,9.607438187632287,1.0000000000000016,2.1709897032788637e-24,2.1709897032788637e-24,0.7500018092129472,0.7500018092129472,2.6970818606057195e-19,5.394163721211439e-19,6.364872717116494e-20,1.9094618151349484e-19,3.4072783912976085e-06,1.0221835173892825e-05,0.06249486674630232,0.2499794669852093,6.63115003927839e-20,4.641805027494872e-19,1.2145666673173346e-06,8.501966671221343e-06,3.596100472658913e-19,8.486476484364483e-20,4.543026895992705e-06,8.841512057467069e-20,1.619418316592999e-06,1.6194183165930875e-06
t0_10s,10.0,1148.3805728009222,0.3697019283553508,369701928.3553508,1.6408413703811542e-06,9.642605554732896e-10,9.642605554732896,1.0000000000000016,2.110249209696945e-24,2.110249209696945e-24,0.7500018092140663,0.7500018092140663,2.7008515055459734e-19,5.401703011091947e-19,6.334302564499386e-20,1.9002907693498157e-19,3.4072763378596148e-06,1.0221829013578845e-05,0.06249486674592765,0.2499794669837106,6.7822441641245e-20,4.74757091488715e-19,1.2145676015835838e-06,8.501973211085087e-06,3.6011266537826357e-19,8.445716379187349e-20,4.543024158075206e-06,9.042970404606989e-20,1.61941956227591e-06,1.6194195622760003e-06
t0_10s,10.0,1163.6122845814562,0.3669389254649259,366938925.4649259,1.6101992017508916e-06,9.677901649563495e-10,9.677901649563495,1.0000000000000016,2.051189073231885e-24,2.051189073231885e-24,0.7500018092151383,0.7500018092151383,2.704597017183855e-19,5.40919403436771e-19,6.304219739764064e-20,1.8912659219292193e-19,3.4072743724237958e-06,1.0221823117271387e-05,0.06249486674557003,0.24997946698228013,6.936815130814063e-20,4.855770591569844e-19,1.2145684951347256e-06,8.50197946594308e-06,3.606120657247695e-19,8.405606042952487e-20,4.543021537493942e-06,9.249064529688668e-20,1.6194207536722438e-06,1.6194207536723363e-06
t0_10s,10.0,1179.0460243736604,0.3641965721421311,364196572.1421311,1.5801292654614962e-06,9.713326943323063e-10,9.713326943323063,1.0000000000000016,1.9937619816976298e-24,1.9937619816976298e-24,0.7500018092161647,0.7500018092161647,2.708318096660868e-19,5.416636193321736e-19,6.274616951499803e-20,1.8823850854499411e-19,3.4072724914267096e-06,1.0221817474280128e-05,0.06249486674522877,0.24997946698091508,7.094933233598697e-20,4.966453263519088e-19,1.214569349645949e-06,8.501985447521643e-06,3.6110820845770513e-19,8.366135753802349e-20,4.5430190294976605e-06,9.459888158154834e-20,1.6194218930155772e-06,1.6194218930156718e-06
t0_10s,10.0,1194.6844718052819,0.36147471406043835,361474714.06043833,1.5506208752637085e-06,9.748881908935415e-10,9.748881908935415,1.0000000000000018,1.9379220074508756e-24,1.9379220074508756e-24,0.7500018092171477,0.7500018092171477,2.712014455538035e-19,5.42402891107607e-19,6.24548701725662e-20,1.873646105176986e-19,3.407270691440223e-06,1.0221812074320669e-05,0.06249486674490315,0.2499794669796126,7.256669489631187e-20,5.079668642741831e-19,1.2145701667279083e-06,8.501991167095358e-06,3.6160105511863195e-19,8.327295935160027e-20,4.543016629515513e-06,9.675535979314108e-20,1.6194229824534388e-06,1.6194229824535356e-06
t0_10s,10.0,1210.5303420456976,0.35877319804669283,358773198.04669285,1.5216635444704195e-06,9.784567021055462e-10,9.784567021055462,1.0000000000000016,1.8836245651494326e-24,1.8836245651494326e-24,0.7500018092180886,0.7500018092180886,2.715685815793737e-19,5.431371631587474e-19,6.216822861772521e-20,1.8650468585317563e-19,3.4072689691667456e-06,1.0221806907500236e-05,0.06249486674459249,0.24997946697836995,7.422095605486516e-20,5.195466923840561e-19,1.2145709479290274e-06,8.501996635503192e-06,3.620905686380896e-19,8.289077153365597e-20,4.5430143331507166e-06,9.896103601702498e-20,1.6194240240503866e-06,1.6194240240504855e-06
t0_10s,10.0,1226.586386277322,0.356091872072496,356091872.072496,1.493246982229945e-06,9.820382756075533e-10,9.820382756075533,1.0000000000000013,1.8308263708410105e-24,1.8308263708410105e-24,0.7500018092189894,0.7500018092189894,2.7193319098155214e-19,5.438663819631043e-19,6.188617515231781e-20,1.8565852545695343e-19,3.407267321434612e-06,1.0221801964303836e-05,0.06249486674429614,0.24997946697718457,7.591283941292902e-20,5.313898758905032e-19,1.2145716947377234e-06,8.502001863164063e-06,3.62576713334503e-19,8.25147011535381e-20,4.5430121361743816e-06,1.0121687505258217e-19,1.6194250197909675e-06,1.6194250197910688e-06
t0_10s,10.0,1242.8553921732807,0.353430585245646,353430585.245646,1.4653610898688226e-06,9.856329592131786e-10,9.856329592131786,1.0000000000000013,1.7794854023393617e-24,1.7794854023393617e-24,0.7500018092198517,0.7500018092198517,2.7229524803858946e-19,5.445904960771789e-19,6.160864111553848e-20,1.8482592334661545e-19,3.407265745193615e-06,1.0221797235580845e-05,0.06249486674401349,0.24997946697605397,7.764307472435096e-20,5.435015230704567e-19,1.2145724085845612e-06,8.50200686009193e-06,3.6305945491228836e-19,8.214465666372658e-20,4.543010034519565e-06,1.0352384990259546e-19,1.6194259715825935e-06,1.619425971582697e-06
t0_10s,10.0,1259.3401843814001,0.35078918780164997,350789187.80165,1.4379959573029906e-06,9.892408009110566e-10,9.892408009110566,1.0000000000000013,1.7295608608466417e-24,1.7295608608466417e-24,0.7500018092206772,0.7500018092206772,2.726547280662107e-19,5.453094561324214e-19,6.133555886712437e-20,1.8400667660137312e-19,3.4072642375106797e-06,1.0221792712532039e-05,0.06249486674374396,0.24997946697497583,7.941239748796435e-20,5.558867824157504e-19,1.2145730908443375e-06,8.502011635910362e-06,3.6353876045915775e-19,8.178054787742155e-20,4.543008024275501e-06,1.0588294122981029e-19,1.6194268812583183e-06,1.6194268812584241e-06
t0_10s,10.0,1276.0436250146363,0.3481675310952934,348167531.0952934,1.4111418595159005e-06,9.928618488654755e-10,9.928618488654754,1.0000000000000013,1.6810131337817042e-24,1.6810131337817042e-24,0.750001809221467,0.750001809221467,2.7301160741499824e-19,5.460232148299965e-19,6.106686177084315e-20,1.8320058531252943e-19,3.4072627955656895e-06,1.0221788386697068e-05,0.06249486674348693,0.2499794669739477,8.12215485151224e-20,5.685508396058568e-19,1.2145737428380934e-06,8.502016199866655e-06,3.640145984426299e-19,8.142228594652737e-20,4.543006101682035e-06,1.0829513678031488e-19,1.6194277505795238e-06,1.619427750579632e-06
t0_10s,10.0,1292.9686141479892,0.3455654675922767,345565467.5922767,1.3847892531024846e-06,9.96496151417035e-10,9.964961514170351,1.0000000000000013,1.633803758775664e-24,1.633803758775664e-24,0.750001809222223,0.750001809222223,2.733658634671804e-19,5.467317269343608e-19,6.080248417827348e-20,1.8240745253482042e-19,3.4072614166474374e-06,1.0221784249942313e-05,0.06249486674324189,0.24997946697296755,8.30712734721177e-20,5.814989143048239e-19,1.2145743658350657e-06,8.50202056084546e-06,3.644869387057479e-19,8.106978334002646e-20,4.54300426312422e-06,1.1076143077343426e-19,1.6194285812385172e-06,1.619428581238628e-06
t0_10s,10.0,1310.1180903220268,0.3429828508609119,342982850.8609119,1.3589287728775854e-06,1.0001437570832712e-09,10.001437570832712,1.000000000000001,1.587895388797267e-24,1.587895388797267e-24,0.7500018092229461,0.7500018092229461,2.737174746328328e-19,5.474349492656656e-19,6.054236141287367e-20,1.81627084238621e-19,3.407260098149717e-06,1.0221780294449152e-05,0.06249486674300831,0.24997946697203324,8.49623223973288e-20,5.947362567813016e-19,1.2145749610545704e-06,8.502024727381993e-06,3.649557524620148e-19,8.072295382273778e-20,4.543002505127121e-06,1.1328282325792742e-19,1.6194293748610477e-06,1.619429374861161e-06
t0_10s,10.0,1327.4950310530749,0.3404195355638816,340419535.5638816,1.3335512285477749e-06,1.0038047145593239e-09,10.03804714559324,1.0000000000000013,1.5432517583716707e-24,1.5432517583716707e-24,0.7500018092236382,0.7500018092236382,2.740664203454957e-19,5.481328406909914e-19,6.028642975433358e-20,1.8085928926300075e-19,3.40725883756754e-06,1.0221776512702621e-05,0.06249486674278569,0.24997946697114276,8.689544919299015e-20,6.082681443509311e-19,1.214575529667822e-06,8.502028707674754e-06,3.6542101228954984e-19,8.038171243445248e-20,4.543000824350747e-06,1.1586031943434867e-19,1.6194301330087266e-06,1.6194301330088424e-06
t0_10s,10.0,1345.1024533501734,0.33787537745006196,337875377.450062,1.3086476014453213e-06,1.0074790727185761e-09,10.07479072718576,1.0000000000000013,1.4998376508577157e-24,1.4998376508577157e-24,0.7500018092243002,0.7500018092243002,2.7441268105721644e-19,5.488253621144329e-19,6.00346264232058e-20,1.801038792696174e-19,3.4072576324934776e-06,1.0221772897480433e-05,0.062494866742573534,0.24997946697029413,8.887141109155328e-20,6.220998776408729e-19,1.214576072799698e-06,8.502032509597886e-06,3.6588269212447846e-19,8.004597546944247e-20,4.542999217585197e-06,1.184949289435312e-19,1.619430857181385e-06,1.6194308571815036e-06
t0_10s,10.0,1362.9434142389036,0.3353502333464028,335350233.34640276,1.2842090413231047e-06,1.0111668806133055e-09,10.111668806133055,1.0000000000000013,1.4576188667495795e-24,1.4576188667495795e-24,0.7500018092249333,0.7500018092249333,2.7475623823302155e-19,5.495124764660431e-19,5.97868895658106e-20,1.7936066869743182e-19,3.4072564806141278e-06,1.0221769441842383e-05,0.06249486674237137,0.24997946696948548,9.0890968096678e-20,6.36236776676746e-19,1.2145765915304394e-06,8.502036140713077e-06,3.6634076725356177e-19,7.97156604563335e-20,4.5429976817459335e-06,1.2118766512124353e-19,1.619431548819338e-06,1.619431548819459e-06
t0_10s,10.0,1381.0210112921422,0.3328439611498723,332843961.1498723,1.2602268632094543e-06,1.0148681874753466e-09,10.148681874753466,1.0000000000000013,1.416562192970137e-24,1.416562192970137e-24,0.7500018092255389,0.7500018092255389,2.7509707434482875e-19,5.501941486896575e-19,5.954315823941154e-20,1.7862947471823461e-19,3.407255379706693e-06,1.0221766139120079e-05,0.06249486674217877,0.2499794669687151,9.295488239896032e-20,6.506841767927222e-19,1.2145770868972936e-06,8.502039608281055e-06,3.6679521430607927e-19,7.93906861383395e-20,4.542996213869226e-06,1.2393954421916218e-19,1.619432209305576e-06,1.6194322093056999e-06
t0_10s,10.0,1399.3383831678752,0.33035641981945874,330356419.8194587,1.2366925443216504e-06,1.018583042716739e-09,10.18583042716739,1.0000000000000013,1.3766353731241585e-24,1.3766353731241585e-24,0.7500018092261179,0.7500018092261179,2.754351728648075e-19,5.50870345729615e-19,5.930337239765589e-20,1.7791011719296766e-19,3.4072543276356817e-06,1.0221762982907044e-05,0.062494866741995315,0.24997946696798126,9.506391776658883e-20,6.654474243661218e-19,1.2145775598961081e-06,8.502042919272758e-06,3.6724601124497636e-19,7.907097245384981e-20,4.542994811107755e-06,1.2675158459241534e-19,1.6194328399678905e-06,1.6194328399680173e-06
t0_10s,10.0,1417.8987101541331,0.32788746936823426,327887469.3682343,1.2135977210371242e-06,1.0223114959303934e-09,10.223114959303935,1.0000000000000013,1.3378070786806862e-24,1.3378070786806862e-24,0.7500018092266717,0.7500018092266717,2.7577051825819664e-19,5.515410365163933e-19,5.906747287627623e-20,1.7720241862882867e-19,3.4072533223497097e-06,1.0221759967049129e-05,0.06249486674182057,0.2499794669672823,9.721883891119181e-20,6.805318723783427e-19,1.2145780114828627e-06,8.502046080380039e-06,3.676931373572874e-19,7.875644051736463e-20,4.542993470726337e-06,1.2962480585404766e-19,1.619433442080915e-06,1.6194334420810446e-06
t0_10s,10.0,1436.7052147211527,0.3254369708554764,325436970.8554764,1.1909341859211832e-06,1.026053596890756e-09,10.26053596890756,1.0000000000000016,1.3000468810548592e-24,1.3000468810548592e-24,0.750001809227201,0.750001809227201,2.761030959755914e-19,5.522061919511828e-19,5.883540137904851e-20,1.7650620413714553e-19,3.4072523618784166e-06,1.022175708563525e-05,0.06249486674165418,0.24997946696661671,9.942041082922583e-20,6.959428758045809e-19,1.2145784425751544e-06,8.502049098026081e-06,3.6813657324385254e-19,7.844701260077263e-20,4.542992190097829e-06,1.325602279968741e-19,1.6194340168681076e-06,1.6194340168682402e-06
t0_10s,10.0,1455.7611620808755,0.3230047863788498,323004786.37884974,1.168693884810257e-06,1.0298093955544646e-09,10.298093955544646,1.0000000000000013,1.2633252245604066e-24,1.2633252245604066e-24,0.750001809227707,0.750001809227707,2.7643289244471084e-19,5.528657848894217e-19,5.860710046400234e-20,1.7582130139200701e-19,3.407251444329488e-06,1.0221754332988464e-05,0.06249486674149572,0.2499794669659829,1.0166939811934046e-19,7.116857868353833e-19,1.2145788540536302e-06,8.502051978375411e-06,3.685763008083404e-19,7.814261211496454e-20,4.542990966699145e-06,1.3555887048330141e-19,1.6194345655036596e-06,1.6194345655037951e-06
t0_10s,10.0,1475.0698607538486,0.3205907790666457,320590779.0666457,1.1468689139496099e-06,1.0335789420610172e-09,10.33578942061017,1.0000000000000013,1.227613400205063e-24,1.227613400205063e-24,0.7500018092281908,0.7500018092281908,2.7675989506165653e-19,5.535197901233131e-19,5.838251352987868e-20,1.7514754058963603e-19,3.407250567885768e-06,1.0221751703657303e-05,0.06249486674134489,0.24997946696537957,1.0396656427623493e-19,7.277659499336445e-19,1.2145792467633724e-06,8.502054727343607e-06,3.69012303245593e-19,7.784316359177685e-20,4.542989798107406e-06,1.3862175130380616e-19,1.6194350891143414e-06,1.6194350891144801e-06
t0_10s,10.0,1494.634663143664,0.31819481307007874,318194813.07007873,1.125451517184508e-06,1.0373622867334529e-09,10.373622867334529,1.0000000000000016,1.1928835203019242e-24,1.1928835203019242e-24,0.7500018092286533,0.7500018092286533,2.770840921816779e-19,5.541681843633558e-19,5.816158480283142e-20,1.7448475440849428e-19,3.4072497308024802e-06,1.022174919240744e-05,0.062494866741201305,0.24997946696480522,1.0631267096162068e-19,7.441886967313448e-19,1.2145796215152324e-06,8.502057350606627e-06,3.694445650293134e-19,7.754859266626073e-20,4.5429886819962466e-06,1.4174988600488708e-19,1.619435588781284e-06,1.6194355887814256e-06
t0_10s,10.0,1514.458966119004,0.31581675355564254,315816753.55564255,1.1044340832038269e-06,1.041159480079005e-09,10.41159480079005,1.0000000000000016,1.1591084938707712e-24,1.1591084938707712e-24,0.7500018092290952,0.7500018092290952,2.7740547310945586e-19,5.548109462189117e-19,5.794425932336786e-20,1.7383277797010358e-19,3.407248931404542e-06,1.0221746794213626e-05,0.06249486674106464,0.24997946696425857,1.0870847725298355e-19,7.609593407708849e-19,1.2145799790871248e-06,8.502059853609874e-06,3.698730718991102e-19,7.725882605926918e-20,4.542987616132224e-06,1.449442866874172e-19,1.619436065541703e-06,1.6194360655418478e-06
t0_10s,10.0,1534.5462116034041,0.31345646669752264,313456466.69752264,1.0838091428351711e-06,1.044970572789793e-09,10.44970572789793,1.0000000000000016,1.1262620028041831e-24,1.1262620028041831e-24,0.7500018092295173,0.7500018092295173,2.7772402808891807e-19,5.554480561778361e-19,5.773048293352413e-20,1.731914488005724e-19,3.407248168083962e-06,1.0221744504251886e-05,0.062494866740934595,0.24997946696373838,1.111547388709375e-19,7.780831720965625e-19,1.2145803202252692e-06,8.502062241576884e-06,3.7029781084691797e-19,7.697379156035784e-20,4.542986598371349e-06,1.4820596097645102e-19,1.6194365203905536e-06,1.6194365203907018e-06
t0_10s,10.0,1554.8998871728577,0.3111138196700633,311113819.6700633,1.063569366390441e-06,1.0487956157434841e-09,10.48795615743484,1.0000000000000016,1.094318478774018e-24,1.094318478774018e-24,0.7500018092299207,0.7500018092299207,2.7803974829260526e-19,5.560794965852105e-19,5.75202022642712e-20,1.725606067928136e-19,3.4072474392973395e-06,1.0221742317892018e-05,0.062494866740810874,0.2499794669632435,1.1365220738605346e-19,7.955654517023743e-19,1.2145806456453965e-06,8.502064519517776e-06,3.70718770102819e-19,7.669341801099283e-20,4.542985626655753e-06,1.5153591096366572e-19,1.619436954282139e-06,1.6194369542822906e-06
t0_10s,10.0,1575.52352666132,0.3087886806402954,308788680.6402954,1.0437075610610544e-06,1.052634660003989e-09,10.52634660003989,1.0000000000000016,1.0632530808547774e-24,1.0632530808547774e-24,0.750001809230306,0.750001809230306,2.78352625810597e-19,5.56705251621194e-19,5.731336472314802e-20,1.7194009416944405e-19,3.407246743563439e-06,1.0221740230690318e-05,0.06249486674069317,0.24997946696277268,1.1620162940613288e-19,8.134114058429302e-19,1.214580956033906e-06,8.502066692237342e-06,3.7113593912027776e-19,7.641763528806178e-20,4.542984699010456e-06,1.549351321237285e-19,1.6194373681316545e-06,1.6194373681318095e-06
t0_10s,10.0,1596.420710774268,0.30648091876051564,306480918.76051563,1.024216668361729e-06,1.056487756822122e-09,10.564877568221219,1.0000000000000016,1.0330416738409705e-24,1.0330416738409705e-24,0.7500018092306742,0.7500018092306742,2.786626536390198e-19,5.573253072780396e-19,5.71099184821163e-20,1.7132975544634892e-19,3.407246079460858e-06,1.0221738238382574e-05,0.0624948667405812,0.2499794669623248,1.1880374574499694e-19,8.316262202149786e-19,1.214581252048988e-06,8.502068764342916e-06,3.7154930856081836e-19,7.614637428768028e-20,4.542983813540254e-06,1.5840461220601814e-19,1.6194377628166836e-06,1.619437762816842e-06
t0_10s,10.0,1617.5950677103847,0.30419040416092324,304190404.16092324,1.005089761622063e-06,1.0603549576363102e-09,10.603549576363102,1.0000000000000016,1.0036608072364734e-24,1.0036608072364734e-24,0.7500018092310257,0.7500018092310257,2.789698256681495e-19,5.57939651336299e-19,5.690981246563449e-20,1.7072943739690346e-19,3.4072454456257678e-06,1.0221736336877303e-05,0.0624948667404747,0.2499794669618988,1.214592905739476e-19,8.502150340176331e-19,1.214581534321705e-06,8.502070740251934e-06,3.719588702781615e-19,7.587956690929043e-20,4.542982968426709e-06,1.6194533010324254e-19,1.6194381391786391e-06,1.6194381391788011e-06
t0_10s,10.0,1639.050273791485,0.30191700794231263,301917007.94231266,9.863200435249262e-07,1.0642363140732581e-09,10.64236314073258,1.0000000000000016,9.750876948945186e-25,9.750876948945186e-25,0.7500018092313613,0.7500018092313613,2.7927413667012675e-19,5.585482733402535e-19,5.671299633894578e-20,1.7013898901683735e-19,3.4072448407497357e-06,1.0221734522249208e-05,0.062494866740373446,0.24997946696149378,1.241689905571484e-19,8.69182933900039e-19,1.2145818034570318e-06,8.502072624199222e-06,3.723646173018444e-19,7.561714604004495e-20,4.542982161925246e-06,1.6555825469861586e-19,1.6194384980241515e-06,1.619438498024317e-06
t0_10s,10.0,1660.7900541008173,0.2996606021688182,299660602.1688182,9.679008436908323e-07,1.0681318779486527e-09,10.681318779486526,1.0000000000000013,9.473001952876297e-25,9.473001952876297e-25,0.7500018092316818,0.7500018092316818,2.795755822863016e-19,5.591511645726032e-19,5.651942049657685e-20,1.6955826148973054e-19,3.407244263577626e-06,1.0221732790732878e-05,0.06249486674027716,0.24997946696110865,1.2693356397226822e-19,8.885349478058775e-19,1.2145820600348627e-06,8.50207442024404e-06,3.7276654382034745e-19,7.53590455394722e-20,4.542981392362348e-06,1.692443436933862e-19,1.6194388401264086e-06,1.6194388401265778e-06
t0_10s,10.0,1682.8181831298027,0.29742105986071593,297421059.8607159,9.498256163074208e-07,1.0720417012678407e-09,10.720417012678407,1.0000000000000016,9.202767923875785e-25,9.202767923875785e-25,0.7500018092319879,0.7500018092319879,2.798741590142268e-19,5.597483180284536e-19,5.632903605104289e-20,1.689871081531287e-19,3.4072437129055713e-06,1.0221731138716714e-05,0.06249486674018564,0.24997946696074255,1.2975371981780787e-19,9.08276038724655e-19,1.2145823046109824e-06,8.502076132276877e-06,3.73164645163752e-19,7.510520022441625e-20,4.542980658132859e-06,1.7300454241660758e-19,1.619439166226454e-06,1.619439166226627e-06
t0_10s,10.0,1705.138485433381,0.29519825498727614,295198254.98727614,9.320879378032082e-07,1.0759658362265441e-09,10.75965836226544,1.0000000000000016,8.939965771359488e-25,8.939965771359488e-25,0.7500018092322801,0.7500018092322801,2.8016986419431624e-19,5.603397283886325e-19,5.61417948217558e-20,1.684253844652674e-19,3.407243187579013e-06,1.0221729562737038e-05,0.062494866740098645,0.24997946696039458,1.3263015690862876e-19,9.284110983604014e-19,1.2145825377179998e-06,8.502077764025999e-06,3.7355891778595156e-19,7.485554585424787e-20,4.542979957697368e-06,1.7683978261918084e-19,1.6194394770344296e-06,1.6194394770346064e-06
t0_10s,10.0,1727.7548362940288,0.2929920624596725,292992062.4596725,9.146815045647728e-07,1.079904335211528e-09,10.79904335211528,1.0000000000000013,8.684392294866687e-25,8.684392294866687e-25,0.7500018092325591,0.7500018092325591,2.8046269599618615e-19,5.609253919923723e-19,5.595764932413107e-20,1.678729479723932e-19,3.4072426864908156e-06,1.0221728059472447e-05,0.06249486674001595,0.2499794669600638,1.3556356296127153e-19,9.489449407289008e-19,1.214582759866252e-06,8.502079319063764e-06,3.7394935924643993e-19,7.461001911634033e-20,4.5429792895796925e-06,1.8075098125428155e-19,1.6194397732307823e-06,1.619439773230963e-06
t0_10s,10.0,1750.6711623945876,0.2908023581239422,290802358.1239422,8.976001306965951e-07,1.0838572508013283e-09,10.838572508013282,1.0000000000000013,8.435850010023512e-25,8.435850010023512e-25,0.7500018092328253,0.7500018092328253,2.807526534047009e-19,5.615053068094018e-19,5.577655275888994e-20,1.6732965827666983e-19,3.4072422085794476e-06,1.0221726625738343e-05,0.062494866739937385,0.24997946695974954,1.3855461367074135e-19,9.698822956951895e-19,1.2145829715446728e-06,8.50208080081271e-06,3.7433596819170605e-19,7.436855761180578e-20,4.54297865236446e-06,1.847390392464099e-19,1.619440055467421e-06,1.6194400554676056e-06
t0_10s,10.0,1773.8914425000307,0.2886290187539984,288629018.7539984,8.808377458226907e-07,1.0878246357669322e-09,10.878246357669322,1.000000000000001,8.194146979869279e-25,8.194146979869279e-25,0.7500018092330792,0.7500018092330792,2.810397362057369e-19,5.620794724114738e-19,5.559845900155309e-20,1.6679537700465926e-19,3.407241752827223e-06,1.022172525848167e-05,0.06249486673986275,0.249979466959451,1.4160397178051051e-19,9.912278024635736e-19,1.2145831732216321e-06,8.502082212551424e-06,3.747187443362523e-19,7.413109984148674e-20,4.542978044694755e-06,1.8880484025139734e-19,1.6194403243688365e-06,1.6194403243690254e-06
t0_10s,10.0,1797.4197081482496,0.28647192204469696,286471922.044697,8.643883929293488e-07,1.0918065430725e-09,10.918065430725001,1.0000000000000013,7.959096651376497e-25,7.959096651376497e-25,0.7500018092333216,0.7500018092333216,2.8132394497168847e-19,5.626478899433769e-19,5.542332259212268e-20,1.6626996777636803e-19,3.407241318258608e-06,1.0221723954775823e-05,0.06249486673979184,0.24997946695916737,1.4471228614755334e-19,1.0129860030328734e-18,1.2145833653457422e-06,8.502083557420195e-06,3.750976884432689e-19,7.389758519219888e-20,4.542977465269865e-06,1.9294924940978924e-19,1.6194405805331754e-06,1.6194405805333683e-06
t0_10s,10.0,1821.2600443500266,0.2843309466049524,284330946.6049524,8.48246226248099e-07,1.0958030258760534e-09,10.958030258760534,1.000000000000001,7.730517696999905e-25,7.730517696999905e-25,0.750001809233553,0.750001809233553,2.816052810467312e-19,5.632105620934624e-19,5.525109872494799e-20,1.6575329617484398e-19,3.407240903938587e-06,1.0221722711815761e-05,0.0624948667397245,0.249979466958898,1.4788019080430724e-19,1.0351613356301507e-18,1.2145835483466383e-06,8.502084838426468e-06,3.7547280230498543e-19,7.366795392321863e-20,4.5429769128431015e-06,1.9717311209612945e-19,1.619440824533282e-06,1.6194408245334791e-06
t0_10s,10.0,1845.4165902982759,0.28220597195090724,282205971.95090723,8.324055091782686e-07,1.0998141375302033e-09,10.998141375302033,1.000000000000001,7.508233861096163e-25,7.508233861096163e-25,0.7500018092337736,0.7500018092337736,2.8188374653186303e-19,5.6376749306372605e-19,5.508174323877242e-20,1.6524522971631725e-19,3.407240508971089e-06,1.0221721526913267e-05,0.06249486673966055,0.2499794669586422,1.5110830401950163e-19,1.0577581281365114e-18,1.2145837226357296e-06,8.502086058450108e-06,3.7584408872272547e-19,7.344214715301251e-20,4.542976386219705e-06,2.0147725266673534e-19,1.6194410569177e-06,1.6194410569179014e-06
t0_10s,10.0,1869.8935400866885,0.2800968784991522,280096878.4991522,8.168606122483034e-07,1.1038399315828544e-09,11.038399315828544,1.000000000000001,7.292073811060325e-25,7.292073811060325e-25,0.7500018092339841,0.7500018092339841,2.821593442697413e-19,5.643186885394826e-19,5.491521260695778e-20,1.6474563782087336e-19,3.407240132497468e-06,1.0221720397492405e-05,0.062494866739599836,0.24997946695839934,1.5439722735986164e-19,1.0807805915190315e-18,1.2145838886069203e-06,8.502087220248442e-06,3.7621155148668956e-19,7.322010684620288e-20,4.542975884254813e-06,2.0586247320863876e-19,1.6194412782116326e-06,1.6194412782118384e-06
t0_10s,10.0,1894.6951434379325,0.27800354755999546,278003547.5599955,8.016060111151541e-07,1.1078804617779123e-09,11.078804617779124,1.0000000000000009,7.081870993030054e-25,7.081870993030054e-25,0.7500018092341847,0.7500018092341847,2.824320778293367e-19,5.648641556586734e-19,5.47514639278823e-20,1.6425439178364688e-19,3.4072397736950426e-06,1.0221719321085128e-05,0.06249486673954219,0.24997946695816875,1.5774754475474188e-19,1.1042328132831932e-18,1.2145840466373081e-06,8.502088326461157e-06,3.7657519535549357e-19,7.300177580076531e-20,4.542975405851517e-06,2.1032955229243442e-19,1.619441488917875e-06,1.6194414889180853e-06
t0_10s,10.0,1919.8257064414784,0.2759258613307847,275925861.33078474,7.86636284601058e-07,1.111935782056017e-09,11.11935782056017,1.000000000000001,6.877463492014161e-25,6.877463492014161e-25,0.7500018092343762,0.7500018092343762,2.827019514904189e-19,5.654039029808378e-19,5.459045491550972e-20,1.6377136474652916e-19,3.4072394317756808e-06,1.0221718295327043e-05,0.062494866739487474,0.2499794669579499,1.611598215657822e-19,1.1281187509604754e-18,1.2145841970878538e-06,8.502089379614977e-06,3.7693502603548293e-19,7.278709763545404e-20,4.542974949958974e-06,2.148792437318236e-19,1.619441689517705e-06,1.61944168951792e-06
t0_10s,10.0,1945.2895923012434,0.2738637028892765,273863702.88927644,7.719461127669413e-07,1.1160059465552503e-09,11.160059465552504,1.000000000000001,6.678693896305415e-25,6.678693896305415e-25,0.7500018092345588,0.7500018092345588,2.829689702278968e-19,5.659379404557936e-19,5.443214389012518e-20,1.6329643167037553e-19,3.407239105984448e-06,1.0221717317953343e-05,0.06249486673943555,0.2499794669577422,1.6463460366372464e-19,1.1524422256460725e-18,1.2145843403040286e-06,8.502090382128201e-06,3.7729105015985347e-19,7.257601677744998e-20,4.542974515570606e-06,2.1951227535270664e-19,1.61944188047175e-06,1.6194418804719695e-06
t0_10s,10.0,1971.0912220931307,0.27181695618705687,271816956.18705684,7.575302750218289e-07,1.120091009611861e-09,11.20091009611861,1.0000000000000009,6.485409166043273e-25,6.485409166043273e-25,0.7500018092347328,0.7500018092347328,2.83233139696029e-19,5.66466279392058e-19,5.427648976923527e-20,1.628294693077058e-19,3.40723879559829e-06,1.0221716386794869e-05,0.06249486673938627,0.24997946695754508,1.681724165145494e-19,1.1772069156018458e-18,1.2145844766164356e-06,8.50209133631505e-06,3.7764327526759833e-19,7.236847845022733e-20,4.54297410172234e-06,2.2422934777470036e-19,1.6194420622208118e-06,1.619442062221036e-06
t0_10s,10.0,1997.235075532617,0.26978550604301166,269785506.04301167,7.433836482675595e-07,1.1241910257609972e-09,11.241910257609971,1.000000000000001,6.29746050579567e-25,6.29746050579567e-25,0.7500018092348989,0.7500018092348989,2.8349446621252444e-19,5.669889324250489e-19,5.412345205862909e-20,1.6237035617588727e-19,3.407238499924774e-06,1.0221715499774321e-05,0.062494866739339516,0.24997946695735807,1.71773764277117e-19,1.202416349939819e-18,1.214584606341409e-06,8.502092244389862e-06,3.779917097823088e-19,7.216442866163507e-20,4.54297370749093e-06,2.2903113320799715e-19,1.6194422351866671e-06,1.6194422351868962e-06
t0_10s,10.0,2023.725691752541,0.2677692381368429,267769238.13684288,7.295012050781211e-07,1.128306049737424e-09,11.283060497374239,1.0000000000000013,6.114703241033374e-25,6.114703241033374e-25,0.7500018092350572,0.7500018092350572,2.8375295674255064e-19,5.675059134851013e-19,5.397299084359682e-20,1.6191897253079046e-19,3.4072382183008755e-06,1.0221714654902626e-05,0.06249486673929518,0.2499794669571807,1.754391289145177e-19,1.2280739024016238e-18,1.2145847297815922e-06,8.502093108471146e-06,3.7833636299085237e-19,7.196381419218845e-20,4.542973331992346e-06,2.339182742685005e-19,1.6194423997728393e-06,1.6194423997730733e-06
t0_10s,10.0,2050.567670091178,0.2657680390026371,265768039.00263712,7.158780119130249e-07,1.1324361364762627e-09,11.324361364762627,1.000000000000001,5.9369966983749345e-25,5.9369966983749345e-25,0.7500018092352079,0.7500018092352079,2.8400861888266657e-19,5.680172377653331e-19,5.382506678030303e-20,1.6147520034090908e-19,3.4072379500918044e-06,1.0221713850275413e-05,0.0624948667392531,0.2499794669570124,1.7916896932132708e-19,1.2541827852492895e-18,1.2145848472264909e-06,8.502093930585436e-06,3.786772450219499e-19,7.176658258356676e-20,4.542972974380201e-06,2.388913828141686e-19,1.6194425563653343e-06,1.6194425563655732e-06
t0_10s,10.0,2077.7656708908,0.2637817960224787,263781796.0224787,7.025092273640099e-07,1.1365813411137216e-09,11.365813411137216,1.000000000000001,5.764204089483267e-25,5.764204089483267e-25,0.7500018092353515,0.7500018092353515,2.842614608446991e-19,5.685229216893982e-19,5.3679641087311374e-20,1.6103892326193413e-19,3.4072376946898807e-06,1.0221713084069643e-05,0.06249486673921319,0.24997946695685275,1.8296372046898078e-19,1.2807460432828655e-18,1.2145849589530087e-06,8.50209471267106e-06,3.790143668246772e-19,7.157268212731289e-20,4.542972633844254e-06,2.439510388055164e-19,1.6194427053333552e-06,1.6194427053335992e-06
t0_10s,10.0,2105.324416306794,0.26181039742011336,261810397.42011335,6.893901004345109e-07,1.1407417189878243e-09,11.407417189878243,1.0000000000000009,5.596192398499687e-25,5.596192398499687e-25,0.7500018092354884,0.7500018092354884,2.8451149143957967e-19,5.690229828791593e-19,5.353667553725811e-20,1.6061002661177432e-19,3.4072374515134445e-06,1.0221712354540333e-05,0.062494866739175356,0.24997946695670142,1.868237925714522e-19,1.3077665480001653e-18,1.2145850652259616e-06,8.502095456581732e-06,3.793477401469143e-19,7.138206185373141e-20,4.542972309608959e-06,2.490977891931892e-19,1.6194428470299884e-06,1.6194428470302374e-06
t0_10s,10.0,2133.248691127544,0.2598537322546569,259853732.2546569,6.765159688512505e-07,1.1449173256391676e-09,11.449173256391676,1.0000000000000009,5.43283227290399e-25,5.43283227290399e-25,0.7500018092356189,0.7500018092356189,2.8475872006115726e-19,5.695174401223145e-19,5.3396132448671143e-20,1.6018839734601343e-19,3.4072372200058145e-06,1.0221711660017443e-05,0.0624948667391395,0.249979466956558,1.9074957027341704e-19,1.3352469919139192e-18,1.2145851662985717e-06,8.502096164090001e-06,3.796773775137629e-19,7.119467152098074e-20,4.542972000932073e-06,2.5433214683551726e-19,1.6194429817928617e-06,1.619442981793116e-06
t0_10s,10.0,2161.543343605167,0.25791169041435247,257911690.41435248,6.638822574073514e-07,1.1491082168116376e-09,11.491082168116376,1.0000000000000009,5.273997917693366e-25,5.273997917693366e-25,0.7500018092357431,0.7500018092357431,2.8500315667000557e-19,5.7000631334001115e-19,5.325797467793165e-20,1.5977392403379496e-19,3.4072369996342797e-06,1.0221710998902839e-05,0.06249486673910551,0.24997946695642204,1.9474141186304759e-19,1.3631898830413331e-18,1.214585262412945e-06,8.502096836890616e-06,3.8000329220595576e-19,7.101046160435518e-20,4.542971707103316e-06,2.5965458944891134e-19,1.619443109944782e-06,1.6194431099450415e-06
t0_10s,10.0,2190.213286297267,0.2559841626103746,255984162.6103746,6.514844763364193e-07,1.1533144484531772e-09,11.533144484531773,1.0000000000000009,5.119566992776042e-25,5.119566992776042e-25,0.7500018092358615,0.7500018092358615,2.8524481177723775e-19,5.704896235544755e-19,5.3122165611375876e-20,1.5936649683412764e-19,3.4072367898891314e-06,1.0221710369667394e-05,0.06249486673907329,0.24997946695629317,1.9879964851155085e-19,1.391597539580856e-18,1.214585353800526e-06,8.502097476603682e-06,3.803254982382764e-19,7.082938328575413e-20,4.542971427443076e-06,2.6506555859391546e-19,1.6194432317943406e-06,1.6194432317946058e-06
t0_10s,10.0,2219.2634969198734,0.2540710403706777,254071040.37067768,6.393182197169488e-07,1.1575360767165153e-09,11.575360767165153,1.0000000000000009,4.969420513478774e-25,4.969420513478774e-25,0.7500018092359743,0.7500018092359743,2.854836964283479e-19,5.709673928566958e-19,5.2988669157533927e-20,1.5896600747260177e-19,3.4072365902827325e-06,1.0221709770848197e-05,0.062494866739042775,0.2499794669561711,2.0292458354152417e-19,1.4204720847906692e-18,1.2145854406825424e-06,8.502098084777797e-06,3.806440103380147e-19,7.065138844333377e-20,4.54297116130117e-06,2.705654586996839e-19,1.6194433476365062e-06,1.6194433476367768e-06
t0_10s,10.0,2248.6990192116637,0.2521722160338929,252172216.0338929,6.273791639065668e-07,1.1617731579599323e-09,11.617731579599324,1.000000000000001,4.823442754070949e-25,4.823442754070949e-25,0.7500018092360816,0.7500018092360816,2.857198221870921e-19,5.714396443741842e-19,5.285744973950307e-20,1.585723492185092e-19,3.407236400348614e-06,1.0221709201045842e-05,0.06249486673901385,0.2499794669560554,2.071164917261383e-19,1.4498154420829682e-18,1.2145855232704247e-06,8.502098662892973e-06,3.809588439234747e-19,7.047642964133822e-20,4.542970908055639e-06,2.7615465612956044e-19,1.619443457753185e-06,1.6194434577534611e-06
t0_10s,10.0,2278.5249638096802,0.25028758274326873,250287582.74326873,6.156630660054805e-07,1.1660257487479948e-09,11.660257487479948,1.0000000000000009,4.681521154210504e-25,4.681521154210504e-25,0.7500018092361838,0.7500018092361838,2.8595320111942275e-19,5.719064022388455e-19,5.2728472287452526e-20,1.5818541686235757e-19,3.40723621964062e-06,1.022170865892186e-05,0.062494866738986465,0.24997946695594586,2.1137561862111486e-19,1.4796293303478041e-18,1.2145856017662156e-06,8.50209921236351e-06,3.8127001508255424e-19,7.030446012010586e-20,4.542970667111609e-06,2.8183347829038417e-19,1.6194435624137664e-06,1.6194435624140483e-06
t0_10s,10.0,2308.746509136638,0.2484170344406577,248417034.4406577,6.041657623486484e-07,1.1702939058523296e-09,11.702939058523295,1.0000000000000009,4.54354622822061e-25,4.54354622822061e-25,0.750001809236281,0.750001809236281,2.861838457774933e-19,5.723676915549866e-19,5.260170223125767e-20,1.57805106693773e-19,3.4072360477320713e-06,1.0221708143196215e-05,0.062494866738960514,0.24997946695584206,2.1570217993137812e-19,1.5099152595196468e-18,1.2145856763629614e-06,8.50209973454073e-06,3.815775405514172e-19,7.013543378624837e-20,4.5429704379001756e-06,2.87602212788027e-19,1.6194436618756442e-06,1.6194436618759318e-06
t0_10s,10.0,2339.368902300003,0.24656046586054872,246560465.86054873,5.928831670260925e-07,1.1745776862523616e-09,11.745776862523616,1.0000000000000009,4.409411477108325e-25,4.409411477108325e-25,0.7500018092363736,0.7500018092363736,2.864117691837449e-19,5.728235383674898e-19,5.247710549326045e-20,1.5743131647978134e-19,3.4072358842149714e-06,1.0221707652644913e-05,0.06249486673893597,0.24997946695574388,2.200963609141997e-19,1.5406745263993979e-18,1.214585747245086e-06,8.502100230715603e-06,3.8188143769327653e-19,6.996930520299792e-20,4.542970219877341e-06,2.9346110663158844e-19,1.619443756384716e-06,1.6194437563850095e-06
t0_10s,10.0,2370.3974600030206,0.24471777252414176,244717772.52414176,5.81811270430849e-07,1.1788771471360977e-09,11.788771471360977,1.0000000000000009,4.279013303239553e-25,4.279013303239553e-25,0.7500018092364619,0.7500018092364619,2.8663698481508805e-19,5.732739696301761e-19,5.235464848115384e-20,1.5706394544346153e-19,3.4072357286992322e-06,1.0221707186097697e-05,0.06249486673891272,0.24997946695565088,2.24558315820567e-19,1.571908210743969e-18,1.214585814588757e-06,8.502100702121298e-06,3.8218172447730273e-19,6.980602958071983e-20,4.542970012522987e-06,2.994103654885556e-19,1.61944384617587e-06,1.6194438461761694e-06
t0_10s,10.0,2401.8375694677875,0.24288885073346994,242888850.73346993,5.709461378340349e-07,1.1831923459008648e-09,11.831923459008648,1.000000000000001,4.15225092758748e-25,4.15225092758748e-25,0.7500018092365458,0.7500018092365458,2.8685950658719307e-19,5.737190131743861e-19,5.223429808098786e-20,1.5670289424296358e-19,3.4072355808119387e-06,1.0221706742435817e-05,0.06249486673889071,0.24997946695556283,2.290881673764077e-19,1.603617171634854e-18,1.2145858785622274e-06,8.502101149935593e-06,3.8247841945767813e-19,6.964556276758726e-20,4.542969815339896e-06,3.0545015299310398e-19,1.6194439314734437e-06,1.619443931473749e-06
t0_10s,10.0,2433.694689370608,0.24107359756556254,241073597.56556255,5.602839079865255e-07,1.1875233401540999e-09,11.875233401541,1.0000000000000009,4.0290263094738246e-25,4.0290263094738246e-25,0.7500018092366255,0.7500018092366255,2.8707934883890055e-19,5.741586976778011e-19,5.211602165029431e-20,1.5634806495088293e-19,3.4072354401966357e-06,1.0221706320589908e-05,0.06249486673886987,0.24997946695547948,2.3368600630522126e-19,1.6358020441365488e-18,1.2145859393261758e-06,8.50210157528323e-06,3.827715417528107e-19,6.94878612404143e-20,4.542969627852795e-06,3.115805901096078e-19,1.619444012491674e-06,1.6194440124919854e-06
t0_10s,10.0,2465.9743507897283,0.2392719108666537,239271910.8666537,5.498207917467398e-07,1.1918701877140973e-09,11.918701877140974,1.000000000000001,3.909244068725361e-25,3.909244068725361e-25,0.7500018092367016,0.7500018092367016,2.8729652631676363e-19,5.745930526335273e-19,5.1999787011328655e-20,1.5599936103398597e-19,3.4072353065126486e-06,1.0221705919537945e-05,0.06249486673885016,0.24997946695540063,2.383518908935444e-19,1.6684632362548108e-18,1.2145859970340216e-06,8.502101979238152e-06,3.830611110247235e-19,6.933288209564499e-20,4.542969449607448e-06,3.1780175455326164e-19,1.6194440894351186e-06,1.6194440894354364e-06
t0_10s,10.0,2498.682158165643,0.23748368924643398,237483689.24643397,5.395530707340672e-07,1.1962329466108018e-09,11.962329466108018,1.000000000000001,3.7928114101702366e-25,3.7928114101702366e-25,0.750001809236774,0.750001809236774,2.8751105415973318e-19,5.7502210831946635e-19,5.188556244442557e-20,1.5565668733327672e-19,3.4072351794344237e-06,1.0221705538303271e-05,0.0624948667388315,0.249979466955326,2.430858466005854e-19,1.7016009262040978e-18,1.2145860518322375e-06,8.502102362825662e-06,3.8334714745863575e-19,6.918058304049426e-20,4.542969280169785e-06,3.241136802695948e-19,1.6194441624990737e-06,1.619444162499398e-06
t0_10s,10.0,2531.823790274165,0.23570883207234325,235708832.07234326,5.29477096007412e-07,1.2006116750865628e-09,12.006116750865628,1.0000000000000009,3.6796380504010122e-25,3.6796380504010122e-25,0.7500018092368426,0.7500018092368426,2.877229478839952e-19,5.754458957679904e-19,5.1773316681466744e-20,1.5531995004440024e-19,3.407235058650895e-06,1.0221705175952685e-05,0.06249486673881385,0.2499794669552554,2.4788786571323754e-19,1.735215059992663e-18,1.2145861038606427e-06,8.5021027270245e-06,3.836296717427456e-19,6.903092238423826e-20,4.542969119125053e-06,3.3051635697448993e-19,1.6194442318699652e-06,1.6194442318702958e-06
t0_10s,10.0,2565.4050012123594,0.2339472394639094,233947239.46390942,5.195892867684539e-07,1.2050064315969317e-09,12.050064315969317,1.0000000000000009,3.5696361467340124e-25,3.5696361467340124e-25,0.750001809236908,0.750001809236908,2.879322233679725e-19,5.75864446735945e-19,5.166301889945836e-20,1.5498905669837509e-19,3.40723494386488e-06,1.022170483159464e-05,0.06249486673879716,0.24997946695518863,2.527579070475566e-19,1.769305349332896e-18,1.2145861532526886e-06,8.50210307276882e-06,3.839087050482321e-19,6.888385902965099e-20,4.542968966077006e-06,3.3700972975615354e-19,1.6194442977257264e-06,1.6194442977260633e-06
t0_10s,10.0,2599.431621397598,0.2321988122871262,232198812.28712618,5.098861290890869e-07,1.2094172748114226e-09,12.094172748114225,1.0000000000000009,3.462720228296264e-25,3.462720228296264e-25,0.7500018092369701,0.7500018092369701,2.8813889683749826e-19,5.762777936749965e-19,5.1554638714215965e-20,1.546639161426479e-19,3.4072348347924985e-06,1.0221704504377496e-05,0.06249486673878136,0.24997946695512543,2.576958956976783e-19,1.8038712698837482e-18,1.214586200135731e-06,8.502103400950118e-06,3.8418426900948724e-19,6.873935246458425e-20,4.542968820647139e-06,3.4359369874034114e-19,1.6194443602361645e-06,1.6194443602365082e-06
t0_10s,10.0,2633.9095585798373,0.23046345214887476,230463452.14887476,5.003641746626502e-07,1.2138442636143127e-09,12.138442636143127,1.000000000000001,3.358807129173993e-25,3.358807129173993e-25,0.7500018092370293,0.7500018092370293,2.883429848511705e-19,5.76685969702341e-19,5.144814617415467e-20,1.5434443852246402e-19,3.4072347311626084e-06,1.0221704193487826e-05,0.06249486673876646,0.24997946695506584,2.627017228330015e-19,1.8389120598310107e-18,1.214586244631294e-06,8.502103712419057e-06,3.8445638570458843e-19,6.859736275368782e-20,4.542968682473927e-06,3.5026811881993433e-19,1.6194444195633108e-06,1.619444419563661e-06
t0_10s,10.0,2668.844798867321,0.22874106139138714,228741061.39138713,4.910200395784695e-07,1.218287457105421e-09,12.18287457105421,1.0000000000000009,3.257815923558401e-25,3.257815923558401e-25,0.7500018092370855,0.7500018092370855,2.885445042858959e-19,5.770890085717918e-19,5.134351175418252e-20,1.5403053526254757e-19,3.4072346327162693e-06,1.0221703898148808e-05,0.06249486673875233,0.24997946695500933,2.677752455443458e-19,1.8744267188104207e-18,1.2145862868553167e-06,8.502104007987218e-06,3.8472507763602365e-19,6.84578505302674e-20,4.542968551212118e-06,3.570327994498191e-19,1.6194444758617508e-06,1.6194444758621078e-06
t0_10s,10.0,2704.243407765916,0.22703154308674958,227031543.08674958,4.818504031192742e-07,1.2227469146008899e-09,12.227469146008898,1.000000000000001,3.1596678628265308e-25,3.1596678628265308e-25,0.7500018092371391,0.7500018092371391,2.8874347232263097e-19,5.774869446452619e-19,5.124070634969477e-20,1.537221190490843e-19,3.4072345392062222e-06,1.0221703617618667e-05,0.062494866738739,0.249979466954956,2.7291628673965473e-19,1.910414007177583e-18,1.2145863269184026e-06,8.502104288428819e-06,3.8499036771167934e-19,6.83207769882769e-20,4.542968426532031e-06,3.6388750450782285e-19,1.619444529278954e-06,1.6194445292793178e-06
t0_10s,10.0,2740.1115312321917,0.22533480103144907,225334801.03144908,4.7285200658109464e-07,1.2272226956339915e-09,12.272226956339916,1.000000000000001,3.064286314497191e-25,3.064286314497191e-25,0.75000180923719,0.75000180923719,2.88939906432327e-19,5.77879812864654e-19,5.1139701270667436e-20,1.5341910381200232e-19,3.4072344503964012e-06,1.0221703351189203e-05,0.06249486673872638,0.24997946695490553,2.781246350896657e-19,1.94687244562766e-18,1.2145863649260426e-06,8.502104554482298e-06,3.852522792261012e-19,6.818610387444329e-20,4.542968308118914e-06,3.7083195222227533e-19,1.6194445799555753e-06,1.619444579955946e-06
t0_10s,10.0,2776.4553967405104,0.22365073974095792,223650739.74095792,4.640216521151727e-07,1.2317148599559165e-09,12.317148599559165,1.000000000000001,2.971596703003448e-25,2.971596703003448e-25,0.7500018092372382,0.7500018092372382,2.8913382436208595e-19,5.782676487241719e-19,5.104046823584754e-20,1.5312140470754262e-19,3.407234366061446e-06,1.0221703098184338e-05,0.062494866738714475,0.2499794669548579,2.8340004502384893e-19,1.9838003151669424e-18,1.214586400978843e-06,8.5021048068519e-06,3.8551083584203467e-19,6.805379348052023e-20,4.542968195672285e-06,3.778658151665934e-19,1.6194446280257555e-06,1.6194446280261333e-06
t0_10s,10.0,2813.281314364241,0.22197926444436172,221979264.44436172,4.553562015915156e-07,1.236223467536562e-09,12.36223467536562,1.000000000000001,2.8815264522254426e-25,2.8815264522254426e-25,0.7500018092372841,0.7500018092372841,2.893252441215332e-19,5.786504882430664e-19,5.094297936703861e-20,1.5282893810111584e-19,3.4072342859862495e-06,1.0221702857958749e-05,0.062494866738703206,0.24997946695481282,2.887422367767563e-19,2.0211956574372938e-18,1.2145864351727378e-06,8.502105046209164e-06,3.8576606157225557e-19,6.792380863566873e-20,4.542968088905337e-06,3.8498872032107937e-19,1.6194446736174062e-06,1.6194446736177912e-06
t0_10s,10.0,2850.5956778713144,0.22032028107902588,220320281.07902586,4.468525754836728e-07,1.2407485785653507e-09,12.407485785653508,1.000000000000001,2.7940049297287688e-25,2.7940049297287688e-25,0.7500018092373277,0.7500018092373277,2.8951418396941237e-19,5.790283679388247e-19,5.084720718347919e-20,1.5254162155043758e-19,3.4072342099655206e-06,1.0221702629896562e-05,0.062494866738692575,0.2499794669547703,2.941508964847939e-19,2.0590562753935576e-18,1.2145864675991908e-06,8.502105273194336e-06,3.8601798076169655e-19,6.77961126989619e-20,4.542967987544345e-06,3.922002492019508e-19,1.6194447168524784e-06,1.6194447168528706e-06
t0_10s,10.0,2888.4049658343374,0.21867369628530128,218673696.2853013,4.3850775177432265e-07,1.2452902534520156e-09,12.452902534520156,1.000000000000001,2.7089633926554226e-25,2.7089633926554226e-25,0.750001809237369,0.750001809237369,2.897006624004079e-19,5.794013248008158e-19,5.075312459631246e-20,1.5225937378893738e-19,3.407234137803358e-06,1.0221702413410074e-05,0.06249486673868254,0.24997946695473017,2.996256763332935e-19,2.097379734333055e-18,1.2145864983453937e-06,8.502105488417756e-06,3.862666180698774e-19,6.76706695520111e-20,4.54296789132811e-06,3.9949993805743553e-19,1.6194447578472277e-06,1.6194447578476273e-06
t0_10s,10.0,2926.7157427553916,0.21703941740127175,217039417.40127176,4.3031876488132097e-07,1.2498485528274238e-09,12.498485528274239,1.000000000000001,2.626334935216235e-25,2.626334935216235e-25,0.7500018092374084,0.7500018092374084,2.898846981321998e-19,5.797693962643996e-19,5.0660704903145397e-20,1.519821147094362e-19,3.4072340693128453e-06,1.0221702207938536e-05,0.06249486673867306,0.24997946695469225,3.051661947535996e-19,2.136163363275197e-18,1.214586527494456e-06,8.502105692461193e-06,3.865119984536445e-19,6.754744359171147e-20,4.542967800007408e-06,4.068872781305533e-19,1.6194447967124652e-06,1.619444796712872e-06
t0_10s,10.0,2965.5346602057907,0.21541735245753849,215417352.4575385,4.222827046037844e-07,1.254423537544374e-09,12.54423537544374,1.000000000000001,2.546054437734904e-25,2.546054437734904e-25,0.7500018092374459,0.7500018092374459,2.9006631009275356e-19,5.801326201855071e-19,5.0569921782695317e-20,1.5170976534808594e-19,3.407234004315663e-06,1.022170201294699e-05,0.06249486673866412,0.24997946695465648,3.1077203666977996e-19,2.17540425668846e-18,1.2145865551255822e-06,8.502105885879076e-06,3.867541471502243e-19,6.742639972310413e-20,4.542967713344481e-06,4.14361715988063e-19,1.6194448335537971e-06,1.6194448335542115e-06
t0_10s,10.0,3004.868457980917,0.21380741017204472,213807410.17204472,4.143967150878643e-07,1.2590152686784087e-09,12.590152686784087,1.000000000000001,2.468058517195778e-25,2.468058517195778e-25,0.7500018092374813,0.7500018092374813,2.9024551740785117e-19,5.804910348157023e-19,5.048074928952222e-20,1.5144224786856666e-19,3.4072339426417188e-06,1.0221701827925156e-05,0.062494866738655674,0.2499794669546227,3.1644275379440173e-19,2.215099276560812e-18,1.2145865813142457e-06,8.50210606919972e-06,3.8699308966059783e-19,6.730750335235252e-20,4.542967631112539e-06,4.219226539148294e-19,1.6194448684718546e-06,1.6194448684722764e-06
t0_10s,10.0,3044.7239652704097,0.21220949994493946,212209499.94493946,4.066579938118416e-07,1.2636238075286408e-09,12.636238075286409,1.000000000000001,2.3922854792486177e-25,2.3922854792486177e-25,0.7500018092375149,0.7500018092375149,2.9042233938886374e-19,5.808446787777275e-19,5.0393161848845165e-20,1.511794855465355e-19,3.4072338841287827e-06,1.0221701652386348e-05,0.0624948667386477,0.2499794669545908,3.2217786497270586e-19,2.255245054808941e-18,1.214586606132357e-06,8.502106242926499e-06,3.8722885173319776e-19,6.719072037983094e-20,4.542967553095276e-06,4.2956945037272133e-19,1.6194449015625172e-06,1.6194449015629468e-06
t0_10s,10.0,3085.1081018438545,0.21062353185347762,210623531.85347763,3.9906379059015333e-07,1.268249215618555e-09,12.682492156185551,1.000000000000001,2.318675271625378e-25,2.318675271625378e-25,0.7500018092375469,0.7500018092375469,2.9059679552077005e-19,5.811935910415401e-19,5.0307134251440965e-20,1.509214027543229e-19,3.4072338286221525e-06,1.0221701485866457e-05,0.06249486673864018,0.24997946695456072,3.2797685657436753e-19,2.2958379960205728e-18,1.2145866296484193e-06,8.502106407538934e-06,3.874614593479331e-19,6.707601719332288e-20,4.54296747908642e-06,4.373014205229576e-19,1.619444932917122e-06,1.6194449329175593e-06
t0_10s,10.0,3126.0278792521913,0.20904941664696125,209049416.64696124,3.916114065960481e-07,1.2728915546968471e-09,12.728915546968471,1.0000000000000009,2.247169438925311e-25,2.247169438925311e-25,0.7500018092375772,0.7500018092375772,2.907689054504232e-19,5.815378109008464e-19,5.022264164862354e-20,1.5066792494587063e-19,3.4072337759743145e-06,1.0221701327922944e-05,0.06249486673863309,0.24997946695453235,3.3383918293190756e-19,2.3368742805233527e-18,1.2145866519276819e-06,8.502106563493773e-06,3.8769093870054476e-19,6.696336066132685e-20,4.542967408889289e-06,4.451178368106545e-19,1.6194449626226685e-06,1.6194449626231136e-06
t0_10s,10.0,3167.4904020450927,0.2074870657417152,207487065.7417152,3.842981934024637e-07,1.2775508867382362e-09,12.775508867382362,1.0000000000000009,2.177711078725987e-25,2.177711078725987e-25,0.750001809237606,0.750001809237606,2.9093868897506663e-19,5.818773779501333e-19,5.0139659547302184e-20,1.5041897864190656e-19,3.407233726044637e-06,1.022170117813391e-05,0.06249486673862639,0.24997946695450557,3.3976426682470578e-19,2.3783498677729406e-18,1.2145866730322866e-06,8.502106711226006e-06,3.879173161872936e-19,6.685271812646731e-20,4.542967342316372e-06,4.530179296101751e-19,1.6194449907620114e-06,1.6194449907624644e-06
t0_10s,10.0,3209.5028690044396,0.20593639121610355,205936391.21610355,3.7712155204083826e-07,1.2822272739442956e-09,12.822272739442957,1.000000000000001,2.110244798979449e-25,2.110244798979449e-25,0.7500018092376335,0.7500018092376335,2.911061660311013e-19,5.822123320622026e-19,5.005816380511743e-20,1.501744914153523e-19,3.407233678699061e-06,1.0221701036097183e-05,0.06249486673862008,0.2499794669544803,3.4575150000743246e-19,2.4202605000520272e-18,1.2145866930214078e-06,8.502106851149855e-06,3.8814061838998323e-19,6.67440573990093e-20,4.542967279188922e-06,4.610008879297026e-19,1.6194450174140492e-06,1.6194450174145102e-06
t0_10s,10.0,3252.0725743942075,0.20439730580558121,204397305.8055812,3.700789320774853e-07,1.2869207787442785e-09,12.869207787442786,1.000000000000001,2.0447166766536353e-25,2.0447166766536353e-25,0.7500018092376596,0.7500018092376596,2.912713566831052e-19,5.825427133662104e-19,4.9978130625652527e-20,1.4993439187695758e-19,3.4072336338098136e-06,1.0221700901429441e-05,0.06249486673861413,0.24997946695445653,3.5180024378162423e-19,2.4626017064713696e-18,1.2145867119513846e-06,8.502106983659693e-06,3.8836087206131996e-19,6.663734675047367e-20,4.542967219336579e-06,4.690658601733402e-19,1.619445042653901e-06,1.61944504265437e-06
t0_10s,10.0,3295.206909226898,0.20286972289778243,202869722.89778244,3.63167830707222e-07,1.2916314637959683e-09,12.916314637959683,1.0000000000000009,1.9810742175808043e-25,1.9810742175808043e-25,0.7500018092376839,0.7500018092376839,2.914342811131054e-19,5.828685622262108e-19,4.989953655371953e-20,1.4969860966115859e-19,3.4072335912551307e-06,1.0221700773765393e-05,0.062494866738608525,0.2499794669544341,3.579098296090019e-19,2.5053688072630133e-18,1.2145867298758524e-06,8.502107109130966e-06,3.885781041106084e-19,6.653255490735198e-20,4.542967162596991e-06,4.772119549588664e-19,1.6194450665530813e-06,1.6194450665535586e-06
t0_10s,10.0,3338.9133625467634,0.2013535565276481,201353556.52764812,3.563857918639233e-07,1.2963593919864906e-09,12.963593919864906,1.000000000000001,1.919266317475691e-25,1.919266317475691e-25,0.7500018092377073,0.7500018092377073,2.91594959610104e-19,5.83189919220208e-19,4.982235847071792e-20,1.4946707541215376e-19,3.407233550918981e-06,1.0221700652756943e-05,0.06249486673860324,0.24997946695441295,3.640795597650415e-19,2.5485569183552905e-18,1.2145867468458617e-06,8.502107227921032e-06,3.887923415897857e-19,6.642965104491782e-20,4.542967108815446e-06,4.854382419891593e-19,1.6194450891796551e-06,1.6194450891801405e-06
t0_10s,10.0,3383.1995227300936,0.1998487213725864,199848721.3725864,3.49730405347683e-07,1.301104626433174e-09,13.011046264331739,1.000000000000001,1.859243224087302e-25,1.859243224087302e-25,0.7500018092377295,0.7500018092377295,2.917534125598568e-19,5.835068251197136e-19,4.9746573590064766e-20,1.492397207701943e-19,3.407233512690822e-06,1.0221700538072466e-05,0.06249486673859826,0.24997946695439305,3.7030870803121537e-19,2.5921609562185076e-18,1.214586762909998e-06,8.502107340369987e-06,3.8900361167979417e-19,6.632860478113393e-20,4.542967057844556e-06,4.93743752975185e-19,1.619445110598404e-06,1.6194451105988979e-06
t0_10s,10.0,3428.073078802688,0.1983551327476728,198355132.7476728,3.431993059682802e-07,1.3058672304843736e-09,13.058672304843736,1.0000000000000009,1.8009565004495769e-25,1.8009565004495769e-25,0.7500018092377504,0.7500018092377504,2.9190966043490486e-19,5.838193208698097e-19,4.967215945269477e-20,1.490164783580843e-19,3.4072334764653502e-06,1.022170042939605e-05,0.062494866738593564,0.24997946695437426,3.7659652042421647e-19,2.6361756429695154e-18,1.2145867781144937e-06,8.502107446801457e-06,3.8921194167728944e-19,6.622938617065216e-20,4.542967009543917e-06,5.021274826082926e-19,1.619445130870971e-06,1.6194451308714732e-06
t0_10s,10.0,3473.5418217748647,0.1968727066008836,196872706.6008836,3.3679017270463975e-07,1.310647267720339e-09,13.10647267720339,1.000000000000001,1.7443589891969891e-25,1.7443589891969891e-25,0.7500018092377706,0.7500018092377706,2.920637237848589e-19,5.841274475697178e-19,4.9599093922628823e-20,1.4879728176788647e-19,3.407233442142267e-06,1.02217003264268e-05,0.06249486673858914,0.24997946695435655,3.829422159604258e-19,2.680595511722981e-18,1.2145867925033368e-06,8.502107547523358e-06,3.89417358981686e-19,6.613196569890485e-20,4.542966963779794e-06,5.105883895795015e-19,1.6194451500560052e-06,1.6194451500565157e-06
t0_10s,10.0,3519.613645994132,0.1954013595083654,195401359.5083654,3.3050072787997966e-07,1.3154448019540395e-09,13.154448019540395,1.0000000000000009,1.689404777912444e-25,1.689404777912444e-25,0.7500018092377893,0.7500018092377893,2.9221562322693473e-19,5.844312464538695e-19,4.9527355182609714e-20,1.4858206554782915e-19,3.40723340962605e-06,1.0221700228878149e-05,0.06249486673858498,0.24997946695433992,3.893449874537766e-19,2.725414912176436e-18,1.2145868061183728e-06,8.50210764282861e-06,3.896198910825391e-19,6.603631427628595e-20,4.542966920424829e-06,5.191253976433198e-19,1.6194451682093025e-06,1.6194451682098218e-06
t0_10s,10.0,3566.2965505158077,0.1939410086697418,193941008.66974178,3.243287363523834e-07,1.3202598972320358e-09,13.202598972320358,1.0000000000000009,1.6360491654757453e-25,1.6360491654757453e-25,0.7500018092378073,0.7500018092378073,2.923653794367383e-19,5.847307588734766e-19,4.9456921729803626e-20,1.4837076518941087e-19,3.407233378825743e-06,1.0221700136477229e-05,0.062494866738581054,0.24997946695432421,3.958040023451279e-19,2.7706280164158953e-18,1.2145868189994036e-06,8.502107732995824e-06,3.8981956554725636e-19,6.594240323241945e-20,4.542966879357743e-06,5.277373967235699e-19,1.6194451853839298e-06,1.6194451853844575e-06
t0_10s,10.0,3613.598640491851,0.19249157190345215,192491571.90345216,3.1827200472046385e-07,1.3250926178353239e-09,13.25092617835324,1.0000000000000009,1.5842486293818793e-25,1.5842486293818793e-25,0.7500018092378242,0.7500018092378242,2.9251301313930118e-19,5.8502602627860235e-19,4.938777237156611e-20,1.4816331711469833e-19,3.407233349654748e-06,1.0221700048964245e-05,0.06249486673857736,0.24997946695430945,4.0231840356119504e-19,2.8162288249283653e-18,1.2145868311842824e-06,8.502107818289977e-06,3.900164100091468e-19,6.585020431051432e-20,4.542966840463075e-06,5.364232440586295e-19,1.619445201630359e-06,1.6194452016308954e-06
t0_10s,10.0,3661.528128578061,0.19105296764212823,191052967.64212823,3.123283805438801e-07,1.3299430282801946e-09,13.299430282801946,1.0000000000000009,1.5339607939995085e-25,1.5339607939995085e-25,0.7500018092378402,0.7500018092378402,2.9265854510036127e-19,5.853170902007225e-19,4.9319886221271473e-20,1.4795965866381442e-19,3.4072333220306267e-06,1.022169996609188e-05,0.0624948667385739,0.2499794669542956,4.08887310401014e-19,2.862211172807098e-18,1.2145868427090033e-06,8.502107898963023e-06,3.9021045215579413e-19,6.575968966180344e-20,4.542966803630905e-06,5.451817653833791e-19,1.6194452169965821e-06,1.6194452169971274e-06
t0_10s,10.0,3710.093336359996,0.18962511492800338,189625114.92800337,3.064957515784004e-07,1.334811193319092e-09,13.34811193319092,1.0000000000000016,1.4851443997407232e-25,1.4851443997407232e-25,0.7500018092378562,0.7500018092378562,2.9280199611788956e-19,5.856039922357791e-19,4.9253242694203777e-20,1.4775972808261132e-19,3.4072332958749113e-06,1.0221699887624734e-05,0.06249486673857062,0.24997946695428247,4.1550981944790797e-19,2.908568736135356e-18,1.2145868536077898e-06,8.502107975254528e-06,3.9040171971775884e-19,6.567083184006501e-20,4.542966768756605e-06,5.540117561451547e-19,1.619445231528228e-06,1.6194452315287819e-06
t0_10s,10.0,3759.302695797768,0.18820793340835593,188207933.40835592,3.0077204502525394e-07,1.339697177941496e-09,13.39697177941496,1.0000000000000009,1.437759273114306e-25,1.437759273114306e-25,0.7500018092378699,0.7500018092378699,2.9294338701386e-19,5.8588677402772e-19,4.918782150350885e-20,1.4756346451052654e-19,3.4072332711129233e-06,1.022169981333877e-05,0.062494866738567544,0.24997946695427017,4.2218500550485066e-19,2.955295038533955e-18,1.2145868639131736e-06,8.502108047392215e-06,3.9059024045760714e-19,6.558360379622563e-20,4.542966735740618e-06,5.629119827508987e-19,1.619445245268677e-06,1.6194452452692398e-06
t0_10s,10.0,3809.164750689999,0.18680134333098863,186801343.33098865,2.951552267944996e-07,1.344601047374763e-09,13.44601047374763,1.000000000000001,1.3917662976354315e-25,1.3917662976354315e-25,0.7500018092378837,0.7500018092378837,2.9308273862625913e-19,5.861654772525183e-19,4.91236026562058e-20,1.473708079686174e-19,3.407233247673602e-06,1.0221699743020806e-05,0.06249486673856466,0.24997946695425863,4.289119225511167e-19,3.002383457857817e-18,1.2145868736560777e-06,8.502108115592545e-06,3.907760421592528e-19,6.549797887304149e-20,4.5429667044881805e-06,5.718811838426852e-19,1.6194452582591546e-06,1.6194452582597265e-06
t0_10s,10.0,3859.6881581572356,0.18540526553973977,185405265.53973976,2.8964330078215165e-07,1.3495228670850148e-09,13.495228670850148,1.0000000000000018,1.3471273855656317e-25,1.3471273855656317e-25,0.7500018092378975,0.7500018092378975,2.932200718013349e-19,5.864401436026698e-19,4.906056644925671e-20,1.4718169934777014e-19,3.4072332254893384e-06,1.0221699676468014e-05,0.06249486673856194,0.24997946695424775,4.356896047180842e-19,3.0498272330265894e-18,1.2145868828658875e-06,8.502108180061213e-06,3.9095915261762615e-19,6.541393079985877e-20,4.5429666749091505e-06,5.809180715987917e-19,1.6194452705388415e-06,1.6194452705394224e-06
t0_10s,10.0,3910.881690144978,0.184019621470029,184019621.470029,2.8423430816080466e-07,1.3544627027780006e-09,13.544627027780006,1.0000000000000009,1.3038054504577841e-25,1.3038054504577841e-25,0.7500018092379089,0.7500018092379089,2.9335540738608e-19,5.8671081477216e-19,4.899869346569385e-20,1.4699608039708155e-19,3.407233204495816e-06,1.0221699613487449e-05,0.062494866738559376,0.2499794669542375,4.425170672820242e-19,3.097619470974169e-18,1.2145868915705281e-06,8.502108240993697e-06,3.9113959962865156e-19,6.533143368744983e-20,4.542966646917786e-06,5.900213330574151e-19,1.6194452821449763e-06,1.6194452821455663e-06
t0_10s,10.0,3962.754234946707,0.1826443331444355,182644333.14443552,2.789263266835064e-07,1.359420620399996e-09,13.59420620399996,1.0000000000000007,1.2617643804814757e-25,1.2617643804814757e-25,0.7500018092379204,0.7500018092379204,2.9348876622094815e-19,5.869775324418963e-19,4.8937964570802726e-20,1.4681389371240817e-19,3.4072331846318547e-06,1.0221699553895564e-05,0.06249486673855696,0.24997946695422785,4.493933076717315e-19,3.1457531537021203e-18,1.2145868997965284e-06,8.502108298575698e-06,3.913174109795324e-19,6.525046202292335e-20,4.542966620432498e-06,5.991896314601717e-19,1.6194452931129256e-06,1.6194452931135248e-06
t0_10s,10.0,4015.314798747069,0.18127932316831025,181279323.16831025,2.73717470000626e-07,1.3643966861386526e-09,13.643966861386525,1.0000000000000013,1.2209690125050972e-25,1.2209690125050972e-25,0.7500018092379321,0.7500018092379321,2.9362016913279977e-19,5.872403382655995e-19,4.887836090836022e-20,1.4663508272508066e-19,3.4072331658392746e-06,1.0221699497517824e-05,0.06249486673855471,0.24997946695421883,4.563173064888287e-19,3.194221145421801e-18,1.214586907569091e-06,8.502108352983637e-06,3.9149261443934875e-19,6.517099066470911e-20,4.542966595375715e-06,6.084216076125033e-19,1.619445303476292e-06,1.6194453034769003e-06
t0_10s,10.0,4068.5725071855286,0.17992451472542087,179924514.72542086,2.686058869894903e-07,1.3693909664239065e-09,13.693909664239065,1.0000000000000018,1.1813851069116043e-25,1.1813851069116043e-25,0.7500018092379428,0.7500018092379428,2.9374963692807394e-19,5.874992738561479e-19,4.881986389692681e-20,1.4645959169078043e-19,3.4072331480627488e-06,1.0221699444188246e-05,0.062494866738552576,0.2499794669542103,4.632880285385909e-19,3.243016199770136e-18,1.2145869149121528e-06,8.502108404385069e-06,3.916652377499532e-19,6.509299483761433e-20,4.542966571673673e-06,6.177158812581076e-19,1.6194453132669944e-06,1.619445313267612e-06
t0_10s,10.0,4122.536606940808,0.17857983157362836,178579831.57362837,2.6358976109652764e-07,1.3744035279288557e-09,13.744035279288557,1.0000000000000009,1.1429793231256476e-25,1.1429793231256476e-25,0.7500018092379518,0.7500018092379518,2.9387719038618296e-19,5.877543807723659e-19,4.8762455226191494e-20,1.4628736567857449e-19,3.407233131249675e-06,1.0221699393749025e-05,0.06249486673855057,0.24997946695420228,4.703044238691647e-19,3.292130967084153e-18,1.2145869218484459e-06,8.502108452939122e-06,3.9183530861716235e-19,6.501645012794991e-20,4.54296654925624e-06,6.270710524645575e-19,1.6194453225153433e-06,1.6194453225159703e-06
t0_10s,10.0,4177.216467336273,0.17724519804059685,177245198.04059684,2.586673096917019e-07,1.3794344375706468e-09,13.79434437570647,1.0000000000000004,1.1057191958305657e-25,1.1057191958305657e-25,0.7500018092379609,0.7500018092379609,2.94002850253128e-19,5.88005700506256e-19,4.87061168533687e-20,1.461183505601061e-19,3.407233115350047e-06,1.0221699346050142e-05,0.06249486673854867,0.24997946695419468,4.773654288170481e-19,3.3415580017193363e-18,1.2145869283995548e-06,8.502108498796884e-06,3.920028547022433e-19,6.494133247872633e-20,4.542966528056733e-06,6.364857030172701e-19,1.6194453312501146e-06,1.619445331250751e-06
t0_10s,10.0,4232.621581966674,0.17592053901953456,175920539.01953456,2.5383678343499957e-07,1.3844837625113677e-09,13.844837625113676,1.0000000000000009,1.0695731118542572e-25,1.0695731118542572e-25,0.7500018092379701,0.7500018092379701,2.9412663723532917e-19,5.882532744706583e-19,4.865083099964609e-20,1.4595249299893825e-19,3.4072331003163333e-06,1.0221699300949e-05,0.062494866738546935,0.24997946695418774,4.844699670567568e-19,3.391289769397298e-18,1.214586934585972e-06,8.502108542101804e-06,3.9216790361368973e-19,6.486761818491765e-20,4.542966508011773e-06,6.459583978190619e-19,1.6194453394986309e-06,1.6194453394992767e-06
t0_10s,10.0,4288.761570346433,0.17460577996496754,174605779.96496755,2.4909646565475495e-07,1.3895515701589632e-09,13.895515701589632,1.000000000000002,1.0345102877037616e-25,1.0345102877037616e-25,0.7500018092379795,0.7500018092379795,2.9424857199366946e-19,5.884971439873389e-19,4.859658014668219e-20,1.4578974044004658e-19,3.4072330861033585e-06,1.0221699258310075e-05,0.06249486673854528,0.2499794669541811,4.916169506526123e-19,3.4413186545682858e-18,1.2145869404271499e-06,8.50210858299005e-06,3.92330482899279e-19,6.479528388879157e-20,4.542966489061129e-06,6.554876862925268e-19,1.619445347286829e-06,1.6194453472874844e-06
t0_10s,10.0,4345.646179579775,0.17330084688854497,173300846.88854498,2.444446717375755e-07,1.3946379281681082e-09,13.946379281681082,1.0000000000000018,1.0005007477289322e-25,1.0005007477289322e-25,0.7500018092379874,0.7500018092379874,2.94368675137747e-19,5.88737350275494e-19,4.854334703315312e-20,1.4563004109945935e-19,3.4072330726681987e-06,1.0221699218004596e-05,0.062494866738543695,0.24997946695417478,4.988052811106306e-19,3.4916369677744146e-18,1.214586945941551e-06,8.502108621590857e-06,3.9249062003841e-19,6.472430657530527e-20,4.542966471147578e-06,6.650721037825548e-19,1.6194453546393291e-06,1.6194453546399943e-06
t0_10s,10.0,4403.285286053071,0.17200566635487494,172005666.35487494,2.3987974852966494e-07,1.3997429044411216e-09,13.997429044411216,1.0000000000000009,9.675153028961749e-26,9.675153028961749e-26,0.7500018092379939,0.7500018092379939,2.9448696722033294e-19,5.889739344406659e-19,4.849111465134717e-20,1.4547334395404152e-19,3.4072330599700703e-06,1.0221699179910211e-05,0.06249486673854227,0.2499794669541691,5.060338504285514e-19,3.54223695299986e-18,1.2145869511466963e-06,8.502108658026874e-06,3.9264834243471145e-19,6.465466356756449e-20,4.542966454216742e-06,6.747101729563623e-19,1.6194453615794923e-06,1.619445361580167e-06
t0_10s,10.0,4461.688897149554,0.17072016547739202,170720165.47739202,2.3540007374932778e-07,1.4048665671288848e-09,14.048665671288848,1.0000000000000002,9.355255301539454e-26,9.355255301539454e-26,0.7500018092380004,0.7500018092380004,2.946034687320304e-19,5.892069374640608e-19,4.843986624380676e-20,1.4531959873142028e-19,3.407233047970226e-06,1.0221699143910679e-05,0.062494866738540863,0.24997946695416345,5.133015421420648e-19,3.593110794994454e-18,1.2145869560592098e-06,8.502108692414469e-06,3.928036774089207e-19,6.458633252234621e-20,4.542966438216949e-06,6.844004051984589e-19,1.6194453681294804e-06,1.6194453681301648e-06
t0_10s,10.0,4520.8671529868425,0.16944427191425523,169444271.91425523,2.3100405541043885e-07,1.4100089846317327e-09,14.100089846317326,1.0000000000000002,9.045037523721258e-26,9.045037523721258e-26,0.750001809238007,0.750001809238007,2.947182000961316e-19,5.894364001922632e-19,4.838958530001646e-20,1.4516875590004938e-19,3.40723303663187e-06,1.022169910989561e-05,0.06249486673853963,0.2499794669541585,5.206072323653797e-19,3.644250626557658e-18,1.2145869606948621e-06,8.502108724864035e-06,3.9295665219202846e-19,6.451929142568297e-20,4.542966423099137e-06,6.941413019980718e-19,1.6194453743103209e-06,1.619445374311015e-06
t0_10s,10.0,4580.830328177473,0.16817791386427783,168177913.86427784,2.266901312566882e-07,1.4151702256003737e-09,14.151702256003738,1.0000000000000004,8.744230188380956e-26,8.744230188380956e-26,0.7500018092380136,0.7500018092380136,2.9483118166366854e-19,5.896623633273371e-19,4.8340255553136356e-20,1.4502076665940907e-19,3.4072330259200476e-06,1.0221699077760143e-05,0.06249486673853838,0.24997946695415352,5.279497908243133e-19,3.695648535770194e-18,1.2145869650686133e-06,8.502108755480293e-06,3.931072939186786e-19,6.445351858850721e-20,4.542966408816701e-06,7.039313563265927e-19,1.6194453801419608e-06,1.6194453801426647e-06
t0_10s,10.0,4641.588833612777,0.1669210200628855,166921020.0628855,2.2245676820638254e-07,1.4203503589368135e-09,14.203503589368134,1.0000000000000013,8.452570862927663e-26,8.452570862927663e-26,0.7500018092380204,0.7500018092380204,2.949424337086531e-19,5.898848674173062e-19,4.829186097678017e-20,1.4487558293034052e-19,3.4072330158015746e-06,1.0221699047404724e-05,0.06249486673853729,0.24997946695414916,5.353280818801492e-19,3.7472965731610445e-18,1.2145869691946514e-06,8.50210878436256e-06,3.932556296208217e-19,6.438899264235545e-20,4.542966395325396e-06,7.137690540027185e-19,1.619445385643317e-06,1.6194453856440308e-06
t0_10s,10.0,4703.153218270468,0.16567351977810707,165673519.77810708,2.1830246180762333e-07,1.4255494537952673e-09,14.255494537952673,1.0000000000000024,8.169804004903925e-26,8.169804004903925e-26,0.7500018092380272,0.7500018092380272,2.95051976423504e-19,5.90103952847008e-19,4.8244385781836947e-20,1.4473315734551085e-19,3.40723300624494e-06,1.022169901873482e-05,0.06249486673853622,0.24997946695414489,5.427409655425912e-19,3.7991867587981384e-18,1.2145869730864302e-06,8.502108811605011e-06,3.9340168622161774e-19,6.432569253513051e-20,4.5429663825832065e-06,7.23652875043055e-19,1.6194453908323283e-06,1.6194453908330518e-06
t0_10s,10.0,4765.534171046128,0.16443534280659364,164435342.80659363,2.1422573570365133e-07,1.4307675795830786e-09,14.307675795830786,1.0000000000000036,7.895680782665476e-26,7.895680782665476e-26,0.7500018092380338,0.7500018092380338,2.9515982991465496e-19,5.903196598293099e-19,4.8197814413335616e-20,1.4459344324000685e-19,3.407232997220234e-06,1.0221698991660701e-05,0.062494866738535194,0.24997946695414078,5.50187298470179e-19,3.8513110892912534e-18,1.2145869767567062e-06,8.502108837296944e-06,3.935454905295806e-19,6.426359752692104e-20,4.542966370550253e-06,7.335812949959989e-19,1.6194453957260033e-06,1.6194453957267368e-06
t0_10s,10.0,4828.742522609076,0.1632064194696671,163206419.4696671,2.1022514110817953e-07,1.4360048059616605e-09,14.360048059616606,1.0000000000000024,7.629958900990169e-26,7.629958900990169e-26,0.7500018092380374,0.7500018092380374,2.952660141983417e-19,5.905320283966834e-19,4.8152131547351917e-20,1.4445639464205575e-19,3.4072329886990618e-06,1.0221698966097186e-05,0.06249486673853432,0.24997946695413728,5.576659349566416e-19,3.903661544696491e-18,1.2145869802175718e-06,8.502108861523002e-06,3.9368706923296166e-19,6.420268718587754e-20,4.542966359188696e-06,7.435527862568772e-19,1.6194454003404721e-06,1.6194454003412156e-06
t0_10s,10.0,4892.789247282757,0.1619866806094003,161986680.6094003,2.0629925629052535e-07,1.4412612028474088e-09,14.412612028474088,1.0000000000000009,7.372402431469907e-26,7.372402431469907e-26,0.7500018092380409,0.7500018092380409,2.9537054919656275e-19,5.907410983931255e-19,4.810732208795637e-20,1.4432196626386912e-19,3.4072329806544824e-06,1.0221698941963447e-05,0.06249486673853343,0.24997946695413373,5.651757279016986e-19,3.95623009531189e-18,1.2145869834804897e-06,8.502108884363427e-06,3.9382644889435985e-19,6.414294138414235e-20,4.542966348462595e-06,7.535658193623358e-19,1.619445404691011e-06,1.6194454046917647e-06
t0_10s,10.0,4957.685464950156,0.16077605758472446,160776057.58472446,2.0244668607035687e-07,1.446536840412652e-09,14.465368404126519,0.9999999999999997,7.122781647542546e-26,7.122781647542546e-26,0.7500018092380445,0.7500018092380445,2.9547345473321007e-19,5.909469094664201e-19,4.8063371164203126e-20,1.441901134926094e-19,3.4072329730609273e-06,1.0221698919182782e-05,0.06249486673853254,0.24997946695413015,5.727155297649365e-19,4.009008708354556e-18,1.2145869865563221e-06,8.502108905894256e-06,3.9396365594556744e-19,6.408434029383548e-20,4.542966338337858e-06,7.636188642621811e-19,1.6194454087921034e-06,1.619445408792867e-06
t0_10s,10.0,5023.442442984435,0.15957448226756588,159574482.26756588,1.9866606132186865e-07,1.4518317890865687e-09,14.518317890865687,0.9999999999999994,6.880872864026428e-26,6.880872864026428e-26,0.7500018092380482,0.7500018092380482,2.9557475053036677e-19,5.911495010607335e-19,4.80202641271586e-20,1.440607923814758e-19,3.40723296589414e-06,1.022169889768242e-05,0.06249486673853186,0.24997946695412743,5.802841935014315e-19,4.0619893545100206e-18,1.2145869894553614e-06,8.50210892618753e-06,3.9409871668263177e-19,6.402686438309261e-20,4.542966328782142e-06,7.737103915668705e-19,1.619445412657472e-06,1.6194454126582457e-06
t0_10s,10.0,5090.071598205174,0.15838188703901326,158381887.03901327,1.9495603848722976e-07,1.4571461195561491e-09,14.571461195561492,0.9999999999999992,6.64645828102385e-26,6.64645828102385e-26,0.7500018092380518,0.7500018092380518,2.9567445620476687e-19,5.913489124095337e-19,4.797798654696935e-20,1.4393395964090804e-19,3.4072329591311097e-06,1.0221698877393329e-05,0.06249486673853116,0.24997946695412465,5.878805734778857e-19,4.1151640143452e-18,1.214586992187361e-06,8.502108945311527e-06,3.942316572611351e-19,6.397049441215556e-20,4.542966319764768e-06,7.838388737690251e-19,1.6194454163001213e-06,1.6194454163009052e-06
t0_10s,10.0,5157.584498860611,0.15719820478551114,157198204.78551114,1.9131529909910353e-07,1.4624799027671244e-09,14.624799027671244,0.9999999999999989,6.419325832063919e-26,6.419325832063919e-26,0.7500018092380556,0.7500018092380556,2.957725912644132e-19,5.915451825288264e-19,4.7936524209968386e-20,1.4380957262990517e-19,3.4072329527500124e-06,1.0221698858250037e-05,0.062494866738530455,0.24997946695412182,5.955035263681345e-19,4.1685246845769414e-18,1.214586994761557e-06,8.5021089633309e-06,3.9436250369168507e-19,6.391521142951405e-20,4.5429663112566356e-06,7.94002786437436e-19,1.619445419732366e-06,1.6194454197331602e-06
t0_10s,10.0,5225.992866636097,0.15602336889508406,156023368.89508405,1.877425493120951e-07,1.4678332099249157e-09,14.678332099249157,0.9999999999999989,6.199269036359982e-26,6.199269036359982e-26,0.7500018092380594,0.7500018092380594,2.9586917510535036e-19,5.917383502107007e-19,4.7895863115819267e-20,1.436875893474578e-19,3.407232946730149e-06,1.0221698840190446e-05,0.06249486673852974,0.24997946695411896,6.031519120269343e-19,4.22206338418854e-18,1.2145869971866993e-06,8.502108980306895e-06,3.9449128183561224e-19,6.386099676809787e-20,4.542966303230147e-06,8.042006093821125e-19,1.6194454229658733e-06,1.6194454229666775e-06
t0_10s,10.0,5295.308578689265,0.15485731325358754,154857313.25358754,1.8423651944294308e-07,1.4732061124955844e-09,14.732061124955845,0.9999999999999996,5.98608685505977e-26,5.98608685505977e-26,0.7500018092380633,0.7500018092380633,2.959642270085883e-19,5.919284540171766e-19,4.7855989474697426e-20,1.4356796842409227e-19,3.4072329410518945e-06,1.0221698823155683e-05,0.06249486673852921,0.24997946695411685,6.108245943410602e-19,4.275772160387422e-18,1.214586999471073e-06,8.502108996297511e-06,3.946180174008677e-19,6.380783204151861e-20,4.542966295659136e-06,8.144308277890756e-19,1.6194454260116892e-06,1.6194454260125036e-06
t0_10s,10.0,5365.543669712149,0.15369997224098714,153699972.24098715,1.8079596351930012e-07,1.4785986822068012e-09,14.785986822068011,1.0000000000000004,5.779583551371027e-26,5.779583551371027e-26,0.7500018092380671,0.7500018092380671,2.9605776613717285e-19,5.921155322743457e-19,4.7816889704507974e-20,1.4345066911352391e-19,3.407232935696643e-06,1.0221698807089928e-05,0.06249486673852873,0.2499794669541149,6.185204420567898e-19,4.329643094397528e-18,1.214587001622524e-06,8.502109011357669e-06,3.947427359381177e-19,6.375569914036013e-20,4.542966288518795e-06,8.246919333236672e-19,1.6194454288802753e-06,1.6194454288811e-06
t0_10s,10.0,5436.710334020641,0.15255128072766663,152551280.72766665,1.774196588369396e-07,1.4840109910487753e-09,14.840109910487753,1.0000000000000016,5.579568554449402e-26,5.579568554449402e-26,0.7500018092380711,0.7500018092380711,2.9614981153339984e-19,5.922996230667997e-19,4.777855042813947e-20,1.433356512844184e-19,3.4072329306467554e-06,1.0221698791940266e-05,0.06249486673852823,0.2499794669541129,6.262383295829553e-19,4.3836683070806875e-18,1.2145870036484793e-06,8.502109025539355e-06,3.948654628370287e-19,6.370458022851681e-20,4.542966281785603e-06,8.349824252012839e-19,1.6194454315815337e-06,1.6194454315823687e-06
t0_10s,10.0,5508.820927671731,0.1514111740707616,151411174.0707616,1.7410640552522988e-07,1.4894431112752401e-09,14.894431112752402,1.0000000000000024,5.385856326936072e-26,5.385856326936072e-26,0.7500018092380751,0.7500018092380751,2.9624038211616756e-19,5.924807642323351e-19,4.774095847075265e-20,1.4322287541225796e-19,3.4072329258855167e-06,1.022169877765655e-05,0.06249486673852773,0.2499794669541109,6.339771377688211e-19,4.437839964381748e-18,1.214587005555968e-06,8.502109038891776e-06,3.9498622332273754e-19,6.365445773957874e-20,4.542966275437276e-06,8.453008112245446e-19,1.6194454341248374e-06,1.6194454341256827e-06
t0_10s,10.0,5581.887970608732,0.15027958811052275,150279588.11052275,1.7085502612072733e-07,1.494895115404409e-09,14.948951154044089,1.0000000000000038,5.198266236041791e-26,5.198266236041791e-26,0.7500018092380792,0.7500018092380792,2.963294966784672e-19,5.926589933569344e-19,4.770410085710434e-20,1.43112302571313e-19,3.4072329213970857e-06,1.0221698764191257e-05,0.06249486673852722,0.2499794669541089,6.417357546561177e-19,4.492150282592824e-18,1.2145870073516442e-06,8.50210905146151e-06,3.951050424525055e-19,6.360531437326338e-20,4.542966269452691e-06,8.55645608786e-19,1.6194454365190575e-06,1.6194454365199132e-06
t0_10s,10.0,5655.9241488350535,0.14915645916670486,149156459.16670486,1.6766436514872725e-07,1.5003670762199396e-09,15.003670762199397,1.0000000000000049,5.016622428070199e-26,5.016622428070199e-26,0.7500018092380834,0.7500018092380834,2.9641717388500265e-19,5.928343477700053e-19,4.766796480890498e-20,1.4300389442671494e-19,3.4072329171664505e-06,1.0221698751499352e-05,0.06249486673852671,0.24997946695410683,6.495130762046518e-19,4.546591533432563e-18,1.2145870090418034e-06,8.502109063292623e-06,3.9522194511254423e-19,6.355713309189243e-20,4.5429662638118325e-06,8.660153458356098e-19,1.619445438772589e-06,1.619445438773455e-06
t0_10s,10.0,5730.942316616747,0.14804172403498267,148041724.03498268,1.6453328871263012e-07,1.5058590667719064e-09,15.058590667719063,1.0000000000000067,4.8407537062828576e-26,4.8407537062828576e-26,0.7500018092380875,0.7500018092380875,2.9650343226994106e-19,5.930068645398821e-19,4.763253774220994e-20,1.4289761322662983e-19,3.407232913179393e-06,1.022169873953818e-05,0.062494866738526306,0.24997946695410522,6.573080069909908e-19,4.601156048936935e-18,1.214587010632402e-06,8.502109074426814e-06,3.9533695601501713e-19,6.350989711691352e-20,4.542966258495744e-06,8.764085618123207e-19,1.619445440893373e-06,1.6194454408942495e-06
t0_10s,10.0,5806.955498714263,0.14693531998339496,146935319.98339495,1.61460684090982e-07,1.511371160377788e-09,15.11371160377788,1.000000000000009,4.670493412007663e-26,4.670493412007663e-26,0.7500018092380917,0.7500018092380917,2.9658829023478777e-19,5.931765804695755e-19,4.759780726484339e-20,1.4279342179453018e-19,3.4072329094224425e-06,1.0221698728267327e-05,0.06249486673852604,0.24997946695410417,6.651194608797788e-19,4.655836226158452e-18,1.2145870121290754e-06,8.502109084903527e-06,3.954500996952054e-19,6.346358992546542e-20,4.5429662534864636e-06,8.868238085391517e-19,1.6194454428889236e-06,1.6194454428898104e-06
t0_10s,10.0,5883.976892643865,0.1458371847488139,145837184.7488139,1.5844545934203308e-07,1.5169034306234322e-09,15.169034306234321,1.000000000000009,4.50567930889647e-26,4.50567930889647e-26,0.7500018092380936,0.7500018092380936,2.966717660463826e-19,5.933435320927652e-19,4.7563761173855175e-20,1.4269128352156553e-19,3.4072329058828417e-06,1.0221698717648524e-05,0.06249486673852578,0.2499794669541031,6.729463616673557e-19,4.71062453167149e-18,1.2145870135371519e-06,8.502109094760063e-06,3.9556140050883794e-19,6.341819524698735e-20,4.542966248766996e-06,8.972596510813536e-19,1.6194454447663503e-06,1.6194454447672475e-06
t0_10s,10.0,5962.019870968963,0.14474725653344064,144747256.53344065,1.554865429156815e-07,1.5224559513640383e-09,15.224559513640383,1.0000000000000073,4.3461534702414174e-26,4.3461534702414174e-26,0.7500018092380936,0.7500018092380936,2.9675387783501415e-19,5.935077556700283e-19,4.7530387453009456e-20,1.4259116235902836e-19,3.4072329025485126e-06,1.0221698707645538e-05,0.06249486673852551,0.24997946695410203,6.807876436973813e-19,4.765513505881669e-18,1.214587014861671e-06,8.502109104031698e-06,3.9567088262957437e-19,6.337369705987014e-20,4.542966244321234e-06,9.077146685672332e-19,1.6194454465323717e-06,1.6194454465332795e-06
t0_10s,10.0,6041.097983621911,0.14366547400132867,143665474.00132868,1.5258288327267034e-07,1.5280287967251493e-09,15.280287967251493,1.0000000000000056,4.1917621692611197e-26,4.1917621692611197e-26,0.7500018092380936,0.7500018092380936,2.968346435926496e-19,5.936692871852992e-19,4.749767427030417e-20,1.424930228109125e-19,3.4072328994080155e-06,1.0221698698224046e-05,0.06249486673852523,0.24997946695410092,6.886422524482652e-19,4.820495767137856e-18,1.2145870161073999e-06,8.502109112751799e-06,3.957785700466454e-19,6.333007958814894e-20,4.542966240133915e-06,9.181874549713927e-19,1.6194454481933393e-06,1.6194454481942575e-06
t0_10s,10.0,6121.224960256551,0.1425917762749311,142591776.2749311,1.4973344851088908e-07,1.5336220411036489e-09,15.33622041103649,1.0000000000000036,4.0423557722711635e-26,4.0423557722711635e-26,0.7500018092380936,0.7500018092380936,2.9691408117127567e-19,5.9382816234255135e-19,4.7465609975522047e-20,1.4239682992656614e-19,3.4072328964505238e-06,1.0221698689351571e-05,0.06249486673852495,0.2499794669540998,6.965091450922605e-19,4.875564015645823e-18,1.2145870172788424e-06,8.502109120951896e-06,3.958844865626426e-19,6.328732729823821e-20,4.542966236190602e-06,9.28676619860191e-19,1.619445449755259e-06,1.6194454497561877e-06
t0_10s,10.0,6202.414712631954,0.14152610293167558,141526102.93167558,1.4693722599865704e-07,1.5392357591687338e-09,15.392357591687338,1.000000000000002,3.897788634656272e-26,3.897788634656272e-26,0.7500018092380936,0.7500018092380936,2.9699220828134734e-19,5.939844165626947e-19,4.74341830978116e-20,1.423025492934348e-19,3.4072328936657895e-06,1.0221698680997368e-05,0.06249486673852467,0.24997946695409867,7.043872910261513e-19,4.930711037183059e-18,1.2145870183802586e-06,8.50210912866181e-06,3.959886557914489e-19,6.324542489570618e-20,4.5429662324776316e-06,9.391807890993212e-19,1.6194454512238104e-06,1.6194454512247495e-06
t0_10s,10.0,6284.681337027846,0.1404683940005636,140468394.0005636,1.4419322201485427e-07,1.5448700258629225e-09,15.448700258629225,1.0000000000000002,3.757918999563543e-26,3.757918999563543e-26,0.7500018092380936,0.7500018092380936,2.9706904249034176e-19,5.941380849806835e-19,4.740338234329821e-20,1.4221014702989464e-19,3.4072328910441132e-06,1.022169867313234e-05,0.062494866738524384,0.24997946695409753,7.122756723735372e-19,4.9859297066147606e-18,1.214587019415672e-06,8.502109135909703e-06,3.960911011563107e-19,6.320435732208968e-20,4.542966228982072e-06,9.496986055235236e-19,1.619445452604358e-06,1.6194454526053078e-06
t0_10s,10.0,6368.039116691972,0.13941858995879564,139418589.95879564,1.4150046139577423e-07,1.5505249164030656e-09,15.505249164030657,0.9999999999999983,3.6226088992391445e-26,3.6226088992391445e-26,0.7500018092380936,0.7500018092380936,2.971446012214148e-19,5.942892024428296e-19,4.7373196592724463e-20,1.421195897781734e-19,3.407232888576316e-06,1.0221698665728949e-05,0.06249486673852409,0.24997946695409637,7.201732844587475e-19,5.0412129912112325e-18,1.2145870203888865e-06,8.502109142722205e-06,3.961918458880465e-19,6.316410975174794e-20,4.542966225691684e-06,9.602287295684686e-19,1.6194454539019744e-06,1.6194454539029347e-06
t0_10s,10.0,6452.502524320015,0.13837663172842143,138376631.72842142,1.388579871885684e-07,1.5562005062813346e-09,15.562005062813345,0.9999999999999967,3.491724058932794e-26,3.491724058932794e-26,0.7500018092380936,0.7500018092380936,2.9721890175215544e-19,5.944378035043109e-19,4.7343614899119567e-20,1.420308446973587e-19,3.4072328862537184e-06,1.0221698658761156e-05,0.0624948667385238,0.2499794669540952,7.280791362525289e-19,5.096553953767702e-18,1.2145870213034947e-06,8.502109149124463e-06,3.9629091302338595e-19,6.312466758875509e-20,4.542966222594894e-06,9.707698398650061e-19,1.619445455121449e-06,1.6194454551224197e-06
t0_10s,10.0,6538.086224568355,0.13734246067301542,137342460.67301542,1.3626486031116465e-07,1.5618968712662264e-09,15.618968712662264,0.9999999999999949,3.3651338032970166e-26,3.3651338032970166e-26,0.7500018092380936,0.7500018092380936,2.972919612134363e-19,5.945839224268726e-19,4.731462648549745e-20,1.4194387945649235e-19,3.407232884068104e-06,1.0221698652204312e-05,0.0624948667385235,0.249979466954094,7.359922507896566e-19,5.151945755527596e-18,1.2145870221628913e-06,8.50210915514024e-06,3.963883254034375e-19,6.308601646383105e-20,4.5429662196807484e-06,9.813206337959787e-19,1.6194454562673086e-06,1.61944545626829e-06
t0_10s,10.0,6624.805076600137,0.13631601859437725,136316018.59437725,1.33720159218539e-07,1.5676140874035948e-09,15.676140874035948,0.9999999999999932,3.242710965210597e-26,3.242710965210597e-26,0.7500018092380936,0.7500018092380936,2.9736379658835733e-19,5.947275931767147e-19,4.728622074258265e-20,1.4185866222774797e-19,3.4072328820117037e-06,1.022169864603511e-05,0.062494866738523204,0.24997946695409282,7.439116655586971e-19,5.20738165891088e-18,1.214587022970281e-06,8.502109160791967e-06,3.964841056722798e-19,6.304814223130933e-20,4.542966216938888e-06,9.918798280159041e-19,1.6194454573438254e-06,1.6194454573448173e-06
t0_10s,10.0,6712.674136665196,0.13529724772925628,135297247.72925627,1.3122297957521477e-07,1.5733522310176526e-09,15.733522310176525,0.9999999999999915,3.124331796957001e-26,3.124331796957001e-26,0.7500018092380936,0.7500018092380936,2.9743442471127964e-19,5.948688494225593e-19,4.7258387226564115e-20,1.4177516167969235e-19,3.4072328800771745e-06,1.0221698640231524e-05,0.0624948667385229,0.2499794669540916,7.518364328642167e-19,5.2628550300495164e-18,1.214587023728693e-06,8.502109166100851e-06,3.965782762756735e-19,6.30110309661421e-20,4.542966214359522e-06,1.002446158933919e-18,1.619445458355039e-06,1.6194454583560415e-06
t0_10s,10.0,6801.7086607140845,0.13428609074610112,134286090.7461011,1.2877243393388026e-07,1.579111378711989e-09,15.79111378711989,0.99999999999999,3.009875883691849e-26,3.009875883691849e-26,0.7500018092380936,0.7500018092380936,2.9750386226694532e-19,5.9500772453389065e-19,4.7231115656876134e-20,1.4169334697062841e-19,3.407232878257567e-06,1.02216986347727e-05,0.06249486673852265,0.2499794669540906,7.597656201617314e-19,5.3183593411321195e-18,1.214587024440984e-06,8.502109171086887e-06,3.966708594598877e-19,6.29746689609415e-20,4.5429662119333845e-06,1.0130183831603774e-18,1.619445459304758e-06,1.619445459305771e-06
t0_10s,10.0,6891.924107046891,0.1332824907418331,133282490.7418331,1.2636765142000768e-07,1.5848916073705926e-09,15.848916073705926,0.9999999999999896,2.899226059134507e-26,2.899226059134507e-26,0.7500018092380936,0.7500018092380936,2.9757212578968337e-19,5.951442515793667e-19,4.7204395914006316e-20,1.4161318774201895e-19,3.407232876546317e-06,1.0221698629638952e-05,0.06249486673852265,0.2499794669540906,7.676983103657965e-19,5.373888172560576e-18,1.2145870251098532e-06,8.502109175768973e-06,3.967618772706412e-19,6.293904272305686e-20,4.542966209651724e-06,1.0235952779176365e-18,1.6194454601965816e-06,1.6194454601976052e-06
t0_10s,10.0,6983.3361389970705,0.1322863912386444,132286391.2386444,1.2400777742236323e-07,1.5906929941588864e-09,15.906929941588864,0.9999999999999891,2.792268323421594e-26,2.792268323421594e-26,0.7500018092380936,0.7500018092380936,2.9763923166269586e-19,5.952784633253917e-19,4.71782180373297e-20,1.4153465411198911e-19,3.407232874937216e-06,1.0221698624811648e-05,0.06249486673852265,0.2499794669540906,7.756336021316239e-19,5.429435214921367e-18,1.2145870257378485e-06,8.50210918016494e-06,3.968513515521509e-19,6.290413897168697e-20,4.542966207506261e-06,1.034175641415544e-18,1.6194454610339067e-06,1.619445461034941e-06
t0_10s,10.0,7075.960627650991,0.13129773618081916,131297736.18081917,1.2169197328929368e-07,1.5965156165247515e-09,15.965156165247516,0.9999999999999887,2.688891763061594e-26,2.688891763061594e-26,0.7500018092380936,0.7500018092380936,2.977051961174243e-19,5.954103922348486e-19,4.715257222296933e-20,1.4145771666890798e-19,3.407232873424398e-06,1.0221698620273195e-05,0.06249486673852265,0.2499794669540906,7.835706101106972e-19,5.4849942707748806e-18,1.2145870263273735e-06,8.502109184291614e-06,3.9693930394628636e-19,6.28699446350274e-20,4.542966205489176e-06,1.0447582931922594e-18,1.619445461819938e-06,1.6194454618209828e-06
t0_10s,10.0,7169.813654603468,0.13031646993157972,130316469.93157972,1.1941941603068794e-07,1.6023595521995546e-09,16.023595521995546,0.9999999999999882,2.588988472932024e-26,2.588988472932024e-26,0.7500018092380936,0.7500018092380936,2.9777003523299108e-19,5.9554007046598215e-19,4.712744882168222e-20,1.4138234646504666e-19,3.4072328720023213e-06,1.0221698616006964e-05,0.06249486673852265,0.2499794669540906,7.915084651808612e-19,5.540559256266028e-18,1.214587026880696e-06,8.502109188164872e-06,3.9702575589182586e-19,6.283644684745189e-20,4.542966203593077e-06,1.0553420744210378e-18,1.6194454625576997e-06,1.619445462558755e-06
t0_10s,10.0,7264.911514749853,0.12934253726995512,129342537.26995513,1.1718929802550289e-07,1.6082248791992016e-09,16.082248791992015,0.9999999999999879,2.4924534802621436e-26,2.4924534802621436e-26,0.7500018092380936,0.7500018092380936,2.9783376493571764e-19,5.956675298714353e-19,4.710283833677088e-20,1.4130851501031264e-19,3.4072328706657452e-06,1.0221698611997236e-05,0.06249486673852265,0.2499794669540906,7.994463146514054e-19,5.596124202559838e-18,1.2145870273999576e-06,8.502109191799704e-06,3.971107286238134e-19,6.280363294672765e-20,4.54296620181098e-06,1.0659258481836746e-18,1.6194454632500466e-06,1.6194454632511126e-06
t0_10s,10.0,7361.27071911523,0.12837588338767325,128375883.38767324,1.1500082673474952e-07,1.614111675825172e-09,16.14111675825172,0.9999999999999876,2.3991846705459824e-26,2.3991846705459824e-26,0.7500018092380936,0.7500018092380936,2.97896400998711e-19,5.95792801997422e-19,4.7078731422019715e-20,1.4123619426605914e-19,3.407232869409724e-06,1.0221698608229172e-05,0.06249486673852265,0.2499794669540906,8.073833224437087e-19,5.651683257105961e-18,1.214587027887174e-06,8.502109195210219e-06,3.9719424317300764e-19,6.277149047126395e-20,4.542966200136289e-06,1.076508499711364e-18,1.6194454638996671e-06,1.6194454639007437e-06
t0_10s,10.0,7458.907997721018,0.12741645388607756,127416453.88607755,1.1285322441984267e-07,1.620020020665547e-09,16.20020020665547,0.9999999999999872,2.3090827153323443e-26,2.3090827153323443e-26,0.7500018092380936,0.7500018092380936,2.9795795904152113e-19,5.959159180830423e-19,4.705511887965604e-20,1.4116535663896812e-19,3.407232868229584e-06,1.0221698604688752e-05,0.06249486673852265,0.2499794669540906,8.15318669248005e-19,5.707230684736035e-18,1.2145870283442509e-06,8.502109198409756e-06,3.9727632036542486e-19,6.274000715739346e-20,4.542966198562773e-06,1.0870889365937199e-18,1.6194454645091014e-06,1.6194454645101886e-06
t0_10s,10.0,7557.84030248972,0.12646419477306442,126464194.77306442,1.1074572786620644e-07,1.6259499925960872e-09,16.259499925960874,0.9999999999999869,2.222051001839689e-26,2.222051001839689e-26,0.7500018092380936,0.7500018092380936,2.9801845452986463e-19,5.960369090597293e-19,4.7031991658335504e-20,1.4109597497500652e-19,3.407232867120913e-06,1.0221698601362739e-05,0.06249486673852265,0.2499794669540906,8.232515526568936e-19,5.762760868598255e-18,1.214587028772983e-06,8.502109201410881e-06,3.973569808219709e-19,6.270917093668617e-20,4.542966197084549e-06,1.0976660889567886e-18,1.6194454650807428e-06,1.6194454650818405e-06
t0_10s,10.0,7658.084810188113,0.12551905246004572,125519052.46004571,1.0867758811204531e-07,1.6319016707812778e-09,16.31901670781278,0.9999999999999866,2.137995564345799e-26,2.137995564345799e-26,0.7500018092380936,0.7500018092380936,2.980779027754142e-19,5.961558055508284e-19,4.700934085115138e-20,1.4102802255345414e-19,3.407232866079545e-06,1.0221698598238636e-05,0.06249486673852265,0.2499794669540906,8.311811872762077e-19,5.818268310933454e-18,1.2145870291750635e-06,8.502109204225445e-06,3.974362449581601e-19,6.267896993329508e-20,4.542966195696061e-06,1.1082389096108742e-18,1.619445465616849e-06,1.6194454656179573e-06
t0_10s,10.0,7759.658925409481,0.12458097375893301,124580973.75893301,1.0664807018217623e-07,1.637875134675358e-09,16.378751346753578,0.9999999999999863,2.0568250173033716e-26,2.0568250173033716e-26,0.7500018092380936,0.7500018092380936,2.981363189356484e-19,5.962726378712968e-19,4.69871576936675e-20,1.409614730810025e-19,3.407232865101546e-06,1.0221698595304637e-05,0.06249486673852265,0.2499794669540906,8.391068048138973e-19,5.873747633697281e-18,1.2145870295520879e-06,8.502109206864615e-06,3.975141329839151e-19,6.264939246133349e-20,4.542966194392066e-06,1.1188063741690476e-18,1.6194454661195467e-06,1.6194454661206654e-06
t0_10s,10.0,7862.580283595478,0.12364990587914361,123649905.87914361,1.0465645282683417e-07,1.643870464023429e-09,16.438704640234292,0.999999999999986,1.9784504901342096e-26,1.9784504901342096e-26,0.7500018092380936,0.7500018092380936,2.981937180137633e-19,5.963874360275266e-19,4.6965433561974564e-20,1.4089630068592368e-19,3.407232864183203e-06,1.0221698592549608e-05,0.06249486673852265,0.2499794669540906,8.470276541475935e-19,5.929193579033155e-18,1.21458702990556e-06,8.50210920933892e-06,3.97590664903449e-19,6.262042702228342e-20,4.542966193167612e-06,1.1293674811372334e-18,1.6194454665908418e-06,1.619445466591971e-06
t0_10s,10.0,7966.8667540979595,0.12272579642463063,122725796.42463063,1.0270202826535443e-07,1.6498877388624821e-09,16.498877388624823,0.9999999999999858,1.9027855636562728e-26,1.9027855636562728e-26,0.7500018092380936,0.7500018092380936,2.9825011485864072e-19,5.9650022971728145e-19,4.694415997076935e-20,1.4083247991230804e-19,3.4072328633210133e-06,1.022169858996304e-05,0.06249486673852265,0.2499794669540906,8.549430013715235e-19,5.9846010096006645e-18,1.214587030236898e-06,8.502109211658286e-06,3.976658605152232e-19,6.25920623024345e-20,4.542966192018028e-06,1.139921251976761e-18,1.6194454670326247e-06,1.6194454670337646e-06
t0_10s,10.0,8072.536443281533,0.12180859339093433,121808593.39093433,1.0078410193464193e-07,1.6559270395224731e-09,16.559270395224733,0.9999999999999856,1.829746208098974e-26,1.829746208098974e-26,0.7500018092380936,0.7500018092380936,2.9830552416487426e-19,5.966110483297485e-19,4.6923328571456774e-20,1.4076998571437033e-19,3.4072328625116674e-06,1.0221698587535002e-05,0.06249486673852265,0.2499794669540906,8.628521298234823e-19,6.039964908764376e-18,1.2145870305474367e-06,8.502109213832057e-06,3.977397394119819e-19,6.25642871703535e-20,4.542966190938903e-06,1.1504667311403293e-18,1.6194454674466754e-06,1.6194454674478259e-06
t0_10s,10.0,8179.607697667197,0.12089824516225464,120898245.16225465,9.890199224233565e-08,1.661988446627403e-09,16.61988446627403,0.9999999999999852,1.7592507226636968e-26,1.7592507226636968e-26,0.7500018092380936,0.7500018092380936,2.9835996047284785e-19,5.967199209456957e-19,4.690293115027432e-20,1.4070879345082296e-19,3.4072328617520478e-06,1.0221698585256143e-05,0.06249486673852265,0.2499794669540906,8.70754340092556e-19,6.095280380647892e-18,1.2145870308384338e-06,8.502109215869036e-06,3.9781232098085685e-19,6.253709067438348e-20,4.5429661899260785e-06,1.1610029860823024e-18,1.6194454678346707e-06,1.6194454678358318e-06
t0_10s,10.0,8288.099107117652,0.11999470050854788,119994700.50854789,9.705503032458851e-08,1.6680720410964029e-09,16.680720410964028,0.999999999999985,1.6912196765876588e-26,1.6912196765876588e-26,0.7500018092380936,0.7500018092380936,2.984134381688667e-19,5.968268763377334e-19,4.6882959626438404e-20,1.4064887887931522e-19,3.407232861039209e-06,1.0221698583117627e-05,0.06249486673852265,0.2499794669540906,8.786489500083052e-19,6.1505426500581365e-18,1.214587031111075e-06,8.502109217777526e-06,3.9788362440354216e-19,6.251046204017232e-20,4.54296618897563e-06,1.1715291072442888e-18,1.6194454681981914e-06,1.6194454681993628e-06
t0_10s,10.0,8398.02950806497,0.11909790858264235,119097908.58264235,9.524255980836154e-08,1.6741779041447887e-09,16.741779041447888,0.9999999999999848,1.6255758516704965e-26,1.6255758516704965e-26,0.7500018092380936,0.7500018092380936,2.9846597148533926e-19,5.969319429706785e-19,4.6863406050313005e-20,1.4059021815093901e-19,3.4072328603703782e-06,1.0221698581111135e-05,0.06249486673852265,0.2499794669540906,8.86535294612141e-19,6.2057470622849875e-18,1.2145870313664754e-06,8.502109219565328e-06,3.979536686565366e-19,6.248439066823087e-20,4.542966188083857e-06,1.1820442080169755e-18,1.6194454685387245e-06,1.6194454685399065e-06
t0_10s,10.0,8509.417986780929,0.11820781891737796,118207818.91737796,9.346393657816607e-08,1.680306117285167e-09,16.80306117285167,0.9999999999999846,1.56224418622431e-26,1.56224418622431e-26,0.7500018092380936,0.7500018092380936,2.985175745010057e-19,5.970351490020114e-19,4.6844262601599313e-20,1.4053278780479794e-19,3.407232859742936e-06,1.0221698579228809e-05,0.06249486673852265,0.2499794669540906,8.94412726111588e-19,6.260889082781117e-18,1.2145870316056862e-06,8.502109221239804e-06,3.9802247251144844e-19,6.245886613151924e-20,4.54296618724727e-06,1.1925474246791453e-18,1.6194454688576713e-06,1.619445468858864e-06
t0_10s,10.0,8622.283882690854,0.11732438142276592,117324381.42276593,9.17185285471563e-08,1.6864567623285046e-09,16.864567623285044,0.9999999999999843,1.501151720408839e-26,1.501151720408839e-26,0.7500018092380936,0.7500018092380936,2.9856826114121506e-19,5.971365222824301e-19,4.682552158754713e-20,1.4047656476264138e-19,3.4072328591544167e-06,1.022169857746325e-05,0.06249486673852265,0.2499794669540906,9.022806138181856e-19,6.315964296727299e-18,1.2145870318296961e-06,8.502109222807872e-06,3.9809005453536497e-19,6.243387817306189e-20,4.542966186462579e-06,1.2030379163148792e-18,1.6194454691563506e-06,1.6194454691575536e-06
t0_10s,10.0,8736.646791731337,0.1164475463831693,116447546.3831693,9.000571543249873e-08,1.6926299213852525e-09,16.926299213852523,0.9999999999999842,1.4422275429148585e-26,1.4422275429148585e-26,0.7500018092380936,0.7500018092380936,2.9861804517824587e-19,5.972360903564917e-19,4.680717544118706e-20,1.4042152632356117e-19,3.4072328586024888e-06,1.0221698575807467e-05,0.06249486673852265,0.2499794669540906,9.101383440697286e-19,6.3709684084881e-18,1.2145870320394367e-06,8.502109224276058e-06,3.981564330912799e-19,6.240941670359062e-20,4.542966185726677e-06,1.2135148647098776e-18,1.619445469436004e-06,1.6194454694372176e-06
t0_10s,10.0,8852.526569752483,0.11557726445450626,115577264.45450626,8.832488853493648e-08,1.6988256768664045e-09,16.988256768664044,0.999999999999984,1.3854027389597885e-26,1.3854027389597885e-26,0.7500018092380936,0.7500018092380936,2.9866694023167005e-19,5.973338804633401e-19,4.6789216719583533e-20,1.403676501587506e-19,3.407232858084963e-06,1.022169857425489e-05,0.06249486673852265,0.2499794669540906,9.17985320137578e-19,6.425897240963046e-18,1.214587032235785e-06,8.502109225650494e-06,3.9822162633857867e-19,6.238547179921529e-20,4.542966185036644e-06,1.2239774742278746e-18,1.619445469697801e-06,1.619445469699025e-06
t0_10s,10.0,8969.94333596537,0.11471348666147221,114713486.66147222,8.667545052246822e-08,1.7050441114846137e-09,17.050441114846137,0.9999999999999839,1.3306103395605667e-26,1.3306103395605667e-26,0.7500018092380936,0.7500018092380936,2.987149597687587e-19,5.974299195375174e-19,4.6771638102108326e-20,1.4031491430632498e-19,3.4072328575997724e-06,1.0221698572799317e-05,0.06249486673852265,0.2499794669540906,9.258209621197651e-19,6.480746734838356e-18,1.2145870324195644e-06,8.502109226936951e-06,3.982856522335794e-19,6.236203369912183e-20,4.5429661843897255e-06,1.2344249716681104e-18,1.6194454699428396e-06,1.619445469944074e-06
t0_10s,10.0,9088.917476435108,0.11385616439478469,113856164.39478469,8.505681521807159e-08,1.7112853082553104e-09,17.112853082553105,0.9999999999999837,1.277785272050111e-26,1.277785272050111e-26,0.7500018092380936,0.7500018092380936,2.9876211710492724e-19,5.975242342098545e-19,4.675443238873442e-20,1.4026329716620325e-19,3.4072328571449695e-06,1.0221698571434908e-05,0.06249486673852265,0.2499794669540906,9.336447068205812e-19,6.535512947744068e-18,1.2145870325915508e-06,8.502109228140856e-06,3.9834852853012655e-19,6.233909280329733e-20,4.542966183783323e-06,1.2448566061047845e-18,1.6194454701721542e-06,1.6194454701733992e-06
t0_10s,10.0,9209.469647620353,0.11300524940844715,113005249.40844715,8.346840739138489e-08,1.71754935049779e-09,17.1754935049779,0.9999999999999836,1.2268643118043383e-26,1.2268643118043383e-26,0.7500018092380936,0.7500018092380936,2.9880842540421867e-19,5.976168508084373e-19,4.6737592498349794e-20,1.402127774950494e-19,3.407232856718718e-06,1.0221698570156154e-05,0.06249486673852265,0.2499794669540906,9.414560076173921e-19,6.590192053321745e-18,1.2145870327524744e-06,8.50210922926732e-06,3.9841027278023506e-19,6.231663967028192e-20,4.542966183214989e-06,1.2552716487094768e-18,1.6194454703867185e-06,1.6194454703879738e-06
t0_10s,10.0,9331.62077995969,0.11216069381703404,112160693.81703405,8.19096625542821e-08,1.7238363218363232e-09,17.238363218363233,0.9999999999999835,1.1777860351480177e-26,1.1777860351480177e-26,0.7500018092380936,0.7500018092380936,2.9885389767982377e-19,5.977077953596475e-19,4.6721111467091057e-20,1.4016333440127318e-19,3.4072328563192907e-06,1.0221698568957872e-05,0.06249486673852265,0.2499794669540906,9.492543343153389e-19,6.644780340207372e-18,1.2145870329030216e-06,8.502109230321151e-06,3.9847090233478413e-19,6.229466501494679e-20,4.5429661826824205e-06,1.2656693925574134e-18,1.6194454705874477e-06,1.6194454705887134e-06
t0_10s,10.0,9455.392081505574,0.1113224500929964,111322450.0929964,8.038002676026674e-08,1.7301463062012913e-09,17.301463062012914,0.9999999999999832,1.1304907734084462e-26,1.1304907734084462e-26,0.7500018092380936,0.7500018092380936,2.9889854679463775e-19,5.977970935892755e-19,4.670498244669666e-20,1.4011494734008998e-19,3.4072328559450597e-06,1.0221698567835179e-05,0.06249486673852265,0.2499794669540906,9.570391729906478e-19,6.699274210934534e-18,1.214587033043838e-06,8.502109231306867e-06,3.985304343442593e-19,6.227315970629855e-20,4.542966182183447e-06,1.2760491524185493e-18,1.6194454707752025e-06,1.6194454707764786e-06
t0_10s,10.0,9580.805041606563,0.11049047106398659,110490471.06398658,7.88789564076092e-08,1.7364793878303046e-09,17.364793878303047,0.9999999999999831,1.0849205680869127e-26,1.0849205680869127e-26,0.7500018092380936,0.7500018092380936,2.989423854618492e-19,5.978847709236984e-19,4.6689198702879317e-20,1.4006759610863795e-19,3.4072328555944935e-06,1.0221698566783481e-05,0.06249486673852265,0.2499794669540906,9.648100258232144e-19,6.7536701807625e-18,1.21458703317553e-06,8.50210923222871e-06,3.985888857595379e-19,6.225211476530917e-20,4.542966181716026e-06,1.2864102645343465e-18,1.6194454709507914e-06,1.6194454709520778e-06
t0_10s,10.0,9707.881434638271,0.10966470991020445,109664709.91020446,7.740591804616167e-08,1.7428356512692958e-09,17.428356512692957,0.999999999999983,1.0410191271188748e-26,1.0410191271188748e-26,0.7500018092380936,0.7500018092380936,2.9898542624556114e-19,5.979708524911223e-19,4.6673753613717753e-20,1.4002126084115326e-19,3.4072328552661467e-06,1.0221698565798441e-05,0.06249486673852265,0.2499794669540906,9.72566410919124e-19,6.807964876433868e-18,1.2145870332986681e-06,8.502109233090676e-06,3.9864627333271677e-19,6.223152136277158e-20,4.542966181278231e-06,1.2967520863811353e-18,1.6194454711149752e-06,1.619445471116272e-06
t0_10s,10.0,9836.643323783906,0.10884512016176197,108845120.16176197,7.596038818778215e-08,1.749215181373705e-09,17.49215181373705,0.9999999999999829,9.987317821944793e-27,9.987317821944793e-27,0.7500018092380936,0.7500018092380936,2.9902768156144535e-19,5.980553631228907e-19,4.66586406680672e-20,1.399759220042016e-19,3.4072328549586627e-06,1.0221698564875988e-05,0.06249486673852265,0.2499794669540906,9.803078621237864e-19,6.862155034866505e-18,1.214587033413788e-06,8.502109233896516e-06,3.9870261361798506e-19,6.221137081718036e-20,4.542966180868254e-06,1.3070739964209613e-18,1.6194454712684677e-06,1.6194454712697747e-06
t0_10s,10.0,9967.11306486491,0.10803165569606803,108031655.69606803,7.454185312029444e-08,1.755618063309552e-09,17.55618063309552,0.9999999999999828,9.580054471120192e-27,9.580054471120192e-27,0.7500018092380936,0.7500018092380936,2.9906916367742394e-19,5.981383273548479e-19,4.66438534639885e-20,1.399315603919655e-19,3.4072328546707626e-06,1.0221698564012287e-05,0.06249486673852265,0.2499794669540906,9.880339288263114e-19,6.9162375017841796e-18,1.2145870335213937e-06,8.502109234649755e-06,3.987579229725328e-19,6.219165459263721e-20,4.542966180484388e-06,1.3173753938407537e-18,1.619445471411942e-06,1.6194454714132593e-06
t0_10s,10.0,10099.313310222344,0.10722427073523365,107224270.73523365,7.314980872492809e-08,1.762044382554604e-09,17.62044382554604,0.9999999999999827,9.18788577137654e-27,9.18788577137654e-27,0.7500018092380936,0.7500018092380936,2.991098847143813e-19,5.982197694287626e-19,4.6629385707195743e-20,1.3988815712158723e-19,3.4072328544012405e-06,1.0221698563203721e-05,0.06249486673852265,0.2499794669540906,9.957441757557527e-19,6.97020923029027e-18,1.2145870336219596e-06,8.502109235353718e-06,3.9881221755750015e-19,6.217236429678118e-20,4.542966180125026e-06,1.327655698280651e-18,1.6194454715460294e-06,1.6194454715473571e-06
t0_10s,10.0,10233.26701264996,0.10642291984349461,106422919.84349461,7.178376029716297e-08,1.768494224899534e-09,17.68494224899534,0.9999999999999826,8.810311293454388e-27,8.810311293454388e-27,0.7500018092380936,0.7500018092380936,2.991498566469029e-19,5.982997132938058e-19,4.661523120952237e-20,1.3984569362856712e-19,3.4072328541489674e-06,1.0221698562446903e-05,0.06249486673852265,0.2499794669540906,1.0034381827698663e-18,7.024067279389064e-18,1.2145870337159282e-06,8.502109236011498e-06,3.988655133389626e-19,6.215349167874343e-20,4.542966179788663e-06,1.3379143495523455e-18,1.6194454716713206e-06,1.6194454716726585e-06
t0_10s,10.0,10368.997429379098,0.10562755792465615,105627557.92465615,7.044322237092294e-08,1.7749676764490258e-09,17.749676764490257,0.9999999999999825,8.446845239126934e-27,8.446845239126934e-27,0.7500018092380936,0.7500018092380936,2.9918909130403878e-19,5.9837818260807755e-19,4.6601383887404895e-20,1.3980415166221468e-19,3.4072328539128764e-06,1.0221698561738629e-05,0.06249486673852265,0.2499794669540906,1.0111155446369343e-18,7.077808812458539e-18,1.2145870338037196e-06,8.502109236626037e-06,3.9891782608894884e-19,6.213502862712555e-20,4.542966179473876e-06,1.3481508073481837e-18,1.6194454717883755e-06,1.6194454717897235e-06
t0_10s,10.0,10506.528126116831,0.1048381402195535,104838140.2195535,6.912771854604857e-08,1.7814648236229495e-09,17.814648236229495,0.9999999999999825,8.097016063460711e-27,8.097016063460711e-27,0.7500018092380936,0.7500018092380936,2.9922760037009464e-19,5.984552007401893e-19,4.658783776038487e-20,1.397635132811546e-19,3.4072328536919647e-06,1.0221698561075893e-05,0.06249486673852265,0.2499794669540906,1.0187758708112893e-18,7.131431095679025e-18,1.2145870338857244e-06,8.502109237200072e-06,3.989691713864955e-19,6.211696716800216e-20,4.542966179179328e-06,1.3583645509418651e-18,1.619445471897715e-06,1.6194454718990734e-06
t0_10s,10.0,10645.882981137389,0.10405462230353381,104054622.3035338,6.783678131899552e-08,1.78798575315751e-09,17.879857531575098,0.9999999999999823,7.760366106148465e-27,7.760366106148465e-27,0.7500018092380936,0.7500018092380936,2.992653953854434e-19,5.985307907708868e-19,4.6574586949628436e-20,1.3972376084888531e-19,3.407232853485293e-06,1.0221698560455879e-05,0.06249486673852265,0.2499794669540906,1.0264187852030801e-18,7.18493149642156e-18,1.2145870339623106e-06,8.502109237736174e-06,3.9901956461872934e-19,6.209929946294702e-20,4.542966178903766e-06,1.3685550788814644e-18,1.6194454719998296e-06,1.6194454720011982e-06
t0_10s,10.0,10787.086189427882,0.10327696008395688,103276960.08395688,6.65699519166944e-08,1.7945305521063966e-09,17.945305521063965,0.9999999999999822,7.436451231683031e-27,7.436451231683031e-27,0.7500018092380936,0.7500018092380936,2.993024877473617e-19,5.986049754947234e-19,4.6561625676463163e-20,1.396848770293895e-19,3.407232853291975e-06,1.0221698559875926e-05,0.06249486673852265,0.2499794669540906,1.0340439259428228e-18,7.23830748159976e-18,1.214587034033825e-06,8.502109238236774e-06,3.9906902098198265e-19,6.208201780708216e-20,4.5429661786460095e-06,1.3787219086755004e-18,1.6194454720951818e-06,1.6194454720965606e-06
t0_10s,10.0,10930.162266889194,0.10250510979771227,102505109.79771227,6.532678013350978e-08,1.8010993078419717e-09,18.010993078419716,0.9999999999999822,7.124840478148296e-27,7.124840478148296e-27,0.7500018092380936,0.7500018092380936,2.9933888871088773e-19,5.986777774217755e-19,4.654894826093233e-20,1.39646844782797e-19,3.407232853111177e-06,1.0221698559333531e-05,0.06249486673852265,0.2499794669540906,1.0416509451413133e-18,7.291556615989194e-18,1.21458703410059e-06,8.50210923870413e-06,3.991175554829367e-19,6.206511462715022e-20,4.5429661784049456e-06,1.3888645764728196e-18,1.6194454721842016e-06,1.6194454721855905e-06
t0_10s,10.0,11075.136054592385,0.10173902800875781,101739028.00875781,6.410682417124772e-08,1.8076921080564059e-09,18.07692108056406,0.9999999999999821,6.825115714411363e-27,6.825115714411363e-27,0.7500018092380936,0.7500018092380936,2.9937460938969833e-19,5.987492187793967e-19,4.6536549120366376e-20,1.3960964736109913e-19,3.407232852942118e-06,1.0221698558826353e-05,0.06249486673852265,0.2499794669540906,1.0492395086453683e-18,7.344676560517579e-18,1.2145870341629123e-06,8.502109239140387e-06,3.9916518293979166e-19,6.204858247960973e-20,4.542966178179534e-06,1.3989826367369197e-18,1.6194454722672979e-06,1.619445472268697e-06
t0_10s,10.0,11222.032723091654,0.10097867160567467,100978671.60567467,6.290965048214841e-08,1.8143090407628474e-09,18.143090407628474,0.999999999999982,6.536871305504147e-27,6.536871305504147e-27,0.7500018092380936,0.7500018092380936,2.9940966075700745e-19,5.988193215140149e-19,4.652442276797102e-20,1.3957326830391305e-19,3.4072328527840572e-06,1.0221698558352171e-05,0.06249486673852265,0.2499794669540906,1.0568092957899354e-18,7.397665070529547e-18,1.214587034221076e-06,8.502109239547532e-06,3.99211917983464e-19,6.203241404875264e-20,4.542966177968787e-06,1.4090756619154283e-18,1.6194454723448492e-06,1.6194454723462583e-06
t0_10s,10.0,11370.877776794483,0.10022399779924115,100223997.79924116,6.173483361481339e-08,1.8209501942966381e-09,18.20950194296638,0.999999999999982,6.259713785990008e-27,6.259713785990008e-27,0.7500018092380936,0.7500018092380936,2.9944405364648077e-19,5.988881072929615e-19,4.651256381143246e-20,1.3953769143429737e-19,3.4072328526363063e-06,1.0221698557908919e-05,0.06249486673852265,0.2499794669540906,1.064359999147032e-18,7.450519994029224e-18,1.2145870342753498e-06,8.502109239927448e-06,3.9925777505880663e-19,6.201660214484456e-20,4.542966177771786e-06,1.4191432421053575e-18,1.6194454724172142e-06,1.6194454724186334e-06
t0_10s,10.0,11521.697058389753,0.09947496412002531,99474964.1200253,6.058195606300803e-08,1.8276156573164493e-09,18.276156573164492,0.9999999999999819,5.993261541116379e-27,5.993261541116379e-27,0.7500018092380936,0.7500018092380936,2.994777987531711e-19,5.989555975063422e-19,4.650096695153888e-20,1.3950290085461664e-19,3.4072328524982183e-06,1.0221698557494655e-05,0.06249486673852265,0.2499794669540906,1.0718913242719858e-18,7.5032392699039e-18,1.214587034325985e-06,8.502109240281896e-06,3.9930276842585545e-19,6.200113970228678e-20,4.54296617758767e-06,1.4291849847147583e-18,1.6194454724847276e-06,1.6194454724861568e-06
t0_10s,10.0,11674.516753334605,0.09873152841599402,98731528.41599402,5.945060811728737e-08,1.8343055188054804e-09,18.343055188054805,0.9999999999999819,5.73714449556027e-27,5.73714449556027e-27,0.7500018092380936,0.7500018092380936,2.9951090663446602e-19,5.9902181326893205e-19,4.6489626980818437e-20,1.3946888094245532e-19,3.4072328523691805e-06,1.022169855710754e-05,0.06249486673852265,0.2499794669540906,1.079402989447436e-18,7.555820926132052e-18,1.2145870343732173e-06,8.502109240612522e-06,3.9934691216109335e-19,6.198601977780025e-20,4.5429661774156196e-06,1.4392005141213888e-18,1.6194454725477039e-06,1.619445472549143e-06
t0_10s,10.0,11829.36339440071,0.09799364885014221,97993648.85014221,5.8340387719395755e-08,1.8410198680726464e-09,18.410198680726463,0.9999999999999819,5.491003809579176e-27,5.491003809579176e-27,0.7500018092380936,0.7500018092380936,2.995433877110564e-19,5.990867754221128e-19,4.6478538782193495e-20,1.3943561634658047e-19,3.407232852248621e-06,1.0221698556745863e-05,0.06249486673852265,0.2499794669540906,1.0868947254254985e-18,7.60826307797849e-18,1.2145870344172685e-06,8.502109240920879e-06,3.993902201587412e-19,6.197123554863125e-20,4.542966177254874e-06,1.4491894713289362e-18,1.6194454726064386e-06,1.619445472607888e-06
t0_10s,10.0,11986.26386628109,0.09726128389813682,97261283.89813682,5.725090031938115e-08,1.8477587947537867e-09,18.477587947537867,0.9999999999999817,5.2544915823842965e-27,5.2544915823842965e-27,0.7500018092380936,0.7500018092380936,2.995752522679154e-19,5.991505045358308e-19,4.6467697327650845e-20,1.3940309198295252e-19,3.407232852136e-06,1.0221698556408e-05,0.06249486673852265,0.2499794669540906,1.094366275168536e-18,7.660563926179752e-18,1.2145870344583443e-06,8.50210924120841e-06,3.994327061320636e-19,6.195678031077834e-20,4.542966177104713e-06,1.4591515136213777e-18,1.6194454726612063e-06,1.6194454726626655e-06
t0_10s,10.0,12145.245410257678,0.09653439234598173,96534392.34598173,5.6181758735382076e-08,1.8545223888128316e-09,18.545223888128316,0.9999999999999818,5.027270562560105e-27,5.027270562560105e-27,0.7500018092380936,0.7500018092380936,2.9960651045529385e-19,5.992130209105877e-19,4.6457097676928e-20,1.3937129303078401e-19,3.407232852030814e-06,1.0221698556092443e-05,0.06249486673852265,0.2499794669540906,1.1018173935889034e-18,7.712721755122324e-18,1.2145870344966387e-06,8.502109241476472e-06,3.994743836146955e-19,6.194264747724075e-20,4.542966176964465e-06,1.4690863142159747e-18,1.6194454727122652e-06,1.6194454727137344e-06
t0_10s,10.0,12306.335628931161,0.09581293328769694,95812933.28769694,5.5132583016028766e-08,1.8613107405430154e-09,18.613107405430153,0.9999999999999817,4.8090138653570245e-27,4.8090138653570245e-27,0.7500018092380936,0.7500018092380936,2.9963717228972837e-19,5.992743445794567e-19,4.644673497621506e-20,1.3934020492864519e-19,3.4072328519325905e-06,1.0221698555797772e-05,0.06249486673852265,0.2499794669540906,1.109247847288066e-18,7.764734931016462e-18,1.214587034532334e-06,8.502109241726338e-06,3.9951526596198695e-19,6.192883057628759e-20,4.5429661768335e-06,1.4789935619154315e-18,1.619445472759859e-06,1.6194454727613379e-06
t0_10s,10.0,12469.5624910133,0.09509686612301732,95096866.12301733,5.410300030541812e-08,1.868123940568104e-09,18.68123940568104,0.9999999999999816,4.59940469669089e-27,4.59940469669089e-27,0.7500018092380936,0.7500018092380936,2.9966724765506236e-19,5.993344953101247e-19,4.643660445687211e-20,1.3930981337061632e-19,3.4072328518408805e-06,1.0221698555522642e-05,0.06249486673852265,0.2499794669540906,1.1166574142954333e-18,7.816601900068034e-18,1.2145870345656003e-06,8.502109241959202e-06,3.995553663523641e-19,6.191532324974762e-20,4.542966176711221e-06,1.488872960759675e-18,1.6194454728042138e-06,1.6194454728057027e-06
t0_10s,10.0,12634.95433618289,0.09438615055510809,94386150.55510809,5.3092644710607223e-08,1.8749620798435604e-09,18.749620798435604,0.9999999999999816,4.398136083686305e-27,4.398136083686305e-27,0.7500018092380936,0.7500018092380936,2.9969674630347636e-19,5.993934926069527e-19,4.6426701434162317e-20,1.3928010430248695e-19,3.4072328517552692e-06,1.0221698555265808e-05,0.06249486673852265,0.2499794669540906,1.1240458838072583e-18,7.868321186650808e-18,1.214587034596599e-06,8.502109242176192e-06,3.995946977887028e-19,6.190211925132012e-20,4.542966176597073e-06,1.4987242296777202e-18,1.6194454728455454e-06,1.6194454728470443e-06
t0_10s,10.0,12802.539880006168,0.09368074658829628,93680746.58829628,5.210115717158257e-08,1.8818252496578066e-09,18.818252496578065,0.9999999999999816,4.204910611606119e-27,4.204910611606119e-27,0.7500018092380936,0.7500018092380936,2.997256778565334e-19,5.994513557130668e-19,4.6417021305999875e-20,1.3925106391799964e-19,3.407232851675363e-06,1.022169855502609e-05,0.06249486673852265,0.2499794669540906,1.1314130559259314e-18,7.91989139148152e-18,1.2145870346254783e-06,8.502109242378348e-06,3.99633273099723e-19,6.188921244490552e-20,4.542966176490532e-06,1.5085471021400644e-18,1.6194454728840511e-06,1.6194454728855597e-06
t0_10s,10.0,12972.34821892243,0.09298061452582078,92980614.52582078,5.112818533365755e-08,1.8887135416334086e-09,18.887135416334086,0.9999999999999815,4.019440167013821e-27,4.019440167013821e-27,0.7500018092380936,0.7500018092380936,2.9975405180623005e-19,5.995081036124601e-19,4.640755955171354e-20,1.3922267865514063e-19,3.4072328516007963e-06,1.0221698554802388e-05,0.06249486673852265,0.2499794669540906,1.1387587413999676e-18,7.971311189799773e-18,1.2145870346523786e-06,8.50210924256665e-06,3.996711049413895e-19,6.187659680295668e-20,4.5429661763911095e-06,1.5183413258120025e-18,1.6194454729199181e-06,1.6194454729214364e-06
t0_10s,10.0,13144.408835295802,0.09228571496759787,92285714.96759787,5.017338342225198e-08,1.8956270477282985e-09,18.956270477282985,0.9999999999999815,3.841445687019672e-27,3.841445687019672e-27,0.7500018092380936,0.7500018092380936,2.997818775160606e-19,5.995637550321212e-19,4.639831173082475e-20,1.3919493519247426e-19,3.4072328515312214e-06,1.0221698554593664e-05,0.06249486673852265,0.2499794669540906,1.146082761364988e-18,8.022579329554916e-18,1.2145870346774302e-06,8.502109242742012e-06,3.9970820579833116e-19,6.186426640484979e-20,4.542966176298343e-06,1.5281066622082717e-18,1.6194454729533202e-06,1.6194454729548483e-06
t0_10s,10.0,13318.751602534041,0.09159600880800398,91596008.80800398,4.9236412120011695e-08,1.90256586023704e-09,19.0256586023704,0.9999999999999813,3.67065691446591e-27,3.67065691446591e-27,0.7500018092380936,0.7500018092380936,2.998091642220871e-19,5.996183284441742e-19,4.6389273481840733e-20,1.391678204455222e-19,3.4072328514663175e-06,1.0221698554398953e-05,0.06249486673852265,0.2499794669540906,1.1533849470859701e-18,8.073694629601791e-18,1.2145870347007569e-06,8.502109242905298e-06,3.9974458798526775e-19,6.185221543527519e-20,4.542966176211805e-06,1.5378428863493843e-18,1.6194454729844222e-06,1.61944547298596e-06
t0_10s,10.0,13495.406790275078,0.09091145723367564,90911457.23367563,4.831693844622215e-08,1.9095300717920233e-09,19.09530071792023,0.9999999999999815,3.50681215891031e-27,3.50681215891031e-27,0.7500018092380936,0.7500018092380936,2.998359210340199e-19,5.996718420680398e-19,4.638044052106226e-20,1.3914132156318678e-19,3.4072328514057813e-06,1.0221698554217344e-05,0.06249486673852265,0.2499794669540906,1.160665139701013e-18,8.124655977907092e-18,1.2145870347224733e-06,8.502109243057313e-06,3.9978026364845047e-19,6.18404381826477e-20,4.54296617613109e-06,1.5475497864199837e-18,1.6194454730133774e-06,1.619445473014925e-06
t0_10s,10.0,13674.40506964268,0.09023202172132426,90232021.72132427,4.7414635638472046e-08,1.916519775364699e-09,19.16519775364699,0.9999999999999813,3.3496580632710296e-27,3.3496580632710296e-27,0.7500018092380936,0.7500018092380936,2.998621569363039e-19,5.997243138726078e-19,4.637180864140588e-20,1.3911542592421764e-19,3.4072328513493266e-06,1.022169855404798e-05,0.06249486673852265,0.2499794669540906,1.167923189966897e-18,8.175462329768279e-18,1.2145870347426905e-06,8.502109243198833e-06,3.9981524476711025e-19,6.182892903753625e-20,4.5429661760558174e-06,1.55722716342959e-18,1.6194454730403336e-06,1.6194454730418909e-06
t0_10s,10.0,13855.777518571385,0.08955766403556924,89557664.03556924,4.6529183036531156e-08,1.9235350642668587e-09,19.235350642668585,0.9999999999999813,3.1989493760005465e-27,3.1989493760005465e-27,0.7500018092380936,0.7500018092380936,2.998878807892129e-19,5.997757615784258e-19,4.636337371124069e-20,1.3909012113372207e-19,3.40723285129669e-06,1.0221698553890069e-05,0.06249486673852265,0.2499794669540906,1.1751589580066284e-18,8.226112706046398e-18,1.2145870347615016e-06,8.502109243330511e-06,3.9984954315491695e-19,6.181768249111289e-20,4.542966175985636e-06,1.5668748308759954e-18,1.619445473065415e-06,1.6194454730669819e-06
t0_10s,10.0,14039.555627202495,0.08888834622678538,88888346.22678538,4.5660265968391396e-08,1.9305760321518244e-09,19.305760321518243,0.9999999999999812,3.054448728658722e-27,3.054448728658722e-27,0.7500018092380936,0.7500018092380936,2.999131013299492e-19,5.998262026598984e-19,4.635513167323918e-20,1.3906539501971754e-19,3.4072328512476195e-06,1.0221698553742858e-05,0.06249486673852265,0.2499794669540906,1.1823723130592046e-18,8.276606191414433e-18,1.2145870347790054e-06,8.502109243453038e-06,3.9988317046144565e-19,6.18066931336207e-20,4.542966175920208e-06,1.5764926144116166e-18,1.6194454730887534e-06,1.61944547309033e-06
t0_10s,10.0,14225.771303351326,0.08822403062896789,88224030.62896788,4.480757563844144e-08,1.9376427730157674e-09,19.376427730157673,0.9999999999999812,2.9159264187601115e-27,2.9159264187601115e-27,0.7500018092380936,0.7500018092380936,2.9993782717374996e-19,5.998756543474999e-19,4.6347078543242185e-20,1.3904123562972657e-19,3.4072328512018835e-06,1.022169855360565e-05,0.06249486673852265,0.2499794669540906,1.1895631332318058e-18,8.326941932622641e-18,1.2145870347952883e-06,8.502109243567018e-06,3.999161381736514e-19,6.179595565286025e-20,4.542966175859227e-06,1.5860803515130859e-18,1.619445473110464e-06,1.61944547311205e-06
t0_10s,10.0,14414.456878047115,0.08756467985761232,87564679.85761233,4.397080901772467e-08,1.944735381198897e-09,19.44735381198897,0.9999999999999812,2.783160197773201e-27,2.783160197773201e-27,0.7500018092380936,0.7500018092380936,2.9996206681499647e-19,5.999241336299929e-19,4.633921040913798e-20,1.3901763122741395e-19,3.4072328511592625e-06,1.0221698553477788e-05,0.06249486673852265,0.2499794669540906,1.1967313052545758e-18,8.377119136782031e-18,1.2145870348104335e-06,8.502109243673035e-06,3.9994845761734864e-19,6.178546483269517e-20,4.5429661758023996e-06,1.5956378911542929e-18,1.6194454731306574e-06,1.619445473132253e-06
t0_10s,10.0,14605.645111146381,0.08691025680761089,86910256.80761088,4.3149668736249765e-08,1.951853951386752e-09,19.51853951386752,0.9999999999999812,2.6559350641530286e-27,2.6559350641530286e-27,0.7500018092380936,0.7500018092380936,2.9998582862833134e-19,5.999716572566627e-19,4.6331523429755013e-20,1.3899457028926503e-19,3.4072328511195502e-06,1.022169855335865e-05,0.06249486673852265,0.2499794669540906,1.2038767242381925e-18,8.427137069667347e-18,1.2145870348245177e-06,8.502109243771624e-06,3.9998013995870064e-19,6.177521555157573e-20,4.54296617574945e-06,1.6051650934831453e-18,1.6194454731494363e-06,1.6194454731510414e-06
t0_10s,10.0,14799.369197020738,0.08626072465116469,86260724.6511647,4.234386297731235e-08,1.958998578611477e-09,19.58998578611477,0.9999999999999812,2.5340430612919902e-27,2.5340430612919902e-27,0.7500018092380936,0.7500018092380936,3.0000912086977676e-19,6.000182417395535e-19,4.632401383376846e-20,1.3897204150130538e-19,3.4072328510825544e-06,1.0221698553247662e-05,0.06249486673852265,0.2499794669540906,1.210999293434379e-18,8.476995054040653e-18,1.2145870348376124e-06,8.502109243863287e-06,4.000111962057103e-19,6.176520278108098e-20,4.542966175700122e-06,1.6146618295022517e-18,1.619445473166896e-06,1.6194454731685106e-06
t0_10s,10.0,14995.662770320147,0.08561604683571056,85616046.83571056,4.155310537378704e-08,1.966169358253051e-09,19.66169358253051,0.9999999999999812,2.417283080276671e-27,2.417283080276671e-27,0.7500018092380936,0.7500018092380936,3.0003195167785727e-19,6.000639033557145e-19,4.631667791862031e-20,1.3895003375586094e-19,3.407232851048095e-06,1.0221698553144285e-05,0.06249486673852265,0.2499794669540906,1.2180989239994893e-18,8.526692467996425e-18,1.2145870348497858e-06,8.5021092439485e-06,4.000416372097176e-19,6.175542158447879e-20,4.5429661756541764e-06,1.6241279807537036e-18,1.619445473183127e-06,1.6194454731847512e-06
t0_10s,10.0,15194.559911812641,0.0849761870818646,84976187.0818646,4.0777114906360774e-08,1.9733663860406214e-09,19.733663860406214,0.9999999999999812,2.305460667341798e-27,2.305460667341798e-27,0.7500018092380936,0.7500018092380936,3.0005432907472716e-19,6.001086581494543e-19,4.630951204945292e-20,1.3892853614835877e-19,3.4072328510160056e-06,1.0221698553048017e-05,0.06249486673852265,0.2499794669540906,1.225175534761326e-18,8.576228743329281e-18,1.2145870348610992e-06,8.502109244027694e-06,4.000714736669025e-19,6.174586711530402e-20,4.54296617561139e-06,1.633563439008165e-18,1.6194454731982114e-06,1.619445473199845e-06
t0_10s,10.0,15396.09515430136,0.08434110938138052,84341109.38138053,4.001561580366198e-08,1.980589758053692e-09,19.805897580536918,0.9999999999999811,2.1983878359155024e-27,2.1983878359155024e-27,0.7500018092380936,0.7500018092380936,3.0007626096729573e-19,6.001525219345915e-19,4.6302512658055823e-20,1.3890753797416746e-19,3.407232850986126e-06,1.0221698552958379e-05,0.06249486673852265,0.2499794669540906,1.2322290519892913e-18,8.62560336392504e-18,1.2145870348716127e-06,8.50210924410129e-06,4.0010071611978514e-19,6.173653461595417e-20,4.542966175571551e-06,1.64296810595841e-18,1.6194454732122296e-06,1.6194454732138726e-06
t0_10s,10.0,15600.303488620391,0.08371077799512265,83710777.99512266,3.926833744425847e-08,1.9878395707235117e-09,19.878395707235118,0.9999999999999812,2.095882883152569e-27,2.095882883152569e-27,0.7500018092380936,0.7500018092380936,3.000977551483605e-19,6.00195510296721e-19,4.629567624182573e-20,1.3888702872547717e-19,3.407232850958312e-06,1.0221698552874936e-05,0.06249486673852265,0.2499794669540906,1.2392594091680073e-18,8.674815864176052e-18,1.2145870348813807e-06,8.502109244169665e-06,4.0012937495873724e-19,6.17274194163028e-20,4.542966175534466e-06,1.6523418929174814e-18,1.6194454732252536e-06,1.619445473226906e-06
t0_10s,10.0,15807.220369709687,0.0830851574510559,83085157.4510559,3.853501426048384e-08,1.9951159208342725e-09,19.951159208342727,0.9999999999999811,1.9977702108559998e-27,1.9977702108559998e-27,0.7500018092380936,0.7500018092380936,3.0011881929773764e-19,6.002376385954753e-19,4.628899936273959e-20,1.3886699808821877e-19,3.407232850932425e-06,1.0221698552797275e-05,0.06249486673852265,0.2499794669540906,1.2462665467744809e-18,8.723865827421367e-18,1.2145870348904544e-06,8.502109244233181e-06,4.001574604234891e-19,6.171851693233024e-20,4.54296617549995e-06,1.66168472052158e-18,1.6194454732373516e-06,1.6194454732390132e-06
t0_10s,10.0,16016.881722771015,0.08246421254224812,82464212.54224811,3.7815385644059566e-08,2.0024189055244745e-09,20.024189055244744,0.9999999999999811,1.9038801506889647e-27,1.9038801506889647e-27,0.7500018092380936,0.7500018092380936,3.0013946098339624e-19,6.002789219667925e-19,4.628247864634056e-20,1.3884743593902168e-19,3.4072328509083337e-06,1.0221698552725e-05,0.06249486673852265,0.2499794669540906,1.2532504120589291e-18,8.772752884412504e-18,1.214587034898881e-06,8.502109244292168e-06,4.0018498260464165e-19,6.170982266477154e-20,4.542966175467828e-06,1.6709965184378318e-18,1.6194454732485872e-06,1.6194454732502582e-06
t0_10s,10.0,16229.32394950522,0.08184790832489001,81847908.32489002,3.710919585348004e-08,2.0097486222881392e-09,20.097486222881393,0.9999999999999811,1.8140487935828276e-27,1.8140487935828276e-27,0.7500018092380936,0.7500018092380936,3.001596876625907e-19,6.003193753251814e-19,4.6276110780736996e-20,1.38828332342211e-19,3.407232850885917e-06,1.0221698552657751e-05,0.06249486673852265,0.2499794669540906,1.2602109588293192e-18,8.821476711805234e-18,1.2145870349067055e-06,8.502109244346939e-06,4.0021195144517685e-19,6.170133219778181e-20,4.542966175437939e-06,1.6802772250770078e-18,1.6194454732590197e-06,1.6194454732607e-06
t0_10s,10.0,16444.583934432372,0.08123621011632798,81236210.11632797,3.6416193923127904e-08,2.0171051689761995e-09,20.171051689761995,0.9999999999999811,1.728117823248822e-27,1.728117823248822e-27,0.7500018092380936,0.7500018092380936,3.001795066829965e-19,6.00359013365993e-19,4.626989251561363e-20,1.388096775468409e-19,3.4072328508650643e-06,1.0221698552595193e-05,0.06249486673852265,0.2499794669540906,1.2671481472397201e-18,8.870037030678041e-18,1.21458703491397e-06,8.50210924439779e-06,4.002383767419717e-19,6.169304119761785e-20,4.542966175410136e-06,1.6895267873113285e-18,1.6194454732687055e-06,1.6194454732703952e-06
t0_10s,10.0,16662.699051295705,0.08062908349311274,80629083.49311273,3.573613357408537e-08,2.0244886437977393e-09,20.244886437977392,0.9999999999999811,1.6459343537037983e-27,1.6459343537037983e-27,0.7500018092380936,0.7500018092380936,3.0019892528384287e-19,6.003978505676857e-19,4.62638206612559e-20,1.387914619837677e-19,3.4072328508456698e-06,1.0221698552537008e-05,0.06249486673852265,0.2499794669540906,1.2740619435825037e-18,8.918433605077527e-18,1.2145870349207127e-06,8.502109244444988e-06,4.002642681473086e-19,6.168494541133714e-20,4.542966175384277e-06,1.6987451601973982e-18,1.619445473277696e-06,1.6194454732793947e-06
t0_10s,10.0,16883.707169550496,0.08002649428906179,80026494.28906178,3.506877312661192e-08,2.0318991453213537e-09,20.31899145321354,0.9999999999999811,1.5673507707227701e-27,1.5673507707227701e-27,0.7500018092380936,0.7500018092380936,3.002179505970475e-19,6.00435901194095e-19,4.625789208758618e-20,1.3877367626275855e-19,3.4072328508276335e-06,1.02216985524829e-05,0.06249486673852265,0.2499794669540906,1.2809523200844637e-18,8.966666240591247e-18,1.21458703492697e-06,8.50210924448879e-06,4.002896351703881e-19,6.167704066551295e-20,4.542966175360228e-06,1.7079323067043642e-18,1.619445473286039e-06,1.6194454732877468e-06
t0_10s,10.0,17107.646660939063,0.07942840859333679,79428408.59333679,3.4413875414255574e-08,2.0393367724764195e-09,20.393367724764197,0.9999999999999811,1.4922245771333737e-27,1.4922245771333737e-27,0.7500018092380936,0.7500018092380936,3.0023658964834834e-19,6.004731792966967e-19,4.625210372321282e-20,1.3875631116963845e-19,3.4072328508108643e-06,1.0221698552432593e-05,0.06249486673852265,0.2499794669540906,1.2878192547068923e-18,9.014734782948245e-18,1.2145870349327755e-06,8.502109244529429e-06,4.003144871788383e-19,6.166932286496626e-20,4.54296617533787e-06,1.717088197447354e-18,1.6194454732937796e-06,1.6194454732954968e-06
t0_10s,10.0,17334.55640615276,0.07883479274853582,78834792.74853581,3.377120769956996e-08,2.0468016245544413e-09,20.468016245544412,0.999999999999981,1.4204182418695894e-27,1.4204182418695894e-27,0.7500018092380936,0.7500018092380936,3.0025484935843607e-19,6.005096987168721e-19,4.624645255449093e-20,1.387393576634728e-19,3.4072328507952764e-06,1.022169855238583e-05,0.06249486673852265,0.2499794669540906,1.2946627309496426e-18,9.062639116647498e-18,1.214587034938161e-06,8.502109244567127e-06,4.0033883340022447e-19,6.166178799151358e-20,4.542966175317085e-06,1.7262128104262244e-18,1.6194454733009603e-06,1.6194454733026866e-06
t0_10s,10.0,17564.475801582725,0.07824561334879816,78245613.34879816,3.314054159140286e-08,2.054293801210392e-09,20.542938012103917,0.9999999999999811,1.3517990527041164e-27,1.3517990527041164e-27,0.7500018092380936,0.7500018092380936,3.002727365440837e-19,6.005454730881674e-19,4.624093562459562e-20,1.3872280687378686e-19,3.407232850780788e-06,1.0221698552342364e-05,0.06249486673852265,0.2499794669540906,1.3014827376592217e-18,9.110379163614553e-18,1.2145870349431555e-06,8.502109244602087e-06,4.0036268292355536e-19,6.165443210273123e-20,4.542966175297768e-06,1.735306130769688e-18,1.6194454733076197e-06,1.619445473309355e-06
t0_10s,10.0,17797.444766159828,0.07766083723792543,77660837.23792543,3.2521652963731244e-08,2.0618134024639996e-09,20.618134024639996,0.999999999999981,1.2862389725812584e-27,1.2862389725812584e-27,0.7500018092380936,0.7500018092380936,3.0029025791927544e-19,6.005805158385509e-19,4.6235550032606864e-20,1.3870665009782059e-19,3.4072328507673243e-06,1.0221698552301974e-05,0.06249486673852265,0.2499794669540906,1.3082792688409148e-18,9.157954881886404e-18,1.2145870349477873e-06,8.50210924463451e-06,4.003860447007883e-19,6.164725133073519e-20,4.542966175279817e-06,1.7443681504848103e-18,1.6194454733137954e-06,1.6194454733155399e-06
t0_10s,10.0,18033.50374828534,0.07708043150751505,77080431.50751504,3.191432187601126e-08,2.0693605287011255e-09,20.693605287011255,0.999999999999981,1.2236144994738909e-27,1.2236144994738909e-27,0.7500018092380936,0.7500018092380936,3.003074200963315e-19,6.00614840192663e-19,4.623029293260669e-20,1.3869087879782008e-19,3.407232850754815e-06,1.0221698552264445e-05,0.06249486673852265,0.2499794669540906,1.3150523234749666e-18,9.205366264324767e-18,1.214587034952082e-06,8.502109244664573e-06,4.0040892754832904e-19,6.16402418809773e-20,4.542966175263137e-06,1.7533988682119215e-18,1.6194454733195216e-06,1.619445473321275e-06
t0_10s,10.0,18272.69373285386,0.07650436349510878,76504363.49510878,3.131833249501579e-08,2.076935280675068e-09,20.769352806750682,0.9999999999999811,1.1638065296900413e-27,1.1638065296900413e-27,0.7500018092380936,0.7500018092380936,3.0032422958703324e-19,6.006484591740665e-19,4.622516153278751e-20,1.3867548459836253e-19,3.4072328507431957e-06,1.0221698552229586e-05,0.06249486673852265,0.2499794669540906,1.3218019053368337e-18,9.252613337357835e-18,1.2145870349560624e-06,8.502109244692437e-06,4.004313401485317e-19,6.163340003105645e-20,4.542966175247645e-06,1.762398288984951e-18,1.6194454733248287e-06,1.6194454733265911e-06
t0_10s,10.0,18515.056248369023,0.07593260078235414,75932600.78235415,3.07334730181318e-08,2.0845377595079548e-09,20.845377595079547,0.9999999999999811,1.1067002245568359e-27,1.1067002245568359e-27,0.7500018092380936,0.7500018092380936,3.003406928037425e-19,6.00681385607485e-19,4.6220153094572616e-20,1.3866045928371784e-19,3.407232850732404e-06,1.0221698552197213e-05,0.06249486673852265,0.2499794669540906,1.3285280228214896e-18,9.299696159750427e-18,1.2145870349597516e-06,8.502109244718261e-06,4.004532910511915e-19,6.162672212954581e-20,4.542966175233256e-06,1.77136642399717e-18,1.6194454733297478e-06,1.6194454733315192e-06
t0_10s,10.0,18760.633374153786,0.0753651111931804,75365111.1931804,3.01595355980895e-08,2.0921680666920358e-09,20.92168066692036,0.999999999999981,1.0521848804110223e-27,1.0521848804110223e-27,0.7500018092380936,0.7500018092380936,3.0035681606052037e-19,6.0071363212104075e-19,4.62152649317478e-20,1.386457947952434e-19,3.407232850722383e-06,1.0221698552167148e-05,0.06249486673852265,0.2499794669540906,1.3352306887717957e-18,9.34661482140257e-18,1.2145870349631694e-06,8.502109244742185e-06,4.0047478867503626e-19,6.162020459483508e-20,4.542966175219894e-06,1.7803032903723527e-18,1.6194454733343048e-06,1.619445473336085e-06
t0_10s,10.0,19009.46774765628,0.0748018627919879,74801862.7919879,2.9596316269098308e-08,2.0998263040910796e-09,20.998263040910796,0.999999999999981,1.0001538018272623e-27,1.0001538018272623e-27,0.7500018092380936,0.7500018092380936,3.003726055742411e-19,6.007452111484822e-19,4.621049440960463e-20,1.386314832288139e-19,3.4072328507130795e-06,1.0221698552139238e-05,0.06249486673852265,0.2499794669540906,1.3419099203109198e-18,9.393369442176439e-18,1.2145870349663358e-06,8.50210924476435e-06,4.004958413092116e-19,6.161384391398817e-20,4.54296617520749e-06,1.7892089109413342e-18,1.6194454733385267e-06,1.6194454733403158e-06
t0_10s,10.0,19261.602571852603,0.07424282388185069,74242823.88185069,2.9043614874361127e-08,2.1075125739417224e-09,21.075125739417224,0.999999999999981,9.505041780170075e-28,9.505041780170075e-28,0.7500018092380936,0.7500018092380936,3.0038806746570246e-19,6.007761349314049e-19,4.620583894409471e-20,1.3861751683228413e-19,3.4072328507044427e-06,1.0221698552113328e-05,0.06249486673852265,0.2499794669540906,1.348565738678792e-18,9.439960170751544e-18,1.214587034969268e-06,8.502109244784876e-06,4.005164571147615e-19,6.160763664161553e-20,4.542966175195974e-06,1.798083314023953e-18,1.6194454733424364e-06,1.6194454733442344e-06
t0_10s,10.0,19517.08162274781,0.07368796300273263,73687963.00273263,2.8501234994942304e-08,2.1152269788548228e-09,21.152269788548228,0.9999999999999811,9.031369623324267e-28,9.031369623324267e-28,0.7500018092380936,0.7500018092380936,3.0040320776073255e-19,6.008064155214651e-19,4.620129600099553e-20,1.386038880029866e-19,3.4072328506964272e-06,1.0221698552089282e-05,0.06249486673852265,0.2499794669540906,1.3551981690725622e-18,9.486387183507935e-18,1.2145870349719836e-06,8.502109244803885e-06,4.005366441261042e-19,6.160157939876194e-20,4.542966175185287e-06,1.8069265332163282e-18,1.619445473346057e-06,1.619445473347864e-06
t0_10s,10.0,19775.949256976208,0.07313724892971771,73137248.9297177,2.7968983879965295e-08,2.122969621816838e-09,21.229696218168378,0.999999999999981,8.579567548114576e-28,8.579567548114576e-28,0.7500018092380936,0.7500018092380936,3.004180323912934e-19,6.008360647825868e-19,4.619686309508717e-20,1.385905892852615e-19,3.4072328506889903e-06,1.0221698552066971e-05,0.06249486673852265,0.2499794669540906,1.3618072404910607e-18,9.532650683437424e-18,1.2145870349744982e-06,8.502109244821488e-06,4.005564102525031e-19,6.159566887180886e-20,4.542966175175372e-06,1.815738607183473e-18,1.6194454733494098e-06,1.6194454733512256e-06
t0_10s,10.0,20038.25041950286,0.07259065067125178,72590650.67125179,2.744667237811188e-08,2.130740606191214e-09,21.30740606191214,0.999999999999981,8.148716877014342e-28,8.148716877014342e-28,0.7500018092380936,0.7500018092380936,3.0043254719657843e-19,6.008650943931569e-19,4.619253778933976e-20,1.385776133680193e-19,3.4072328506820903e-06,1.0221698552046271e-05,0.06249486673852265,0.2499794669540906,1.368392985583213e-18,9.578750899082492e-18,1.2145870349768248e-06,8.502109244837774e-06,4.0057576327953084e-19,6.158990181139097e-20,4.542966175166171e-06,1.8245195794571834e-18,1.619445473352512e-06,1.6194454733543365e-06
t0_10s,10.0,20304.030651426867,0.0720481374673993,72048137.4673993,2.693411487040209e-08,2.1385400357197445e-09,21.385400357197444,0.999999999999981,7.737933139004364e-28,7.737933139004364e-28,0.7500018092380936,0.7500018092380936,3.00446757924107e-19,6.00893515848214e-19,4.618831769411208e-20,1.3856495308233624e-19,3.4072328506756906e-06,1.0221698552027071e-05,0.06249486673852265,0.2499794669540906,1.3749554405003827e-18,9.624688083502679e-18,1.2145870349789784e-06,8.502109244852848e-06,4.00594710870528e-19,6.158427503132764e-20,4.542966175157638e-06,1.8332694982391607e-18,1.6194454733553835e-06,1.6194454733572167e-06
t0_10s,10.0,20573.33609788817,0.07150967878811211,71509678.7881121,2.6431129204228883e-08,2.146368014523953e-09,21.46368014523953,0.999999999999981,7.346364982566858e-28,7.346364982566858e-28,0.7500018092380936,0.7500018092380936,3.0046067023081187e-19,6.009213404616237e-19,4.618420046636089e-20,1.3855260139908267e-19,3.407232850669755e-06,1.0221698552009265e-05,0.06249486673852265,0.2499794669540906,1.3814946447526003e-18,9.670462513268201e-18,1.214587034980971e-06,8.502109244866797e-06,4.006132605680534e-19,6.157878540756877e-20,4.542966175149724e-06,1.84198841620932e-18,1.6194454733580402e-06,1.6194454733598823e-06
t0_10s,10.0,20846.213516079555,0.07097524433151124,70975244.33151124,2.5937536628624752e-08,2.1542246471064964e-09,21.542246471064963,0.999999999999981,6.973193116676963e-28,6.973193116676963e-28,0.7500018092380936,0.7500018092380936,3.0047428968412486e-19,6.009485793682497e-19,4.618018380886076e-20,1.3854055142658227e-19,3.407232850664252e-06,1.0221698551992756e-05,0.06249486673852265,0.2499794669540906,1.3880106410686535e-18,9.716074487480575e-18,1.214587034982814e-06,8.502109244879697e-06,4.006314197953316e-19,6.15734298771545e-20,4.542966175142386e-06,1.850676390339239e-18,1.6194454733604974e-06,1.6194454733623482e-06
t0_10s,10.0,21122.71028336457,0.07044480402218167,70444804.02218167,2.5453161730737353e-08,2.1621100383525754e-09,21.621100383525754,0.999999999999981,6.617629279223252e-28,6.617629279223252e-28,0.7500018092380936,0.7500018092380936,3.0048762176305505e-19,6.009752435261101e-19,4.617626546943446e-20,1.3852879640830338e-19,3.407232850659149e-06,1.0221698551977447e-05,0.06249486673852265,0.2499794669540906,1.394503475259977e-18,9.761524326819838e-18,1.2145870349845188e-06,8.502109244891632e-06,4.0064919585769035e-19,6.15682054371891e-20,4.542966175135583e-06,1.8593334817106844e-18,1.6194454733627707e-06,1.61944547336463e-06
t0_10s,10.0,21402.87440550327,0.06991832800947982,69918328.00947982,2.4977832373490936e-08,2.170024293531295e-09,21.70024293531295,0.9999999999999809,6.278915232299178e-28,6.278915232299178e-28,0.7500018092380936,0.7500018092380936,3.0050067185926052e-19,6.0100134371852105e-19,4.6172443240193764e-20,1.3851732972058129e-19,3.407232850654421e-06,1.0221698551963264e-05,0.06249486673852265,0.2499794669540906,1.4009731960883046e-18,9.806812372618132e-18,1.2145870349860948e-06,8.502109244902664e-06,4.006665959439898e-19,6.156310914382873e-20,4.5429661751292794e-06,1.867959755339144e-18,1.619445473364872e-06,1.6194454733667399e-06
t0_10s,10.0,21686.754524987038,0.06939578666585405,69395786.66585405,2.4511379634412843e-08,2.177967518297087e-09,21.779675182970873,0.999999999999981,5.956321783820315e-28,5.956321783820315e-28,0.7500018092380936,0.7500018092380936,3.0051344527811816e-19,6.010268905562363e-19,4.616871495679088e-20,1.3850614487037262e-19,3.4072328506500386e-06,1.0221698551950116e-05,0.06249486673852265,0.2499794669540906,1.4074198551370385e-18,9.85193898595927e-18,1.2145870349875519e-06,8.502109244912864e-06,4.0068362712804865e-19,6.155813811128325e-20,4.542966175123436e-06,1.8765552800023215e-18,1.6194454733668146e-06,1.6194454733686912e-06
t0_10s,10.0,21974.399929483992,0.06887715058517672,68877150.58517672,2.4053637745601495e-08,2.18593981869115e-09,21.859398186911502,0.999999999999981,5.649147834933249e-28,5.649147834933249e-28,0.7500018092380936,0.7500018092380936,3.0052594723978437e-19,6.010518944795687e-19,4.6165078497679587e-20,1.3849523549303875e-19,3.4072328506459788e-06,1.0221698551937936e-05,0.06249486673852265,0.2499794669540906,1.4138435066862784e-18,9.89690454680395e-18,1.2145870349888982e-06,8.502109244922288e-06,4.0070029637005876e-19,6.155328951083123e-20,4.542966175118022e-06,1.885120128073509e-18,1.61944547336861e-06,1.619445473370495e-06
t0_10s,10.0,22265.860560396402,0.06836239058109,68362390.58109,2.3604444034815936e-08,2.193941301142811e-09,21.939413011428112,0.999999999999981,5.35671945269313e-28,5.35671945269313e-28,0.7500018092380936,0.7500018092380936,3.005381828802517e-19,6.010763657605034e-19,4.6161531783386697e-20,1.3848459535016008e-19,3.407232850642218e-06,1.0221698551926653e-05,0.06249486673852265,0.2499794669540906,1.4202442075914653e-18,9.941709453140258e-18,1.2145870349901431e-06,8.502109244931002e-06,4.0071661051799365e-19,6.154856056984842e-20,4.542966175113008e-06,1.893654375359778e-18,1.6194454733702697e-06,1.6194454733721634e-06
t0_10s,10.0,22561.187021531412,0.06785147768536295,67851477.68536295,2.3163638867665368e-08,2.2019720724709915e-09,22.019720724709916,0.999999999999981,5.078388967497261e-28,5.078388967497261e-28,0.7500018092380936,0.7500018092380936,3.005501572523973e-19,6.011003145047946e-19,4.6158072775793775e-20,1.3847421832738132e-19,3.4072328506387345e-06,1.0221698551916204e-05,0.06249486673852265,0.2499794669540906,1.4266220171655744e-18,9.98635412015902e-18,1.2145870349912915e-06,8.50210924493904e-06,4.0073257630900654e-19,6.154394857085012e-20,4.542966175108364e-06,1.9021581009449043e-18,1.6194454733718009e-06,1.619445473373703e-06
t0_10s,10.0,22860.43058788721,0.0673443831462616,67344383.14626159,2.273106559087833e-08,2.210032239885604e-09,22.10032239885604,0.999999999999981,4.813534094771565e-28,4.813534094771565e-28,0.7500018092380936,0.7500018092380936,3.005618753270279e-19,6.011237506540558e-19,4.615469947742849e-20,1.3846409843228547e-19,3.4072328506355078e-06,1.0221698551906523e-05,0.06249486673852265,0.2499794669540906,1.4329769970648096e-18,1.0030838979453668e-17,1.2145870349923528e-06,8.50210924494647e-06,4.0074820037082384e-19,6.153945085054634e-20,4.5429661751040616e-06,1.910631387036962e-18,1.619445473373216e-06,1.6194454733751268e-06
t0_10s,10.0,23163.643214555348,0.06684107842693059,66841078.426930584,2.2306570476631188e-08,2.218121910989009e-09,22.181219109890087,0.999999999999981,4.561557080417519e-28,4.561557080417519e-28,0.7500018092380936,0.7500018092380936,3.005733419939173e-19,6.011466839878346e-19,4.6151409930765885e-20,1.3845422979229765e-19,3.4072328506325207e-06,1.0221698551897563e-05,0.06249486673852265,0.2499794669540906,1.4393092111777338e-18,1.0075164478244137e-17,1.2145870349933333e-06,8.502109244953333e-06,4.0076348922312814e-19,6.153506479891008e-20,4.542966175100079e-06,1.9190743188204957e-18,1.6194454733745232e-06,1.6194454733764424e-06
t0_10s,10.0,23470.877545741096,0.06634153520378787,66341535.20378787,2.1890002667916766e-08,2.226241193777434e-09,22.262411937774342,0.999999999999981,4.321883869535344e-28,4.321883869535344e-28,0.7500018092380936,0.7500018092380936,3.005845620628344e-19,6.011691241256688e-19,4.61482022175393e-20,1.384446066526179e-19,3.4072328506297564e-06,1.0221698551889269e-05,0.06249486673852265,0.2499794669540906,1.4456187255177822e-18,1.0119331078624475e-17,1.2145870349942394e-06,8.502109244959676e-06,4.007784492789292e-19,6.153078785825864e-20,4.5429661750963925e-06,1.927486984313207e-18,1.6194454733757313e-06,1.6194454733776587e-06
t0_10s,10.0,23782.186923903908,0.06584572536493012,65845725.36493012,2.148121412493202e-08,2.234390196642403e-09,22.34390196642403,0.999999999999981,4.093963297947917e-28,4.093963297947917e-28,0.7500018092380936,0.7500018092380936,3.005955402645702e-19,6.011910805291404e-19,4.6145074458060904e-20,1.384352233741827e-19,3.4072328506271992e-06,1.0221698551881598e-05,0.06249486673852265,0.2499794669540906,1.451905608119098e-18,1.0163339256833686e-17,1.2145870349950733e-06,8.502109244965514e-06,4.0079308684593314e-19,6.152661752234762e-20,4.542966175092983e-06,1.935869474227068e-18,1.6194454733768433e-06,1.6194454733787792e-06
t0_10s,10.0,24097.625399018598,0.06535362100855102,65353621.008551024,2.1080059572468458e-08,2.242569028372228e-09,22.425690283722282,0.999999999999981,3.877266306059576e-28,3.877266306059576e-28,0.7500018092380936,0.7500018092380936,3.006062812519526e-19,6.012125625039052e-19,4.6142024810551824e-20,1.3842607443165549e-19,3.4072328506248318e-06,1.0221698551874495e-05,0.06249486673852265,0.2499794669540906,1.45816992893562e-18,1.020718950254934e-17,1.2145870349958437e-06,8.502109244970906e-06,4.008074081278955e-19,6.152255133547778e-20,4.542966175089826e-06,1.944221881833772e-18,1.6194454733778703e-06,1.6194454733798144e-06
t0_10s,10.0,24417.24773795965,0.06486519444137127,64865194.44137128,2.068639644828387e-08,2.250777798153407e-09,22.50777798153407,0.999999999999981,3.6712851745905164e-28,3.6712851745905164e-28,0.7500018092380936,0.7500018092380936,3.006167896008583e-19,6.012335792017166e-19,4.6139051470481675e-20,1.3841715441144502e-19,3.4072328506226418e-06,1.0221698551867925e-05,0.06249486673852265,0.2499794669540906,1.4644117597433625e-18,1.0250882318203538e-17,1.2145870349965543e-06,8.50210924497588e-06,4.0082141922597054e-19,6.151858689161441e-20,4.542966175086907e-06,1.9525443028344408e-18,1.619445473378818e-06,1.6194454733807705e-06
t0_10s,10.0,24741.109434009904,0.06438041817707978,64380418.177079774,2.0300084852438735e-08,2.259016615572137e-09,22.59016615572137,0.999999999999981,3.4755327817361914e-28,3.4755327817361914e-28,0.7500018092380936,0.7500018092380936,3.0062706981121424e-19,6.012541396224285e-19,4.613615266991737e-20,1.3840845800975211e-19,3.4072328506206152e-06,1.0221698551861845e-05,0.06249486673852265,0.2499794669540906,1.4706311740458342e-18,1.029441821832084e-17,1.2145870349972104e-06,8.502109244980472e-06,4.008351261400464e-19,6.151472183351909e-20,4.5429661750842046e-06,1.9608368352335155e-18,1.6194454733796927e-06,1.6194454733816536e-06
t0_10s,10.0,25069.266716495375,0.0638992649347871,63899264.93478711,1.9920987497578298e-08,2.26728559061571e-09,22.672855906157103,0.9999999999999809,3.2895418813082886e-28,3.2895418813082886e-28,0.7500018092380936,0.7500018092380936,3.006371263079949e-19,6.012742526159898e-19,4.6133326676881026e-20,1.383999800306431e-19,3.4072328506187416e-06,1.0221698551856224e-05,0.06249486673852265,0.2499794669540906,1.4768282469825234e-18,1.0337797728877664e-17,1.2145870349978162e-06,8.502109244984713e-06,4.008485347700747e-19,6.151095385189352e-20,4.542966175081707e-06,1.9690995792167396e-18,1.6194454733805003e-06,1.6194454733824695e-06
t0_10s,10.0,25401.77656054793,0.0634217076374902,63421707.63749019,1.9548969660143864e-08,2.275584833674049e-09,22.755848336740492,0.9999999999999809,3.1128644014208665e-28,3.1128644014208665e-28,0.7500018092380936,0.7500018092380936,3.0064696344220983e-19,6.012939268844197e-19,4.6130571794717235e-20,1.383917153841517e-19,3.4072328506170073e-06,1.0221698551851022e-05,0.06249486673852265,0.2499794669540906,1.4830030552403732e-18,1.0381021386682612e-17,1.2145870349983712e-06,8.502109244988599e-06,4.0086165091738763e-19,6.150728068453598e-20,4.542966175079394e-06,1.9773326370331236e-18,1.6194454733812404e-06,1.6194454733832178e-06
t0_10s,10.0,25738.696696997184,0.06294771941054851,62947719.41054851,1.918389913249439e-08,2.2839144555411324e-09,22.839144555411323,0.9999999999999809,2.945070763292443e-28,2.945070763292443e-28,0.7500018092380936,0.7500018092380936,3.006565854918853e-19,6.013131709837706e-19,4.612788636146932e-20,1.3838365908440796e-19,3.4072328506154064e-06,1.022169855184622e-05,0.06249486673852265,0.2499794669540906,1.4891556769682103e-18,1.0424089738777472e-17,1.2145870349988856e-06,8.502109244992199e-06,4.0087448028600645e-19,6.150370011550957e-20,4.54296617507726e-06,1.9855361128808515e-18,1.6194454733819263e-06,1.6194454733839118e-06
t0_10s,10.0,26080.08562239416,0.06247727358017181,62477273.580171816,1.8825646175922912e-08,2.292274567416514e-09,22.92274567416514,0.9999999999999809,2.7857492197406805e-28,2.7857492197406805e-28,0.7500018092380936,0.7500018092380936,3.0066599666303903e-19,6.0133199332607805e-19,4.6125268749264247e-20,1.3837580624779275e-19,3.4072328506139258e-06,1.0221698551841777e-05,0.06249486673852265,0.2499794669540906,1.4952861916940423e-18,1.0467003341858297e-17,1.2145870349993608e-06,8.502109244995526e-06,4.008870284839412e-19,6.150020997432213e-20,4.542966175075285e-06,1.9937101127970116e-18,1.6194454733825599e-06,1.6194454733845536e-06
t0_10s,10.0,26426.00260916714,0.062010343671918905,62010343.671918906,1.8474083474549597e-08,2.30066528090677e-09,23.0066528090677,0.9999999999999809,2.6345052129538367e-28,2.6345052129538367e-28,0.7500018092380936,0.7500018092380936,3.0067520109064507e-19,6.0135040218129015e-19,4.612271736370684e-20,1.3836815209112053e-19,3.407232850612562e-06,1.0221698551837686e-05,0.06249486673852265,0.2499794669540906,1.5013946802451495e-18,1.0509762761716047e-17,1.2145870349997947e-06,8.502109244998563e-06,4.008993010244773e-19,6.149680813511857e-20,4.542966175073467e-06,2.0018547445510506e-18,1.6194454733831384e-06,1.6194454733851402e-06
t0_10s,10.0,26776.507715912983,0.06154690340920801,61546903.40920801,1.8129086090076598e-08,2.309086708027005e-09,23.09086708027005,0.9999999999999809,2.490960751127812e-28,2.490960751127812e-28,0.7500018092380936,0.7500018092380936,3.006842028395944e-19,6.013684056791888e-19,4.612023064328211e-20,1.3836069192984634e-19,3.4072328506112983e-06,1.0221698551833895e-05,0.06249486673852265,0.2499794669540906,1.5074812246709428e-18,1.05523685726966e-17,1.2145870350001953e-06,8.502109245001367e-06,4.009113033274564e-19,6.149349251588393e-20,4.542966175071782e-06,2.009970117541919e-18,1.6194454733836725e-06,1.6194454733856825e-06
t0_10s,10.0,27131.66179782438,0.06108692671183772,61086926.711837724,1.779053141738716e-08,2.317538961202343e-09,23.17538961202343,0.9999999999999809,2.3547538035648634e-28,2.3547538035648634e-28,0.7500018092380936,0.7500018092380936,3.006930059056434e-19,6.013860118112868e-19,4.6117807058766987e-20,1.3835342117630096e-19,3.407232850610132e-06,1.0221698551830397e-05,0.06249486673852265,0.2499794669540906,1.5135459081684751e-18,1.0594821357179326e-17,1.214587035000565e-06,8.502109245003955e-06,4.009230407205407e-19,6.149026107765902e-20,4.542966175070227e-06,2.0180563426987532e-18,1.6194454733841654e-06,1.6194454733861835e-06
t0_10s,10.0,27491.526517255676,0.06063038769451954,60630387.69451954,1.7458299140974644e-08,2.3260221532694575e-09,23.260221532694576,0.9999999999999809,2.2255377138348168e-28,2.2255377138348168e-28,0.7500018092380936,0.7500018092380936,3.007016142163584e-19,6.014032284327168e-19,4.6115445112650014e-20,1.3834633533795003e-19,3.407232850609048e-06,1.0221698551827144e-05,0.06249486673852265,0.2499794669540906,1.5195888150105845e-18,1.0637121705074091e-17,1.2145870350009075e-06,8.502109245006353e-06,4.0093451844047283e-19,6.148711182376671e-20,4.542966175068782e-06,2.0261135323850662e-18,1.619445473384622e-06,1.619445473386648e-06
t0_10s,10.0,27856.164354428754,0.060177260665421395,60177260.6654214,1.7132271192184597e-08,2.3345363974780237e-09,23.345363974780238,0.9999999999999809,2.1029806306055674e-28,2.1029806306055674e-28,0.7500018092380936,0.7500018092380936,3.0071003163205234e-19,6.014200632641047e-19,4.611314333855967e-20,1.38339430015679e-19,3.407232850608058e-06,1.0221698551824174e-05,0.06249486673852265,0.2499794669540906,1.5256100304765711e-18,1.0679270213335999e-17,1.2145870350012164e-06,8.502109245008514e-06,4.0094574163432416e-19,6.148404279904972e-20,4.542966175067461e-06,2.0341418003063177e-18,1.619445473385034e-06,1.6194454733870682e-06
t0_10s,10.0,28225.638618280973,0.05972752012472128,59727520.12472128,1.681233170725531e-08,2.3430818074922636e-09,23.430818074922637,0.9999999999999809,1.9867649557549055e-28,1.9867649557549055e-28,0.7500018092380936,0.7500018092380936,3.0071826194671077e-19,6.014365238934215e-19,4.611090030070123e-20,1.3833270090210368e-19,3.407232850607141e-06,1.0221698551821423e-05,0.06249486673852265,0.2499794669540906,1.5316096407853782e-18,1.0721267485497647e-17,1.2145870350015012e-06,8.502109245010508e-06,4.0095671536072996e-19,6.148105208911967e-20,4.542966175066239e-06,2.0421412614208208e-18,1.6194454733854138e-06,1.619445473387456e-06
t0_10s,10.0,28600.013457456924,0.059281140763172833,59281140.763172835,1.6498366986142833e-08,2.351658497392485e-09,23.516584973924846,0.9999999999999809,1.876586809381013e-28,1.876586809381013e-28,0.7500018092380936,0.7500018092380936,3.007263088889105e-19,6.01452617777821e-19,4.6108714593301844e-20,1.3832614377990553e-19,3.4072328506062936e-06,1.022169855181888e-05,0.06249486673852265,0.2499794669540906,1.5375877330311592e-18,1.0763114131218114e-17,1.2145870350017689e-06,8.502109245012382e-06,4.0096744459111395e-19,6.147813781961731e-20,4.542966175065109e-06,2.0501120318538335e-18,1.6194454733857706e-06,1.6194454733878206e-06
t0_10s,10.0,28979.353871446085,0.058838097460680444,58838097.46068045,1.6190265452113368e-08,2.3602665816765514e-09,23.602665816765516,0.9999999999999809,1.772155511334081e-28,1.772155511334081e-28,0.7500018092380936,0.7500018092380936,3.0073417612273336e-19,6.014683522454667e-19,4.610658484006347e-20,1.3831975452019042e-19,3.4072328506055092e-06,1.0221698551816527e-05,0.06249486673852265,0.2499794669540906,1.5435443951212369e-18,1.0804810765848658e-17,1.2145870350020099e-06,8.502109245014069e-06,4.009779342109068e-19,6.147529815548297e-20,4.542966175064063e-06,2.0580542288148367e-18,1.619445473386092e-06,1.61944547338815e-06
t0_10s,10.0,29363.72572186788,0.058398365284886435,58398365.284886435,1.5887917612092097e-08,2.3689061752614477e-09,23.689061752614478,0.9999999999999809,1.6731930788932776e-28,1.6731930788932776e-28,0.7500018092380936,0.7500018092380936,3.0074186724866925e-19,6.014837344973385e-19,4.6104509693624416e-20,1.3831352908087326e-19,3.4072328506047812e-06,1.0221698551814344e-05,0.06249486673852265,0.2499794669540906,1.549479715716391e-18,1.0846358010014737e-17,1.2145870350022316e-06,8.50210924501562e-06,4.009881890207501e-19,6.147253130023877e-20,4.542966175063092e-06,2.065967970517918e-18,1.6194454733863876e-06,1.6194454733884535e-06
t0_10s,10.0,29753.19574390709,0.05796191948976701,57961919.489767015,1.5591216017750624e-08,2.377577393484795e-09,23.77577393484795,0.9999999999999809,1.5794337402296336e-28,1.5794337402296336e-28,0.7500018092380936,0.7500018092380936,3.0074938580450997e-19,6.014987716090199e-19,4.6102487835028616e-20,1.3830746350508583e-19,3.407232850604121e-06,1.0221698551812363e-05,0.06249486673852265,0.2499794669540906,1.5553937841732395e-18,1.0887756489212676e-17,1.214587035002438e-06,8.502109245017066e-06,4.009982137376883e-19,6.146983549528085e-20,4.542966175062212e-06,2.073853376104948e-18,1.619445473386663e-06,1.6194454733887367e-06
t0_10s,10.0,30147.831557900026,0.057528735514240474,57528735.51424047,1.530005522732285e-08,2.3862803521064227e-09,23.862803521064226,0.9999999999999809,1.4906234632812251e-28,1.4906234632812251e-28,0.7500018092380936,0.7500018092380936,3.0075673526623846e-19,6.015134705324769e-19,4.61005179732028e-20,1.383015539196084e-19,3.4072328506035128e-06,1.0221698551810539e-05,0.06249486673852265,0.2499794669540906,1.5612866904889514e-18,1.092900683342266e-17,1.2145870350026252e-06,8.502109245018377e-06,4.01008012996354e-19,6.146720901918231e-20,4.542966175061402e-06,2.081710565571862e-18,1.6194454733869124e-06,1.6194454733889942e-06
t0_10s,10.0,30547.701681075287,0.05709878898078466,57098788.98078466,1.5014331768132488e-08,2.395015167309863e-09,23.95015167309863,0.9999999999999809,1.4065194996877276e-28,1.4065194996877276e-28,0.7500018092380936,0.7500018092380936,3.007639190489062e-19,6.015278380978124e-19,4.609859884444154e-20,1.3829579653332462e-19,3.4072328506029377e-06,1.0221698551808813e-05,0.06249486673852265,0.2499794669540906,1.5671585252480002e-18,1.0970109676736002e-17,1.2145870350027946e-06,8.502109245019563e-06,4.010175913501383e-19,6.146465018700668e-20,4.542966175060635e-06,2.0895396596976664e-18,1.6194454733871383e-06,1.619445473389228e-06
t0_10s,10.0,30952.875539449586,0.056672055694065,56672055.694065,1.4733944099821276e-08,2.4037819557039707e-09,24.037819557039708,0.9999999999999809,1.326889943430653e-28,1.326889943430653e-28,0.7500018092380936,0.7500018092380936,3.0077094050750707e-19,6.015418810150141e-19,4.609672921190015e-20,1.3829018763570046e-19,3.407232850602423e-06,1.022169855180727e-05,0.06249486673852265,0.2499794669540906,1.5730093795709725e-18,1.1011065656996808e-17,1.2145870350029664e-06,8.502109245020764e-06,4.0102695327235553e-19,6.146215734963169e-20,4.542966175059949e-06,2.097340779976184e-18,1.6194454733873672e-06,1.6194454733894645e-06
t0_10s,10.0,31363.423479881636,0.05624851163957336,56248511.63957336,1.4458792578263337e-08,2.4125808343243763e-09,24.12580834324376,0.9999999999999809,1.25151330382789e-28,1.25151330382789e-28,0.7500018092380936,0.7500018092380936,3.00777802937836e-19,6.01555605875672e-19,4.609490786509517e-20,1.382847235952855e-19,3.40723285060194e-06,1.0221698551805819e-05,0.06249486673852265,0.2499794669540906,1.5788393450653765e-18,1.1051875415457636e-17,1.214587035003097e-06,8.502109245021679e-06,4.0103610315738833e-19,6.145972889308325e-20,4.542966175059304e-06,2.1051140485504646e-18,1.6194454733875415e-06,1.6194454733896466e-06
t0_10s,10.0,31779.416782285894,0.05582813298227614,55828132.98227614,1.418877942015396e-08,2.421411920635162e-09,24.21411920635162,0.9999999999999809,1.1801780925391727e-28,1.1801780925391727e-28,0.7500018092380936,0.7500018092380936,3.0078450957734645e-19,6.015690191546929e-19,4.6093133619412335e-20,1.38279400858237e-19,3.4072328506014994e-06,1.0221698551804498e-05,0.06249486673852265,0.2499794669540906,1.584648513778385e-18,1.1092539596448695e-17,1.2145870350032294e-06,8.502109245022605e-06,4.0104504532183097e-19,6.145736323787952e-20,4.542966175058717e-06,2.1128595881497757e-18,1.619445473387718e-06,1.6194454733898308e-06
t0_10s,10.0,32200.927672008267,0.05541089606527311,55410896.065273106,1.3923808668259177e-08,2.4302753325303795e-09,24.302753325303794,0.999999999999981,1.1126824242404628e-28,1.1126824242404628e-28,0.7500018092380936,0.7500018092380936,3.0079106360599623e-19,6.015821272119925e-19,4.609140531562211e-20,1.3827421594686632e-19,3.4072328506010827e-06,1.0221698551803248e-05,0.06249486673852265,0.2499794669540906,1.5904369781514577e-18,1.1133058847060203e-17,1.2145870350033632e-06,8.502109245023542e-06,4.0105378400561687e-19,6.145505883838482e-20,4.542966175058162e-06,2.1205775220290994e-18,1.6194454733878964e-06,1.619445473390017e-06
t0_10s,10.0,32628.029332365975,0.05499677740846642,54996777.40846641,1.3663786157314609e-08,2.4391711883355936e-09,24.391711883355935,0.999999999999981,1.048833630633291e-28,1.048833630633291e-28,0.7500018092380936,0.7500018092380936,3.0079746814708465e-19,6.015949362941693e-19,4.608972181940264e-20,1.3826916545820791e-19,3.407232850600721e-06,1.0221698551802163e-05,0.06249486673852265,0.2499794669540906,1.5962048309767944e-18,1.117343381683756e-17,1.2145870350034689e-06,8.502109245024283e-06,4.010623233731351e-19,6.145281418217369e-20,4.542966175057679e-06,2.12826797391107e-18,1.6194454733880372e-06,1.6194454733901654e-06
t0_10s,10.0,33060.795917353826,0.054585753707238616,54585753.707238615,1.3408619480560778e-08,2.4480996068095085e-09,24.480996068095084,0.999999999999981,9.884478874555371e-29,9.884478874555371e-29,0.7500018092380936,0.7500018092380936,3.008037262680826e-19,6.016074525361652e-19,4.60880820208699e-20,1.382642460626097e-19,3.4072328506003546e-06,1.0221698551801064e-05,0.06249486673852265,0.2499794669540906,1.6019521653555413e-18,1.121366515748879e-17,1.2145870350035606e-06,8.502109245024925e-06,4.01070667514337e-19,6.14506277894043e-20,4.542966175057191e-06,2.1359310679302507e-18,1.6194454733881596e-06,1.6194454733902956e-06
t0_10s,10.0,33499.30256451864,0.05417780183114201,54177801.83114201,1.315821795690409e-08,2.4570607071455274e-09,24.570607071455274,0.999999999999981,9.313498541669006e-29,9.313498541669006e-29,0.7500018092380936,0.7500018092380936,3.008098409814539e-19,6.016196819629078e-19,4.60864848341153e-20,1.382594545023459e-19,3.4072328506000484e-06,1.0221698551800146e-05,0.06249486673852265,0.2499794669540906,1.6076790746577188e-18,1.1253753522604031e-17,1.2145870350036533e-06,8.502109245025573e-06,4.010788204458313e-19,6.144849821220205e-20,4.542966175056783e-06,2.143566928579701e-18,1.6194454733882833e-06,1.619445473390427e-06
t0_10s,10.0,33943.62540800525,0.05377289882259604,53772898.822596036,1.2912492598690075e-08,2.4660546089733736e-09,24.660546089733735,0.999999999999981,8.773723259871459e-29,8.773723259871459e-29,0.7500018092380936,0.7500018092380936,3.0081581524546846e-19,6.016316304909369e-19,4.608492919675027e-20,1.382547875902508e-19,3.407232850599766e-06,1.0221698551799297e-05,0.06249486673852265,0.2499794669540906,1.613385652483827e-18,1.129369956738679e-17,1.2145870350037476e-06,8.502109245026232e-06,4.010867861119683e-19,6.144642403405225e-20,4.542966175056406e-06,2.1511756806597863e-18,1.6194454733884089e-06,1.6194454733905601e-06
t0_10s,10.0,34393.84159177444,0.05337102189559624,53371021.89559624,1.2671356080079445e-08,2.4750814323606557e-09,24.750814323606555,0.999999999999981,8.263558979673094e-29,8.263558979673094e-29,0.7500018092380936,0.7500018092380936,3.008216519650071e-19,6.016433039300142e-19,4.6083414069457745e-20,1.3825024220837323e-19,3.40723285059948e-06,1.022169855179844e-05,0.06249486673852265,0.2499794669540906,1.6190719926280272e-18,1.133350394839619e-17,1.2145870350038428e-06,8.5021092450269e-06,4.010945683859131e-19,6.144440386920217e-20,4.542966175056025e-06,2.158757449229087e-18,1.619445473388536e-06,1.6194454733906946e-06
t0_10s,10.0,34850.029282997275,0.05297214843443133,52972148.43443133,1.2434722706013778e-08,2.4841412978144677e-09,24.841412978144678,0.999999999999981,7.78148640780638e-29,7.78148640780638e-29,0.7500018092380936,0.7500018092380936,3.008273539923574e-19,6.016547079847148e-19,4.6081938435550927e-20,1.3824581530665279e-19,3.40723285059921e-06,1.022169855179763e-05,0.06249486673852265,0.2499794669540906,1.6247381890429197e-18,1.1373167323300438e-17,1.214587035003904e-06,8.502109245027329e-06,4.0110217107070676e-19,6.144243636207266e-20,4.542966175055665e-06,2.166312359557435e-18,1.6194454733886174e-06,1.6194454733907837e-06
t0_10s,10.0,35312.267685626335,0.05257625599241066,52576255.99241066,1.2202508381761462e-08,2.493234326283017e-09,24.93234326283017,0.999999999999981,7.326057879231281e-29,7.326057879231281e-29,0.7500018092380936,0.7500018092380936,3.0083292412800254e-19,6.016658482560051e-19,4.6080501300538976e-20,1.3824150390161694e-19,3.407232850599014e-06,1.0221698551797042e-05,0.06249486673852265,0.2499794669540906,1.6303843358057877e-18,1.1412690350640514e-17,1.214587035003953e-06,8.50210924502767e-06,4.0110959790031775e-19,6.144052018667915e-20,4.542966175055404e-06,2.173840537080905e-18,1.6194454733886827e-06,1.6194454733908566e-06
t0_10s,10.0,35780.63705414727,0.0521833222906013,52183322.2906013,1.1974630583032384e-08,2.5023606391572572e-09,25.02360639157257,0.999999999999981,6.895894340188406e-29,6.895894340188406e-29,0.7500018092380936,0.7500018092380936,3.008383651214003e-19,6.016767302428006e-19,4.607910169169914e-20,1.3823730507509744e-19,3.4072328505988156e-06,1.0221698551796448e-05,0.06249486673852265,0.2499794669540906,1.6360105270863481e-18,1.1452073689604437e-17,1.2145870350040027e-06,8.50210924502802e-06,4.0111685254068097e-19,6.14386540460611e-20,4.542966175055139e-06,2.1813421073588166e-18,1.6194454733887492e-06,1.6194454733909305e-06
t0_10s,10.0,36255.21870751272,0.051793325216573795,51793325.2165738,1.175100832664989e-08,2.511520358272463e-09,25.11520358272463,0.999999999999981,6.489682439286661e-29,6.489682439286661e-29,0.7500018092380936,0.7500018092380936,3.008436796717548e-19,6.016873593435096e-19,4.607773865765591e-20,1.3823321597296774e-19,3.407232850598615e-06,1.0221698551795844e-05,0.06249486673852265,0.2499794669540906,1.6416168571158752e-18,1.1491317999811127e-17,1.214587035004053e-06,8.50210924502837e-06,4.011239385907265e-19,6.143683667172087e-20,4.542966175054871e-06,2.188817196032566e-18,1.619445473388816e-06,1.6194454733910048e-06
t0_10s,10.0,36736.095043261,0.051406242823158366,51406242.82315837,1.1531562141771466e-08,2.520713605909868e-09,25.20713605909868,0.999999999999981,6.106171723667133e-29,6.106171723667133e-29,0.7500018092380936,0.7500018092380936,3.0084887042878124e-19,6.016977408575625e-19,4.6076411267966776e-20,1.3822923380390033e-19,3.407232850598411e-06,1.0221698551795233e-05,0.06249486673852265,0.2499794669540906,1.6472034201577086e-18,1.153042394110396e-17,1.214587035004104e-06,8.502109245028728e-06,4.0113085958339945e-19,6.143506682307147e-20,4.542966175054599e-06,2.196265928786302e-18,1.619445473388884e-06,1.6194454733910804e-06
t0_10s,10.0,37223.34955182215,0.05102205332720915,51022053.32720915,1.1316214041646162e-08,2.5299405047983443e-09,25.29940504798344,0.999999999999981,5.744171937322526e-29,5.744171937322526e-29,0.7500018092380936,0.7500018092380936,3.0085393999345858e-19,6.0170787998691715e-19,4.6075118612714614e-20,1.3822535583814385e-19,3.4072328505982044e-06,1.0221698551794613e-05,0.06249486673852265,0.2499794669540906,1.652770310479082e-18,1.1569392173353574e-17,1.2145870350041554e-06,8.502109245029087e-06,4.011376189866634e-19,6.143334328689297e-20,4.542966175054324e-06,2.2036884313093677e-18,1.6194454733889527e-06,1.6194454733911564e-06
t0_10s,10.0,37717.06683101342,0.05064073510837917,50640735.10837917,1.1104887495899905e-08,2.5392011781159733e-09,25.392011781159734,0.999999999999981,5.402550418696908e-29,5.402550418696908e-29,0.7500018092380936,0.7500018092380936,3.0085889091877653e-19,6.017177818375531e-19,4.607385980210631e-20,1.3822157940631893e-19,3.407232850598094e-06,1.0221698551794283e-05,0.06249486673852265,0.2499794669540906,1.658317622324211e-18,1.1608223356269478e-17,1.2145870350042077e-06,8.502109245029455e-06,4.0114422020449644e-19,6.143166487679741e-20,4.542966175054176e-06,2.2110848292604134e-18,1.6194454733890223e-06,1.6194454733912335e-06
t0_10s,10.0,38217.33260072762,0.05026226670790282,50262266.70790282,1.0897507403337787e-08,2.548495749491732e-09,25.48495749491732,0.999999999999981,5.080229594743487e-29,5.080229594743487e-29,0.7500018092380936,0.7500018092380936,3.008637257104759e-19,6.017274514209518e-19,4.607263396607819e-20,1.3821790189823458e-19,3.407232850597988e-06,1.0221698551793964e-05,0.06249486673852265,0.2499794669540906,1.663845449888632e-18,1.1646918149220425e-17,1.2145870350042606e-06,8.502109245029824e-06,4.011506665778782e-19,6.143003043270272e-20,4.542966175054035e-06,2.218455248233184e-18,1.619445473389093e-06,1.6194454733913114e-06
t0_10s,10.0,38724.23371781578,0.04988662682738864,49886626.82738864,1.069400006525482e-08,2.557824343007132e-09,25.57824343007132,0.999999999999981,4.776184568655947e-29,4.776184568655947e-29,0.7500018092380936,0.7500018092380936,3.0086844682777665e-19,6.017368936555533e-19,4.607144025390723e-20,1.3821432076172168e-19,3.4072328505978804e-06,1.0221698551793642e-05,0.06249486673852265,0.2499794669540906,1.6693538872947263e-18,1.1685477211063084e-17,1.2145870350043144e-06,8.502109245030202e-06,4.011569613857608e-19,6.142843882031424e-20,4.542966175053892e-06,2.225799813723886e-18,1.6194454733891646e-06,1.6194454733913904e-06
t0_10s,10.0,39237.8581911671,0.049513794327621104,49513794.3276211,1.0494293159245094e-08,2.5671870831978673e-09,25.671870831978673,0.999999999999981,4.489440798537172e-29,4.489440798537172e-29,0.7500018092380936,0.7500018092380936,3.008730566841e-19,6.017461133682e-19,4.6070277833829333e-20,1.38210833501488e-19,3.407232850597772e-06,1.0221698551793317e-05,0.06249486673852265,0.2499794669540906,1.6748430285683736e-18,1.1723901199978616e-17,1.2145870350043689e-06,8.502109245030581e-06,4.011631078460314e-19,6.142688893061588e-20,4.542966175053747e-06,2.2331186511000567e-18,1.6194454733892373e-06,1.6194454733914705e-06
t0_10s,10.0,39758.29519698963,0.04914374822737023,49143748.227370225,1.0298315713499499e-08,2.576584095055517e-09,25.76584095055517,0.999999999999981,4.219071864319931e-29,4.219071864319931e-29,0.7500018092380936,0.7500018092380936,3.0087755764778436e-19,6.017551152955687e-19,4.60691458926629e-20,1.3820743767798869e-19,3.4072328505976615e-06,1.0221698551792985e-05,0.06249486673852265,0.2499794669540906,1.6803129676167374e-18,1.1762190773317161e-17,1.2145870350043797e-06,8.502109245030657e-06,4.0116910911646694e-19,6.14253796793681e-20,4.5429661750536e-06,2.240411885570945e-18,1.6194454733892517e-06,1.619445473391492e-06
t0_10s,10.0,40285.63509429288,0.04877646770221158,48776467.70221158,1.0105998081583969e-08,2.586015504029139e-09,25.86015504029139,0.999999999999981,3.9641973202956257e-29,3.9641973202956257e-29,0.7500018092380936,0.7500018092380936,3.00881952042788e-19,6.01763904085576e-19,4.606804363543921e-20,1.3820413090631763e-19,3.40723285059755e-06,1.022169855179265e-05,0.06249486673852265,0.2499794669540906,1.6857637982071055e-18,1.1800346587449738e-17,1.2145870350043797e-06,8.502109245030657e-06,4.011749682956709e-19,6.142391000661516e-20,4.542966175053451e-06,2.2476796421593e-18,1.6194454733892517e-06,1.6194454733914993e-06
t0_10s,10.0,40819.96944057615,0.04841193208335386,48411932.08335386,9.917271917688542e-09,2.5954814360270333e-09,25.954814360270333,0.999999999999981,3.723980630658e-29,3.723980630658e-29,0.7500018092380936,0.7500018092380936,3.008862421493893e-19,6.017724842987786e-19,4.606697028503827e-20,1.382009108551148e-19,3.4072328505974366e-06,1.022169855179231e-05,0.06249486673852265,0.2499794669540906,1.6911956139467646e-18,1.1838369297627352e-17,1.2145870350043797e-06,8.502109245030657e-06,4.011806884240072e-19,6.142247887619958e-20,4.5429661750533e-06,2.2549220456745355e-18,1.6194454733892517e-06,1.6194454733915067e-06
t0_10s,10.0,41361.39100772486,0.04805012085647601,48050120.85647601,9.732070152338495e-09,2.604982017418345e-09,26.049820174183452,0.999999999999981,3.497627185513708e-29,3.497627185513708e-29,0.7500018092380936,0.7500018092380936,3.008904302048735e-19,6.01780860409747e-19,4.6065925081831184e-20,1.3819777524549356e-19,3.4072328505973222e-06,1.0221698551791967e-05,0.06249486673852265,0.2499794669540906,1.6966085082638624e-18,1.1876259557847037e-17,1.2145870350043797e-06,8.502109245030657e-06,4.011862724845156e-19,6.142108527528528e-20,4.542966175053147e-06,2.262139220687215e-18,1.6194454733892517e-06,1.6194454733915139e-06
t0_10s,10.0,41909.99379811776,0.0476910136605728,47691013.660572805,9.550326968559412e-09,2.6145173750347947e-09,26.145173750347947,0.999999999999981,3.284382394861573e-29,3.284382394861573e-29,0.7500018092380936,0.7500018092380936,3.008945184042162e-19,6.017890368084324e-19,4.6064907283327805e-20,1.3819472184998343e-19,3.4072328505972058e-06,1.0221698551791618e-05,0.06249486673852265,0.2499794669540906,1.7020025743892315e-18,1.1914018020724621e-17,1.2145870350043797e-06,8.502109245030657e-06,4.011917234038232e-19,6.141972821388777e-20,4.542966175052992e-06,2.269331291504816e-18,1.6194454733892517e-06,1.619445473391521e-06
t0_10s,10.0,42465.87306094782,0.04733459028680881,47334590.28680881,9.371977778486993e-09,2.624087636172372e-09,26.240876361723718,0.999999999999981,3.083529858089708e-29,3.083529858089708e-29,0.7500018092380936,0.7500018092380936,3.008985089007551e-19,6.017970178015102e-19,4.60639161638307e-20,1.3819174849149211e-19,3.407232850597088e-06,1.0221698551791264e-05,0.06249486673852265,0.2499794669540906,1.7073779053391373e-18,1.1951645337373961e-17,1.2145870350043797e-06,8.502109245030657e-06,4.0119704405303996e-19,6.141840672441282e-20,4.5429661750528356e-06,2.2764983821487257e-18,1.6194454733892517e-06,1.619445473391528e-06
t0_10s,10.0,43029.12530875921,0.0469808306773815,46980830.6773815,9.196959200414019e-09,2.633692928593017e-09,26.336929285930168,0.999999999999981,2.8943896065864965e-29,2.8943896065864965e-29,0.7500018092380936,0.7500018092380936,3.0090240380685623e-19,6.018048076137125e-19,4.606295101409441e-20,1.3818885304228324e-19,3.407232850596969e-06,1.0221698551790908e-05,0.06249486673852265,0.2499794669540906,1.7127345938989038e-18,1.1989142157292327e-17,1.2145870350043797e-06,8.502109245030657e-06,4.0120223724864716e-19,6.141711986120209e-20,4.542966175052676e-06,2.2836406163324115e-18,1.6194454733892517e-06,1.6194454733915353e-06
t0_10s,10.0,43599.84833420442,0.046629714924392,46629714.924392,9.025209036265445e-09,2.6433333805263247e-09,26.433333805263246,0.999999999999981,2.716316417112211e-29,2.716316417112211e-29,0.7500018092380936,0.7500018092380936,3.0090620519457144e-19,6.018124103891429e-19,4.60620111409908e-20,1.381860334229724e-19,3.407232850596947e-06,1.022169855179084e-05,0.06249486673852265,0.2499794669540906,1.7180727326073996e-18,1.2026509128251798e-17,1.2145870350043797e-06,8.502109245030657e-06,4.012073057533739e-19,6.141586670008695e-20,4.5429661750526475e-06,2.290758117440734e-18,1.6194454733892517e-06,1.6194454733915425e-06
t0_10s,10.0,44178.14122702295,0.046281223268725115,46281223.26872511,8.856666249494761e-09,2.653009120671281e-09,26.53009120671281,0.999999999999981,2.548698193624484e-29,2.548698193624484e-29,0.7500018092380936,0.7500018092380936,3.0090991509628595e-19,6.018198301925719e-19,4.606109586717965e-20,1.3818328760153894e-19,3.407232850596947e-06,1.022169855179084e-05,0.06249486673852265,0.2499794669540906,1.7233924137423506e-18,1.2063746896196455e-17,1.2145870350043797e-06,8.502109245030657e-06,4.012122522770607e-19,6.141464633794933e-20,4.5429661750526475e-06,2.2978510085103635e-18,1.6194454733892517e-06,1.6194454733915495e-06
t0_10s,10.0,44764.10439124511,0.04593533609893746,45935336.09893746,8.691270943392816e-09,2.6627202781979623e-09,26.627202781979623,0.999999999999981,2.390954415301436e-29,2.390954415301436e-29,0.7500018092380936,0.7500018092380936,3.0091353550536216e-19,6.018270710107243e-19,4.606020453078483e-20,1.381806135923545e-19,3.407232850596947e-06,1.022169855179084e-05,0.06249486673852265,0.2499794669540906,1.7286937293064265e-18,1.2100856105144985e-17,1.2145870350043797e-06,8.502109245030657e-06,4.0121707947751757e-19,6.141345789228981e-20,4.5429661750526475e-06,2.304919412211231e-18,1.6194454733892517e-06,1.6194454733915567e-06
t0_10s,10.0,45357.83956262486,0.04559203395015339,45592033.95015339,8.528964339801464e-09,2.672466982749256e-09,26.724669827492562,0.999999999999981,2.242534648552723e-29,2.242534648552723e-29,0.7500018092380936,0.7500018092380936,3.0091706837677173e-19,6.0183413675354345e-19,4.605933648507604e-20,1.3817800945522813e-19,3.407232850596947e-06,1.022169855179084e-05,0.06249486673852265,0.2499794669540906,1.7339767710141076e-18,1.2137837397098754e-17,1.2145870350043797e-06,8.502109245030657e-06,4.0122178996136713e-19,6.141230050080342e-20,4.5429661750526475e-06,2.3119634508290154e-18,1.6194454733892517e-06,1.6194454733915636e-06
t0_10s,10.0,45959.44982630294,0.04525129750297012,45251297.50297012,8.369688758225296e-09,2.682249364442591e-09,26.82249364442591,0.999999999999981,2.1029171208607463e-29,2.1029171208607463e-29,0.7500018092380936,0.7500018092380936,3.009205156277216e-19,6.018410312554432e-19,4.6058491098155765e-20,1.381754732944673e-19,3.407232850596947e-06,1.022169855179084e-05,0.06249486673852265,0.2499794669540906,1.7392416302792743e-18,1.217469141195492e-17,1.2145870350043797e-06,8.502109245030657e-06,4.0122638628487915e-19,6.141117332096216e-20,4.5429661750526475e-06,2.3189832462485957e-18,1.6194454733892517e-06,1.6194454733915706e-06
t0_10s,10.0,46569.03963470477,0.04491310758237005,44913107.58237005,8.213387595333006e-09,2.6920675538717167e-09,26.920675538717166,0.999999999999981,1.9716073543394907e-29,1.9716073543394907e-29,0.7500018092380936,0.7500018092380936,3.0092387913827265e-19,6.018477582765453e-19,4.60576677526517e-20,1.381730032579551e-19,3.407232850596947e-06,1.022169855179084e-05,0.06249486673852265,0.2499794669540906,1.7444883982034806e-18,1.2211418787424365e-17,1.2145870350043797e-06,8.502109245030657e-06,4.0123087095479545e-19,6.141007552960496e-20,4.5429661750526475e-06,2.3259789199384186e-18,1.6194454733892517e-06,1.6194454733915776e-06
t0_10s,10.0,47186.714825675626,0.04457744515664216,44577445.15664216,8.060005304841732e-09,2.7019216821083636e-09,27.019216821083635,0.999999999999981,1.8481368569505924e-29,1.8481368569505924e-29,0.7500018092380936,0.7500018092380936,3.00927160751949e-19,6.01854321503898e-19,4.605686584541405e-20,1.3817059753624215e-19,3.407232850596947e-06,1.022169855179084e-05,0.06249486673852265,0.2499794669540906,1.7497171655649387e-18,1.224802015895457e-17,1.2145870350043797e-06,8.502109245030657e-06,4.012352464291422e-19,6.140900632253403e-20,4.5429661750526475e-06,2.3329505929358074e-18,1.6194454733892517e-06,1.6194454733915846e-06
t0_10s,10.0,47812.58264085633,0.04424429133631057,44244291.336310565,7.90948737777706e-09,2.7118118807040896e-09,27.118118807040897,0.999999999999981,1.7320618693620195e-29,1.7320618693620195e-29,0.7500018092380936,0.7500018092380936,3.009303622763416e-19,6.018607245526832e-19,4.605608478721861e-20,1.3816825436165582e-19,3.407232850596947e-06,1.022169855179084e-05,0.06249486673852265,0.2499794669540906,1.7549280228081197e-18,1.2284496159656838e-17,1.2145870350043797e-06,8.502109245030657e-06,4.0123951511803493e-19,6.140796491411899e-20,4.5429661750526475e-06,2.3398983858330998e-18,1.6194454733892517e-06,1.6194454733915916e-06
t0_10s,10.0,48446.751744302834,0.04391362737307166,43913627.37307166,7.761780323101492e-09,2.7217382816919516e-09,27.217382816919514,0.999999999999981,1.622962165486053e-29,1.622962165486053e-29,0.7500018092380936,0.7500018092380936,3.009334854837016e-19,6.018669709674032e-19,4.605532400247427e-20,1.381659720074228e-19,3.407232850596947e-06,1.022169855179084e-05,0.06249486673852265,0.2499794669540906,1.760121060033991e-18,1.2320847420237937e-17,1.2145870350043797e-06,8.502109245030657e-06,4.012436793844694e-19,6.140695053690687e-20,4.5429661750526475e-06,2.3468224187646296e-18,1.6194454733892517e-06,1.6194454733915986e-06
t0_10s,10.0,49089.33224135219,0.043585434658739375,43585434.65873937,7.616831648705111e-09,2.731701017588323e-09,27.31701017588323,0.999999999999981,1.5204399047794048e-29,1.5204399047794048e-29,0.7500018092380936,0.7500018092380936,3.0093653211153015e-19,6.018730642230603e-19,4.60545829289358e-20,1.3816374878680742e-19,3.407232850596947e-06,1.022169855179084e-05,0.06249486673852265,0.2499794669540906,1.7652963669908503e-18,1.2357074568935952e-17,1.2145870350043797e-06,8.502109245030657e-06,4.0124774154510825e-19,6.140596244123917e-20,4.5429661750526475e-06,2.3537228113945044e-18,1.6194454733892517e-06,1.6194454733916054e-06
t0_10s,10.0,49740.43569773983,0.043259694724197384,43259694.72419738,7.474589842750541e-09,2.7417002213946227e-09,27.417002213946226,0.999999999999981,1.42411853443774e-29,1.42411853443774e-29,0.7500018092380936,0.7500018092380936,3.0093950386315633e-19,6.018790077263127e-19,4.6053861017421826e-20,1.3816158305226548e-19,3.407232850596947e-06,1.022169855179084e-05,0.06249486673852265,0.2499794669540906,1.77045403306571e-18,1.239317823145997e-17,1.2145870350043797e-06,8.502109245030657e-06,4.0125170387105143e-19,6.140499989487584e-20,4.5429661750526475e-06,2.3605996829051202e-18,1.6194454733892517e-06,1.6194454733916123e-06
t0_10s,10.0,50400.17515896942,0.042936389238360226,42936389.238360226,7.335004355367099e-09,2.7517360265991633e-09,27.517360265991634,0.999999999999981,1.3336417396650798e-29,1.3336417396650798e-29,0.7500018092380936,0.7500018092380936,3.0094240240831e-19,6.0188480481662e-19,4.6053157731537324e-20,1.3815947319461198e-19,3.407232850596947e-06,1.022169855179084e-05,0.06249486673852265,0.2499794669540906,1.775594147276273e-18,1.2429159030933911e-17,1.2145870350043797e-06,8.502109245030657e-06,4.012555685886001e-19,6.140406218262523e-20,4.5429661750526475e-06,2.3674531519864608e-18,1.6194454733892517e-06,1.6194454733916191e-06
t0_10s,10.0,51068.66516993973,0.042615500007141593,42615500.00714159,7.198025580685972e-09,2.7618085671788038e-09,27.618085671788037,0.999999999999981,1.2486724402450468e-29,1.2486724402450468e-29,0.7500018092380936,0.7500018092380936,3.00945229383687e-19,6.01890458767374e-19,4.605247254740105e-20,1.3815741764220316e-19,3.407232850596947e-06,1.022169855179084e-05,0.06249486673852265,0.2499794669540906,1.7807167982633923e-18,1.2465017587843746e-17,1.2145870350043797e-06,8.502109245030657e-06,4.0125933788000997e-19,6.140314860598071e-20,4.5429661750526475e-06,2.374283336826046e-18,1.6194454733892517e-06,1.619445473391626e-06
t0_10s,10.0,51746.021794832675,0.042297008972430404,42297008.9724304,7.063604839211707e-09,2.771917977600893e-09,27.719179776008932,0.999999999999981,1.1688918316893993e-29,1.1688918316893993e-29,0.7500018092380936,0.7500018092380936,3.009479863935054e-19,6.018959727870108e-19,4.6051804953377877e-20,1.3815541486013364e-19,3.407232850596947e-06,1.022169855179084e-05,0.06249486673852265,0.2499794669540906,1.7858220742840534e-18,1.2500754519988374e-17,1.2145870350043797e-06,8.502109245030657e-06,4.0126301388423354e-19,6.140225848276374e-20,4.5429661750526475e-06,2.3810903550995714e-18,1.6194454733892517e-06,1.6194454733916327e-06
t0_10s,10.0,52432.362637264094,0.04198089821107453,41980898.21107453,6.931694360522114e-09,2.782064392824936e-09,27.82064392824936,0.999999999999981,1.0939984692857895e-29,1.0939984692857895e-29,0.7500018092380936,0.7500018092380936,3.0095067501005747e-19,6.019013500201149e-19,4.6051154449815696e-20,1.3815346334944708e-19,3.407232850596947e-06,1.022169855179084e-05,0.06249486673852265,0.2499794669540906,1.7909100632048538e-18,1.2536370442433976e-17,1.2145870350043797e-06,8.502109245030657e-06,4.0126659869765526e-19,6.140139114677311e-20,4.5429661750526475e-06,2.387874323962219e-18,1.6194454733892517e-06,1.6194454733916394e-06
t0_10s,10.0,53127.8068607024,0.04166714993387231,41667149.93387231,6.8022472662919025e-09,2.7922479483044778e-09,27.92247948304478,0.999999999999981,1.0237073934133379e-29,1.0237073934133379e-29,0.7500018092380936,0.7500018092380936,3.009532967742514e-19,6.019065935485028e-19,4.6050520548786804e-20,1.3815156164636041e-19,3.407232850596947e-06,1.022169855179084e-05,0.06249486673852265,0.2499794669540906,1.7959808524959098e-18,1.2571865967471368e-17,1.2145870350043797e-06,8.502109245030657e-06,4.0127009437481447e-19,6.140054594744015e-20,4.5429661750526475e-06,2.394635360040528e-18,1.6194454733892517e-06,1.6194454733916462e-06
t0_10s,10.0,53832.47520915792,0.04135574648457144,41355746.484571435,6.675217553632961e-09,2.80246877998887e-09,28.0246877998887,0.999999999999981,9.577492945407271e-30,9.577492945407271e-30,0.7500018092380936,0.7500018092380936,3.0095585319614766e-19,6.019117063922953e-19,4.60499027738341e-20,1.381497083215023e-19,3.407232850596947e-06,1.022169855179084e-05,0.06249486673852265,0.2499794669540906,1.8010345292252346e-18,1.2607241704576643e-17,1.2145870350043797e-06,8.502109245030657e-06,4.012735029291203e-19,6.139972224949023e-20,4.5429661750526475e-06,2.4013735794249037e-18,1.6194454733892517e-06,1.619445473391653e-06
t0_10s,10.0,54546.4900281466,0.04104667033887516,41046670.33887516,6.550560078745772e-09,2.8127270243250847e-09,28.127270243250848,0.999999999999981,8.958697163671747e-30,8.958697163671747e-30,0.7500018092380936,0.7500018092380936,3.009583457554857e-19,6.019166915109714e-19,4.604930065972168e-20,1.3814790197916505e-19,3.407232850596947e-06,1.022169855179084e-05,0.06249486673852265,0.2499794669540906,1.806071180053533e-18,1.264249826037473e-17,1.2145870350043797e-06,8.502109245030657e-06,4.012768263335539e-19,6.139891943261032e-20,4.5429661750526475e-06,2.408089097662673e-18,1.6194454733892517e-06,1.6194454733916598e-06
t0_10s,10.0,55269.975285931956,0.0407399041034564,40739904.1034564,6.428230540876448e-09,2.82302281825958e-09,28.2302281825958,0.999999999999981,8.378282956116541e-30,8.378282956116541e-30,0.7500018092380936,0.7500018092380936,3.0096077590220697e-19,6.019215518044139e-19,4.604871375218984e-20,1.3814614125656953e-19,3.407232850596947e-06,1.022169855179084e-05,0.06249486673852265,0.2499794669540906,1.8110908912293837e-18,1.2677636238605686e-17,1.2145870350043797e-06,8.502109245030657e-06,4.012800665213659e-19,6.139813689112226e-20,4.5429661750526475e-06,2.4147820297516637e-18,1.6194454733892517e-06,1.6194454733916663e-06
t0_10s,10.0,56003.056595048125,0.04043543051497873,40435430.51497873,6.3081854665729e-09,2.8333562992400645e-09,28.333562992400644,0.999999999999981,7.833980370006103e-30,7.833980370006103e-30,0.7500018092380936,0.7500018092380936,3.0096314505696977e-19,6.019262901139395e-19,4.6048141607714323e-20,1.3814442482314296e-19,3.407232850596947e-06,1.022169855179084e-05,0.06249486673852265,0.2499794669540906,1.8160937485848416e-18,1.2712656240093892e-17,1.2145870350043797e-06,8.502109245030657e-06,4.0128322538676277e-19,6.139737403366183e-20,4.5429661750526475e-06,2.4214524901343398e-18,1.6194454733892517e-06,1.6194454733916731e-06
t0_10s,10.0,56745.86123410964,0.040133232439124825,40133232.43912482,6.1903821942353905e-09,2.8437276052174083e-09,28.437276052174084,0.999999999999981,7.323646220478598e-30,7.323646220478598e-30,0.7500018092380936,0.7500018092380936,3.009654546116549e-19,6.019309092233098e-19,4.6047583793270187e-20,1.3814275137981057e-19,3.407232850596947e-06,1.022169855179084e-05,0.06249486673852265,0.2499794669540906,1.8210798375313853e-18,1.2747558862719696e-17,1.2145870350043797e-06,8.502109245030657e-06,4.0128630478558113e-19,6.139663028286382e-20,4.5429661750526475e-06,2.4281005926923974e-18,1.6194454733892517e-06,1.6194454733916797e-06
t0_10s,10.0,57498.518169909294,0.039833292869632476,39833292.869632475,6.074778858955327e-09,2.854136874647368e-09,28.54136874647368,0.999999999999981,6.845257502643557e-30,6.845257502643557e-30,0.7500018092380936,0.7500018092380936,3.009677059298659e-19,6.019354118597318e-19,4.604703988609962e-20,1.3814111965829886e-19,3.407232850596947e-06,1.022169855179084e-05,0.06249486673852265,0.2499794669540906,1.826049243056218e-18,1.2782344701393524e-17,1.2145870350043797e-06,8.502109245030657e-06,4.0128930653595464e-19,6.13959050750525e-20,4.5429661750526475e-06,2.4347264507418345e-18,1.6194454733892517e-06,1.6194454733916865e-06
t0_10s,10.0,58261.15807980928,0.03953559492733732,39535594.92733732,5.961334377637535e-09,2.8645842464925873e-09,28.645842464925874,0.999999999999981,6.396905114776687e-30,6.396905114776687e-30,0.7500018092380936,0.7500018092380936,3.0096990034742356e-19,6.019398006948471e-19,4.604650947348415e-20,1.3813952842045244e-19,3.407232850596947e-06,1.022169855179084e-05,0.06249486673852265,0.2499794669540906,1.83100204971892e-18,1.281701434803244e-17,1.2145870350043797e-06,8.502109245030657e-06,4.0129223241897335e-19,6.139519785993789e-20,4.5429661750526475e-06,2.4413301770284863e-18,1.6194454733892517e-06,1.619445473391693e-06
t0_10s,10.0,59033.91337443019,0.03924012185922313,39240121.859223135,5.850008434399938e-09,2.875069860224315e-09,28.75069860224315,0.999999999999981,5.976787879832833e-30,5.976787879832833e-30,0.7500018092380936,0.7500018092380936,3.0097203917285007e-19,6.019440783457001e-19,4.604599215252083e-20,1.3813797645756248e-19,3.407232850596947e-06,1.022169855179084e-05,0.06249486673852265,0.2499794669540906,1.8359383416484126e-18,1.2851568391538888e-17,1.2145870350043797e-06,8.502109245030657e-06,4.0129508417932935e-19,6.139450810031739e-20,4.5429661750526475e-06,2.4479118837239774e-18,1.6194454733892517e-06,1.6194454733916996e-06
t0_10s,10.0,59816.91822063995,0.038946857037478834,38946857.037478834,5.740761466246235e-09,2.8855938558243786e-09,28.855938558243786,0.999999999999981,5.583206852913339e-30,5.583206852913339e-30,0.7500018092380936,0.7500018092380936,3.009741236878533e-19,6.019482473757066e-19,4.6045487529902454e-20,1.3813646258970736e-19,3.407232850596947e-06,1.022169855179084e-05,0.06249486673852265,0.2499794669540906,1.8408582025402416e-18,1.2886007417781691e-17,1.2145870350043797e-06,8.502109245030657e-06,4.012978635259623e-19,6.139383527178263e-20,4.5429661750526475e-06,2.454471682422099e-18,1.6194454733892517e-06,1.6194454733917062e-06
t0_10s,10.0,60610.30856484811,0.03865578395856302,38655783.95856302,5.6335546490059015e-09,2.896156373786932e-09,28.96156373786932,0.999999999999981,5.2145599027267384e-30,5.2145599027267384e-30,0.7500018092380936,0.7500018092380936,3.0097615514779435e-19,6.019523102955887e-19,4.6044995221701975e-20,1.3813498566510594e-19,3.407232850596947e-06,1.022169855179084e-05,0.06249486673852265,0.2499794669540906,1.845761715654134e-18,1.2920332009578938e-17,1.2145870350043797e-06,8.502109245030657e-06,4.0130057213268306e-19,6.139317886243212e-20,4.5429661750526475e-06,2.4610096841355533e-18,1.6194454733892517e-06,1.6194454733917127e-06
t0_10s,10.0,61414.22215660908,0.038366886242274995,38366886.24227499,5.528349883536988e-09,2.906757555120456e-09,29.06757555120456,0.999999999999981,4.869336555482938e-30,4.869336555482938e-30,0.7500018092380936,0.7500018092380936,3.0097813478215773e-19,6.019562695643155e-19,4.604451485316083e-20,1.3813354455948248e-19,3.407232850596947e-06,1.022169855179084e-05,0.06249486673852265,0.2499794669540906,1.8506489638118476e-18,1.2954542746682933e-17,1.2145870350043797e-06,8.502109245030657e-06,4.0130321163880023e-19,6.139253837258899e-20,4.5429661750526475e-06,2.4675259992930837e-18,1.6194454733892517e-06,1.6194454733917193e-06
t0_10s,10.0,62228.79857253844,0.03808014763083309,38080147.63083309,5.425109782186392e-09,2.917397541349574e-09,29.173975413495743,0.999999999999981,4.5461130900511966e-30,4.5461130900511966e-30,0.7500018092380936,0.7500018092380936,3.009800637950108e-19,6.019601275900216e-19,4.6044046058480995e-20,1.38132138175443e-19,3.407232850596947e-06,1.022169855179084e-05,0.06249486673852265,0.2499794669540906,1.855520029395291e-18,1.2988640205767037e-17,1.2145870350043797e-06,8.502109245030657e-06,4.0130578364973313e-19,6.139191331452371e-20,4.5429661750526475e-06,2.4740207377369704e-18,1.6194454733892517e-06,1.6194454733917256e-06
t0_10s,10.0,63054.17924054648,0.03779555198795975,37795551.98795975,5.323797655502957e-09,2.9280764745169085e-09,29.280764745169087,0.999999999999981,4.243547873596607e-30,4.243547873596607e-30,0.7500018092380936,0.7500018092380936,3.0098194336545454e-19,6.019638867309091e-19,4.604358848062098e-20,1.3813076544186293e-19,3.407232850596947e-06,1.022169855179084e-05,0.06249486673852265,0.2499794669540906,1.8603749943448896e-18,1.3022624960414227e-17,1.2145870350043797e-06,8.502109245030657e-06,4.0130828973761264e-19,6.139130321218212e-20,4.5429661750526475e-06,2.480494008720851e-18,1.6194454733892517e-06,1.6194454733917322e-06
t0_10s,10.0,63890.507464392664,0.03751308329797348,37513083.297973484,5.224377499198985e-09,2.9387944971850694e-09,29.387944971850693,0.999999999999981,3.960376927284081e-30,3.960376927284081e-30,0.7500018092380936,0.7500018092380936,3.009837746480718e-19,6.019675492961436e-19,4.6043141771095436e-20,1.3812942531328631e-19,3.407232850596947e-06,1.022169855179084e-05,0.06249486673852265,0.2499794669540906,1.865213940158196e-18,1.3056497581107374e-17,1.2145870350043797e-06,8.502109245030657e-06,4.013107314418788e-19,6.13907076009182e-20,4.5429661750526475e-06,2.486945920907866e-18,1.6194454733892517e-06,1.6194454733917386e-06
t0_10s,10.0,64737.928448567094,0.037232725664887445,37232725.66488744,5.1268139813548325e-09,2.9495517524384872e-09,29.495517524384873,0.999999999999981,3.695409712006648e-30,3.695409712006648e-30,0.7500018092380936,0.7500018092380936,3.009855587733678e-19,6.019711175467356e-19,4.60427055897789e-20,1.381281167693367e-19,3.407232850596947e-06,1.022169855179084e-05,0.06249486673852265,0.2499794669540906,1.8700369478887316e-18,1.309025863522112e-17,1.2145870350043797e-06,8.502109245030657e-06,4.013131102698683e-19,6.139012602723243e-20,4.5429661750526475e-06,2.493376582369116e-18,1.6194454733892517e-06,1.6194454733917451e-06
t0_10s,10.0,65596.58932350011,0.036954463311515015,36954463.31151502,5.031072429862746e-09,2.96034838388533e-09,29.6034838388533,0.999999999999981,3.4475251244554856e-30,3.4475251244554856e-30,0.7500018092380936,0.7500018092380936,3.0098729684820284e-19,6.019745936964057e-19,4.604227960471259e-20,1.3812683881413776e-19,3.407232850596947e-06,1.022169855179084e-05,0.06249486673852265,0.2499794669540906,1.8748440981450232e-18,1.3123908687015162e-17,1.2145870350043797e-06,8.502109245030657e-06,4.013154276973914e-19,6.138955804851416e-20,4.5429661750526475e-06,2.499786100582379e-18,1.6194454733892517e-06,1.6194454733917515e-06
t0_10s,10.0,66466.6391711082,0.03667828057858196,36678280.57858196,4.937118820105161e-09,2.971184535659468e-09,29.711845356594683,0.999999999999981,3.215667694197712e-30,3.215667694197712e-30,0.7500018092380936,0.7500018092380936,3.0098898995622094e-19,6.019779799124419e-19,4.6041863491915506e-20,1.3812559047574652e-19,3.407232850596947e-06,1.022169855179084e-05,0.06249486673852265,0.2499794669540906,1.8796354710899138e-18,1.3157448297629396e-17,1.2145870350043797e-06,8.502109245030657e-06,4.0131768516930306e-19,6.138900323278978e-20,4.5429661750526475e-06,2.5061745824311867e-18,1.6194454733892517e-06,1.6194454733917578e-06
t0_10s,10.0,67348.22905067724,0.03640416192384501,36404161.923845015,4.844919762862878e-09,2.9820603524223323e-09,29.820603524223323,0.999999999999981,2.9988439727728398e-30,2.9988439727728398e-30,0.7500018092380936,0.7500018092380936,3.0099063915827054e-19,6.019812783165411e-19,4.6041456935198415e-20,1.3812437080559525e-19,3.407232850596947e-06,1.022169855179084e-05,0.06249486673852265,0.2499794669540906,1.884411146439981e-18,1.3190878025079866e-17,1.2145870350043797e-06,8.502109245030657e-06,4.013198841000647e-19,6.138846115847465e-20,4.5429661750526475e-06,2.5125421342040534e-18,1.6194454733892517e-06,1.6194454733917642e-06
t0_10s,10.0,68241.5120250898,0.03613209192121738,36132091.92121738,4.754442492449299e-09,2.992975979364877e-09,29.92975979364877,0.999999999999981,2.7961191061525298e-30,2.7961191061525298e-30,0.7500018092380936,0.7500018092380936,3.0099224549281963e-19,6.019844909856393e-19,4.6041059625981767e-20,1.381231788779453e-19,3.407232850596947e-06,1.022169855179084e-05,0.06249486673852265,0.2499794669540906,1.8891712034652112e-18,1.3224198424256478e-17,1.2145870350043797e-06,8.502109245030657e-06,4.0132202587429683e-19,6.138793141413035e-20,4.5429661750526475e-06,2.5188888615940392e-18,1.6194454733892517e-06,1.6194454733917705e-06
t0_10s,10.0,69146.64318740016,0.03586205525990072,35862055.25990073,4.665654855066259e-09,3.003931562209549e-09,30.03931562209549,0.999999999999981,2.6066135822330098e-30,2.6066135822330098e-30,0.7500018092380936,0.7500018092380936,3.009938099763647e-19,6.019876199527294e-19,4.6040671263116996e-20,1.3812201378935098e-19,3.407232850596947e-06,1.022169855179084e-05,0.06249486673852265,0.2499794669540906,1.893915720988828e-18,1.3257410046921795e-17,1.2145870350043797e-06,8.502109245030657e-06,4.0132411184732488e-19,6.138741359822647e-20,4.5429661750526475e-06,2.5252148696985216e-18,1.6194454733892517e-06,1.6194454733917769e-06
t0_10s,10.0,70063.77968776171,0.03559403674352328,35594036.74352328,4.578525297377002e-09,3.0149272472121714e-09,30.149272472121712,0.999999999999981,2.4295001453490586e-30,2.4295001453490586e-30,0.7500018092380936,0.7500018092380936,3.009953336038346e-19,6.019906672076692e-19,4.60402915527108e-20,1.381208746581324e-19,3.407232850596947e-06,1.022169855179084e-05,0.06249486673852265,0.2499794669540906,1.8986447773872917e-18,1.3290513441711042e-17,1.2145870350043797e-06,8.502109245030657e-06,4.0132614334571747e-19,6.138690731890617e-20,4.5429661750526475e-06,2.5315202630191964e-18,1.6194454733892517e-06,1.6194454733917832e-06
t0_10s,10.0,70993.08076071161,0.03532802128928496,35328021.28928496,4.4930228552929384e-09,3.0259631811639257e-09,30.259631811639256,0.999999999999981,2.2640008701057442e-30,2.2640008701057442e-30,0.7500018092380936,0.7500018092380936,3.0099681734898527e-19,6.019936346979705e-19,4.603992020795357e-20,1.381197606238607e-19,3.407232850596947e-06,1.022169855179084e-05,0.06249486673852265,0.2499794669540906,1.903358450590432e-18,1.3323509154133026e-17,1.2145870350043797e-06,8.502109245030657e-06,4.013281216678127e-19,6.13864121937576e-20,4.5429661750526475e-06,2.537805145462252e-18,1.6194454733892517e-06,1.6194454733917894e-06
t0_10s,10.0,71934.70775281754,0.035063993927108295,35063993.927108295,4.409117142969553e-09,3.037039511393347e-09,30.37039511393347,0.999999999999981,2.1093843871256607e-30,2.1093843871256607e-30,0.7500018092380936,0.7500018092380936,3.0099826216479225e-19,6.019965243295845e-19,4.6039556948950306e-20,1.3811867084685091e-19,3.407232850596947e-06,1.022169855179084e-05,0.06249486673852265,0.2499794669540906,1.9080568180817998e-18,1.3356397726572598e-17,1.2145870350043797e-06,8.502109245030657e-06,4.0133004808424156e-19,6.13859278495883e-20,4.5429661750526475e-06,2.54406962033884e-18,1.6194454733892517e-06,1.6194454733917957e-06
t0_10s,10.0,72888.82415069021,0.034801939798796255,34801939.79879626,4.326778342007903e-09,3.0481563857682182e-09,30.481563857682183,0.999999999999981,1.964963253601354e-30,1.964963253601354e-30,0.7500018092380936,0.7500018092380936,3.0099966898383626e-19,6.019993379676725e-19,4.6039201502555026e-20,1.3811760450766508e-19,3.407232850596947e-06,1.022169855179084e-05,0.06249486673852265,0.2499794669540906,1.9127399568990934e-18,1.3389179698293654e-17,1.2145870350043797e-06,8.502109245030657e-06,4.01331923838442e-19,6.138545392220453e-20,4.5429661750526475e-06,2.5503137903656443e-18,1.6194454733892517e-06,1.619445473391802e-06
t0_10s,10.0,73855.59560936925,0.03454184415719591,34541844.15719591,4.245977190857745e-09,3.059313952697593e-09,30.59313952697593,0.999999999999981,1.830091461825941e-30,1.830091461825941e-30,0.7500018092380936,0.7500018092380936,3.010010387186799e-19,6.020020774373598e-19,4.6038853602208663e-20,1.38116560806626e-19,3.407232850596947e-06,1.022169855179084e-05,0.06249486673852265,0.2499794669540906,1.9174079436347553e-18,1.3421855605443287e-17,1.2145870350043797e-06,8.502109245030657e-06,4.0133375014716125e-19,6.138499005619504e-20,4.5429661750526475e-06,2.5565377576656752e-18,1.6194454733892517e-06,1.6194454733918082e-06
t0_10s,10.0,74835.18998108325,0.03428369236536862,34283692.36536862,4.166684974418648e-09,3.070512361133795e-09,30.70512361133795,0.999999999999981,1.7041620791514662e-30,1.7041620791514662e-30,0.7500018092380936,0.7500018092380936,3.010023722622437e-19,6.020047445244874e-19,4.603851298777985e-20,1.3811553896333954e-19,3.407232850596947e-06,1.022169855179084e-05,0.06249486673852265,0.2499794669540906,1.9220608544366857e-18,1.34544259810568e-17,1.2145870350043797e-06,8.502109245030657e-06,4.0133552820095705e-19,6.138453590471885e-20,4.5429661750526475e-06,2.5627416237692215e-18,1.6194454733892517e-06,1.6194454733918144e-06
t0_10s,10.0,75827.77734439359,0.03402746989576633,34027469.895766325,4.0888735138350685e-09,3.0817517605743128e-09,30.817517605743127,0.999999999999981,1.58660501309028e-30,1.58660501309028e-30,0.7500018092380936,0.7500018092380936,3.010036704881724e-19,6.020073409763448e-19,4.603817940540844e-20,1.3811453821622532e-19,3.407232850596947e-06,1.022169855179084e-05,0.06249486673852265,0.2499794669540906,1.9266987650090796e-18,1.3486891355063557e-17,1.2145870350043797e-06,8.502109245030657e-06,4.0133725916468637e-19,6.138409112929658e-20,4.5429661750526475e-06,2.5689254896149656e-18,1.6194454733892517e-06,1.6194454733918205e-06
t0_10s,10.0,76833.53003372303,0.033773162329413894,33773162.32941389,4.012515156482314e-09,3.093032301063935e-09,30.93032301063935,0.999999999999981,1.4768848955356216e-30,1.4768848955356216e-30,0.7500018092380936,0.7500018092380936,3.010049342511964e-19,6.020098685023928e-19,4.603785260735273e-20,1.381135578220582e-19,3.407232850596947e-06,1.022169855179084e-05,0.06249486673852265,0.2499794669540906,1.931321750613391e-18,1.3519252254293737e-17,1.2145870350043797e-06,8.502109245030657e-06,4.013389441779869e-19,6.138365539960674e-20,4.5429661750526475e-06,2.5750894555512718e-18,1.6194454733892517e-06,1.6194454733918269e-06
t0_10s,10.0,77852.62266927691,0.03352075535509794,33520755.355097942,3.9375827661392835e-09,3.1043541331966274e-09,31.043541331966274,0.999999999999981,1.3744990803261884e-30,1.3744990803261884e-30,0.7500018092380936,0.7500018092380936,3.010061643874906e-19,6.020123287749812e-19,4.603753235183929e-20,1.3811259705551786e-19,3.407232850596947e-06,1.022169855179084e-05,0.06249486673852265,0.2499794669540906,1.9359298860693957e-18,1.355150920248577e-17,1.2145870350043797e-06,8.502109245030657e-06,4.0134058435575583e-19,6.138322839328556e-20,4.5429661750526475e-06,2.5812336213375994e-18,1.6194454733892517e-06,1.619445473391833e-06
t0_10s,10.0,78885.23218736093,0.0332702347685612,33270234.768561196,3.864049713344772e-09,3.115717408117604e-09,31.15717408117604,0.999999999999981,1.2789757486247033e-30,1.2789757486247033e-30,0.7500018092380936,0.7500018092380936,3.0100736171502286e-19,6.020147234300457e-19,4.603721840291547e-20,1.381116552087464e-19,3.407232850596947e-06,1.022169855179084e-05,0.06249486673852265,0.2499794669540906,1.9405232457563374e-18,1.3583662720294361e-17,1.2145870350043797e-06,8.502109245030657e-06,4.013421807886144e-19,6.138280979573026e-20,4.5429661750526475e-06,2.587358086146035e-18,1.6194454733892517e-06,1.619445473391839e-06
t0_10s,10.0,79931.537871101,0.03302158647170326,33021586.471703257,3.791889865933973e-09,3.1271222775253664e-09,31.271222775253666,0.999999999999981,1.1898721168138177e-30,1.1898721168138177e-30,0.7500018092380936,0.7500018092380936,3.0100852703390174e-19,6.020170540678035e-19,4.60369105303057e-20,1.381107315909171e-19,3.407232850596947e-06,1.022169855179084e-05,0.06249486673852265,0.2499794669540906,1.9451019036142027e-18,1.361571332529942e-17,1.2145870350043797e-06,8.502109245030657e-06,4.013437345433715e-19,6.138239929990749e-20,4.5429661750526475e-06,2.593462948562989e-18,1.6194454733892517e-06,1.619445473391845e-06
t0_10s,10.0,80991.72138157075,0.032774796471787375,32774796.471787374,3.7210775797515845e-09,3.1385688936736477e-09,31.38568893673648,0.999999999999981,1.1067727418405952e-30,1.1067727418405952e-30,0.7500018092380936,0.7500018092380936,3.0100966112671374e-19,6.020193222534275e-19,4.6036608509269394e-20,1.3810982552780817e-19,3.407232850596947e-06,1.022169855179084e-05,0.06249486673852265,0.2499794669540906,1.949665933145075e-18,1.3647661532015525e-17,1.2145870350043797e-06,8.502109245030657e-06,4.0134524666347307e-19,6.138199660616384e-20,4.5429661750526475e-06,2.5995483065910034e-18,1.6194454733892517e-06,1.6194454733918512e-06
t0_10s,10.0,82065.96678933188,0.03252985088065265,32529850.880652647,3.6515876895383998e-09,3.150057409373556e-09,31.50057409373556,0.999999999999981,1.0292879191603403e-30,1.0292879191603403e-30,0.7500018092380936,0.7500018092380936,3.010107647588611e-19,6.020215295177222e-19,4.603631212046271e-20,1.3810893636138813e-19,3.407232850596947e-06,1.022169855179084e-05,0.06249486673852265,0.2499794669540906,1.9542154074145473e-18,1.3679507851901831e-17,1.2145870350043797e-06,8.502109245030657e-06,4.0134671816945317e-19,6.138160142204156e-20,4.5429661750526475e-06,2.6056142576506336e-18,1.6194454733892517e-06,1.6194454733918573e-06
t0_10s,10.0,83154.46060639211,0.03228673591393294,32286735.91393294,3.5833954999880866e-09,3.1615879779954785e-09,31.615879779954785,0.999999999999981,9.570521686426557e-31,9.570521686426557e-31,0.7500018092380936,0.7500018092380936,3.010118386788886e-19,6.020236773577772e-19,4.6036021149802314e-20,1.3810806344940693e-19,3.407232850596947e-06,1.022169855179084e-05,0.06249486673852265,0.2499794669540906,1.9587503990532566e-18,1.3711252793372796e-17,1.2145870350043797e-06,8.502109245030657e-06,4.0134815005936895e-19,6.138121346209692e-20,4.5429661750526475e-06,2.611660898582495e-18,1.6194454733892517e-06,1.6194454733918633e-06
t0_10s,10.0,84257.39181858877,0.03204543789028063,32045437.89028063,3.5164767769709593e-09,3.1731607534712755e-09,31.731607534712754,0.999999999999981,8.897228040063882e-31,8.897228040063882e-31,0.7500018092380936,0.7500018092380936,3.0101288361881003e-19,6.020257672376201e-19,4.60357353883324e-20,1.381072061649972e-19,3.407232850596947e-06,1.022169855179084e-05,0.06249486673852265,0.2499794669540906,1.963270980258469e-18,1.3742896861809283e-17,1.2145870350043797e-06,8.502109245030657e-06,4.013495433092366e-19,6.138083244772282e-20,4.5429661750526475e-06,2.6176883256493776e-18,1.6194454733892517e-06,1.6194454733918694e-06
t0_10s,10.0,85374.95191839956,0.03180594323059722,31805943.230597217,3.450807738921707e-09,3.1847758902962174e-09,31.847758902962173,0.999999999999981,8.26978581549112e-31,8.26978581549112e-31,0.7500018092380936,0.7500018092380936,3.0101390029442514e-19,6.020278005888503e-19,4.6035454632094276e-20,1.3810636389628282e-19,3.407232850596947e-06,1.022169855179084e-05,0.06249486673852265,0.2499794669540906,1.9677772227957357e-18,1.377444055957015e-17,1.2145870350043797e-06,8.502109245030657e-06,4.0135089887345338e-19,6.138045810697502e-20,4.5429661750526475e-06,2.6236966345384512e-18,1.6194454733892517e-06,1.6194454733918753e-06
t0_10s,10.0,86507.33493819079,0.03156823845726872,31568238.457268722,3.3863650483878426e-09,3.196433543531127e-09,31.96433543531127,0.999999999999981,7.685184241249525e-31,7.685184241249525e-31,0.7500018092380936,0.7500018092380936,3.0101488940563424e-19,6.020297788112685e-19,4.603517868199759e-20,1.3810553604599279e-19,3.407232850596947e-06,1.022169855179084e-05,0.06249486673852265,0.2499794669540906,1.9722691980006155e-18,1.3805884386004309e-17,1.2145870350043797e-06,8.502109245030657e-06,4.0135221768521743e-19,6.138009017440035e-20,4.5429661750526475e-06,2.629685920363566e-18,1.6194454733892517e-06,1.6194454733918813e-06
t0_10s,10.0,87654.73748390502,0.03133231019340742,31332310.193407416,3.323125803736043e-09,3.208133868804392e-09,32.08133868804392,0.999999999999981,7.140602165097424e-31,7.140602165097424e-31,0.7500018092380936,0.7500018092380936,3.010158516367494e-19,6.020317032734988e-19,4.603490734369589e-20,1.3810472203108767e-19,3.407232850596947e-06,1.022169855179084e-05,0.06249486673852265,0.2499794669540906,1.976746976780469e-18,1.3837228837463284e-17,1.2145870350043797e-06,8.502109245030657e-06,4.013535006569427e-19,6.137972839087081e-20,4.5429661750526475e-06,2.6356562776676403e-18,1.6194454733892517e-06,1.6194454733918874e-06
t0_10s,10.0,88817.35876919609,0.03109814516209912,31098145.16209912,3.2610675310134312e-09,3.219877022314072e-09,32.19877022314072,0.999999999999981,6.633396684676205e-31,6.633396684676205e-31,0.7500018092380936,0.7500018092380936,3.010167876567943e-19,6.020335753135886e-19,4.603464042746337e-20,1.381039212823901e-19,3.407232850596947e-06,1.022169855179084e-05,0.06249486673852265,0.2499794669540906,1.981210629616289e-18,1.3868474407314024e-17,1.2145870350043797e-06,8.502109245030657e-06,4.0135474868065857e-19,6.137937250341931e-20,4.5429661750526475e-06,2.6416078004251045e-18,1.6194454733892517e-06,1.6194454733918933e-06
t0_10s,10.0,89995.40065001698,0.030865730185655877,30865730.185655877,3.2001681759607392e-09,3.23166316082999e-09,32.3166316082999,0.999999999999981,6.161092420036814e-31,6.161092420036814e-31,0.7500018092380936,0.7500018092380936,3.0101769811980633e-19,6.020353962396127e-19,4.6034377748074286e-20,1.3810313324422285e-19,3.407232850596947e-06,1.022169855179084e-05,0.06249486673852265,0.2499794669540906,1.9856602265646033e-18,1.3899621585952223e-17,1.2145870350043797e-06,8.502109245030657e-06,4.013559626284129e-19,6.137902226507875e-20,4.5429661750526475e-06,2.6475405820444375e-18,1.6194454733892517e-06,1.6194454733918993e-06
t0_10s,10.0,91189.06765966627,0.030635052184874504,30635052.184874505,3.1404060961746775e-09,3.2434924416957948e-09,32.43492441695795,0.999999999999981,5.721371394501618e-31,5.721371394501618e-31,0.7500018092380936,0.7500018092380936,3.0101858366512977e-19,6.020371673302595e-19,4.603411912468509e-20,1.3810235737405527e-19,3.407232850596947e-06,1.022169855179084e-05,0.06249486673852265,0.2499794669540906,1.9900958372594254e-18,1.393067086081598e-17,1.2145870350043797e-06,8.502109245030657e-06,4.013571433526625e-19,6.137867743472499e-20,4.5429661750526475e-06,2.6534547153707665e-18,1.6194454733892517e-06,1.6194454733919052e-06
t0_10s,10.0,92398.56704429975,0.0304060981783004,30406098.178300403,3.0817600534166752e-09,3.2553650228311247e-09,32.55365022831125,0.999999999999981,5.312063491911595e-31,5.312063491911595e-31,0.7500018092380936,0.7500018092380936,3.0101944491770394e-19,6.020388898354079e-19,4.603386438071902e-20,1.3810159314215706e-19,3.407232850596947e-06,1.022169855179084e-05,0.06249486673852265,0.2499794669540906,1.994517530914251e-18,1.3961622716399757e-17,1.2145870350043797e-06,8.502109245030657e-06,4.0135829168665793e-19,6.137833777692292e-20,4.5429661750526475e-06,2.65935029268853e-18,1.6194454733892517e-06,1.619445473391911e-06
t0_10s,10.0,93624.10879891196,0.03017885528149724,30178855.28149724,3.024209206065183e-09,3.26728106273359e-09,32.6728106273359,0.999999999999981,4.931137459810362e-31,4.931137459810362e-31,0.7500018092380936,0.7500018092380936,3.0102028248834955e-19,6.020405649766991e-19,4.603361334375282e-20,1.3810084003125845e-19,3.407232850596947e-06,1.022169855179084e-05,0.06249486673852265,0.2499794669540906,1.99892537632405e-18,1.399247763426835e-17,1.2145870350043797e-06,8.502109245030657e-06,4.013594084448248e-19,6.137800306177544e-20,4.5429661750526475e-06,2.6652274057241326e-18,1.6194454733892517e-06,1.6194454733919169e-06
t0_10s,10.0,94865.90570379696,0.029953310706321713,29953310.706321713,2.9677331017090997e-09,3.2792407204810624e-09,32.79240720481062,0.999999999999981,4.576692429569683e-31,4.576692429569683e-31,0.7500018092380936,0.7500018092380936,3.010210969740475e-19,6.02042193948095e-19,4.6033365845405747e-20,1.3810009753621723e-19,3.407232850596947e-06,1.022169855179084e-05,0.06249486673852265,0.2499794669540906,2.0033194418673836e-18,1.4023236093071685e-17,1.2145870350043797e-06,8.502109245030657e-06,4.0136049442313566e-19,6.13776730647754e-20,4.5429661750526475e-06,2.67108614564877e-18,1.6194454733892517e-06,1.6194454733919228e-06
t0_10s,10.0,96124.17336149109,0.029729451760203838,29729451.76020384,2.912311669879236e-09,3.2912441557336475e-09,32.91244155733647,0.999999999999981,4.2469499258503145e-31,4.2469499258503145e-31,0.7500018092380936,0.7500018092380936,3.0102188895821424e-19,6.020437779164285e-19,4.603312172123081e-20,1.3809936516369244e-19,3.407232850596947e-06,1.022169855179084e-05,0.06249486673852265,0.2499794669540906,2.007699795508508e-18,1.4053898568559556e-17,1.2145870350043797e-06,8.502109245030657e-06,4.0136155039947728e-19,6.137734756666068e-20,4.5429661750526475e-06,2.676926603081232e-18,1.6194454733892517e-06,1.6194454733919285e-06
t0_10s,10.0,97399.13023420546,0.029507265845432992,29507265.845432993,2.8579252149158436e-09,3.3032915287358977e-09,33.032915287358975,0.999999999999981,3.9402463391209856e-31,3.9402463391209856e-31,0.7500018092380936,0.7500018092380936,3.010226590109726e-19,6.020453180219452e-19,4.603288081060862e-20,1.3809864243182586e-19,3.407232850596947e-06,1.022169855179084e-05,0.06249486673852265,0.2499794669540906,2.012066504799502e-18,1.4084465533596514e-17,1.2145870350043797e-06,8.502109245030657e-06,4.0136257713401162e-19,6.137702635327263e-20,4.5429661750526475e-06,2.682748868090739e-18,1.6194454733892517e-06,1.6194454733919344e-06
t0_10s,10.0,98690.9976817569,0.029286740458448556,29286740.458448555,2.804554408969021e-09,3.3153830003189124e-09,33.15383000318912,0.999999999999981,3.6550258362419485e-31,3.6550258362419485e-31,0.7500018092380936,0.7500018092380936,3.01023407689418e-19,6.02046815378836e-19,4.6032642956642874e-20,1.3809792886992863e-19,3.407232850596947e-06,1.022169855179084e-05,0.06249486673852265,0.2499794669540906,2.0164196368824483e-18,1.4114937458177138e-17,1.2145870350043797e-06,8.502109245030657e-06,4.0136357536953074e-19,6.137670921541667e-20,4.5429661750526475e-06,2.6885530301998526e-18,1.6194454733892517e-06,1.6194454733919401e-06
t0_10s,10.0,100000.0,0.0290678631891365,29067863.1891365,2.752180285130095e-09,3.32751873190254e-09,33.2751873190254,0.999999999999981,3.389833685341826e-31,3.389833685341826e-31,0.7500018092380936,0.7500018092380936,3.010241355378801e-19,6.020482710757602e-19,4.6032408006058585e-20,1.3809722401817574e-19,3.407232850596947e-06,1.022169855179084e-05,0.06249486673852265,0.2499794669540906,2.0207592584916273e-18,1.414531480944139e-17,1.2145870350043797e-06,8.502109245030657e-06,4.0136454583180583e-19,6.137639594872665e-20,4.5429661750526475e-06,2.694339178387398e-18,1.6194454733892517e-06,1.619445473391946e-06
