model,t0_s,n_over_p_initial,p_over_n_initial,t_s,T9,T_K,rho_g_cm3,eta,eta10,baryon_sum,Y_n,X_n,Y_H1,X_H1,Y_H2,X_H2,Y_H3,X_H3,Y_He3,X_He3,Y_He4,X_He4,Y_Li7,X_Li7,Y_Be7,X_Be7,D/H,T/H,He3/H,Li7/H,Be7/H,Li7_plus_Be7_over_H
pynucastro,50.0,0.1428571428571428,7.0,50.0,1.7,1700000000.0,0.0002,1.208832655078267e-09,12.088326550782677,1.0,0.125,0.125,0.875,0.875,1e-27,2e-27,6.628191391730481e-56,1.9884574175191446e-55,2.101780023831173e-55,6.3053400714935194e-55,4.035589066363353e-85,1.6142356265453412e-84,0.0,0.0,0.0,0.0,1.1428571428571427e-27,7.5750758762634055e-56,2.4020343129499124e-55,0.0,0.0,0.0
pynucastro,50.0,0.1428571428571428,7.0,50.54666513868065,1.6945209117426014,1694520911.7426014,0.0001961935710951,1.1973660109351463e-09,11.973660109351464,1.0,0.0277611469592261,0.0277611469592261,0.7779880172451614,0.7779880172451614,0.0028762226365366,0.0057524452730732,0.0001563360861031,0.0004690082583093,7.380663954966786e-06,2.214199186490036e-05,0.047001801219031,0.1880072048761243,5.056126343624171e-09,3.53928844053692e-08,4.794458510309835e-13,3.356120957216881e-12,0.0036970012041075,0.0002009492211161,9.486860711687509e-06,6.4989771455964115e-09,6.162637989318786e-13,6.499593409395344e-09
pynucastro,50.0,0.1428571428571428,7.0,51.09930713283831,1.6890433025404783,1689043302.5404782,0.0001924613415456,1.1860530345243594e-09,11.860530345243598,1.0000000000000002,0.0070390732420778,0.0070390732420778,0.7572063972713007,0.7572063972713007,0.0014483991326413,0.0028967982652826,7.785906171653023e-05,0.0002335771851495,7.259048547898762e-06,2.1777145643696286e-05,0.0581505880401616,0.2326023521606465,3.5305689417869702e-09,2.4713982592508788e-08,2.273788920686354e-12,1.5916522444804478e-11,0.00191281946093,0.0001028240939288,9.586618092580518e-06,4.66262429175172e-09,3.002865439172557e-12,4.6656271571908925e-09
pynucastro,50.0,0.1428571428571428,7.0,51.65799132924347,1.6835670635384588,1683567063.5384588,0.0001888018736559,1.1748921152530255e-09,11.748921152530258,1.0000000000000002,0.0018888348422314,0.0018888348422314,0.7520235991392284,0.7520235991392284,0.0007650026516658,0.0015300053033316,4.042878405900168e-05,0.000121286352177,7.322684117520124e-06,2.196805235256037e-05,0.0611035729630271,0.2444142918521084,2.056664362655628e-09,1.4396650538589393e-08,8.845742548039088e-12,6.192019783627361e-11,0.0010172588367458,5.375999384231659e-05,9.73730628387423e-06,2.7348401898686427e-09,1.1762586384475151e-11,2.746602776253118e-09
pynucastro,50.0,0.1428571428571428,7.0,52.22278378912277,1.6780920882289028,1678092088.2289028,0.0001852137566939,1.1638816553570202e-09,11.6388165535702,1.0000000000000002,0.0005378865664352,0.0005378865664352,0.7506551913298859,0.7506551913298859,0.0004226715083216,0.0008453430166432,2.1714879874107763e-05,6.514463962232328e-05,7.436601187054461e-06,2.2309803561163382e-05,0.0619685290554574,0.2478741162218298,1.1719127599956592e-09,8.203389319969616e-09,3.1233297448607e-11,2.1863308214024902e-10,0.0005630701195482,2.8927902084626835e-05,9.90681377141951e-06,1.561186512171399e-09,4.160804828815351e-11,1.602794560459553e-09
pynucastro,50.0,0.1428571428571428,7.0,52.79375129597022,1.6726182724472676,1672618272.4472675,0.0001816956064189,1.153020070067229e-09,11.530200700672292,1.0000000000000002,0.0001659798785209,0.0001659798785209,0.7502740213752898,0.7502740213752898,0.0002466719275021,0.0004933438550043,1.2111182423157206e-05,3.6333547269471615e-05,7.501874392558254e-06,2.250562317767476e-05,0.0622519525599669,0.2490078102398678,6.847522734547375e-10,4.793265914183165e-09,9.82291973263572e-11,6.876043812845002e-10,0.0003287757812139,1.6142345433947992e-05,9.998845993370452e-06,9.126695766428815e-10,1.3092442831260259e-10,1.043594004955484e-09
pynucastro,50.0,0.1428571428571428,7.0,53.37096136344389,1.6671455143676983,1667145514.3676982,0.0001782460646171,1.142305787767423e-09,11.423057877674234,1.0000000000000004,5.6935049002464185e-05,5.6935049002464185e-05,0.7501601334736223,0.7501601334736223,0.0001533561805083,0.0003067123610167,7.064676664726829e-06,2.1194029994180487e-05,7.4300837023488435e-06,2.229025110704653e-05,0.0623581825158336,0.2494327300633345,4.183665336987562e-10,2.928565735891293e-09,2.6333675196828556e-10,1.8433572637779987e-09,0.0002044312589609,9.417558131240313e-06,9.904663512234092e-06,5.57702969046764e-10,3.51040718131611e-10,9.087436871783752e-10
pynucastro,50.0,0.1428571428571428,7.0,53.95448224334925,1.661673714498649,1661673714.4986491,0.0001748637986434,1.1317372501439543e-09,11.317372501439545,1.0000000000000004,2.211496262980072e-05,2.211496262980072e-05,0.7501228604921937,0.7501228604921937,0.0001016971582795,0.000203394316559,4.341918950089466e-06,1.30257568502684e-05,7.207943904952223e-06,2.162383171485667e-05,0.0624042436625133,0.2496169746500535,2.690513889813657e-10,1.8833597228695607e-09,5.86662804190419e-10,4.106639629332933e-09,0.0001355740021211,5.788277066026908e-06,9.60901778173075e-06,3.5867642909166564e-10,7.820889551419343e-10,1.1407653842336e-09
pynucastro,50.0,0.1428571428571428,7.0,54.54438293370932,1.6562027756785225,1656202775.6785226,0.0001715475009715,1.1213129123275424e-09,11.213129123275424,1.0000000000000002,9.754533516766835e-06,9.754533516766835e-06,0.7501093097709071,0.7501093097709071,7.150900133116521e-05,0.0001430180026623,2.8196411303837504e-06,8.45892339115125e-06,6.895352161501398e-06,2.06860564845042e-05,0.0624271909388169,0.2497087637552678,1.8183005134970848e-10,1.2728103594479595e-09,1.0978514392692584e-09,7.684960074884811e-09,9.53314408976006e-05,3.758973650446899e-06,9.192463113952456e-06,2.424047388576496e-10,1.4635886063120007e-09,1.7059933451696503e-09
pynucastro,50.0,0.1428571428571428,7.0,55.14073318692346,1.6507326030713272,1650732603.0713272,0.0001682958887497,1.1110312430273456e-09,11.110312430273456,1.0000000000000002,4.826732674119491e-06,4.826732674119491e-06,0.7501038328286022,0.7501038328286022,5.28049263435522e-05,0.0001056098526871,1.92744673133388e-06,5.78234019400164e-06,6.560947765400214e-06,1.9682843296200644e-05,0.0624400630036375,0.2497602520145503,1.2835439592555212e-10,8.984807714788644e-10,1.784216491612371e-09,1.2489515441286598e-08,7.039682245646926e-05,2.569573233702299e-06,8.746719425041764e-06,1.7111550469157639e-10,2.378626016193231e-09,2.5497415208848075e-09
pynucastro,50.0,0.1428571428571428,7.0,55.74360351801514,1.6452631041623496,1645263104.1623497,0.0001651077033645,1.100890724657555e-09,11.008907246575554,1.0000000000000004,2.627041207037577e-06,2.627041207037577e-06,0.750101400312093,0.750101400312093,4.054658443123031e-05,8.109316886246061e-05,1.3760206349488505e-06,4.128061904846551e-06,6.246395019014067e-06,1.87391850570422e-05,0.0624479983252979,0.2497919933011916,9.392621293524676e-11,6.57483490546727e-10,2.610314400645061e-09,1.8272200804515428e-08,5.405480434293307e-05,1.8344461620473344e-06,8.327400823962125e-06,1.252180210517766e-10,3.479948710346352e-09,3.6051667313981275e-09
pynucastro,50.0,0.1428571428571428,7.0,56.35306521296985,1.6397941887538356,1639794188.7538357,0.0001619817100106,1.0908898534567298e-09,10.908898534567298,1.0000000000000004,1.541531158364066e-06,1.541531158364066e-06,0.7501002360731924,0.7501002360731924,3.2102253669984654e-05,6.420450733996931e-05,1.0171685479693082e-06,3.0515056439079246e-06,5.968119285273115e-06,1.7904357855819345e-05,0.0624532591897928,0.2498130367591714,7.073668150072176e-11,4.95156770505052e-10,3.5386402118984502e-09,2.4770481483289147e-08,4.27972851175749e-05,1.3560434979919884e-06,7.956429018762186e-06,9.430297192150128e-11,4.7175564567522155e-09,4.8118594286737165e-09
pynucastro,50.0,0.1428571428571428,7.0,56.96919033716441,1.634325768960675,1634325768.960675,0.0001589166972676,1.081027139600085e-09,10.81027139600085,1.0000000000000004,9.5900066521676e-07,9.5900066521676e-07,0.7500996493322415,0.7500996493322415,2.603442991177451e-05,5.206885982354902e-05,7.727550824574483e-07,2.318265247372345e-06,5.728607959601223e-06,1.718582387880367e-05,0.0624569466420411,0.2498277865681644,5.4492407284657474e-11,3.8144685099260235e-10,4.5383618278861645e-09,3.1768532795203155e-08,3.470796171542148e-05,1.0302032311911828e-06,7.637129233030547e-06,7.264689076067168e-11,6.050345220033543e-09,6.1229921107942144e-09
pynucastro,50.0,0.1428571428571428,7.0,57.592051743888256,1.6288577592060869,1628857759.2060866,0.0001559114766835,1.0713011073049616e-09,10.713011073049616,1.0000000000000004,6.244039610097682e-07,6.244039610097682e-07,0.7500993458625004,0.7500993458625004,2.1518990652630864e-05,4.303798130526173e-05,5.998025968374773e-07,1.7994077905124318e-06,5.524566637449945e-06,1.6573699912349837e-05,0.0624596448102308,0.2498385792409233,4.2735211120150485e-11,2.9914647784105336e-10,5.586351583861979e-09,3.9104461087033855e-08,2.8688187466537902e-05,7.996308757579243e-07,7.365113258561147e-06,5.6972734819561115e-11,7.447482276415696e-09,7.504455011235257e-09
pynucastro,50.0,0.1428571428571428,7.0,58.22172308295778,1.623390076217307,1623390076.217307,0.0001529648823648,1.0617102949296754e-09,10.617102949296754,1.0000000000000004,4.214334991417875e-07,4.214334991417875e-07,0.7500991898091253,0.7500991898091253,1.806051868373215e-05,3.61210373674643e-05,4.735245163407116e-07,1.4205735490221343e-06,5.351018706455083e-06,1.605305611936525e-05,0.0624616867980317,0.2498467471921268,3.399544949916788e-11,2.379681464941752e-10,6.66574931279611e-09,4.666024518957277e-08,2.4077507253844573e-05,6.31282532729048e-07,7.1337481484505205e-06,4.532127212111583e-11,8.886490484668191e-09,8.931811756789305e-09
pynucastro,50.0,0.1428571428571428,7.0,58.858278809425215,1.617922639021262,1617922639.021262,0.0001500757705732,1.0522532550659671e-09,10.522532550659667,1.0000000000000004,2.9277608463011134e-07,2.9277608463011134e-07,0.750099113985618,0.750099113985618,1.5347874260271224e-05,3.069574852054245e-05,3.789456274632567e-07,1.13683688238977e-06,5.2030095797229165e-06,1.560902873916875e-05,0.0624632742706348,0.2498530970825392,2.7356394392314348e-11,1.9149476074620044e-10,7.764303116595511e-09,5.4350121816168585e-08,2.046112836838452e-05,5.051940742200668e-07,6.93642944340643e-06,3.6470372891066847e-11,1.0351036245517255e-08,1.0387506618408322e-08
pynucastro,50.0,0.1428571428571428,7.0,59.501794192382434,1.612455368940236,1612455368.940236,0.000147243019328,1.0429285546252503e-09,10.429285546252505,1.0000000000000009,2.082535239543565e-07,2.082535239543565e-07,0.7500990832085732,0.7500990832085732,1.3177804443809784e-05,2.635560888761957e-05,3.066214520513372e-07,9.198643561540114e-07,5.076187517468943e-06,1.5228562552406827e-05,0.0624645355587866,0.2498581422351467,2.2223189065950265e-11,1.5556232346165186e-10,8.873056881585614e-09,6.21113981710993e-08,1.7568084988774145e-05,4.087745991366286e-07,6.767355981499652e-06,2.9627004703018497e-11,1.1829179744668965e-08,1.1858806749371982e-08
pynucastro,50.0,0.1428571428571428,7.0,60.15234532386096,1.606988189587523,1606988189.5875232,0.0001444655280159,1.0337347749188794e-09,10.337347749188798,1.0000000000000009,1.5106652307046864e-07,1.5106652307046864e-07,0.7500990781797439,0.7500990781797439,1.1412867180593696e-05,2.2825734361187392e-05,2.503651128514251e-07,7.510953385542752e-07,4.966919085789339e-06,1.4900757257368015e-05,0.0624655557853799,0.2498622231415199,1.8196347621866207e-11,1.2737443335306342e-10,9.985411742100213e-09,6.98978821947015e-08,1.5215146255464224e-05,3.3377605723630933e-07,6.621684028518607e-06,2.4258592166281627e-11,1.3312123734816057e-08,1.3336382326982341e-08
pynucastro,50.0,0.1428571428571428,7.0,60.81000912782967,1.601521026863059,1601521026.863059,0.0001417422170064,1.0246705117326127e-09,10.246705117326128,1.0000000000000009,1.1141255464127852e-07,1.1141255464127852e-07,0.75009908791144,0.75009908791144,9.957254831247858e-06,1.9914509662495715e-05,2.0598620620624205e-07,6.179586186187261e-07,4.872234294032332e-06,1.4616702882096997e-05,0.0624663934311422,0.249865573724569,1.499907676182142e-11,1.0499353733274992e-10,1.1096468610901165e-08,7.767528027630815e-08,1.3274585973664665e-05,2.746119939697376e-07,6.495454230718342e-06,1.999612718312261e-11,1.4793337026709282e-08,1.48133331538924e-08
pynucastro,50.0,0.1428571428571428,7.0,61.47486336929044,1.5960538089490304,1596053808.9490304,0.0001390720272734,1.0157343753954944e-09,10.157343753954944,1.0000000000000009,8.33405536989437e-08,8.33405536989437e-08,0.7500991059644178,0.7500991059644178,8.742401953186596e-06,1.7484803906373193e-05,1.7056393618945842e-07,5.116918085683752e-07,4.789724052951754e-06,1.436917215885526e-05,0.0624670898805346,0.2498683595221386,1.24347625589879e-11,8.704333791291531e-11,1.2202567628080672e-08,8.54179733965647e-08,1.1654995831445915e-05,2.273885341726423e-07,6.385454955040251e-06,1.6577492840763053e-11,1.6267940504197217e-08,1.628451799703798e-08
pynucastro,50.0,0.1428571428571428,7.0,62.146986663473385,1.5905864663054614,1590586466.3054614,0.0001364539200232,1.006924990843345e-09,10.069249908433449,1.0000000000000009,6.311273947524439e-08,6.311273947524439e-08,0.7500991284819952,0.7500991284819952,7.718076221548641e-06,1.5436152443097282e-05,1.4201031883934456e-07,4.260309565180337e-07,4.717435396196092e-06,1.4152306188588275e-05,0.0624676751841037,0.2498707007364149,1.036043133622898e-11,7.252301935360286e-11,1.3300962818285477e-08,9.310673972799833e-08,1.0289408330826902e-05,1.893220688400697e-07,6.2890826253097375e-06,1.3812082887225571e-11,1.773227339325557e-08,1.7746085476142796e-08
pynucastro,50.0,0.1428571428571428,7.0,62.82645848513287,1.5851189316657617,1585118931.6657617,0.0001338868763283,9.982409976770415e-10,9.982409976770416,1.0000000000000004,4.8312568485112926e-08,4.8312568485112926e-08,0.7500991531214635,0.7500991531214635,6.846719699124779e-06,1.369343939824956e-05,1.1880006356098573e-07,3.564001906829572e-07,4.653780474866467e-06,1.39613414245994e-05,0.0624681716492852,0.2498726865971411,8.670132284735406e-12,6.069092599314785e-11,1.4389588980226146e-08,1.0072712286158305e-07,9.12775287191411e-06,1.5837914636566517e-07,6.204220409395504e-06,1.1558648278238292e-11,1.91835824908551e-08,1.919514113913334e-08
pynucastro,50.0,0.1428571428571428,7.0,63.513359177944665,1.5796511400322517,1579651140.0322516,0.0001313698967672,9.896810502158031e-10,9.89681050215803,1.0000000000000004,3.733831070669552e-08,3.733831070669552e-08,0.7500991784509496,0.7500991784509496,6.099741446938896e-06,1.2199482893877792e-05,9.979778382784042e-08,2.993933514835213e-07,4.59746207323023e-06,1.3792386219690689e-05,0.0624685961572594,0.2498743846290378,7.284018114753202e-12,5.0988126803272405e-11,1.546689275036421e-08,1.082682492525495e-07,8.131913248506204e-06,1.330461180265996e-07,6.129138926301152e-06,9.710740024799956e-12,2.0619796947792042e-08,2.062950768781684e-08
pynucastro,50.0,0.1428571428571428,7.0,64.20776996400637,1.5741830286716376,1574183028.6716375,0.0001289020010702,9.81243817545641e-10,9.81243817545641,1.0000000000000009,2.9104749566367466e-08,2.9104749566367466e-08,0.7500992035977901,0.7500992035977901,5.455024666930938e-06,1.0910049333861876e-05,8.41442847697346e-08,2.524328543092038e-07,4.547414240304538e-06,1.3642242720913614e-05,0.0624689617019015,0.2498758468076062,6.141046361383666e-12,4.298732452968566e-11,1.6531708342687698e-08,1.1572195839881388e-07,7.272404291014247e-06,1.1217754180532834e-07,6.062417102288915e-06,8.186978911494152e-12,2.2039362611498177e-08,2.2047549590409683e-08
pynucastro,50.0,0.1428571428571428,7.0,64.90977295344139,1.568714537110457,1568714537.110457,0.0001264822277708,9.729279835631863e-10,9.729279835631866,1.0000000000000009,2.2862656457526693e-08,2.2862656457526693e-08,0.7500992280387532,0.7500992280387532,4.895216793398767e-06,9.790433586797531e-06,7.11800680159498e-08,2.135402040478494e-07,4.502755715130412e-06,1.3508267145391234e-05,0.0624692784347841,0.2498771137391364,5.193969879945478e-12,3.635778915961835e-11,1.7583165808032317e-08,1.2308216065622622e-07,6.526092296079339e-06,9.489420246713325e-08,6.002880081484074e-06,6.92437705012161e-12,2.3441119722261463e-08,2.3448044099311586e-08
pynucastro,50.0,0.1428571428571428,7.0,65.61945115410785,1.5632456071304683,1563245607.1304684,0.0001241096338628,9.647322470150616e-10,9.647322470150616,1.0000000000000009,1.808593697188926e-08,1.808593697188926e-08,0.75009925147139,0.75009925147139,4.406528663927606e-06,8.813057327855211e-06,6.039253809777817e-08,1.8117761429333448e-07,4.462753376496888e-06,1.3388260129490666e-05,0.0624695543931016,0.2498782175724065,4.405812974057231e-12,3.084069081840062e-11,1.8620622133291623e-08,1.3034435493304137e-07,5.8745941357544176e-06,8.051272945455222e-08,5.9495504998075645e-06,5.8736400088585825e-12,2.482421105842397e-08,2.4830084698432844e-08
pynucastro,50.0,0.1428571428571428,7.0,66.33688848141402,1.5577761827639978,1557776182.7639978,0.0001217832944636,9.56655321532981e-10,9.566553215329812,1.0000000000000009,1.4399604134274468e-08,1.4399604134274468e-08,0.750099273733828,0.750099273733828,3.977876551597028e-06,7.955753103194055e-06,5.137887551203012e-08,1.5413662653609037e-07,4.426793604269611e-06,1.3280380812808833e-05,0.0624697960161321,0.2498791840645284,3.747359518092942e-12,2.6231516626650592e-11,1.9643609448734112e-08,1.3750526614113877e-07,5.303133452984216e-06,6.849610086445952e-08,5.901610305838604e-06,4.995818086104011e-12,2.618801288921741e-08,2.619300870730352e-08
pynucastro,50.0,0.1428571428571428,7.0,67.06216976824076,1.552306210289231,1552306210.289231,0.0001195023024822,9.486959356647631e-10,9.48695935664763,1.0000000000000009,1.153288735093061e-08,1.153288735093061e-08,0.7500992947540405,0.7500992947540405,3.600259915118336e-06,7.200519830236672e-06,4.3819501508075886e-08,1.3145850452422765e-07,4.394359798334004e-06,1.318307939500201e-05,0.0624700085176012,0.2498800340704051,3.195336137120473e-12,2.2367352959843312e-11,2.0651795829415704e-08,1.4456257080590997e-07,4.799711105312891e-06,5.8418267840718895e-08,5.858370790463049e-06,4.259884203954934e-12,2.753208271737876e-08,2.75363426015827e-08
pynucastro,50.0,0.1428571428571428,7.0,67.79538077497239,1.546835638225451,1546835638.225451,0.0001172657682934,9.408528329014184e-10,9.408528329014189,1.0000000000000009,9.287876639631192e-09,9.287876639631192e-09,0.7500993145170731,0.7500993145170731,3.266301419515682e-06,6.532602839031364e-06,3.7458713004684737e-08,1.1237613901405421e-07,4.365014582917803e-06,1.3095043748753409e-05,0.06247019615963,0.2498807846385202,2.7310619648511537e-12,1.911743375395808e-11,2.1644955220959372e-08,1.515146865467156e-07,4.354491940335371e-06,4.993833787036761e-08,5.819248862703034e-06,3.6409338230224326e-12,2.8856119185890425e-08,2.885976011971344e-08
pynucastro,50.0,0.1428571428571428,7.0,68.53660819963754,1.5413644173282104,1541364417.3282104,0.0001150728194171,9.331247717005052e-10,9.331247717005054,1.0000000000000009,7.518371452818802e-09,7.518371452818802e-09,0.7500993330438283,0.7500993330438283,2.9699031500228105e-06,5.939806300045621e-06,3.209038914539531e-08,9.627116743618593e-08,4.338385689203215e-06,1.3015157067609644e-05,0.0624703624565696,0.2498814498262784,2.3394451176343098e-12,1.6376115823440172e-11,2.262294449683031e-08,1.583606114778122e-07,3.9593464747812e-06,4.2781519369142366e-08,5.783748229182499e-06,3.118847084080285e-12,3.0159931492044736e-08,3.0163050339128824e-08
pynucastro,50.0,0.1428571428571428,7.0,69.28593968816071,1.535892500584447,1535892500.5844471,0.0001129226002029,9.255105255058959e-10,9.25510525505896,1.0000000000000009,6.115316517585064e-09,6.115316517585064e-09,0.750099350377147,0.750099350377147,2.705985981669131e-06,5.411971963338262e-06,2.7547276494355623e-08,8.264182948306688e-08,4.3141546725408975e-06,1.2942464017622692e-05,0.0624705103289673,0.2498820413158692,2.0082221213300744e-12,1.4057554849310519e-11,2.358568573408313e-08,1.6509980013858193e-07,3.607503433123321e-06,3.672483715724453e-08,5.751444352500449e-06,2.6772748440861174e-12,3.144341575849164e-08,3.144609303333573e-08
pynucastro,50.0,0.1428571428571428,7.0,70.04346384472568,1.5304198432075278,1530419843.207528,0.0001108142715206,9.180088827641566e-10,9.180088827641566,1.0000000000000009,4.99663477253194e-09,4.99663477253194e-09,0.7500993665726482,0.7500993665726482,2.4702897338309696e-06,4.940579467661939e-06,2.36928636615855e-08,7.10785909847565e-08,4.292047841006749e-06,1.2876143523020247e-05,0.0624706422212443,0.2498825688849772,1.7273743580809326e-12,1.2091620506566528e-11,2.4533152493338323e-08,1.7173206745336816e-07,3.293283322072661e-06,3.1586300052275564e-08,5.7219723576330445e-06,2.302860707606842e-12,3.270653674250536e-08,3.270883960321296e-08
pynucastro,50.0,0.1428571428571428,7.0,70.80927024225272,1.5249464026322226,1524946402.632223,0.0001087470104546,9.106186469376667e-10,9.10618646937667,1.000000000000001,4.100057396577985e-09,4.100057396577985e-09,0.7500993816927028,0.7500993816927028,2.2592183060794373e-06,4.518436612158875e-06,2.0415150853997645e-08,6.124545256199293e-08,4.271828924050511e-06,1.2815486772151533e-05,0.0624707601926172,0.249883040770469,1.488678827758382e-12,1.0420751794308672e-11,2.5465359166372202e-08,1.782575141646054e-07,3.011891972209335e-06,2.721659469699608e-08,5.695017258127235e-06,1.984642120886665e-12,3.3949313634822764e-08,3.3951298276943656e-08
pynucastro,50.0,0.1428571428571428,7.0,71.58344943298987,1.5194721385096068,1519472138.5096068,0.0001067200100051,9.033386365146803e-10,9.033386365146804,1.000000000000001,3.377988801064089e-09,3.377988801064089e-09,0.7500993958024691,0.7500993958024691,2.0697184071652174e-06,4.139436814330435e-06,1.7621821539588988e-08,5.2865464618766964e-08,4.253293107076482e-06,1.2759879321229446e-05,0.0624708659881192,0.2498834639524768,1.285360251609687e-12,8.99752176126781e-12,2.6382352674120764e-08,1.846764687188453e-07,2.7592588645548733e-06,2.3492648625235684e-08,5.670306003281387e-06,1.7135865710631413e-12,3.5171808991922284e-08,3.5173522578493355e-08
pynucastro,50.0,0.1428571428571428,7.0,72.36609295922037,1.5139970127018805,1513997012.7018805,0.0001047324787931,8.96167685016457e-10,8.961676850164574,1.000000000000001,2.793796782463432e-09,2.793796782463432e-09,0.7500994089673132,0.7500994089673132,1.899183689717568e-06,3.798367379435136e-06,1.5236465787084334e-08,4.5709397361253e-08,4.236262149121983e-06,1.270878644736595e-05,0.0624709610946106,0.2498838443784427,1.1118122329052609e-12,7.782685630336827e-12,2.7284205931866242e-08,1.909894415230637e-07,2.531909326968057e-06,2.0312595377272572e-08,5.647600969255776e-06,1.4822198492809505e-12,3.6374120024210283e-08,3.637560224405956e-08
pynucastro,50.0,0.1428571428571428,7.0,73.157293364087,1.5085209892771143,1508520989.2771144,0.0001027836407707,8.891046410016445e-10,8.89104641001645,1.000000000000001,2.319107046537713e-09,2.319107046537713e-09,0.7500994212511615,0.7500994212511615,1.7453783192391636e-06,3.490756638478328e-06,1.3195601512033453e-08,3.9586804536100354e-08,4.220580365596294e-06,1.2661741096788884e-05,0.06247104678534,0.2498841871413601,9.633801025260793e-13,6.743660717682555e-12,2.817101272668777e-08,1.971970890868145e-07,2.3268626395256816e-06,1.7591803350578863e-08,5.626694603438555e-06,1.2843365495725445e-12,3.7556371766956826e-08,3.75576561035064e-08
pynucastro,50.0,0.1428571428571428,7.0,73.9571442025346,1.5030440345039042,1503044034.5039043,0.0001008727349367,8.821483680680575e-10,8.82148368068058,1.000000000000001,1.931809291685584e-09,1.931809291685584e-09,0.7500994327154785,0.7500994327154785,1.6063755070217958e-06,3.212751014043592e-06,1.144630620649168e-08,3.4338918619475046e-08,4.20611130218726e-06,1.261833390656178e-05,0.0624711241557088,0.2498844966228352,8.361864416187383e-13,5.8533050913311684e-12,2.9042883662401334e-08,2.0330018563680933e-07,2.141550089174794e-06,1.5259718521655513e-08,5.6074049902430565e-06,1.1147674630170178e-12,3.87187116743463e-08,3.871982644180931e-08
pynucastro,50.0,0.1428571428571428,7.0,74.76574005237266,1.4975661168459418,1497566116.8459418,9.899901505669948e-05,8.752977448520031e-10,8.752977448520031,1.000000000000001,1.614582143442449e-09,1.614582143442449e-09,0.7500994434186732,0.7500994434186732,1.480507885144046e-06,2.961015770288092e-06,9.944327868360388e-09,2.9832983605081167e-08,4.192734976611751e-06,1.2578204929835256e-05,0.0624711941520931,0.2498847766083725,7.269931438136513e-13,5.088952006695559e-12,2.989994295334814e-08,2.0929960067343697e-07,1.9737488117528043e-06,1.3257346016733269e-08,5.589572173927807e-06,9.691956849085076e-13,3.9861305345162455e-08,3.986227454084736e-08
pynucastro,50.0,0.1428571428571428,7.0,75.58317652545855,1.492087206956493,1492087206.956493,9.716174938802276e-05,8.68551665025317e-10,8.685516650253172,1.000000000000001,1.353781803480958e-09,1.353781803480958e-09,0.7500994534157827,0.7500994534157827,1.3663268894836414e-06,2.7326537789672828e-06,8.652557947891572e-09,2.595767384367471e-08,4.180345564705115e-06,1.2541036694115346e-05,0.0624712575953943,0.2498850303815775,6.330871462418665e-13,4.431610023693065e-12,3.0742325845105775e-08,2.1519628091574042e-07,1.821527643116788e-06,1.1535214308569064e-08,5.57305507378891e-06,8.440042761782205e-13,4.0984333084249294e-08,4.0985177088525464e-08
pynucastro,50.0,0.1428571428571428,7.0,76.40955027900283,1.4866072776727828,1486607277.672783,9.536022040948872e-05,8.619090372902574e-10,8.619090372902575,1.000000000000001,1.1386100745712163e-09,1.1386100745712163e-09,0.7500994627583517,0.7500994627583517,1.2625695272275134e-06,2.5251390544550267e-06,7.539799151842913e-09,2.261939745552874e-08,4.16884946332206e-06,1.250654838996618e-05,0.0624713152002741,0.2498852608010965,5.521903339217581e-13,3.865332337452307e-12,3.1570176557037315e-08,2.209912358992612e-07,1.6832028149768938e-06,1.0051732505068996e-08,5.557728901700434e-06,7.361561517337721e-13,4.208798715965459e-08,4.208872331580632e-08
pynucastro,50.0,0.1428571428571428,7.0,77.24495902699879,1.4811263040102798,1481126304.01028,9.35937245556915e-05,8.553687853723866e-10,8.553687853723865,1.0000000000000016,9.60480082849324e-10,9.60480082849324e-10,0.7500994714944379,0.7500994714944379,1.1681308567851549e-06,2.3362617135703097e-06,6.579759797633966e-09,1.97392793929019e-08,4.158163651807933e-06,1.24744909554238e-05,0.062471367591058,0.2498854703642321,4.823848715686393e-13,3.376694100980476e-12,3.2383646613736986e-08,2.266855262961589e-07,1.5573012662678789e-06,8.771849664851758e-09,5.543482977695667e-06,6.430945359921058e-13,4.317246957822596e-08,4.317311267276196e-08
pynucastro,50.0,0.1428571428571428,7.0,78.08950155177635,1.4756442631568856,1475644263.1568856,9.186157195593424e-05,8.48929848011611e-10,8.489298480116114,1.0000000000000016,8.125344027217838e-10,8.125344027217838e-10,0.7500994796686976,0.7500994796686976,1.0820411945189418e-06,2.164082389037884e-06,5.750234209682534e-09,1.7250702629047603e-08,4.14821430766859e-06,1.244464292300577e-05,0.0624714153148864,0.2498856612595459,4.22053018256382e-13,2.954371127794674e-12,3.3182893494241385e-08,2.322802544596897e-07,1.4425302561159696e-06,7.665962136411941e-09,5.530218884434855e-06,5.62662726339703e-13,4.423799028483199e-08,4.4238552947558334e-08
pynucastro,50.0,0.1428571428571428,7.0,78.94327771568244,1.4701611344670131,1470161134.4670131,9.016308617765844e-05,8.425911789515125e-10,8.425911789515125,1.000000000000001,6.892734098239735e-10,6.892734098239735e-10,0.7500994873225236,0.7500994873225236,1.0034470766556362e-06,2.0068941533112724e-06,5.032429394101681e-09,1.509728818230504e-08,4.138935628341835e-06,1.2416806885025505e-05,0.0624714588526831,0.2498858354107324,3.698270980418575e-13,2.588789686293003e-12,3.3968079518153154e-08,2.377765566270721e-07,1.3377519830568549e-06,6.709015909429443e-09,5.517848896438718e-06,4.930373960952213e-13,4.528476567741972e-08,4.5285258714815823e-08
pynucastro,50.0,0.1428571428571428,7.0,79.80638847288942,1.464676899455564,1464676899.455564,8.849760397431963e-05,8.363517469270971e-10,8.363517469270976,1.000000000000001,5.862691289967754e-10,5.862691289967754e-10,0.7500994944942128,0.7500994944942128,9.315952623152204e-07,1.863190524630441e-06,4.410409485765572e-09,1.3231228457296714e-08,4.130268824226214e-06,1.2390806472678642e-05,0.0624714986283563,0.2498859945134254,3.2454836790550093e-13,2.271838575338506e-12,3.473937093099184e-08,2.431755965169429e-07,1.2419622585446335e-06,5.879765975231702e-09,5.506294637635008e-06,4.326737589982536e-13,4.631301738766853e-08,4.631345006142752e-08
pynucastro,50.0,0.1428571428571428,7.0,80.67893588133215,1.4591915417917911,1459191541.7917912,8.686447503764449e-05,8.302105356511344e-10,8.302105356511348,1.000000000000001,4.99942449303489e-10,4.99942449303489e-10,0.7500995012191487,0.7500995012191487,8.658192476539566e-07,1.7316384953079133e-06,3.870636460067218e-09,1.1611909380201656e-08,4.12216125547952e-06,1.236648376643856e-05,0.0624715350165456,0.2498861400661824,2.852335993447144e-13,1.996635195413001e-12,3.54969371394356e-08,2.484785599760492e-07,1.1542725281735649e-06,5.160164023274527e-09,5.4954859305728185e-06,3.802610172132093e-13,4.7322971261468463e-08,4.732335152248567e-08
pynucastro,50.0,0.1428571428571428,7.0,81.56102311477568,1.453705047293051,1453705047.293051,8.526306175420363e-05,8.241665437991941e-10,8.241665437991944,1.000000000000001,4.2739038413679047e-10,4.2739038413679047e-10,0.7500995075299932,0.7500995075299932,8.055278597734838e-07,1.6110557195469676e-06,3.40158966896154e-09,1.0204769006884621e-08,4.114565690806482e-06,1.2343697072419449e-05,0.0624715683491622,0.2498862733966489,2.5104675365193825e-13,1.757327275563568e-12,3.624095007216911e-08,2.5368665050518375e-07,1.0738946655571218e-06,4.534851222823294e-09,5.485359808267784e-06,3.346846000187517e-13,4.8314856506848184e-08,4.8315191191448224e-08
pynucastro,50.0,0.1428571428571428,7.0,82.45275447501518,1.4482174039184386,1448217403.918439,8.369273896623541e-05,8.182187849935301e-10,8.1821878499353,1.0000000000000016,3.6625011772253646e-10,3.6625011772253646e-10,0.7500995134568732,0.7500995134568732,7.50195562612538e-07,1.500391125225076e-06,2.993449510797618e-09,8.980348532392856e-09,4.107439668125521e-06,1.2322319004376564e-05,0.0624715989209414,0.2498863956837656,2.212757631246971e-13,1.5489303418728797e-12,3.697158363765845e-08,2.5880108546360906e-07,1.0001280485508146e-06,3.99073650508337e-09,5.475859661868288e-06,2.949952095088504e-13,4.928890497111905e-08,4.928919996632853e-08
pynucastro,50.0,0.1428571428571428,7.0,83.35423540420895,1.442728601762302,1442728601.762302,8.215289373665723e-05,8.123662877859451e-10,8.123662877859456,1.0000000000000018,3.145918820362697e-10,3.145918820362697e-10,0.7500995190275658,0.7500995190275658,6.993541582242428e-07,1.3987083164484857e-06,2.637832717589849e-09,7.913498152769548e-09,4.100744939757473e-06,1.2302234819272418e-05,0.0624716269941875,0.24988650797675,1.9531312656899132e-13,1.3671918859829393e-12,3.768901325953752e-08,2.638230928167626e-07,9.323484957447918e-07,3.5166436595100797e-09,5.46693450100289e-06,2.60382951347838e-13,5.0245350521485234e-08,5.0245610904436575e-08
pynucastro,50.0,0.1428571428571428,7.0,84.26557249734618,1.4372386330476383,1437238633.047639,8.064292511820214e-05,8.066080956397732e-10,8.066080956397736,1.000000000000001,2.708345961892963e-10,2.708345961892963e-10,0.7500995242676743,0.7500995242676743,6.525856901903874e-07,1.3051713803807747e-06,2.327571580758989e-09,6.9827147422769675e-09,4.094446991689545e-06,1.2283340975068636e-05,0.0624716528028263,0.2498866112113055,1.726398264634517e-13,1.2084787852441618e-12,3.839341547794981e-08,2.687539083456487e-07,8.699988055951773e-07,3.103017007018379e-09,5.458538312881844e-06,2.301558938222241e-13,5.1184428513580886e-08,5.118465866947471e-08
pynucastro,50.0,0.1428571428571428,7.0,85.18687351485157,1.4317474921193585,1431747492.1193583,7.916224392661529e-05,8.00943266911095e-10,8.009432669110952,1.0000000000000016,2.336788238781165e-10,2.336788238781165e-10,0.7500995292007971,0.7500995292007971,6.095163306632515e-07,1.219032661326503e-06,2.056528543863914e-09,6.169585631591742e-09,4.088514624355596e-06,1.2265543873066788e-05,0.0624716765558906,0.2498867062235626,1.5281150623286205e-13,1.0696805436300342e-12,3.908496760343261e-08,2.735947732240283e-07,8.125806068864864e-07,2.741674222959542e-09,5.450629503409707e-06,2.037216399744671e-13,5.210637533005277e-08,5.2106579051692746e-08
pynucastro,50.0,0.1428571428571428,7.0,86.11824739532692,1.4262551754374309,1426255175.4374309,7.77102725178531e-05,7.953708748293383e-10,7.953708748293383,1.0000000000000016,2.0205371785500403e-10,2.0205371785500403e-10,0.7500995338486831,0.7500995338486831,5.698111303359083e-07,1.139622260671817e-06,1.8194412851375406e-09,5.458323855412624e-09,4.082919588347049e-06,1.2248758765041146e-05,0.0624716984405087,0.2498867937620351,1.354474615152402e-13,9.481322306066813e-13,3.976384741559967e-08,2.783469319091977e-07,7.596473596140853e-07,2.4255998078044072e-09,5.443170411529268e-06,1.8057265123239485e-13,5.3011427978864994e-08,5.3011608551516214e-08
pynucastro,50.0,0.1428571428571428,7.0,87.05980426843294,1.420761681569888,1420761681.569888,7.628644456921837e-05,7.898900074773714e-10,7.898900074773714,1.0000000000000016,1.7507378429003724e-10,1.7507378429003724e-10,0.7500995382313795,0.7500995382313795,5.331694440104137e-07,1.0663388880208274e-06,1.6117912811350527e-09,4.835373843405158e-09,4.077636263219469e-06,1.2232908789658408e-05,0.0624717186245062,0.2498868744980249,1.202208056953982e-13,8.415456398677874e-13,4.0430232894111495e-08,2.830116302587804e-07,7.107982565454526e-07,2.148769861844484e-09,5.436126881018904e-06,1.6027313652113497e-13,5.389982373464705e-08,5.389998400778355e-08
pynucastro,50.0,0.1428571428571428,7.0,88.01165546791127,1.415267011185705,1415267011.1857052,7.489020486437531e-05,7.844997677712288e-10,7.844997677712287,1.0000000000000016,1.5200513645248755e-10,1.5200513645248755e-10,0.7500995423673695,0.7500995423673695,4.993209732910076e-07,9.986419465820152e-07,1.4296935088778335e-09,4.2890805266335006e-09,4.072641376848126e-06,1.2217924130544378e-05,0.0624717372586518,0.2498869490346073,1.0685055788170564e-13,7.479539051719393e-13,4.1084301985476055e-08,2.875901138983323e-07,6.656729475065586e-07,1.906005040831801e-09,5.429467886348217e-06,1.4244850429381328e-13,5.477179982780813e-08,5.4771942276312454e-08
pynucastro,50.0,0.1428571428571428,7.0,88.97391354474887,1.409771167047538,1409771167.0475378,7.352100908218257e-05,7.791992734395941e-10,7.791992734395945,1.0000000000000016,1.3223779279705962e-10,1.3223779279705962e-10,0.7500995462736973,0.7500995462736973,4.680223352834974e-07,9.360446705669948e-07,1.2698036310398443e-09,3.809410893119534e-09,4.067913759365166e-06,1.2203741278095498e-05,0.0624717544786036,0.2498870179144144,9.509482760851041e-14,6.65663793259573e-13,4.172623239220541e-08,2.920836267454379e-07,6.239469649175402e-07,1.692846819262728e-09,5.423165204636533e-06,1.2677627667009953e-13,5.5627593163454985e-08,5.5627719939731664e-08
pynucastro,50.0,0.1428571428571428,7.0,89.94669228048693,1.4042741540043238,1404274154.0043235,7.217832358928445e-05,7.739876570031551e-10,7.739876570031555,1.0000000000000016,1.1526339723624423e-10,1.1526339723624423e-10,0.7500995499660861,0.7500995499660861,4.390540455012778e-07,8.781080910025556e-07,1.12923878941974e-09,3.3877163682592196e-09,4.063434124737156e-06,1.2190302374211468e-05,0.0624717704066169,0.2498870816264676,8.474512371571664e-14,5.932158660100164e-13,4.235620138576123e-08,2.964934097003286e-07,5.853277015312549e-07,1.5054518956461123e-09,5.417193124460446e-06,1.1297850227952832e-13,5.64674400720228e-08,5.6467553050525065e-08
pynucastro,50.0,0.1428571428571428,7.0,90.9301067006745,1.3987759789837408,1398775978.9837408,7.086162523640323e-05,7.68864065753966e-10,7.688640657539661,1.0000000000000016,1.0065728374096276e-10,1.0065728374096276e-10,0.7500995534590451,0.7500995534590451,4.122178916052445e-07,8.24435783210489e-07,1.0055109248055454e-09,3.016532774416637e-09,4.059184878776453e-06,1.217755463632936e-05,0.0624717851530295,0.249887140612118,7.562146665371672e-14,5.293502665760171e-13,4.297438563908705e-08,3.008206994736094e-07,5.495509092150809e-07,1.3405032974205683e-09,5.411528189901904e-06,1.0081524019710753e-13,5.7291576086018073e-08,5.7291676901258266e-08
pynucastro,50.0,0.1428571428571428,7.0,91.92427308846992,1.3932766509845236,1393276650.9845235,6.957040115827346e-05,7.63827661734926e-10,7.63827661734926,1.0000000000000018,8.806378327458546e-11,8.806378327458546e-11,0.7500995567659697,0.7500995567659697,3.87334627648659e-07,7.746692552973179e-07,8.964700852874127e-10,2.689410255862238e-09,4.055149948999373e-06,1.216544984699812e-05,0.0624717988175638,0.2498871952702552,6.756828121031598e-14,4.729779684722118e-13,4.358096107554509e-08,3.0506672752881564e-07,5.163776250163909e-07,1.1951348020421647e-09,5.406148973721599e-06,9.007908430400154e-14,5.81002357386305e-08,5.8100325817714806e-08
pynucastro,50.0,0.1428571428571428,7.0,92.92930899839052,1.3877761810686289,1387776181.0686283,6.830414857716136e-05,7.58877621719513e-10,7.588776217195134,1.0000000000000018,7.718433542979785e-11,7.718433542979785e-11,0.7500995598992312,0.7500995598992312,3.642419448901812e-07,7.284838897803624e-07,8.002561920052677e-10,2.400768576015803e-09,4.051314633570388e-06,1.2153943900711163e-05,0.0624718114904712,0.2498872459618849,6.045096622588079e-14,4.2315676358116564e-13,4.41761027334899e-08,3.092327191344293e-07,4.8559146593702e-07,1.0668666331610361e-09,5.4010358759771095e-06,8.059059017979135e-14,5.8893652383191054e-08,5.8893732973781216e-08
pynucastro,50.0,0.1428571428571428,7.0,93.94533327021256,1.382274582353257,1382274582.353257,6.706237460991336e-05,7.54013137191877e-10,7.540131371918771,1.0000000000000016,6.776768367995954e-11,6.776768367995954e-11,0.7500995628702615,0.7500995628702615,3.427926818058303e-07,6.855853636116606e-07,7.152579437679002e-10,2.145773831303702e-09,4.04766546685161e-06,1.2142996400554831e-05,0.0624718232535407,0.2498872930141629,5.4152811832148486e-14,3.790696828250393e-13,4.475998464446618e-08,3.133198925112633e-07,4.569962425976248e-07,9.53550674034472e-10,5.396170944778569e-06,7.219416529844696e-14,5.96720580307923e-08,5.967213022495759e-08
pynucastro,50.0,0.1428571428571428,7.0,94.9724660430238,1.3767718700027167,1376771870.0027168,6.584459607847544e-05,7.49233414327411e-10,7.492334143274114,1.0000000000000018,5.960198219190769e-11,5.960198219190769e-11,0.7500995656896297,0.7500995656896297,3.2285325553476256e-07,6.457065110695251e-07,6.400780677939016e-10,1.9202342033817048e-09,4.044190100621701e-06,1.2132570301865105e-05,0.0624718341809812,0.2498873367239248,4.857261632078396e-14,3.4000831424548773e-13,4.533277972263889e-08,3.173294580584722e-07,4.30413868108211e-07,8.533241413163913e-10,5.391537717934201e-06,6.475489194041469e-14,6.04356832028834e-08,6.043574795777534e-08
pynucastro,50.0,0.1428571428571428,7.0,96.0108287694289,1.371268061220139,1371268061.2201383,6.465033932383146e-05,7.445376739739371e-10,7.445376739739375,1.0000000000000018,5.250820215090977e-11,5.250820215090977e-11,0.7500995683671114,0.7500995683671114,3.0430226399171173e-07,6.086045279834235e-07,5.735034041374567e-10,1.7205102124123707e-09,4.0408771973551015e-06,1.2122631592065305e-05,0.0624718443402072,0.2498873773608288,4.362241525376369e-14,3.053569067763458e-13,4.5894659666076205e-08,3.212626176625334e-07,4.056824944642297e-07,7.645697029074603e-10,5.387121080674223e-06,5.815549974082128e-14,6.118475679966607e-08,6.118481495516581e-08
pynucastro,50.0,0.1428571428571428,7.0,97.0605442299106,1.3657631752390331,1365763175.2390337,6.347914002330322e-05,7.399251516336042e-10,7.399251516336046,1.0000000000000018,4.6334695153676166e-11,4.6334695153676166e-11,0.7500995709117542,0.7500995709117542,2.870292506808825e-07,5.740585013617649e-07,5.144794303578822e-10,1.5434382910736466e-09,4.037716335117254e-06,1.2113149005351764e-05,0.0624718537925323,0.2498874151701292,3.922571767016982e-14,2.745800236911888e-13,4.6445794867128657e-08,3.2512056406990057e-07,3.8265486584933684e-07,6.85881515346725e-10,5.382907138860733e-06,5.229401427665202e-14,6.191950598061706e-08,6.191955827463133e-08
pynucastro,50.0,0.1428571428571428,7.0,98.12173654734788,1.3602572333146865,1360257233.3146863,6.233054301115847e-05,7.353950974456251e-10,7.353950974456251,1.000000000000002,4.095276580056199e-11,4.095276580056199e-11,0.7500995733319354,0.7500995733319354,2.7093360824371093e-07,5.418672164874219e-07,4.6208847646496006e-10,1.3862654293948807e-09,4.034697922503551e-06,1.2104093767510654e-05,0.0624718625937841,0.2498874503751366,3.5315900025035897e-14,2.4721130017525133e-13,4.698635433251904e-08,3.289044803276333e-07,3.611968568922474e-07,6.160361809197773e-10,5.378883105587516e-06,4.708161593555239e-14,6.264015605795653e-08,6.264020313957245e-08
pynucastro,50.0,0.1428571428571428,7.0,99.19453120169275,1.3547502587153943,1354750258.7153945,6.12041021024747e-05,7.30946776169967e-10,7.309467761699672,1.0000000000000018,3.6252957889068e-11,3.6252957889068e-11,0.7500995756354175,0.7500995756354175,2.559236004831614e-07,5.118472009663228e-07,4.1553099861068726e-10,1.2465929958320622e-09,4.031813122189942e-06,1.2095439366569826e-05,0.0624718707948521,0.2498874831794086,3.1834870620742304e-14,2.228440943451961e-13,4.751650561212897e-08,3.326155392849027e-07,3.411861688714672e-07,5.539677825556514e-10,5.375037199260577e-06,4.244085939360069e-14,6.334693040170994e-08,6.334697284256933e-08
pynucastro,50.0,0.1428571428571428,7.0,100.27905504480756,1.349242276713542,1349242276.713542,6.009937992020577e-05,7.265794671721186e-10,7.265794671721186,1.0000000000000018,3.214201986167679e-11,3.214201986167679e-11,0.7500995778293963,0.7500995778293963,2.419154995189242e-07,4.838309990378484e-07,3.7410969006368637e-10,1.122329070191059e-09,4.029053782970875e-06,1.2087161348912624e-05,0.0624718784421705,0.2498875137686821,2.8731918662173305e-14,2.0112343063521322e-13,4.8036414733771864e-08,3.362549031364031e-07,3.225111794076304e-07,4.98746701266341e-10,5.3713585529936776e-06,3.830413922550978e-14,6.404005035275107e-08,6.40400886568903e-08
pynucastro,50.0,0.1428571428571428,7.0,101.3754363154642,1.343733314576506,1343733314.576506,5.9015947725397736e-05,7.222924644090315e-10,7.222924644090315,1.000000000000002,2.8540351632914006e-11,2.8540351632914006e-11,0.7500995799205465,0.7500995799205465,2.28832810861176e-07,4.57665621722352e-07,3.3721572600485403e-10,1.011647178014562e-09,4.026412378280376e-06,1.2079237134841124e-05,0.0624718855781516,0.2498875423126064,2.5962718981640137e-14,1.8173903287148098e-13,4.854624614585425e-08,3.398237230209798e-07,3.050699093651204e-07,4.495612783046395e-10,5.3678371326469325e-06,3.4612363047037315e-14,6.471973514636077e-08,6.471976975872383e-08
pynucastro,50.0,0.1428571428571428,7.0,102.48380465450836,1.3382234015573962,1338223401.5573962,5.79533852505045e-05,7.18085076416372e-10,7.180850764163722,1.0000000000000018,2.5379844504452908e-11,2.5379844504452908e-11,0.7500995819150639,0.7500995819150639,2.166055740831353e-07,4.332111481662706e-07,3.043168228531455e-10,9.129504685594363e-10,4.023881950275763e-06,1.207164585082729e-05,0.0624718922415763,0.2498875689663055,2.3488488520082922e-14,1.644194196405804e-13,4.904616266884056e-08,3.4332313868188384e-07,2.887690905387842e-07,4.0570189637514576e-10,5.36446366228131e-06,3.1313826972300045e-14,6.538620184752244e-08,6.53862331613494e-08
pynucastro,50.0,0.1428571428571428,7.0,103.60429112018784,1.3327125688856276,1332712568.8856275,5.691128053575224e-05,7.139566262971906e-10,7.139566262971906,1.0000000000000018,2.2602151962161983e-11,2.2602151962161983e-11,0.7500995838187021,0.7500995838187021,2.051697517258781e-07,4.103395034517562e-07,2.7494722545917185e-10,8.248416763775152e-10,4.021456060656621e-06,1.2064368181969863e-05,0.0624718984679358,0.2498875938717434,2.127524675218932e-14,1.4892672726532524e-13,4.9536325448457705e-08,3.46754278139204e-07,2.7352335096811266e-07,3.665476309951215e-10,5.361229558592318e-06,2.8363229644627443e-14,6.603966528853664e-08,6.603969365176627e-08
pynucastro,50.0,0.1428571428571428,7.0,104.73702820365048,1.3272008497573158,1327200849.757316,5.588922976850048e-05,7.09906451712114e-10,7.09906451712114,1.0000000000000018,2.0157196893111168e-11,2.0157196893111168e-11,0.7500995856368083,0.7500995856368083,1.944666733018776e-07,3.889333466037552e-07,2.4869893220442436e-10,7.46096796613273e-10,4.019128745597315e-06,1.2057386236791944e-05,0.0624719042897408,0.2498876171589635,1.9293193694460412e-14,1.350523558612229e-13,5.0016893917105335e-08,3.501182574197373e-07,2.592544737066908e-07,3.3155455217761207e-10,5.358126870827711e-06,2.572084302390484e-14,6.6680338017575e-08,6.668036373841802e-08
pynucastro,50.0,0.1428571428571428,7.0,105.8821498446095,1.3216882793255065,1321688279.3255064,5.48868371255539e-05,7.059339048711973e-10,7.059339048711977,1.000000000000002,1.8001909419234098e-11,1.8001909419234098e-11,0.7500995873743548,0.7500995873743548,1.844425361715785e-07,3.68885072343157e-07,2.252141141031035e-10,6.756423423093105e-10,4.016894474994931e-06,1.2050683424984797e-05,0.0624719097368006,0.2498876389472026,1.751616552810386e-14,1.2261315869672702e-13,5.0488025760243695e-08,3.534161803217058e-07,2.458907314123453e-07,3.0024561790713927e-10,5.35514822645837e-06,2.335178664664697e-14,6.730843025387035e-08,6.7308453605657e-08
pynucastro,50.0,0.1428571428571428,7.0,107.03979144718174,1.316174894690224,1316174894.6902242,5.390371461837271e-05,7.020383525275283e-10,7.020383525275287,1.000000000000002,1.6099192967352016e-11,1.6099192967352016e-11,0.7500995890359677,0.7500995890359677,1.7504796040917118e-07,3.500959208183424e-07,2.0417863019734726e-10,6.12535890592042e-10,4.014748115880511e-06,1.2044244347641532e-05,0.0624719148364702,0.2498876593458809,1.5921160245824355e-14,1.1144812172077053e-13,5.09498768865247e-08,3.566491382056729e-07,2.333662929133769e-07,2.72202029146235e-10,5.352286782399506e-06,2.1225395238899303e-14,6.792414984789654e-08,6.792417107329178e-08
pynucastro,50.0,0.1428571428571428,7.0,108.21008989589814,1.3106607348883426,1310660734.8883426,5.293948194113532e-05,6.982191759727174e-10,6.982191759727178,1.0000000000000018,1.441704178088432e-11,1.441704178088432e-11,0.7500995906259545,0.7500995906259545,1.662375863047254e-07,3.324751726094508e-07,1.8531639104530326e-10,5.559491731359098e-10,4.012684899107935e-06,1.2038054697323804e-05,0.0624719196138749,0.2498876784554998,1.4487937413621393e-14,1.0141556189534973e-13,5.140260140344581e-08,3.598182098241207e-07,2.216206866157612e-07,2.470557154826036e-10,5.349536180601524e-06,1.9314685136051443e-14,6.852770224891149e-08,6.852772156359662e-08
pynucastro,50.0,0.1428571428571428,7.0,109.39318357188994,1.3051458408832806,1305145840.8832805,5.199376632160517e-05,6.94475771034374e-10,6.944757710343742,1.0000000000000018,1.2927798338879778e-11,1.2927798338879778e-11,0.7500995921483284,0.7500995921483284,1.5796971358236238e-07,3.159394271647247e-07,1.68384500154542e-10,5.05153500463626e-10,4.010700389304359e-06,1.2032101167913078e-05,0.0624719240921108,0.2498876963684434,1.3198665391883442e-14,9.239065774318409e-14,5.184635159582928e-08,3.62924461170805e-07,2.105983195243821e-07,2.244828578992812e-10,5.346890507989056e-06,1.7595883973329066e-14,6.911929047626642e-08,6.911930807215039e-08
pynucastro,50.0,0.1428571428571428,7.0,110.5892123692509,1.2996302555545138,1299630255.554514,5.106620237475561e-05,6.908075480757024e-10,6.908075480757028,1.0000000000000018,1.1607519231996068e-11,1.1607519231996068e-11,0.7500995936068303,0.7500995936068303,1.502059747531584e-07,3.004119495063168e-07,1.5316903112548724e-10,4.595070933764617e-10,4.008790457458545e-06,1.2026371372375634e-05,0.0624719282924263,0.2498877131697054,1.2037618899529491e-14,8.426333229670643e-14,5.228127790910004e-08,3.659689453637002e-07,2.002480417712236e-07,2.0419825904581388e-10,5.3443442599167424e-06,1.604802749145214e-14,6.969911509711283e-08,6.969913114514032e-08
pynucastro,50.0,0.1428571428571428,7.0,111.79831771157929,1.2941140236869078,1294114023.6869078,5.01564319591052e-05,6.872139319973194e-10,6.8721393199731935,1.000000000000002,1.0435443296715207e-11,1.0435443296715207e-11,0.7500995950049504,0.7500995950049504,1.429110384833011e-07,2.858220769666022e-07,1.3948134527872372e-10,4.184440358361712e-10,4.006951255865885e-06,1.2020853767597656e-05,0.062471932234387,0.249887728937548,1.0990908923755632e-14,7.693636246628944e-14,5.2707528937641385e-08,3.689527025634897e-07,1.905227511586084e-07,1.8595043405909742e-10,5.341892306766864e-06,1.4652599464052632e-14,7.026737421087868e-08,7.026738886347814e-08
pynucastro,50.0,0.1428571428571428,7.0,113.0206425687006,1.2885971919598584,1288597191.9598584,4.926410403571871e-05,6.836943622414132e-10,6.836943622414136,1.000000000000002,9.393554527252896e-12,9.393554527252896e-12,0.750099596345946,0.750099596345946,1.360523494708991e-07,2.721046989417982e-07,1.2715499433375018e-10,3.8146498300125047e-10,4.005179196046301e-06,1.2015537588138904e-05,0.06247193593602,0.2498877437440801,1.0046265911740102e-14,7.032386138218072e-14,5.3125251410418384e-08,3.718767598729287e-07,1.813790463741988e-07,1.6951748134937838e-10,5.339529864510301e-06,1.3393242658281292e-14,7.08242634301019e-08,7.082427682334458e-08
pynucastro,50.0,0.1428571428571428,7.0,114.2563314735726,1.2830798089362587,1283079808.9362588,4.838887452982912e-05,6.802482927983745e-10,6.802482927983746,1.000000000000002,8.466180474042877e-12,8.466180474042877e-12,0.7500995976328602,0.7500995976328602,1.295998842158493e-07,2.5919976843169854e-07,1.1604291462569955e-10,3.4812874387709845e-10,4.003470927826334e-06,1.2010412783479002e-05,0.0624719394139498,0.2498877576557993,9.192828927906676e-15,6.434980249534676e-14,5.353459018622298e-08,3.747421313035609e-07,1.7277690139394337e-07,1.5470334205204747e-10,5.337252466819549e-06,1.225547774844448e-14,7.13699758740915e-08,7.136998812956926e-08
pynucastro,50.0,0.1428571428571428,7.0,115.5055305393754,1.2775619250512704,1277561925.0512705,4.75304061950356e-05,6.768751922159994e-10,6.768751922159998,1.0000000000000022,7.63967424247042e-12,7.63967424247042e-12,0.750099598868537,0.750099598868537,1.2352593494215553e-07,2.4705186988431106e-07,1.0601504927903368e-10,3.1804514783710107e-10,4.001823320740459e-06,1.2005469962221375e-05,0.0624719426835178,0.2498877707340715,8.420982415671863e-15,5.894687690970303e-14,5.393568824751372e-08,3.775498177325961e-07,1.6467937741665792e-07,1.4133463001306575e-10,5.335055940273634e-06,1.1226485693865475e-14,7.190470216071468e-08,7.190471338720037e-08
pynucastro,50.0,0.1428571428571428,7.0,116.76838747678926,1.2720435926009055,1272043592.6009057,4.668836848003311e-05,6.735745436113985e-10,6.735745436113989,1.0000000000000022,6.902136267490244e-12,6.902136267490244e-12,0.7500996000556361,0.7500996000556361,1.178049127179799e-07,2.3560982543595974e-07,9.695626824721471e-11,2.908688047416442e-10,4.000233446967544e-06,1.2000700340902631e-05,0.0624719457588919,0.2498877830355677,7.722198026567917e-15,5.405538618597543e-14,5.4328686697897824e-08,3.803008068852848e-07,1.5705236039219609e-07,1.2925785887637229e-10,5.332936381609642e-06,1.0294896872355551e-14,7.242863040304006e-08,7.242864069793692e-08
pynucastro,50.0,0.1428571428571428,7.0,118.04505161145964,1.266524865730428,1266524865.730428,4.5862437397832826e-05,6.70345844685728e-10,6.703458446857284,1.0000000000000022,6.243172439802317e-12,6.243172439802317e-12,0.7500996011966471,0.7500996011966471,1.1241316753709194e-07,2.248263350741839e-07,8.876454069902916e-11,2.6629362209708754e-10,3.9986985656272e-06,1.19960956968816e-05,0.0624719486531658,0.2498877946126632,7.0889072337235725e-15,4.9622350636065023e-14,5.4713724763435296e-08,3.82996073344047e-07,1.498643211618261e-07,1.1833700558888652e-10,5.330890136787176e-06,9.450621254050148e-15,7.294194621107588e-08,7.294195566169712e-08
pynucastro,50.0,0.1428571428571428,7.0,119.33567390165445,1.2610058004225515,1261005800.4225516,4.505229539742775e-05,6.671886077418638e-10,6.6718860774186375,1.000000000000002,5.653692072125741e-12,5.653692072125741e-12,0.7500996022939013,0.7500996022939013,1.0732882556900725e-07,2.146576511380145e-07,8.134934775660886e-11,2.4404804326982656e-10,3.997216108488683e-06,1.1991648325466047e-05,0.0624719513784495,0.2498878055137982,6.514384193959101e-15,4.5600689357713696e-14,5.509093979535134e-08,3.856365785674594e-07,1.4308609848716332e-07,1.0845139433194214e-10,5.328913781936e-06,8.68469223825379e-15,7.344483269538626e-08,7.344484138007849e-08
pynucastro,50.0,0.1428571428571428,7.0,120.64040695611446,1.2554864544854545,1255486454.4854546,4.425763123786372e-05,6.641023597051411e-10,6.641023597051415,1.000000000000002,5.125736987296892e-12,5.125736987296892e-12,0.7500996033495834,0.7500996033495834,1.0253164493555158e-07,2.0506328987110322e-07,7.463033222031999e-11,2.2389099666095998e-10,3.995783667237224e-06,1.198735100171167e-05,0.0624719539459493,0.2498878157837974,5.992648736499388e-15,4.194854115549572e-14,5.5460467269943625e-08,3.882232708896053e-07,1.366907067777328e-07,9.949389639330148e-11,5.327004106379978e-06,7.989137322215752e-15,7.393747046696719e-08,7.39374784561045e-08
pynucastro,50.0,0.1428571428571428,7.0,121.95940505209762,1.2499668875405967,1249966887.5405967,4.3478139864674e-05,6.61086642147296e-10,6.610866421472964,1.000000000000002,4.652327023701741e-12,4.652327023701741e-12,0.7500996043657423,0.7500996043657423,9.800287887394177e-08,1.960057577478835e-07,6.853606499111593e-11,2.0560819497334767e-10,3.994398981289308e-06,1.1983196943867924e-05,0.0624719563660433,0.2498878254641733,5.518376348279612e-15,3.8628634437957294e-14,5.582244079798473e-08,3.907570855858931e-07,1.3065315366591816e-07,9.13692856151652e-11,5.325158096392853e-06,7.356858097459944e-15,7.44200376497815e-08,7.442004500663959e-08
pynucastro,50.0,0.1428571428571428,7.0,123.29282415362186,1.2444471610103425,1244447161.0103424,4.2713522288636015e-05,6.581410113137112e-10,6.5814101131371165,1.000000000000002,4.227333740846109e-12,4.227333740846109e-12,0.7500996053443002,0.7500996053443002,9.37251552321983e-08,1.874503104643966e-07,6.300300048111412e-11,1.8900900144334238e-10,3.993059927015625e-06,1.1979179781046876e-05,0.0624719586483483,0.2498878345933934,5.086821390904544e-15,3.5607749736331807e-14,5.617699212922305e-08,3.932389449045611e-07,1.2495027935547026e-07,8.399284579305354e-11,5.3233729208306765e-06,6.78152788597944e-15,7.48927098867589e-08,7.489271666828678e-08
pynucastro,50.0,0.1428571428571428,7.0,124.64082192990732,1.2389273381053874,1238927338.1053874,4.196348546681092e-05,6.55265038154122e-10,6.552650381541221,1.000000000000002,3.8453693974984e-12,3.8453693974984e-12,0.7500996062870621,0.7500996062870621,8.968236425825704e-08,1.7936472851651408e-07,5.7974544852416756e-11,1.7392363455725028e-10,3.991764507624912e-06,1.1975293522874736e-05,0.0624719608017821,0.2498878432071285,4.69375189240707e-15,3.285626324684949e-14,5.65242511630603e-08,3.956697581414221e-07,1.1956060702681624e-07,7.728912849239649e-11,5.321645917645329e-06,6.257504807449236e-15,7.53556603540311e-08,7.535566661153592e-08
pynucastro,50.0,0.1428571428571428,7.0,126.00355777401906,1.2334074838119895,1233407483.8119898,4.12277421858258e-05,6.5245830835689e-10,6.5245830835689,1.0000000000000018,3.5016911856100656e-12,3.5016911856100656e-12,0.7500996071957239,0.7500996071957239,8.585955820614545e-08,1.717191164122909e-07,5.3400253510899745e-11,1.6020076053269922e-10,3.990510844064313e-06,1.1971532532192938e-05,0.0624719628346187,0.249887851338475,4.335387349190332e-15,3.034771144433232e-14,5.686434595685868e-08,3.980504216980108e-07,1.1446420899636877e-07,7.119088318221981e-11,5.319974581753203e-06,5.7797488594859336e-15,7.58090597720058e-08,7.580906555175465e-08
pynucastro,50.0,0.1428571428571428,7.0,127.3811928217148,1.227887664879002,1227887664.879002,4.050601094735998e-05,6.49720422386993e-10,6.497204223869932,1.000000000000002,3.192117857964704e-12,3.192117857964704e-12,0.7500996080718801,0.7500996080718801,8.22428575438615e-08,1.64485715087723e-07,4.923510954298605e-11,1.4770532862895814e-10,3.9892971664519e-06,1.19678914993557e-05,0.0624719647545407,0.2498878590181628,4.008349648311632e-15,2.8058447538181427e-14,5.7197402739532576e-08,4.00381819176728e-07,1.096425816769396e-07,6.563809527849797e-11,5.3183565536133645e-06,5.3437564893748385e-15,7.62530764234868e-08,7.62530817672433e-08
pynucastro,50.0,0.1428571428571428,7.0,128.77388997049866,1.222367949804704,1222367949.804704,3.979801585579618e-05,6.470509955278484e-10,6.470509955278487,1.0000000000000022,2.9129607363735704e-12,2.9129607363735704e-12,0.7500996089170309,0.7500996089170309,7.881936756155712e-08,1.5763873512311424e-07,4.543890911801634e-11,1.36316727354049e-10,3.988121806423745e-06,1.1964365419271234e-05,0.0624719665686849,0.2498878662747396,3.709616497809943e-15,2.5967315484669598e-14,5.752354592208556e-08,4.0266482145459893e-07,1.0507853440338934e-07,6.057716678938087e-11,5.3167896090249455e-06,4.945498509412323e-15,7.668787616772146e-08,7.668788111321999e-08
pynucastro,50.0,0.1428571428571428,7.0,130.18181389888213,1.2168484088234397,1216848408.8234394,3.910348650800034e-05,6.444496579271269e-10,6.444496579271268,1.0000000000000022,2.6609613496167944e-12,2.6609613496167944e-12,0.7500996097325885,0.7500996097325885,7.557710211042656e-08,1.5115420422085312e-07,4.197571876097255e-11,1.2592715628291762e-10,3.9869831900913325e-06,1.1960949570273998e-05,0.062471968283685,0.2498878731347401,3.436479752209604e-15,2.4055358265467223e-14,5.7842898108404585e-08,4.049002867588321e-07,1.0075608776462357e-07,5.5960192774846195e-11,5.315271649738223e-06,4.581364538284073e-15,7.711362245479057e-08,7.711362703615512e-08
pynucastro,50.0,0.1428571428571428,7.0,131.60513108585684,1.2113291138920492,1211329113.8920493,3.842215788519047e-05,6.419160546466696e-10,6.419160546466696,1.000000000000002,2.433236271755181e-12,2.433236271755181e-12,0.750099610519883,0.750099610519883,7.250491120999447e-08,1.4500982241998894e-07,3.881337982360704e-11,1.1644013947082112e-10,3.98587983129289e-06,1.195763949387867e-05,0.0624719699057115,0.249887879622846,3.186517149725689e-15,2.230562004807981e-14,5.8155580113593954e-08,4.070890607951576e-07,9.666037709277357e-08,5.1744300729213885e-11,5.313800694457547e-06,4.248125322338402e-15,7.753047635005059e-08,7.75304805981759e-08
pynucastro,50.0,0.1428571428571428,7.0,133.04400983057948,1.205810138676104,1205810138.676104,3.775377024685969e-05,6.39449845716678e-10,6.394498457166783,1.0000000000000018,2.227232573914359e-12,2.227232573914359e-12,0.750099611280169,0.750099611280169,6.959241766860107e-08,1.3918483533720214e-07,3.5923092039360076e-11,1.0776927611808024e-10,3.984810325667389e-06,1.1954430977002166e-05,0.0624719714405066,0.2498878857620265,2.957547133298921e-15,2.0702829933092445e-14,5.8461710975740144e-08,4.092319768301809e-07,9.277756796837968e-08,4.7891095394718815e-11,5.3123748709410086e-06,3.942872504961544e-15,7.793859654981763e-08,7.793860049269013e-08
pynucastro,50.0,0.1428571428571428,7.0,134.49862027227283,1.2002915585359364,1200291558.5359364,3.709806902671636e-05,6.37050706194295e-10,6.370507061942949,1.000000000000002,2.040687240812135e-12,2.040687240812135e-12,0.7500996120146288,0.7500996120146288,6.682995816883364e-08,1.3365991633766728e-07,3.327904086598776e-11,9.983712259796328e-11,3.983773345104874e-06,1.195132003531462e-05,0.0624719728934171,0.2498878915736686,2.747616293217448e-15,1.923331405252213e-14,5.8761407970665817e-08,4.113298557946608e-07,8.90947776780483e-08,4.436616195095264e-11,5.310992408601833e-06,3.663001885626708e-15,7.833813940103706e-08,7.833814306403897e-08
pynucastro,50.0,0.1428571428571428,7.0,135.96913441034275,1.1947734505124723,1194773450.5124726,3.645480473060623e-05,6.34718326226741e-10,6.347183262267411,1.0000000000000022,1.8715901828650257e-12,1.8715901828650257e-12,0.7500996127243792,0.7500996127243792,6.42085270342061e-08,1.284170540684122e-07,3.085805526531467e-11,9.2574165795944e-11,3.9827676323907e-06,1.1948302897172098e-05,0.0624719742694253,0.2498878970777015,2.554974010416333e-15,1.788481807291433e-14,5.9054786634657786e-08,4.133835064426045e-07,8.56000002466329e-08,4.113860978175618e-11,5.309651631368259e-06,3.406179615446818e-15,7.872925893158302e-08,7.872926233776262e-08
pynucastro,50.0,0.1428571428571428,7.0,137.4557261247172,1.189255893312856,1189255893.3128562,3.582373283638026e-05,6.324524111191455e-10,6.324524111191456,1.0000000000000022,1.7181561832709469e-12,1.7181561832709469e-12,0.7500996134104746,0.7500996134104746,6.171972872705134e-08,1.234394574541027e-07,2.863932949165957e-11,8.591798847497869e-11,3.981791996691102e-06,1.1945375990073306e-05,0.0624719755731754,0.2498879022927018,2.378028774569041e-15,1.6646201421983287e-14,5.934196077408788e-08,4.153937254186152e-07,8.228204310948854e-08,3.818070157568174e-11,5.30835095166508e-06,3.170283962361836e-15,7.911210686308455e-08,7.911211003336852e-08
pynucastro,50.0,0.1428571428571428,7.0,138.95857119640564,1.1837389672958774,1183738967.2958777,3.520461369567567e-05,6.30252681407234e-10,6.302526814072342,1.0000000000000024,1.578798111247663e-12,1.578798111247663e-12,0.7500996140739113,0.7500996140739113,5.935573281463048e-08,1.1871146562926096e-07,2.660416805896578e-11,7.981250417689732e-11,3.980845309236141e-06,1.1942535927708424e-05,0.0624719768089983,0.2498879072359934,2.215364255318064e-15,1.5507549787226443e-14,5.962304247977215e-08,4.17361297358405e-07,7.913046707524615e-08,3.546751332729566e-11,5.307088864658297e-06,2.953426736598443e-15,7.948683263006874e-08,7.948683558349549e-08
pynucastro,50.0,0.1428571428571428,7.0,140.4778473282847,1.1782227544571906,1178222754.4571905,3.459721243757378e-05,6.281188729350205e-10,6.2811887293502044,1.0000000000000022,1.4521012657087097e-12,1.4521012657087097e-12,0.7500996147156318,0.7500996147156318,5.710922977142337e-08,1.142184595428467e-07,2.4735745199984096e-11,7.420723559995227e-11,3.979926499016992e-06,1.1939779497050976e-05,0.0624719779809362,0.249887911923745,2.0656959755908584e-15,1.4459871829136013e-14,5.989814215276268e-08,4.192869950693386e-07,7.613552740334877e-08,3.2976613658655987e-11,5.305863942518903e-06,2.753895529427753e-15,7.985358341434488e-08,7.985358616824041e-08
pynucastro,50.0,0.1428571428571428,7.0,142.01373416611014,1.172707338414335,1172707338.414335,3.400129887410312e-05,6.260507369376662e-10,6.260507369376667,1.0000000000000024,1.33680515089717e-12,1.33680515089717e-12,0.750099615336528,0.750099615336528,5.4973393835437385e-08,1.0994678767087477e-07,2.301891113025984e-11,6.905673339077952e-11,3.979034549183713e-06,1.193710364755114e-05,0.0624719790927631,0.2498879163710525,1.927865011502032e-15,1.3495055080514222e-14,6.016736851762653e-08,4.211715796233857e-07,7.328812428569754e-08,3.0687805538911697e-11,5.304674829620518e-06,2.570145314148849e-15,8.021250416270749e-08,8.02125067328528e-08
pynucastro,50.0,0.1428571428571428,7.0,143.5664133197597,1.1671928043915452,1167192804.391545,3.341664740755311e-05,6.240480401296761e-10,6.240480401296761,1.0000000000000024,1.2317846224867437e-12,1.2317846224867437e-12,0.750099615937444,0.750099615937444,5.294184717264656e-08,1.0588369434529313e-07,2.144001114312127e-11,6.432003342936382e-11,3.978168493524201e-06,1.1934505480572602e-05,0.0624719801480046,0.2498879205920185,1.800829177844253e-15,1.2605804244909772e-14,6.043082864332505e-08,4.230158005032753e-07,7.057975507224063e-08,2.858288510963496e-11,5.303520237845273e-06,2.400786694969374e-15,8.05637376147714e-08,8.056374001555809e-08
pynucastro,50.0,0.1428571428571428,7.0,145.1360683847064,1.1616792392043662,1161679239.2043662,3.284303693956777e-05,6.221105647985847e-10,6.221105647985848,1.0000000000000022,1.136034604946401e-12,1.136034604946401e-12,0.7500996165191801,0.7500996165191801,5.10086267203528e-08,1.0201725344070565e-07,1.9986725443512085e-11,5.996017633053626e-11,3.977327413176168e-06,1.1931982239528504e-05,0.0624719811499563,0.2498879245998255,1.6836417514252864e-15,1.1785492259977003e-14,6.06886279674712e-08,4.248203957722984e-07,6.80024700679853e-08,2.6645428158275857e-11,5.3023989422003225e-06,2.244557541887819e-15,8.090742433531079e-08,8.090742657986833e-08
pynucastro,50.0,0.1428571428571428,7.0,146.72288496372812,1.156166731244058,1156166731.244058,3.2280250781985594e-05,6.20238108904326e-10,6.202381089043261,1.0000000000000022,1.0486567830442176e-12,1.0486567830442176e-12,0.7500996170824945,0.7500996170824945,4.916815666047982e-08,9.833631332095964e-08,1.8647936763983166e-11,5.5943810291949486e-11,3.976510433963431e-06,1.1929531301890294e-05,0.0624719821016992,0.249887928406797,1.5754497025245746e-15,1.1028147917672024e-14,6.094087029104544e-08,4.265860920373181e-07,6.554883583559064e-08,2.4860613629579152e-11,5.301309777266694e-06,2.1003206329477563e-15,8.124370270721426e-08,8.12437048075349e-08
pynucastro,50.0,0.1428571428571428,7.0,148.32705068885463,1.1506553704617957,1150655370.4617956,3.172807656939493e-05,6.184304861844386e-10,6.184304861844386,1.0000000000000024,9.688466667723262e-13,9.688466667723262e-13,0.7500996176281071,0.7500996176281071,4.7415218520506426e-08,9.483043704101285e-08,1.7413597743778563e-11,5.2240793231335687e-11,3.975716723337015e-06,1.1927150170011044e-05,0.0624719830061158,0.2498879320244634,1.4754798244281485e-15,1.032835877099704e-14,6.118765782010408e-08,4.283136047407285e-07,6.32118953352333e-08,2.321504682117046e-11,5.30025163312127e-06,1.9670451627395427e-15,8.157270898708869e-08,8.157271095413386e-08
pynucastro,50.0,0.1428571428571428,7.0,149.94875524355305,1.1451452483526745,1145145248.3526745,3.1186306173374674e-05,6.166875262653052e-10,6.166875262653056,1.0000000000000022,8.958837859143926e-13,8.958837859143926e-13,0.7500996181567006,0.7500996181567006,4.5744927005572666e-08,9.148985401114533e-08,1.6274623760892086e-11,4.8823871282676254e-11,3.974945487990578e-06,1.1924836463971734e-05,0.062471983865904,0.2498879354636162,1.3830317644137353e-15,9.681222350896146e-15,6.14290911688994e-08,4.300036381822957e-07,6.098513570502345e-08,2.1696616511931368e-11,5.299223452157773e-06,1.843797451613701e-15,8.189457730941872e-08,8.189457915321619e-08
pynucastro,50.0,0.1428571428571428,7.0,151.58819038515713,1.1396364579395006,1139636457.9395006,3.065473561838812e-05,6.150090747796065e-10,6.150090747796065,1.0000000000000024,8.291218330553779e-13,8.291218330553779e-13,0.7500996186689236,0.7500996186689236,4.415270535624039e-08,8.830541071248077e-08,1.5222790827016267e-11,4.56683724810488e-11,3.97419597132184e-06,1.192258791396552e-05,0.0624719846835904,0.2498879387343618,1.2974705330764546e-15,9.082293731535184e-15,6.166526939303534e-08,4.316568857512474e-07,5.8862455409043954e-08,2.0294358840002623e-11,5.298224225702423e-06,1.7297309594409057e-15,8.220943973076855e-08,8.220944146049951e-08
pynucastro,50.0,0.1428571428571428,7.0,153.24554996754225,1.1341290937563837,1134129093.7563834,3.013316499930125e-05,6.133949934901721e-10,6.13394993490172,1.0000000000000022,7.679807076373064e-13,7.679807076373064e-13,0.7500996191653925,0.7500996191653925,4.263426483259079e-08,8.526852966518158e-08,1.4250650861654726e-11,4.275195258496418e-11,3.9734674513773175e-06,1.1920402354131952e-05,0.0624719854615419,0.2498879418461677,1.2182198679870361e-15,8.527539075909254e-15,6.189628999453814e-08,4.332740299617669e-07,5.6838136886442266e-08,1.8998344349929e-11,5.297252991273938e-06,1.6240774383307958e-15,8.25174262365415e-08,8.251742786061894e-08
pynucastro,50.0,0.1428571428571428,7.0,154.9210299640463,1.1286232518321284,1128623251.8321283,2.962139840049587e-05,6.118451604204391e-10,6.118451604204395,1.0000000000000024,7.119390958431218e-13,7.119390958431218e-13,0.7500996196466937,0.7500996196466937,4.118558434426183e-08,8.237116868852365e-08,1.335145199962276e-11,4.005435599886828e-11,3.972759238750094e-06,1.1918277716250282e-05,0.0624719862019767,0.2498879448079068,1.1447565395126957e-15,8.013295776588868e-15,6.212224894402729e-08,4.34855742608191e-07,5.490681939508349e-08,1.7799571750098288e-11,5.296308829780921e-06,1.526139341400933e-15,8.281866477053762e-08,8.281866629667694e-08
pynucastro,50.0,0.1428571428571428,7.0,156.61482849064316,1.1231190296734208,1123119029.673421,2.91192438165478e-05,6.10359469991711e-10,6.103594699917112,1.0000000000000029,6.60527525269277e-13,6.60527525269277e-13,0.7500996201133855,0.7500996201133855,3.980288786192224e-08,7.960577572384448e-08,1.2519058017259836e-11,3.755717405177951e-11,3.9720706740928126e-06,1.1916212022278438e-05,0.0624719869069771,0.2498879476279085,1.0766040942197833e-15,7.536228659538482e-15,6.23432407563984e-08,4.364026852947887e-07,5.3063468897512055e-08,1.6689860495286547e-11,5.2953908622062655e-06,1.4352814817544413e-15,8.31132813358505e-08,8.311328277113198e-08
pynucastro,50.0,0.1428571428571428,7.0,158.32714582936893,1.117616526247809,1117616526.247809,2.8626513074441992e-05,6.089378331674166e-10,6.089378331674165,1.0000000000000024,6.13323935000557e-13,6.13323935000557e-13,0.7500996205659987,0.7500996205659987,3.848263353854068e-08,7.696526707708135e-08,1.1747902951190191e-11,3.5243708853570576e-11,3.971401127198668e-06,1.1914203381596003e-05,0.0624719875784955,0.249887950313982,1.0133295811183929e-15,7.0933070678287485e-15,6.255935842885793e-08,4.379155090020055e-07,5.130336355790055e-08,1.566179028636975e-11,5.294498248381981e-06,1.3509266680521317e-15,8.340139991225812e-08,8.34014012631848e-08
pynucastro,50.0,0.1428571428571428,7.0,160.0581844520035,1.1121158419664905,1112115841.9664905,2.8143021757297164e-05,6.075801776046002e-10,6.075801776046006,1.0000000000000029,5.699485399764354e-13,5.699485399764354e-13,0.7500996210050396,0.7500996210050396,3.72214976034656e-08,7.44429952069312e-08,1.1032934217809882e-11,3.3098802653429645e-11,3.970749995300172e-06,1.1912249985900514e-05,0.062471988218363,0.2498879528734522,9.545392608954307e-16,6.681774826268016e-15,6.277069346434612e-08,4.393948542504229e-07,4.962207227033852e-08,1.470862523970767e-11,5.293630184721149e-06,1.2725499842493822e-15,8.368314248744886e-08,8.368314375999884e-08
pynucastro,50.0,0.1428571428571428,7.0,161.80814904401214,1.1066170786668916,1106617078.6668916,2.766858912957072e-05,6.062864478128495e-10,6.062864478128494,1.0000000000000029,5.300583888540963e-13,5.300583888540963e-13,0.7500996214309902,0.7500996214309902,3.6016356528942466e-08,7.203271305788493e-08,1.0369553292086172e-11,3.1108659876258516e-11,3.970116701090391e-06,1.1910350103271172e-05,0.0624719888282999,0.2498879553131996,8.998743276108969e-16,6.299120293276278e-15,6.297733592776925e-08,4.408413514943849e-07,4.8015430884010927e-08,1.3824234802710376e-11,5.292785901579935e-06,1.1996730859484724e-15,8.39586291319882e-08,8.395863033166128e-08
pynucastro,50.0,0.1428571428571428,7.0,163.57724652874816,1.1011203395950493,1101120339.5950494,2.720303806371836e-05,6.050566053208841e-10,6.050566053208841,1.0000000000000029,4.933435760736001e-13,4.933435760736001e-13,0.7500996218443108,0.7500996218443108,3.486427327870897e-08,6.972854655741794e-08,9.75357074270302e-12,2.926071222810906e-11,3.969500691249225e-06,1.1908502073747674e-05,0.0624719894099225,0.2498879576396902,8.4900706480963465e-16,5.943049453667442e-15,6.317937446898616e-08,4.422556212829031e-07,4.647952387042442e-08,1.3003033808657822e-11,5.291964661292852e-06,1.1318590758946588e-15,8.4227978029963e-08,8.422797916182209e-08
pynucastro,50.0,0.1428571428571428,7.0,165.36568609192102,1.0956257293877905,1095625729.3877904,2.674619496828029e-05,6.038906288510542e-10,6.038906288510542,1.0000000000000029,4.595243911708248e-13,4.595243911708248e-13,0.7500996222454406,0.7500996222454406,3.3762486508304145e-08,6.752497301660829e-08,9.181171412365016e-12,2.754351423709505e-11,3.96890143533512e-06,1.190670430600536e-05,0.06247198996475,0.2498879598590002,8.016384737633689e-16,5.611469316343584e-15,6.337689632150175e-08,4.436382742505122e-07,4.5010669925729814e-08,1.2239936056601344e-11,5.291165756695252e-06,1.0687093420519874e-15,8.449130547723986e-08,8.449130654594923e-08
pynucastro,50.0,0.1428571428571428,7.0,167.17367920633015,1.0901333540547198,1090133354.0547197,2.6297889717369307e-05,6.027885145019688e-10,6.027885145019687,1.0000000000000024,4.2834819193760644e-13,4.2834819193760644e-13,0.7500996226347985,0.7500996226347985,3.2708399375117185e-08,6.541679875023437e-08,8.64887973435417e-12,2.594663920306251e-11,3.968318424590645e-06,1.1904955273771935e-05,0.06247199049421,0.24988796197684,7.574960611422613e-16,5.302472427995829e-15,6.356998731564345e-08,4.44989911209504e-07,4.360540705276683e-08,1.1530308072911878e-11,5.290388509530957e-06,1.0098606082235879e-15,8.474872589903142e-08,8.474872690889201e-08
pynucastro,50.0,0.1428571428571428,7.0,169.00143965687192,1.084643320959998,1084643320.959998,2.5857955581532776e-05,6.017502759395164e-10,6.017502759395164,1.0000000000000024,3.9958623683362747e-13,3.9958623683362747e-13,0.7500996230127854,0.7500996230127854,3.169956816140509e-08,6.33991363228102e-08,8.153525489077216e-12,2.446057646723165e-11,3.967751170691414e-06,1.1903253512074242e-05,0.062471990999645,0.2498879639985802,7.16330588389253e-16,5.014314118724768e-15,6.375873190314423e-08,4.463111233220096e-07,4.226047739376717e-08,1.0869923459404593e-11,5.289632268784362e-06,9.549806004595774e-16,8.500035188266914e-08,8.500035283764974e-08
pynucastro,50.0,0.1428571428571428,7.0,170.8491835658171,1.079155738803936,1079155738.803936,2.542622915996529e-05,6.00775944596526e-10,6.007759445965262,1.0000000000000029,3.730311600414985e-13,3.730311600414985e-13,0.7500996233797841,0.7500996233797841,3.0733691515095743e-08,6.146738303019147e-08,7.692212805708418e-12,2.307663841712525e-11,3.96719920454764e-06,1.190159761364292e-05,0.0624719914823188,0.2498879659292752,6.779135522975879e-16,4.745394866083116e-15,6.39432131844647e-08,4.476024922912527e-07,4.097281288666228e-08,1.0254921567683232e-11,5.288896409082719e-06,9.037646882730836e-16,8.524629421402802e-08,8.52462951177927e-08
pynucastro,50.0,0.1428571428571428,7.0,172.71712941836688,1.0736707176043832,1073670717.6043832,2.5002550314045166e-05,5.99865569881334e-10,5.998655698813342,1.0000000000000029,3.4849491445535533e-13,3.4849491445535533e-13,0.7500996237361607,0.7500996237361607,2.9808601211077984e-08,5.961720242215597e-08,7.262294507036445e-12,2.1786883521109336e-11,3.966662075284709e-06,1.1899986225854128e-05,0.0624719919434208,0.2498879677736834,6.420365779659461e-16,4.494256045761623e-15,6.412351292688232e-08,4.488645904881762e-07,3.973952294843816e-08,9.681773296810608e-12,5.288180329337079e-06,8.559350753544378e-16,8.548666190164234e-08,8.548666275757742e-08
pynucastro,50.0,0.1428571428571428,7.0,174.6054980884871,1.068188368677925,1068188368.677925,2.4586762102171336e-05,5.990192193955262e-10,5.990192193955262,1.0000000000000029,3.2580705069418605e-13,3.2580705069418605e-13,0.7500996240822657,0.7500996240822657,2.892225407321673e-08,5.784450814643348e-08,6.861350412291168e-12,2.0584051236873502e-11,3.96613934935849e-06,1.189841804807547e-05,0.0624719923840714,0.2498879695362856,6.085082829085615e-16,4.259557980359931e-15,6.42997115766296e-08,4.500979810364072e-07,3.85578837059179e-08,9.147252167584959e-12,5.287483451562844e-06,8.11236618939866e-16,8.572156219288768e-08,8.572156300412429e-08
pynucastro,50.0,0.1428571428571428,7.0,176.51451286502615,1.062708804620887,1062708804.620887,2.417871071587588e-05,5.982369791611401e-10,5.982369791611401,1.0000000000000029,3.0481292958940894e-13,3.0481292958940894e-13,0.7500996244184349,0.7500996244184349,2.8072724201164026e-08,5.614544840232805e-08,6.487166936793606e-12,1.946150081038082e-11,3.965630609691134e-06,1.1896891829073402e-05,0.0624719928053255,0.2498879712213021,5.771531307610276e-16,4.040071915327193e-15,6.447188827388023e-08,4.513032179171616e-07,3.7425327632885145e-08,8.648407125684428e-12,5.286805219727653e-06,7.69435301622107e-16,8.595110059395962e-08,8.595110136339493e-08
pynucastro,50.0,0.1428571428571428,7.0,178.44439947811622,1.057232139290146,1057232139.290146,2.377824541718861e-05,5.97518953857613e-10,5.975189538576132,1.0000000000000029,2.8537200976932e-13,2.8537200976932e-13,0.7500996247449895,0.7500996247449895,2.7258195321981312e-08,5.4516390643962623e-08,6.137717494231058e-12,1.8413152482693173e-11,3.965135454803932e-06,1.1895406364411796e-05,0.0624719932081774,0.2498879728327097,5.47810567572155e-16,3.834673973005084e-15,6.46401208725217e-08,4.524808461076521e-07,3.6339433353600536e-08,8.182536414836483e-12,5.286145098595343e-06,7.303170798924121e-16,8.617538089623406e-08,8.617538162655115e-08
pynucastro,50.0,0.1428571428571428,7.0,180.3953861258661,1.0517584877837498,1051758487.7837498,2.338521847723038e-05,5.968652670687804e-10,5.968652670687805,1.0000000000000029,2.6735639394286826e-13,2.6735639394286826e-13,0.750099625062238,0.750099625062238,2.6476953596589853e-08,5.2953907193179706e-08,5.8111446650030236e-12,1.743343399500907e-11,3.964653497993107e-06,1.189396049397932e-05,0.0624719935935643,0.2498879743742575,5.203333404593435e-16,3.6423333832154005e-15,6.480448596075329e-08,4.53631401725273e-07,3.5297916052674976e-08,7.747163804435785e-12,5.285502572627133e-06,6.936856426453616e-16,8.639450520372715e-08,8.639450589741276e-08
pynucastro,50.0,0.1428571428571428,7.0,182.3677035013432,1.0462879664213485,1046287966.4213485,2.2999485116011897e-05,5.962760615402236e-10,5.962760615402236,1.0000000000000029,2.506496669169311e-13,2.506496669169311e-13,0.7500996253704755,0.7500996253704755,2.5727381149390488e-08,5.1454762298780976e-08,5.5057448150357855e-12,1.6517234445107356e-11,3.964184366587048e-06,1.1892553099761143e-05,0.0624719939623704,0.2498879758494818,4.945854060583652e-16,3.462097842408557e-15,6.496505887897424e-08,4.547554121528197e-07,3.429861884904114e-08,7.340018084019825e-12,5.284877144991415e-06,6.593596228155542e-16,8.660857395694323e-08,8.660857461630286e-08
pynucastro,50.0,0.1428571428571428,7.0,184.361584819852,1.0408206927244363,1040820692.7244364,2.262090344341572e-05,5.957514994473016e-10,5.957514994473016,1.0000000000000029,2.3514585138741573e-13,2.3514585138741573e-13,0.7500996256699857,0.7500996256699857,2.5007950199475907e-08,5.0015900398951814e-08,5.219954649476111e-12,1.5659863948428332e-11,3.963727701270716e-06,1.1891183103812149e-05,0.0624719943154296,0.2498879772617184,4.704417284369577e-16,3.293092099058704e-15,6.51219137356761e-08,4.558533961497327e-07,3.3339504971941455e-08,6.95901513724083e-12,5.284268336663056e-06,6.271723279647836e-16,8.681768595406175e-08,8.681768658123406e-08
pynucastro,50.0,0.1428571428571428,7.0,186.37726584651045,1.0353567853964083,1035356785.3964086,2.2249334401339088e-05,5.952917626741849e-10,5.952917626741849,1.0000000000000029,2.2074837409146962e-13,2.2074837409146962e-13,0.7500996259610407,0.7500996259610407,2.4317217531299075e-08,4.8634435062598164e-08,4.952338833103746e-12,1.4857016499311237e-11,3.963283155442977e-06,1.188984946632893e-05,0.0624719946535289,0.2498879786141157,4.477887449605212e-16,3.134521214723649e-15,6.527512342380873e-08,4.56925863966661e-07,3.2418650389464507e-08,6.602241437940624e-12,5.2836756855666325e-06,5.969723613537421e-16,8.70219383727556e-08,8.702193896972798e-08
pynucastro,50.0,0.1428571428571428,7.0,188.41498492412865,1.02989636430243,1029896364.30243,2.188464170697559e-05,5.948970531042383e-10,5.948970531042387,1.0000000000000029,2.0736911454353322e-13,2.0736911454353322e-13,0.7500996262439021,0.7500996262439021,2.3653819227545468e-08,4.7307638455090937e-08,4.70157844865412e-12,1.410473534596236e-11,3.962850394597212e-06,1.1888551183791634e-05,0.0624719949774114,0.2498879799096457,4.2652133454331485e-16,2.985649341803204e-15,6.542475963826245e-08,4.5797331746783713e-07,3.1534236786640126e-08,6.267938663290784e-12,5.283098745750678e-06,5.686195801471141e-16,8.722142679349765e-08,8.722142736211722e-08
pynucastro,50.0,0.1428571428571428,7.0,190.47498300138977,1.024439550449127,1024439550.4491272,2.1526691797214905e-05,5.945675929221101e-10,5.9456759292211006,1.0000000000000029,1.9492759089942745e-13,1.9492759089942745e-13,0.7500996265188212,0.7500996265188212,2.301646560729979e-08,4.603293121459958e-08,4.466460306757813e-12,1.3399380920273436e-11,3.962429095714153e-06,1.1887287287142458e-05,0.0624719952877789,0.2498879811511157,4.0653923933927597e-16,2.845774675374932e-15,6.55708928964069e-08,4.589962502748483e-07,3.068454481722405e-08,5.954489442271095e-12,5.28253708657823e-06,5.4198032496830655e-16,8.741624522694205e-08,8.741624576892238e-08
pynucastro,50.0,0.1428571428571428,7.0,192.55750366134288,1.018986465964089,1018986465.964089,2.1175353774138304e-05,5.943036249278815e-10,5.943036249278815,1.0000000000000029,1.833503615462503e-13,1.833503615462503e-13,0.7500996267860393,0.7500996267860393,2.240393700390788e-08,4.480787400781576e-08,4.245868320941039e-12,1.2737604962823115e-11,3.962018946770022e-06,1.1886056840310065e-05,0.0624719955852944,0.2498879823411777,3.877561932385403e-16,2.7142933526697818e-15,6.571359254883409e-08,4.5999514784183853e-07,2.986794847492765e-08,5.660405857197078e-12,5.28199029207111e-06,5.169395896115349e-16,8.760648612824657e-08,8.760648664518617e-08
pynucastro,50.0,0.1428571428571428,7.0,194.6627931502036,1.0135372340752005,1013537234.0752004,2.083049935159071e-05,5.94105412863671e-10,5.941054128636712,1.0000000000000024,1.7257027365630638e-13,1.7257027365630638e-13,0.7500996270457884,0.7500996270457884,2.1815079579461065e-08,4.3630159158922123e-08,4.038775086992541e-12,1.2116325260977625e-11,3.961619646236244e-06,1.1884858938708731e-05,0.0624719958705843,0.2498879834823374,3.700882209581167e-16,2.590617546706817e-15,6.585292679389392e-08,4.609704875572574e-07,2.9082909513471072e-08,5.384318217699903e-12,5.281457960242946e-06,4.933854219014635e-16,8.779224041645078e-08,8.77922409098362e-08
pynucastro,50.0,0.1428571428571428,7.0,196.79110040647203,1.008091979089787,1008091979.0897872,2.049200280280761e-05,5.939732417530745e-10,5.939732417530749,1.0000000000000029,1.6252586395077425e-13,1.6252586395077425e-13,0.7500996272982924,0.7500996272982924,2.1248801008035007e-08,4.2497602016070015e-08,3.844233642886493e-12,1.153270092865948e-11,3.961230902537662e-06,1.1883692707612984e-05,0.062471996144241,0.2498879845769641,3.534591452725342e-16,2.4742140169077395e-15,6.598896270251043e-08,4.6192273891757293e-07,2.8327971691665685e-08,5.124964075415752e-12,5.280939702376892e-06,4.7121626569209585e-16,8.797359750755958e-08,8.797359797877583e-08
pynucastro,50.0,0.1428571428571428,7.0,198.9426770903684,1.002650826373591,1002650826.373591,2.015974090907764e-05,5.939074182538493e-10,5.9390741825384925,1.0000000000000029,1.5316087306110505e-13,1.5316087306110505e-13,0.7500996275437664,0.7500996275437664,2.0704066933612733e-08,4.1408133867225474e-08,3.661370841560643e-12,1.0984112524681928e-11,3.960852433622512e-06,1.1882557300867535e-05,0.0624719964068246,0.2498879856272984,3.3779844624064516e-16,2.364589123684517e-15,6.612176623204331e-08,4.628523636243032e-07,2.760175605127161e-08,4.8811793888632636e-12,5.280435142452336e-06,4.503381068815895e-16,8.815064533302318e-08,8.815064578336127e-08
pynucastro,50.0,0.1428571428571428,7.0,200.0,1.0,1000000000.0,2e-05,5.93899483439953e-10,5.938994834399531,1.0000000000000029,1.4882645420260172e-13,1.4882645420260172e-13,0.7500996276609393,0.7500996276609393,2.0446044273550522e-08,4.0892088547101044e-08,3.5762215950537293e-12,1.0728664785161187e-11,3.960671587272251e-06,1.1882014761816754e-05,0.0624719965309699,0.2498879861238798,3.3049580043921193e-16,2.3134706030744832e-15,6.618535049520982e-08,4.632974534664688e-07,2.7257771527374444e-08,4.767662138702269e-12,5.280194045186965e-06,4.406025389851318e-16,8.8235413076524e-08,8.823541351712654e-08
pynucastro,50.0,0.1428571428571428,7.0,201.11777761359065,0.9972164735396976,997216473.5396976,1.983350289145844e-05,5.939009815320784e-10,5.939009815320788,1.0000000000000029,1.444238549498753e-13,1.444238549498753e-13,0.7500996277824175,0.7500996277824175,2.0179897612268124e-08,4.0359795224536255e-08,3.489380984113749e-12,1.0468142952341249e-11,3.960483966240199e-06,1.1881451898720596e-05,0.0624719966588649,0.2498879866354597,3.2304058116961173e-16,2.261284068187282e-15,6.625140239517437e-08,4.6375981676622043e-07,2.690295644050331e-08,4.651890035500616e-12,5.279943916182055e-06,4.306635668179755e-16,8.832347056488873e-08,8.83234709955523e-08
pynucastro,50.0,0.1428571428571428,7.0,203.3166591693964,0.991803616943677,991803616.9436772,1.951266874902994e-05,5.939126294083245e-10,5.939126294083249,1.0000000000000029,1.3626866905471972e-13,1.3626866905471972e-13,0.7500996280144474,0.7500996280144474,1.9675366940488577e-08,3.9350733880977154e-08,3.327520701880968e-12,9.982562105642903e-12,3.9601252324667885e-06,1.1880375697400366e-05,0.0624719969008611,0.2498879876034445,3.091211988126614e-16,2.163848391688631e-15,6.637793694375465e-08,4.646455586062826e-07,2.6230338218631432e-08,4.4361049887320796e-12,5.279465666380138e-06,4.121068552332459e-16,8.849216086063196e-08,8.84921612727388e-08
pynucastro,50.0,0.1428571428571428,7.0,205.53958176301475,0.9864144350588698,986414435.0588698,1.919707134738288e-05,5.939360327377874e-10,5.939360327377878,1.0000000000000029,1.2865323762062674e-13,1.2865323762062674e-13,0.7500996282400522,0.7500996282400522,1.918959865244942e-08,3.837919730489884e-08,3.1751030361326173e-12,9.525309108397852e-12,3.959775968761904e-06,1.1879327906285713e-05,0.0624719971332837,0.249887988533135,2.9598495051022195e-16,2.0718946535715537e-15,6.650143657464089e-08,4.655100560224862e-07,2.5582733186355122e-08,4.232908425221214e-12,5.279000041704685e-06,3.945941837148848e-16,8.865680513756849e-08,8.865680553216268e-08
pynucastro,50.0,0.1428571428571428,7.0,207.7868082423917,0.9810487711304698,981048771.1304698,1.888662752083742e-05,5.939714531412488e-10,5.939714531412488,1.0000000000000029,1.2153791761184306e-13,1.2153791761184306e-13,0.750099628459421,0.750099628459421,1.8721761366190945e-08,3.744352273238189e-08,3.0314930288493377e-12,9.094479086548013e-12,3.959435919556655e-06,1.1878307758669966e-05,0.0624719973565786,0.2498879894263146,2.83581170092416e-16,1.985068190646912e-15,6.662196682517396e-08,4.663537677762177e-07,2.4959032981581804e-08,4.041453846705026e-12,5.278546701441078e-06,3.7805800634089663e-16,8.881749076719891e-08,8.881749114525691e-08
pynucastro,50.0,0.1428571428571428,7.0,210.0586043292685,0.9757064703231242,975706470.3231242,1.858125533769393e-05,5.940191530205762e-10,5.9401915302057615,1.0000000000000029,1.148859208065451e-13,1.148859208065451e-13,0.7500996286727368,0.7500996286727368,1.8271065697522145e-08,3.654213139504429e-08,2.8961032732821583e-12,8.688309819846475e-12,3.959104837389385e-06,1.1877314512168155e-05,0.0624719975711686,0.2498879902846745,2.718624983952792e-16,1.9030374887669543e-15,6.673959184596374e-08,4.671771429217462e-07,2.4358185231809626e-08,3.860958148195148e-12,5.278105315682958e-06,3.624351859450005e-16,8.897430327229474e-08,8.89743036347299e-08
pynucastro,50.0,0.1428571428571428,7.0,212.3552386506032,0.970387379701238,970387379.7012382,1.8280874084335583e-05,5.940793956121727e-10,5.940793956121727,1.0000000000000029,1.086633978465906e-13,1.086633978465906e-13,0.7500996288801756,0.7500996288801756,1.7836762585102103e-08,3.5673525170204206e-08,2.768390535739803e-12,8.305171607219409e-12,3.958782482433672e-06,1.1876347447301017e-05,0.0624719977774543,0.2498879911098172,2.607852540427605e-16,1.825496778299324e-15,6.685437455384483e-08,4.679806218769139e-07,2.377919132119905e-08,3.690697114292318e-12,5.277675564702973e-06,3.4766748842695347e-16,8.91273265308127e-08,8.91273268784802e-08
pynucastro,50.0,0.1428571428571428,7.0,214.67698277033296,0.9650913482094768,965091348.2094768,1.7985404249474357e-05,5.941524450416649e-10,5.941524450416649,1.0000000000000029,1.0283915134858397e-13,1.0283915134858397e-13,0.7500996290819081,0.7500996290819081,1.7418140454964176e-08,3.483628090992835e-08,2.647851567464475e-12,7.943554702393425e-12,3.9584686220602615e-06,1.1875405866180785e-05,0.0624719979758156,0.2498879919032627,2.503086669986094e-16,1.7521606689902657e-15,6.696637668459845e-08,4.687646367921891e-07,2.3221102610440283e-08,3.5299998357622696e-12,5.277257138368764e-06,3.33700560957452e-16,8.927664284618112e-08,8.92766431798817e-08
pynucastro,50.0,0.1428571428571428,7.0,217.0241112214869,0.9598182266534522,959818226.6534522,1.769476750854026e-05,5.94238566379848e-10,5.94238566379848,1.0000000000000029,9.73844425389254e-14,9.73844425389254e-14,0.7500996292780986,0.7500996292780986,1.7014523280687205e-08,3.4029046561374416e-08,2.534020049684294e-12,7.602060149052882e-12,3.958163030674678e-06,1.1874489092024034e-05,0.0624719981666132,0.2498879926664531,2.4039489108132167e-16,1.6827642375692517e-15,6.707565876758499e-08,4.69529611373095e-07,2.26830178506582e-08,3.378244636813184e-12,5.276849735926471e-06,3.204839486624989e-16,8.942233291348124e-08,8.94223332339652e-08
pynucastro,50.0,0.1428571428571428,7.0,219.39690153864555,0.9545678676806002,954567867.6806002,1.740888670821438e-05,5.943380256998961e-10,5.943380256998959,1.0000000000000029,9.22728282594122e-14,9.22728282594122e-14,0.7500996294689061,0.7500996294689061,1.6625268955209872e-08,3.3250537910419744e-08,2.426463960765703e-12,7.27939188229711e-12,3.957865489543581e-06,1.1873596468630744e-05,0.0624719983501889,0.2498879934007559,2.310088099918692e-16,1.617061669943084e-15,6.718228012534966e-08,4.702759608774475e-07,2.2164081012786368e-08,3.234855565098353e-12,5.276453065769241e-06,3.079708360280495e-16,8.956447581892128e-08,8.95644761268921e-08
pynucastro,50.0,0.1428571428571428,7.0,221.79563429076023,0.949340125761236,949340125.761236,1.712768585110566e-05,5.944510901358551e-10,5.944510901358551,1.0000000000000029,8.747991551788643e-14,8.747991551788643e-14,0.7500996296544846,0.7500996296544846,1.6249766645662922e-08,3.2499533291325845e-08,2.3247820953552768e-12,6.9743462860658295e-12,3.957575786320644e-06,1.187272735896193e-05,0.0624719985268674,0.2498879941074699,2.22117733194831e-16,1.5548241323638173e-15,6.728629894926406e-08,4.710040926448485e-07,2.1663477761144865e-08,3.099297751188241e-12,5.276066844805144e-06,2.9611764146203383e-16,8.970314914067866e-08,8.97031494367963e-08
pynucastro,50.0,0.1428571428571428,7.0,224.2205931143268,0.9441348571697946,944134857.1697946,1.685109008057192e-05,5.94578027942432e-10,5.94578027942432,1.0000000000000029,8.298319777508753e-14,8.298319777508753e-14,0.7500996298349827,0.7500996298349827,1.5887434822439512e-08,3.1774869644879025e-08,2.2286013915328722e-12,6.685804174598617e-12,3.957293714745398e-06,1.1871881144236194e-05,0.0624719986969574,0.2498879947878297,2.1369116508424442e-16,1.495838155589711e-15,6.738777233411237e-08,4.717144063387864e-07,2.1180432825882945e-08,2.9710738452479318e-12,5.275690798055692e-06,2.8488370955636275e-16,8.983842899500864e-08,8.983842927989234e-08
pynucastro,50.0,0.1428571428571428,7.0,226.672064746925,0.9389519199662452,938951919.9662452,1.6579025665685003e-05,5.947191085560961e-10,5.9471910855609655,1.0000000000000029,7.876196717822978e-14,7.876196717822978e-14,0.7500996300105439,0.7500996300105439,1.5537720824674163e-08,3.1075441649348325e-08,2.137575865518033e-12,6.412727596554098e-12,3.957019074729418e-06,1.1871057224188252e-05,0.0624719988607516,0.2498879954430066,2.0570080258382239e-16,1.4399056180867565e-15,6.748675622440587e-08,4.72407293570841e-07,2.0714209423694493e-08,2.849722596834217e-12,5.275324658770723e-06,2.742313078876347e-16,8.997038996467338e-08,8.997039023890469e-08
pynucastro,50.0,0.1428571428571428,7.0,229.15033906112305,0.933791173977684,933791173.977684,1.631141998634025e-05,5.948746026575081e-10,5.948746026575085,1.0000000000000029,7.479712310309136e-14,7.479712310309136e-14,0.7500996301813075,0.7500996301813075,1.5200099180433124e-08,3.0400198360866255e-08,2.0513843709329975e-12,6.1541531127989924e-12,3.956751672106882e-06,1.1870255016320643e-05,0.062471999018528,0.2498879960741121,1.9812036942110235e-16,1.3868425859477164e-15,6.758330543950656e-08,4.7308313807654594e-07,2.026410701836913e-08,2.734815867643015e-12,5.274968168095871e-06,2.6412540607867573e-16,9.009910513243544e-08,9.009910539656084e-08
pynucastro,50.0,0.1428571428571428,7.0,231.65570909875453,0.9286524807800934,928652480.7800934,1.6048201518510158e-05,5.95044782235294e-10,5.950447822352944,1.0000000000000024,7.10709942465607e-14,7.10709942465607e-14,0.750099630347408,0.750099630347408,1.4874069441469651e-08,2.9748138882939303e-08,1.969727985572321e-12,5.909183956716963e-12,3.956491318238565e-06,1.1869473954715695e-05,0.0624719991705508,0.2498879966822033,1.9092526846747683e-16,1.3364768792723379e-15,6.76774737362111e-08,4.737423161534776e-07,1.98294584341826e-08,2.625955147664908e-12,5.274621074544617e-06,2.5453321231347623e-16,9.022464616449193e-08,9.022464641902516e-08
pynucastro,50.0,0.1428571428571428,7.0,234.18847110556712,0.923535703680279,923535703.680279,1.5789299819642574e-05,5.952299206511818e-10,5.952299206511817,1.0000000000000029,6.756725631480626e-14,6.756725631480626e-14,0.750099630508976,0.750099630508976,1.4559154922064432e-08,2.9118309844128864e-08,1.892328400749072e-12,5.676985202247216e-12,3.9562378298368e-06,1.18687134895104e-05,0.0624719993170712,0.2498879972682849,1.8409258606520722e-16,1.2886481024564504e-15,6.776931382274756e-08,4.74385196759233e-07,1.9409628174573812e-08,2.522769407931908e-12,5.274283133764933e-06,2.454241791057705e-16,9.034708332913464e-08,9.034708357455882e-08
pynucastro,50.0,0.1428571428571428,7.0,236.74892456625395,0.9184407076979652,918440707.6979651,1.5534645514202814e-05,5.954302927065202e-10,5.954302927065206,1.0000000000000029,6.42708336889951e-14,6.42708336889951e-14,0.7500996306661372,0.7500996306661372,1.4254901687292381e-08,2.8509803374584762e-08,1.8189266091094792e-12,5.456779827328438e-12,3.955991028845846e-06,1.186797308653754e-05,0.062471999458328,0.249887997833312,1.7760106981332452e-16,1.2432074886932716e-15,6.785887736110461e-08,4.750121415277323e-07,1.9004011073346488e-08,2.424913351169303e-12,5.273954108379802e-06,2.367699736841668e-16,9.04664854998549e-08,9.046648573662489e-08
pynucastro,50.0,0.1428571428571428,7.0,239.33737223986424,0.9133673595480624,913367359.5480624,1.528417027936023e-05,5.956461747102026e-10,5.956461747102026,1.0000000000000029,6.116777420157614e-14,6.116777420157614e-14,0.7500996308190138,0.7500996308190138,1.3960877347973435e-08,2.792175469594687e-08,1.749281433469582e-12,5.247844300408746e-12,3.955750742262117e-06,1.1867252226786352e-05,0.0624719995945481,0.2498879983781925,1.714306762069824e-16,1.2000147334488769e-15,6.79462149844527e-08,4.756235048911689e-07,1.8612030688149962e-08,2.332065450505006e-12,5.273633767747544e-06,2.285438749247241e-16,9.058292017856886e-08,9.058292040711277e-08
pynucastro,50.0,0.1428571428571428,7.0,241.9541201956037,0.9083155276230908,908315527.6230907,1.503780683081846e-05,5.958778445480024e-10,5.958778445480024,1.0000000000000029,5.824515863829378e-14,5.824515863829378e-14,0.7500996309677241,0.7500996309677241,1.3676669778947262e-08,2.7353339557894524e-08,1.6831680381546412e-12,5.049504114463924e-12,3.955516801922912e-06,1.1866550405768735e-05,0.0624719997259475,0.2498879989037903,1.6556275550619108e-16,1.1589392885433376e-15,6.803137632380375e-08,4.762196342666262e-07,1.8233137591739132e-08,2.2439259648523488e-12,5.273321887680162e-06,2.2072101980985383e-16,9.069645353115904e-08,9.06964537518801e-08
pynucastro,50.0,0.1428571428571428,7.0,244.59947784902533,0.9032850819757672,903285081.975767,1.4795488908789631e-05,5.961255817533645e-10,5.961255817533645,1.0000000000000029,5.5491030137307024e-14,5.5491030137307024e-14,0.7500996311123828,0.7500996311123828,1.3401886057009713e-08,2.6803772114019426e-08,1.6203767207612066e-12,4.8611301622836196e-12,3.955289044341762e-06,1.1865867133025288e-05,0.0624719998527317,0.2498879994109271,1.5998026308759332e-16,1.119861841613153e-15,6.811441002570525e-08,4.768008701799368e-07,1.786680795607776e-08,2.160215328140104e-12,5.273018250223837e-06,2.1327868519325327e-16,9.080715041106333e-08,9.0807150624342e-08
pynucastro,50.0,0.1428571428571428,7.0,247.27375799861653,0.8982758943017437,898275894.3017437,1.4557151264111969e-05,5.963896675796517e-10,5.963896675796517,1.0000000000000029,5.2894309985104864e-14,5.2894309985104864e-14,0.7500996312531009,0.7500996312531009,1.3136151525652373e-08,2.6272303051304745e-08,1.5607118595768497e-12,4.682135578730549e-12,3.955067310568573e-06,1.186520193170572e-05,0.0624719999750962,0.2498879999003848,1.546665041436298e-16,1.0826655290054086e-15,6.819536376539942e-08,4.773675463577959e-07,1.7512542305489992e-08,2.0806727460584895e-12,5.272722643472468e-06,2.0619461428776755e-16,9.0915074376818e-08,9.091507458301265e-08
pynucastro,50.0,0.1428571428571428,7.0,249.9772768627844,0.8932878379225097,893287837.9225097,1.4322729644510866e-05,5.966703850738845e-10,5.966703850738849,1.0000000000000029,5.0444722133221516e-14,5.0444722133221516e-14,0.7500996313899861,0.7500996313899861,1.2879108829411713e-08,2.5758217658823425e-08,1.503990850458059e-12,4.511972551374176e-12,3.954851446034616e-06,1.1864554338103849e-05,0.0624720000932269,0.2498880003729078,1.4960644158291015e-16,1.0472450910803711e-15,6.827428426448019e-08,4.779199898513612e-07,1.7169864229296895e-08,2.005054778751271e-12,5.272434861361023e-06,1.9944876030092048e-16,9.10202877155975e-08,9.102028791504625e-08
pynucastro,50.0,0.1428571428571428,7.0,252.71035411724867,0.8883207877684361,888320787.7684362,1.4092160781002746e-05,5.96968019151994e-10,5.96968019151994,1.0000000000000029,4.81327371808758e-14,4.81327371808758e-14,0.7500996315231427,0.7500996315231427,1.2630416983495097e-08,2.52608339669902e-08,1.4500431227310156e-12,4.350129368193047e-12,3.95464130039764e-06,1.186392390119292e-05,0.0624720002073011,0.2498880008292046,1.447861979040878e-16,1.0135033853286148e-15,6.835121731014767e-08,4.784585211710337e-07,1.6838319141482488e-08,1.933134028857709e-12,5.2721547034590535e-06,1.930226223549621e-16,9.112285146888364e-08,9.112285166190625e-08
pynucastro,50.0,0.1428571428571428,7.0,255.4733129328397,0.8833746203619778,883374620.3619778,1.386538237444168e-05,5.972828566756067e-10,5.972828566756067,1.000000000000003,4.5949511693592997e-14,4.5949511693592997e-14,0.750099631652672,0.750099631652672,1.2389750537158872e-08,2.4779501074317745e-08,1.398709273302275e-12,4.196127819906825e-12,3.954436727404374e-06,1.1863310182213122e-05,0.0624720003174875,0.2498880012699502,1.4019183011598544e-16,9.81342810811898e-16,6.842620777156177e-08,4.789834544009322e-07,1.6517473165345924e-08,1.864697987146776e-12,5.271881974787379e-06,1.868976122639935e-16,9.12228254542671e-08,9.122282564116472e-08
pynucastro,50.0,0.1428571428571428,7.0,258.26648001371257,0.8784492138010177,878449213.8010178,1.3642333082208134e-05,5.976151865304014e-10,5.976151865304014,1.000000000000003,4.3886831735138246e-14,4.3886831735138246e-14,0.7500996317786721,0.7500996317786721,1.2156798809214856e-08,2.4313597618429712e-08,1.349840284133258e-12,4.049520852399774e-12,3.954237584766484e-06,1.1862712754299452e-05,0.0624720004239468,0.2498880016957872,1.3581140827120916e-16,9.50679857898464e-16,6.84992996139124e-08,4.794950972973868e-07,1.6206912114312168e-08,1.799547989288373e-12,5.271616485652721e-06,1.8105782554401024e-16,9.132026828420592e-08,9.132026846526374e-08
pynucastro,50.0,0.1428571428571428,7.0,261.0901856359776,0.873544447742361,873544447.742361,1.3422952505039724e-05,5.97965299706051e-10,5.979652997060513,1.0000000000000029,4.1937066406127405e-14,4.1937066406127405e-14,0.7500996319012384,0.7500996319012384,1.193126511406838e-08,2.3862530228136773e-08,1.3032967568374825e-12,3.9098902705124456e-12,3.954043734026663e-06,1.1862131202079989e-05,0.062472000526832,0.2498880021073282,1.3163298762219203e-16,9.214309133553442e-16,6.857053591601812e-08,4.799937514121269e-07,1.5906240460119713e-08,1.7374981954518284e-12,5.271358051469182e-06,1.754873379800877e-16,9.141523738948646e-08,9.14152375649738e-08
pynucastro,50.0,0.1428571428571428,7.0,263.94476368675475,0.8686602033853662,868660203.3853662,1.320718117400306e-05,5.98333489377786e-10,5.983334893777863,1.000000000000003,4.009312183240026e-14,4.009312183240026e-14,0.7500996320204631,0.7500996320204631,1.1712866038078956e-08,2.342573207615791e-08,1.258948216455921e-12,3.776844649367763e-12,3.95385504043167e-06,1.1861565121295007e-05,0.0624720006262891,0.2498880025051565,1.276456872436126e-16,8.935198107052882e-16,6.863995888736588e-08,4.804797122115612e-07,1.5615080368096253e-08,1.6783746621296518e-12,5.271106492588982e-06,1.7017164359858043e-16,9.15077890419407e-08,9.150778921211237e-08
pynucastro,50.0,0.1428571428571428,7.0,266.830551703652,0.8637963634557265,863796363.4557265,1.2994960537606942e-05,5.987200509896053e-10,5.987200509896053,1.000000000000003,3.8348398615002045e-14,3.8348398615002045e-14,0.7500996321364359,0.7500996321364359,1.1501330750781972e-08,2.3002661501563944e-08,1.2166724724694749e-12,3.650017417408425e-12,3.953671372804949e-06,1.1861014118414846e-05,0.0624720007224571,0.2498880028898287,1.2383924710075443e-16,8.668747297052809e-16,6.870760988690356e-08,4.809532692083248e-07,1.533307077890953e-08,1.6220144902673065e-12,5.270861634132643e-06,1.650970641700425e-16,9.159797837949921e-08,9.159797854459624e-08
pynucastro,50.0,0.1428571428571428,7.0,269.74789091467807,0.8589528121893814,858952812.1893814,1.2786232949055584e-05,5.991252823391651e-10,5.991252823391651,1.0000000000000029,3.66967558549025e-14,3.66967558549025e-14,0.7500996322492439,0.7500996322492439,1.1296400396511842e-08,2.2592800793023683e-08,1.1763550458573852e-12,3.529065137572156e-12,3.953492603444866e-06,1.1860477810334596e-05,0.0624720008154688,0.2498880032618752,1.2020398150037835e-16,8.414278705026486e-16,6.87735294350426e-08,4.814147060452982e-07,1.5059866597505893e-08,1.568265061442538e-12,5.270623305853315e-06,1.6025068715196602e-16,9.168585942219266e-08,9.168585958244337e-08
pynucastro,50.0,0.1428571428571428,7.0,272.69712627859195,0.8541294353165674,854129435.3165674,1.2580941653641836e-05,5.99549483664383e-10,5.995494836643831,1.0000000000000029,3.5132479156501395e-14,3.5132479156501395e-14,0.7500996323589716,0.7500996323589716,1.109782760767274e-08,2.219565521534548e-08,1.1378886951731796e-12,3.413666085519539e-12,3.953318608059663e-06,1.1859955824178987e-05,0.0624720009054504,0.2498880036218016,1.1673087250254086e-16,8.17116107517786e-16,6.883775721626645e-08,4.818643005138651e-07,1.4795138044224112e-08,1.516983406050552e-12,5.270391342050068e-06,1.556204902213277e-16,9.17714850756294e-08,9.177148523124989e-08
pynucastro,50.0,0.1428571428571428,7.0,275.67860652569016,0.8493261200460076,849326120.0460076,1.2379030776279851e-05,5.999929577317785e-10,5.999929577317787,1.0000000000000029,3.365024455869732e-14,3.365024455869732e-14,0.7500996324657012,0.7500996324657012,1.0905375851312008e-08,2.1810751702624013e-08,1.1011728637555282e-12,3.303518591266585e-12,3.953149265629705e-06,1.1859447796889116e-05,0.0624720009925225,0.2498880039700903,1.134114153265832e-16,7.938799072860824e-16,6.890033210369478e-08,4.823023247258635e-07,1.4538569783675586e-08,1.4680354663497053e-12,5.270165581384237e-06,1.5119513517661803e-16,9.185490716374309e-08,9.18549073149382e-08
pynucastro,50.0,0.1428571428571428,7.0,278.6926841990434,0.8445427550492285,844542755.0492284,1.218044530917631e-05,6.00456009926596e-10,6.0045600992659605,1.0000000000000029,3.224508653443177e-14,3.224508653443177e-14,0.7500996325695123,0.7500996325695123,1.0718818779786068e-08,2.1437637559572133e-08,1.0661131535637005e-12,3.1983394606911014e-12,3.952984458260686e-06,1.1858953374782058e-05,0.0624720010768003,0.2498880043072015,1.102376129062926e-16,7.716632903440486e-16,6.896129218755957e-08,4.82729045312917e-07,1.4289860059080546e-08,1.4212953950019473e-12,5.2699458666837295e-06,1.4696396067901923e-16,9.193617646675606e-08,9.193617661372002e-08
pynucastro,50.0,0.1428571428571428,7.0,281.7397156961824,0.8397792304450106,839779230.4450105,1.1985131099639848e-05,6.009389483447362e-10,6.009389483447362,1.0000000000000029,3.0912377104036326e-14,3.0912377104036326e-14,0.7500996326704822,0.7500996326704822,1.0537939874290941e-08,2.1075879748581882e-08,1.0326209841161082e-12,3.0978629523483245e-12,3.9528240711478245e-06,1.1858472213443472e-05,0.0624720011583936,0.2498880046335745,1.0720196535057996e-16,7.504137574540598e-16,6.902067477190626e-08,4.831447234033439e-07,1.404872021703848e-08,1.3766451003846008e-12,5.269732044895288e-06,1.4291696820184106e-16,9.201534271678141e-08,9.201534285969838e-08
pynucastro,50.0,0.1428571428571428,7.0,284.8200613112405,0.8350354377839647,835035437.7839648,1.179303483802782e-05,6.014420838865399e-10,6.014420838865399,1.0000000000000029,2.9647798700142166e-14,2.9647798700142166e-14,0.7500996327686862,0.7500996327686862,1.0362531915792576e-08,2.0725063831585163e-08,1.0006131702190218e-12,3.001839510657065e-12,3.952667992461892e-06,1.1858003977385675e-05,0.0624720012374071,0.2498880049496284,1.0429739531179984e-16,7.30081767182599e-16,6.907851639524963e-08,4.835496147667473e-07,1.3814874002195582e-08,1.3339736836367557e-12,5.269523966932545e-06,1.3904472253482996e-16,9.209245462536025e-08,9.209245476440497e-08
pynucastro,50.0,0.1428571428571428,7.0,287.93408527755525,0.8303112700332407,830311270.0332407,1.1604104045830114e-05,6.019657303524545e-10,6.019657303524545,1.0000000000000029,2.844732217171205e-14,2.844732217171205e-14,0.7500996328641972,0.7500996328641972,1.0192396608535325e-08,2.0384793217070653e-08,9.700115943058732e-13,2.9100347829176195e-12,3.952516113294044e-06,1.1857548339882132e-05,0.0624720013139408,0.2498880052557634,1.015172679147616e-16,7.106208754033314e-16,6.91348528342052e-08,4.839439698394364e-07,1.35880570553227e-08,1.293177001836355e-12,5.269321487602478e-06,1.3533837835265406e-16,9.216755988830329e-08,9.216756002364168e-08
pynucastro,50.0,0.1428571428571428,7.0,291.08215581073824,0.8256066215613533,825606621.5613533,1.1418287063888797e-05,6.025102045406297e-10,6.025102045406297,1.000000000000003,2.7307179226122923e-14,2.7307179226122923e-14,0.7500996329570868,0.7500996329570868,1.0027343884909661e-08,2.0054687769819322e-08,9.40742731307183e-13,2.822228193921549e-12,3.95236832745221e-06,1.1857104982356631e-05,0.0624720013880904,0.2498880055523618,9.885531944474842e-17,6.91987236113239e-16,6.918971915324435e-08,4.843280340727105e-07,1.3368015986595376e-08,1.254157034577569e-12,5.269124465333961e-06,1.3178958514488958e-16,9.224070525202176e-08,9.224070538381137e-08
pynucastro,50.0,0.1428571428571428,7.0,294.26464515221323,0.8209213881231386,820921388.1231387,1.1235533040753414e-05,6.03075826346476e-10,6.03075826346476,1.0000000000000029,2.622385522034873e-14,2.622385522034873e-14,0.7500996330474231,0.7500996330474231,9.867191765255716e-09,1.9734383530511432e-08,9.127374770546e-13,2.7382124311638002e-12,3.9522245314930166e-06,1.185667359447905e-05,0.0624720014599472,0.2498880058397888,9.63056122149524e-17,6.741392855046668e-16,6.924314968381473e-08,4.847020477867031e-07,1.3154508188690032e-08,1.216821655206562e-12,5.2689327622203324e-06,1.2839042704726094e-16,9.23119364856922e-08,9.23119366140826e-08
pynucastro,50.0,0.1428571428571428,7.0,297.48192961323235,0.8162554668448262,816255466.8448262,1.105579192117078e-05,6.036629188642324e-10,6.036629188642324,1.000000000000003,2.5194064370856813e-14,2.5194064370856813e-14,0.7500996331352741,0.7500996331352741,9.711766012923433e-09,1.9423532025846865e-08,8.859308716267592e-13,2.6577926148802777e-12,3.952084624661946e-06,1.185625387398584e-05,0.0624720015295982,0.249888006118393,9.386269320578936e-17,6.570388524405255e-16,6.929517803131762e-08,4.850662462192233e-07,1.2947301376925213e-08,1.1810842619982846e-12,5.268746243939599e-06,1.251336343326301e-16,9.238129839055773e-08,9.238129851569137e-08
pynucastro,50.0,0.1428571428571428,7.0,300.73438961937234,0.8116087562092336,811608756.2092335,1.087901443470882e-05,6.042718084905857e-10,6.042718084905856,1.0000000000000029,2.4214730711141132e-14,2.4214730711141132e-14,0.7500996332207043,0.7500996332207043,9.560899600655726e-09,1.912179920131145e-08,8.602617407646262e-13,2.5807852222938786e-12,3.951948508742378e-06,1.1855845526227136e-05,0.0624720015971269,0.2498880063885077,9.152120017506603e-17,6.406484012254623e-16,6.934583711083153e-08,4.854208597758207e-07,1.2746172877867e-08,1.1468633001071053e-12,5.268564779553203e-06,1.2201205829431123e-16,9.244883484755374e-08,9.24488349695658e-08
pynucastro,50.0,0.1428571428571428,7.0,304.0224097555188,0.8069811560410753,806981156.0410753,1.0705152084513428e-05,6.049028250303833e-10,6.049028250303835,1.0000000000000029,2.3282979435988686e-14,2.3282979435988686e-14,0.7500996333037777,0.7500996333037777,9.414432422176105e-09,1.8828864844352213e-08,8.356724787577098e-13,2.5070174362731293e-12,3.951816088004872e-06,1.1855448264014616e-05,0.0624720016626128,0.2498880066504513,8.927618801213793e-17,6.249333160849655e-16,6.939515915330665e-08,4.857661140731466e-07,1.2550909244830169e-08,1.1140819721201977e-12,5.268388241438392e-06,1.190191063271492e-16,9.251458882556576e-08,9.251458894458486e-08
pynucastro,50.0,0.1428571428571428,7.0,307.3463788113392,0.8023725674923933,802372567.4923933,1.0534157136197893e-05,6.055563018044922e-10,6.055563018044927,1.0000000000000029,2.2396117576012945e-14,2.2396117576012945e-14,0.7500996333845557,0.7500996333845557,9.272211001041437e-09,1.8544422002082883e-08,8.121088326080748e-13,2.436326497824223e-12,3.951687269152201e-06,1.1855061807456604e-05,0.0624720017261321,0.2498880069045284,8.712325735196169e-17,6.098628014637318e-16,6.944317571324321e-08,4.861022299927025e-07,1.2361305869733477e-08,1.082667950314446e-12,5.268216505214952e-06,1.1614891339014423e-16,9.257860239166601e-08,9.257860250781492e-08
pynucastro,50.0,0.1428571428571428,7.0,310.7066898272573,0.797782893028094,797782893.028094,1.0365982606863644e-05,6.06232575759843e-10,6.062325757598431,1.0000000000000029,2.1551623280922533e-14,2.1551623280922533e-14,0.7500996334630983,0.7500996334630983,9.134088144304782e-09,1.8268176288609564e-08,7.8951966593742e-13,2.368558997812259e-12,3.951561961234953e-06,1.185468588370486e-05,0.0624720017877575,0.24988800715103,8.505767833257912e-17,5.95403748328054e-16,6.948991768594328e-08,4.86429423801603e-07,1.2177166521378043e-08,1.0525530619076896e-12,5.268049449632685e-06,1.133951738382813e-16,9.264091673411264e-08,9.26409168475078e-08
pynucastro,50.0,0.1428571428571428,7.0,314.103740140926,0.7932120364116056,793212036.4116056,1.020058225425196e-05,6.069319875817147e-10,6.069319875817148,1.0000000000000029,2.0747134722512385e-14,2.0747134722512385e-14,0.7500996335394641,0.7500996335394641,8.999922658569373e-09,1.799984531713875e-08,7.678567647242107e-13,2.303570294172632e-12,3.951440075589029e-06,1.1854320226767089e-05,0.0624720018475586,0.2498880073902346,8.307550176983145e-17,5.815285123888202e-16,6.9535415318782e-08,4.867479072314741e-07,1.1998302966902958e-08,1.0236730300759605e-12,5.267886956488077e-06,1.1075262279202367e-16,9.270157217737613e-08,9.270157228812877e-08
pynucastro,50.0,0.1428571428571428,7.0,317.5379314342112,0.7886599026906401,788659902.6906401,1.0037910566025417e-05,6.076548818083136e-10,6.076548818083136,1.0000000000000029,1.9980437202065702e-14,1.9980437202065702e-14,0.7500996336137097,0.7500996336137097,8.869579080550654e-09,1.7739158161101307e-08,7.470746550032206e-13,2.241223965009662e-12,3.951321525775801e-06,1.18539645773274e-05,0.0624720019056021,0.2498880076224084,8.117268785579235e-17,5.682088149905464e-16,6.95796982220497e-08,4.870578875543479e-07,1.1824534612582356e-08,9.959672309184905e-13,5.267728910544533e-06,1.0821587455619942e-16,9.276060819659354e-08,9.276060830480941e-08
pynucastro,50.0,0.1428571428571428,7.0,321.00966978068806,0.7841263981830676,784126398.1830676,9.877922749178418e-06,6.08401606947689e-10,6.08401606947689,1.0000000000000029,1.924945407907421e-14,1.924945407907421e-14,0.7500996336858902,0.7500996336858902,8.742927405275651e-09,1.7485854810551303e-08,7.271304249626709e-13,2.181391274888013e-12,3.951206227517194e-06,1.1853618682551584e-05,0.0624720019619516,0.2498880078478065,7.93456141400353e-17,5.554192989802471e-16,6.962279538182486e-08,4.873595676727741e-07,1.1655688141472709e-08,9.693784562853985e-13,5.267575199445826e-06,1.0578009983839276e-16,9.281806343473024e-08,9.281806354051033e-08
pynucastro,50.0,0.1428571428571428,7.0,324.5193656936581,0.7796114304628965,779611430.4628965,9.7205747195759e-06,6.09172515597051e-10,6.091725155970513,1.0000000000000029,1.8552237181270923e-14,1.8552237181270923e-14,0.7500996337560595,0.7500996337560595,8.619842838032774e-09,1.7239685676065547e-08,7.079835651030115e-13,2.1239506953090346e-12,3.951094098637135e-06,1.1853282295911404e-05,0.0624720020166681,0.2498880080666725,7.759075105907241e-17,5.431352574135069e-16,6.966473517138158e-08,4.87653146199671e-07,1.1491597182723116e-08,9.438527006843672e-13,5.267425713638027e-06,1.0344059317899328e-16,9.28739757177875e-08,9.287397582122809e-08
pynucastro,50.0,0.1428571428571428,7.0,328.06743417468755,0.775114908346363,775114908.346363,9.565823091619383e-06,6.099679645645417e-10,6.099679645645416,1.0000000000000029,1.7886957745479528e-14,1.7886957745479528e-14,0.7500996338242701,0.7500996338242701,8.500205558084251e-09,1.70004111161685e-08,6.895958185696319e-13,2.068787455708896e-12,3.950985059004769e-06,1.1852955177014307e-05,0.06247200206981,0.24988800827924,7.590473336194019e-17,5.313331335335817e-16,6.97055453624577e-08,4.879388175372038e-07,1.1332101996567084e-08,9.193389617507628e-13,5.26728034629382e-06,1.0119286817266035e-16,9.292838206982513e-08,9.292838217101798e-08
pynucastro,50.0,0.1428571428571428,7.0,331.654294762682,0.7706367418781199,770636741.87812,9.413625168039305e-06,6.107883149935131e-10,6.107883149935136,1.000000000000003,1.7251898697011802e-14,1.7251898697011802e-14,0.7500996338905727,0.7500996338905727,8.383900492008327e-09,1.6767800984016655e-08,6.719310405886635e-13,2.0157931217659888e-12,3.950879030478548e-06,1.1852637091435642e-05,0.062472002121433,0.2498880084857323,7.428457291440776e-17,5.199920104008544e-16,6.974525313665864e-08,4.882167719566104e-07,1.1177049172152246e-08,8.957890528535932e-13,5.267138993237952e-06,9.903294116957891e-17,9.298131872816425e-08,9.29813188271972e-08
pynucastro,50.0,0.1428571428571428,7.0,335.28037158349167,0.7661768423175345,766176842.3175344,9.263938929812935e-06,6.116339324893865e-10,6.116339324893869,1.000000000000003,1.6645446932332988e-14,1.6645446932332988e-14,0.750099633955017,0.750099633955017,8.270817099983855e-09,1.6541634199967713e-08,6.549550684229856e-13,1.964865205268957e-12,3.950775936852805e-06,1.1852327810558417e-05,0.0624720021715909,0.2498880086863636,7.272702338824406e-17,5.090891637177085e-16,6.978388509647859e-08,4.884871956753502e-07,1.1026291342624292e-08,8.73157429726546e-13,5.267001552876015e-06,9.695648430699735e-17,9.30328211580803e-08,9.303282125503681e-08
pynucastro,50.0,0.1428571428571428,7.0,338.94609340006366,0.7617351221250824,761735122.1250824,9.116723026206832e-06,6.125051872491355e-10,6.125051872491355,1.0000000000000029,1.6066086430747222e-14,1.6066086430747222e-14,0.750099634017651,0.750099634017651,8.160849172424365e-09,1.632169834484873e-08,6.38635599821107e-13,1.915906799463321e-12,3.950675703806e-06,1.1852027111418e-05,0.0624720022203347,0.2498880088813388,7.122975308564773e-17,4.9860827159953455e-16,6.982146727616719e-08,4.887502709331702e-07,1.0879686914008452e-08,8.51401028421351e-13,5.266867926125444e-06,9.496038906742296e-17,9.30829240672902e-08,9.308292416225057e-08
pynucastro,50.0,0.1428571428571428,7.0,342.65189366313973,0.7573114949488459,757311494.9488459,8.971936764942891e-06,6.13402454193471e-10,6.134024541934712,1.000000000000003,1.55123918171772e-14,1.55123918171772e-14,0.750099634078522,0.750099634078522,8.053894635567238e-09,1.6107789271134475e-08,6.229420791747276e-13,1.8688262375241826e-12,3.950578258850045e-06,1.1851734776550131e-05,0.0624720022677135,0.2498880090708543,6.978935793092714e-17,4.885255055164902e-16,6.985802515260172e-08,4.890061760682119e-07,1.0737099806029421e-08,8.304791135380246e-13,5.266738016347959e-06,9.304011728610104e-17,9.313166142044649e-08,9.313166151348661e-08
pynucastro,50.0,0.1428571428571428,7.0,346.3982105625109,0.7529058756111068,752905875.6111068,8.8295401024871e-06,6.14326113101793e-10,6.14326113101793,1.000000000000003,1.4983022448174175e-14,1.4983022448174175e-14,0.7500996341376756,0.7500996341376756,7.949855374788276e-09,1.5899710749576553e-08,6.078455941459177e-13,1.823536782437752e-12,3.95048353128638e-06,1.185145059385914e-05,0.0624720023137745,0.2498880092550983,6.840414534759253e-17,4.788290174331478e-16,6.989358365423803e-08,4.892550855796661e-07,1.0598399216562124e-08,8.103531404127465e-13,5.266611729291013e-06,9.119341249410267e-17,9.317906645107037e-08,9.317906654226377e-08
pynucastro,50.0,0.1428571428571428,7.0,350.1854870788288,0.7485181800950417,748518180.0950416,8.689493634460127e-06,6.152765487499661e-10,6.152765487499665,1.0000000000000029,1.4476719086743826e-14,1.4476719086743826e-14,0.7500996341951561,0.7500996341951561,7.848637266179015e-09,1.569727453235803e-08,5.933188349396199e-13,1.7799565048188598e-12,3.950391452311377e-06,1.1851174356934132e-05,0.0624720023585626,0.2498880094342507,6.707122608971558e-17,4.694985826280089e-16,6.992816711749088e-08,4.894971698224361e-07,1.0463459663729161e-08,7.909867008217395e-13,5.266488973228308e-06,8.941642287518491e-17,9.322517160339984e-08,9.322517169281625e-08
pynucastro,50.0,0.1428571428571428,7.0,354.01417103598664,0.7441483255315087,744148325.5315087,8.551758586168577e-06,6.16254151051005e-10,6.162541510510054,1.000000000000003,1.399229340968618e-14,1.399229340968618e-14,0.7500996342510072,0.7500996342510072,7.750149622952174e-09,1.5500299245904348e-08,5.79335889911904e-13,1.738007669735712e-12,3.95030195469005e-06,1.185090586407015e-05,0.062472002402121,0.2498880096084843,6.578844173243415e-17,4.605190921270392e-16,6.996179939594547e-08,4.897325957716181e-07,1.0332160247872788e-08,7.72345250495136e-13,5.266369658524794e-06,8.77062709117643e-17,9.327000867798585e-08,9.32700087656921e-08
pynucastro,50.0,0.1428571428571428,7.0,357.8847151540729,0.7397962301859299,739796230.1859299,8.416296803256086e-06,6.172593151987265e-10,6.1725931519872645,1.000000000000003,1.352861808523978e-14,1.352861808523978e-14,0.750099634305271,0.750099634305271,7.654304418838482e-09,1.5308608837676965e-08,5.658719898022437e-13,1.697615969406731e-12,3.9502149722464455e-06,1.1850644916739336e-05,0.0624720024444916,0.2498880097779665,6.455363887726737e-17,4.5187547214087165e-16,6.999450403593807e-08,4.899615282515665e-07,1.0204383616221548e-08,7.54395768138648e-13,5.266253696957291e-06,8.606008578721116e-17,9.331360906576862e-08,9.33136091518287e-08
pynucastro,50.0,0.1428571428571428,7.0,361.7975771029009,0.7354618134452691,735461813.4452691,8.283070742473332e-06,6.182924418144533e-10,6.1829244181445375,1.0000000000000029,1.3084647262179344e-14,1.3084647262179344e-14,0.750099634357989,0.750099634357989,7.561018016664622e-09,1.5122036033329244e-08,5.529039600518222e-13,1.658711880155467e-12,3.950130441204108e-06,1.1850391323612324e-05,0.0624720024857138,0.2498880099428554,6.336476941458006e-17,4.4355338590206043e-16,7.002630379694447e-08,4.901841265786112e-07,1.0080018267354716e-08,7.371073584445262e-13,5.266141003501527e-06,8.447513705137856e-17,9.33560031086804e-08,9.335600319315554e-08
pynucastro,50.0,0.1428571428571428,7.0,365.7532195561267,0.7311449958050996,731144995.8050996,8.152043462565833e-06,6.19353937096847e-10,6.193539370968474,1.0000000000000029,1.2659388961578056e-14,1.2659388961578056e-14,0.7500996344092008,0.7500996344092008,7.470209911181665e-09,1.4940419822363332e-08,5.404098208264669e-13,1.621229462479401e-12,3.950048299339355e-06,1.1850144898018063e-05,0.0624720025258258,0.2498880101033032,6.221993548923604e-17,4.355395484246523e-16,7.005722094499688e-08,4.904005466149782e-07,9.958956875196198e-09,7.204507188596467e-13,5.26603149520333e-06,8.294889456684269e-17,9.33972204908164e-08,9.339722057376529e-08
pynucastro,50.0,0.1428571428571428,7.0,369.7521102459575,0.7268456988567634,726845698.8567635,8.023178615278642e-06,6.204442129749389e-10,6.204442129749388,1.0000000000000029,1.2251903970533594e-14,1.2251903970533594e-14,0.7500996344589458,0.7500996344589458,7.381802152197895e-09,1.4763604304395792e-08,5.283685978527031e-13,1.5851057935581097e-12,3.949968485605892e-06,1.1849905456817676e-05,0.0624720025648641,0.2498880102594564,6.111726692166696e-17,4.2782086845166884e-16,7.008727738177941e-08,4.906109416724559e-07,9.84109551996044e-09,7.043978874004126e-13,5.265925090678178e-06,8.147886509203733e-17,9.343729041053868e-08,9.343729049201752e-08
pynucastro,50.0,0.1428571428571428,7.0,373.7947220184591,0.7225638452746179,722563845.2746179,7.896440436476844e-06,6.215636872644522e-10,6.215636872644522,1.000000000000003,1.1861309814431548e-14,1.1861309814431548e-14,0.7500996345072619,0.7500996345072619,7.295719859460385e-09,1.4591439718920771e-08,5.167604394732377e-13,1.5502813184197129e-12,3.949890940570482e-06,1.1849672821711446e-05,0.0624720026028638,0.2498880104114555,6.005503534546762e-17,4.203852474182735e-16,7.01164944860421e-08,4.908154614022946e-07,9.726334374570016e-09,6.889223987060017e-13,5.2658217106920105e-06,8.006274444449983e-17,9.34762413690568e-08,9.347624144911952e-08
pynucastro,50.0,0.1428571428571428,7.0,377.8815328894652,0.7182993588033763,718299358.8033762,7.771793737381113e-06,6.22712783827496e-10,6.227127838274964,1.0000000000000029,1.1486772601545198e-14,1.1486772601545198e-14,0.750099634554186,0.750099634554186,7.211890926231455e-09,1.4423781852462912e-08,5.055665041629222e-13,1.5166995124887665e-12,3.949815606250693e-06,1.184944681875208e-05,0.0624720026398588,0.2498880105594354,5.903157149507845e-17,4.1322100046554913e-16,7.014489316661103e-08,4.910142521662771e-07,9.614577309476717e-09,6.739991340795685e-13,5.265721277944929e-06,7.869830723242951e-17,9.351410124109833e-08,9.351410131979665e-08
pynucastro,50.0,0.1428571428571428,7.0,382.013026101103,0.7140521642455276,714052164.2455276,7.649203895916875e-06,6.238919327357152e-10,6.238919327357157,1.0000000000000029,1.1127505450376192e-14,1.1127505450376192e-14,0.7500996345997545,0.7500996345997545,7.130245883451749e-09,1.4260491766903496e-08,4.94768898270062e-13,1.484306694810186e-12,3.949742426063633e-06,1.18492272781909e-05,0.0624720026758813,0.2498880107035254,5.80453023836495e-17,4.0631711668554646e-16,7.01724938767344e-08,4.912074571371407e-07,9.505731711569724e-09,6.596042384876852e-13,5.265623717002843e-06,7.73834564185888e-17,9.355089729403442e-08,9.355089737141788e-08
pynucastro,50.0,0.1428571428571428,7.0,386.18969017893073,0.7098221874488498,709822187.4488498,7.528636848176549e-06,6.2510157043699e-10,6.2510157043699,1.0000000000000029,1.0782765251964532e-14,1.0782765251964532e-14,0.7500996346440023,0.7500996346440023,7.050717809941764e-09,1.4101435619883533e-08,4.843506281795557e-13,1.4530518845386658e-12,3.94967134480689e-06,1.184901403442067e-05,0.0624720027109625,0.24988801084385,5.709473017923036e-17,3.996631112546126e-16,7.019931661713407e-08,4.913952163199384e-07,9.399708364460196e-09,6.457150567863272e-13,5.265528954272063e-06,7.611619515896387e-17,9.3586656191948e-08,9.358665626806421e-08
pynucastro,50.0,0.1428571428571428,7.0,390.412018989705,0.7056093552940033,705609355.2940032,7.410059079993539e-06,6.263421399257748e-10,6.263421399257748,1.0000000000000029,1.0451849929442372e-14,1.0451849929442372e-14,0.750099634686964,0.750099634686964,6.97324221894197e-09,1.394648443788394e-08,4.742955475010835e-13,1.4228866425032505e-12,3.949602308619383e-06,1.1848806925858147e-05,0.062472002745132,0.2498880109805283,5.61784231875822e-17,3.9324896231307534e-16,7.022538094636995e-08,4.915776666245897e-07,9.296421297221516e-09,6.323100633144814e-13,5.265436917947114e-06,7.489461478144423e-17,9.362140400945113e-08,9.362140408434577e-08
pynucastro,50.0,0.1428571428571428,7.0,394.68051179977687,0.7014135956822093,701413595.6822093,7.293437618627022e-06,6.27614090917176e-10,6.27614090917176,1.0000000000000029,1.0134096055459146e-14,1.0134096055459146e-14,0.7500996347286726,0.7500996347286726,6.897756957678631e-09,1.3795513915357262e-08,4.645883099850156e-13,1.3937649299550469e-12,3.949535264948696e-06,1.184860579484609e-05,0.0624720027784188,0.2498880111136753,5.529503143708692e-17,3.870652200596084e-16,7.025070598916186e-08,4.917549419241329e-07,9.195787650494857e-09,6.193687991236888e-13,5.265347537967179e-06,7.371691556294164e-17,9.365516624277929e-08,9.36551663164962e-08
pynucastro,50.0,0.1428571428571428,7.0,398.9956733341286,0.6972348375230104,697234837.5230104,7.178740024556564e-06,6.289178800248613e-10,6.289178800248617,1.0000000000000029,9.828876379571481e-15,9.828876379571481e-15,0.7500996347691609,0.7500996347691609,6.8242021096729e-09,1.36484042193458e-08,4.552143246176676e-13,1.365642973853003e-12,3.949470162518228e-06,1.1848410487554682e-05,0.0624720028108502,0.2498880112434011,5.444325935831898e-17,3.811028155082328e-16,7.027531044492793e-08,4.919271731144955e-07,9.09772754625192e-09,6.0687181211301e-13,5.265260745972308e-06,7.258137030699073e-17,9.368796782117456e-08,9.368796789375593e-08
pynucastro,50.0,0.1428571428571428,7.0,403.35801383605207,0.693073010722115,693073010.722115,7.065934383385565e-06,6.30253970942908e-10,6.302539709429081,1.0000000000000029,9.535597659057081e-15,9.535597659057081e-15,0.7500996348084608,0.7500996348084608,6.7525199022719195e-09,1.3505039804543836e-08,4.461597137219718e-13,1.3384791411659157e-12,3.949406951295724e-06,1.1848220853887173e-05,0.0624720028424529,0.2498880113698118,5.362187998676185e-17,3.7535315990733295e-16,7.029921259603624e-08,4.920944881722537e-07,9.002163964519442e-09,5.948006011706694e-13,5.265176475261466e-06,7.148634327818902e-17,9.371983311788609e-08,9.371983318937242e-08
pynucastro,50.0,0.1428571428571428,7.0,407.768049127485,0.6889280461693185,688928046.1693184,6.95498929785236e-06,6.31622834631687e-10,6.316228346316874,1.0000000000000029,9.253698630266496e-15,9.253698630266496e-15,0.7500996348466029,0.7500996348466029,6.682654618470017e-09,1.3365309236940037e-08,4.374112736756501e-13,1.3122338210269505e-12,3.949345582462655e-06,1.1848036747387963e-05,0.0624720028732523,0.2498880114930092,5.2829722165713456e-17,3.698080551599942e-16,7.03224303159352e-08,4.922570122115464e-07,8.909022625823083e-09,5.831375638052427e-13,5.265094660751709e-06,7.043027314167036e-17,9.375078596100945e-08,9.37507860314397e-08
pynucastro,50.0,0.1428571428571428,7.0,412.2263006700016,0.6847998757265076,684799875.7265075,6.845873879948133e-06,6.330249495079003e-10,6.330249495079007,1.0000000000000029,8.982648083645837e-15,8.982648083645837e-15,0.7500996348836175,0.7500996348836175,6.614552512591202e-09,1.3229105025182405e-08,4.289564379389561e-13,1.2868693138168685e-12,3.949286008384354e-06,1.1847858025153064e-05,0.0624720029032728,0.2498880116130912,5.206567160205394e-17,3.6445970121437757e-16,7.034498107717285e-08,4.9241486754021e-07,8.818231878778997e-09,5.718659468558617e-13,5.265015238938371e-06,6.941167437060842e-17,9.378084964417736e-08,9.378084971358901e-08
pynucastro,50.0,0.1428571428571428,7.0,416.7332956264734,0.6806884322157408,680688432.2157408,6.738557743140477e-06,6.344608016388767e-10,6.344608016388767,1.0000000000000029,8.721943091350694e-15,8.721943091350694e-15,0.750099634919534,0.750099634919534,6.54816173118081e-09,1.309632346236162e-08,4.2078324268762994e-13,1.2623497280628897e-12,3.949228182582023e-06,1.1847684547746068e-05,0.062472002932538,0.2498880117301523,5.1328666016640887e-17,3.593006621164862e-16,7.036688195891303e-08,4.925681737123912e-07,8.729722594630053e-09,5.609698006755719e-13,5.264938147857746e-06,6.842913078093566e-17,9.381004693658005e-08,9.381004700500917e-08
pynucastro,50.0,0.1428571428571428,7.0,421.2895669234031,0.6765936494074081,676593649.4074081,6.633010994701635e-06,6.359308849412359e-10,6.359308849412359,1.0000000000000029,8.471107316439006e-15,8.471107316439006e-15,0.7500996349543811,0.7500996349543811,6.483432237159038e-09,1.2966864474318076e-08,4.1288029439726e-13,1.2386408831917796e-12,3.949172059705296e-06,1.184751617911589e-05,0.0624720029610707,0.2498880118442828,5.061769350977951e-17,3.543238545684565e-16,7.038814965439594e-08,4.927170475807714e-07,8.64342806613063e-09,5.5043393591622e-13,5.26486332705051e-06,6.74812933522597e-17,9.383840009291129e-08,9.383840016039256e-08
pynucastro,50.0,0.1428571428571428,7.0,425.8956533139412,0.6725154620084639,672515462.0084639,6.529204228140326e-06,6.374357013840545e-10,6.374357013840549,1.0000000000000024,8.229689366146163e-15,8.229689366146163e-15,0.7500996349881867,0.7500996349881867,6.420315723084835e-09,1.284063144616967e-08,4.052367356567808e-13,1.2157102069703424e-12,3.949117595494427e-06,1.184735278648328e-05,0.0624720029888925,0.2498880119555703,4.993178857087553e-17,3.495225199961287e-16,7.04088004822584e-08,4.928616033758086e-07,8.559283891913838e-09,5.402438779525108e-13,5.26479071751131e-06,6.656687490810726e-17,9.386593086846025e-08,9.38659309350271e-08
pynucastro,50.0,0.1428571428571428,7.0,430.552099441588,0.6684538056507423,668453805.6507423,6.427108515736319e-06,6.389757611966379e-10,6.389757611966378,1.0000000000000029,7.997261541013134e-15,7.997261541013134e-15,0.750099635020978,0.750099635020978,6.358765563492975e-09,1.2717531126985951e-08,3.97842222253045e-13,1.1935266667591352e-12,3.949064746770681e-06,1.1847194240312044e-05,0.0624720030160246,0.2498880120640986,4.9270031381074556e-17,3.4489021966752193e-16,7.04288503879196e-08,4.930019527154371e-07,8.477227912949377e-09,5.303858363321542e-13,5.264720261675955e-06,6.568464918623327e-17,9.389266052095856e-08,9.38926605866432e-08
pynucastro,50.0,0.1428571428571428,7.0,435.2594559045979,0.6644086168793383,664408616.8793383,6.326695401176353e-06,6.405515830810312e-10,6.405515830810316,1.0000000000000029,7.773418264615737e-15,7.773418264615737e-15,0.7500996350527815,0.7500996350527815,6.298736733243992e-09,1.2597473466487984e-08,3.906868920324324e-13,1.172060676097297e-12,3.949013471399178e-06,1.1847040414197534e-05,0.0624720030424871,0.2498880121699486,4.8631544107055604e-17,3.4042080874938924e-16,7.044831495490931e-08,4.931382046843652e-07,8.397200103691259e-09,5.208466632635293e-13,5.264651903371878e-06,6.483344589766878e-17,9.391860982568289e-08,9.391860989051633e-08
pynucastro,50.0,0.1428571428571428,7.0,440.01827932108125,0.6603798331410712,660379833.1410712,6.227936892290825e-06,6.42163694429405e-10,6.421636944294053,1.0000000000000029,7.557774906238675e-15,7.557774906238675e-15,0.7500996350836233,0.7500996350836233,6.240185748679628e-09,1.2480371497359257e-08,3.837613407379362e-13,1.1512840222138085e-12,3.948963728267388e-06,1.1846891184802164e-05,0.0624720030682995,0.2498880122731982,4.801548947623057e-17,3.3610842633361397e-16,7.046720941075225e-08,4.932704658752657e-07,8.319142493628802e-09,5.116138214027437e-13,5.264585587789476e-06,6.401214882723901e-17,9.39437990832996e-08,9.394379914731174e-08
pynucastro,50.0,0.1428571428571428,7.0,444.8291323948231,0.6563673927730159,656367392.773016,6.130805453889852e-06,6.438126315464356e-10,6.438126315464356,1.0000000000000029,7.349966529528731e-15,7.349966529528731e-15,0.7500996351135282,0.7500996351135282,6.183070605075533e-09,1.2366141210151066e-08,3.770565975278472e-13,1.1311697925835416e-12,3.948915477259443e-06,1.184674643177833e-05,0.0624720030934805,0.2498880123739223,4.742106833648124e-17,3.319474783553687e-16,7.04855486344513e-08,4.933988404411591e-07,8.242999083901328e-09,5.026753512162147e-13,5.26452126144785e-06,6.321969258031171e-17,9.396824812984112e-08,9.396824819306084e-08
pynucastro,50.0,0.1428571428571428,7.0,449.6925839818191,0.652371234991108,652371234.9911081,6.035274000697854e-06,6.454989398768277e-10,6.4549893987682765,1.0000000000000029,7.149646791312769e-15,7.149646791312769e-15,0.7500996351425211,0.7500996351425211,6.127350718873506e-09,1.2254701437747013e-08,3.70564102484057e-13,1.111692307452171e-12,3.948868679232616e-06,1.184660603769785e-05,0.0624720031180483,0.2498880124721932,4.684751794867315e-17,3.2793262564071204e-16,7.050334716330993e-08,4.935234301431694e-07,8.168715770284694e-09,4.940198409957218e-13,5.264458872163456e-06,6.245506030645114e-17,9.399197634580117e-08,9.399197640825621e-08
pynucastro,50.0,0.1428571428571428,7.0,454.609209157541,0.6483912998788197,648391299.8788197,5.941315890385583e-06,6.472231742381184e-10,6.472231742381188,1.0000000000000029,6.956486874945287e-15,6.956486874945287e-15,0.7500996351706258,0.7500996351706258,6.072986871777033e-09,1.2145973743554068e-08,3.64275685225885e-13,1.0928270556776548e-12,3.948823295993912e-06,1.1846469887981736e-05,0.0624720031420201,0.2498880125680807,4.629411000106273e-17,3.2405877000743907e-16,7.052061919981104e-08,4.936443343986774e-07,8.096240268661917e-09,4.856363983472985e-13,5.264398369018897e-06,6.171728105231268e-17,9.401500266530546e-08,9.401500272702274e-08
pynucastro,50.0,0.1428571428571428,7.0,459.57958928493343,0.6444275283759078,644427528.3759078,5.8489049166986375e-06,6.489858990589074e-10,6.489858990589078,1.0000000000000029,6.770174506416061e-15,6.770174506416061e-15,0.7500996351978659,0.7500996351978659,6.019941157530998e-09,1.2039882315061996e-08,3.581835448238968e-13,1.0745506344716902e-12,3.948779290277455e-06,1.1846337870832366e-05,0.0624720031654129,0.2498880126616517,4.576014899587313e-17,3.2032104297111193e-16,7.053737861831809e-08,4.937616503282266e-07,8.025522044072213e-09,4.775146234132121e-13,5.264339702332773e-06,6.100542761069632e-17,9.403734558504525e-08,9.40373456460507e-08
pynucastro,50.0,0.1428571428571428,7.0,464.60431208315816,0.6404798622672301,640479862.26723,5.758015302681309e-06,6.5078768862266e-10,6.507876886226602,1.0000000000000029,6.5904130229639105e-15,6.5904130229639105e-15,0.7500996352242643,0.7500996352242643,5.968176930902897e-09,1.1936353861805794e-08,3.522802308266594e-13,1.0568406924799782e-12,3.948736625722369e-06,1.1846209877167108e-05,0.0624720031882427,0.249888012752971,4.524497055867128e-17,3.167147939106989e-16,7.055363897168796e-08,4.938754728018157e-07,7.95651224269498e-09,4.696445835776669e-13,5.264282823630196e-06,6.031861426668202e-17,9.40590231730934e-08,9.4059023233412e-08
pynucastro,50.0,0.1428571428571428,7.0,469.6839716970898,0.6365482441716297,636548244.1716297,5.668621693994843e-06,6.526291273172499e-10,6.526291273172499,1.0000000000000029,6.41692050358014e-15,6.41692050358014e-15,0.7500996352498427,0.7500996352498427,5.9176587589752885e-09,1.1835317517950575e-08,3.4655862539418297e-13,1.039675876182549e-12,3.948695266851294e-06,1.1846085800553882e-05,0.0624720032105252,0.2498880128421011,4.4747939929452257e-17,3.132355795061658e-16,7.056941349774458e-08,4.939858944842119e-07,7.889163626915027e-09,4.620167896478865e-13,5.264227685614145e-06,5.965599478600952e-17,9.408005307753464e-08,9.408005313719064e-08
pynucastro,50.0,0.1428571428571428,7.0,474.8191687675675,0.6326326175308922,632632617.5308921,5.580699152329135e-06,6.545108098903872e-10,6.545108098903876,1.0000000000000029,6.249428950102432e-15,6.249428950102432e-15,0.7500996352746233,0.7500996352746233,5.868352374462841e-09,1.1736704748925681e-08,3.410119264194058e-13,1.0230357792582172e-12,3.948655179049397e-06,1.1845965537148192e-05,0.0624720032322755,0.2498880129291022,4.426845051257224e-17,3.0987915358800566e-16,7.058471512565943e-08,4.940930058796161e-07,7.823430513086897e-09,4.546221733524186e-13,5.264174242137489e-06,5.901676048191233e-17,9.410045253497193e-08,9.410045259398868e-08
pynucastro,50.0,0.1428571428571428,7.0,480.0105105024188,0.6287329265987642,628732926.5987642,5.494223148906662e-06,6.5643334171111e-10,6.5643334171111,1.0000000000000029,6.087683519786893e-15,6.087683519786893e-15,0.7500996352986269,0.7500996352986269,5.820224631105717e-09,1.1640449262211436e-08,3.356336316172302e-13,1.0069008948516905e-12,3.948616328543974e-06,1.184584898563192e-05,0.062472003253508,0.2498880130140323,4.380592249556679e-17,3.066414574689675e-16,7.05995564822027e-08,4.941968953754189e-07,7.759268712067286e-09,4.474520661293335e-13,5.264122448175788e-06,5.840013837378676e-17,9.412023837885998e-08,9.412023843726013e-08
pynucastro,50.0,0.1428571428571428,7.0,485.25861074825815,0.6248491164300443,624849116.4300443,5.409169558077861e-06,6.583973390374934e-10,6.583973390374938,1.0000000000000029,5.93144180361672e-15,5.93144180361672e-15,0.7500996353218743,0.7500996353218743,5.7732434609322014e-09,1.15464869218644e-08,3.30417523492672e-13,9.912525704780158e-13,3.948578682384521e-06,1.1845736047153564e-05,0.0624720032742368,0.2498880130969475,4.335980156599192e-17,3.035186109619434e-16,7.061394989789529e-08,4.942976492852671e-07,7.696635472239434e-09,4.4049817908641833e-13,5.264072259800729e-06,5.780538947654048e-17,9.413942704770713e-08,9.41394271055125e-08
pynucastro,50.0,0.1428571428571428,7.0,490.564090063072,0.6209811328697352,620981132.8697352,5.32551465100676e-06,6.604034292907741e-10,6.604034292907745,1.0000000000000029,5.7804731482341326e-15,5.7804731482341326e-15,0.7500996353443856,0.7500996353443856,5.727377833358287e-09,1.1454755666716574e-08,3.253576551488267e-13,9.760729654464801e-13,3.948542208423333e-06,1.184562662527e-05,0.0624720032944755,0.2498880131779021,4.292955768004275e-17,3.0050690376029926e-16,7.062790741304898e-08,4.943953518913428e-07,7.635489424986502e-09,4.337525840809782e-13,5.264023634154253e-06,5.723180715896888e-17,9.415803459312748e-08,9.415803465035929e-08
pynucastro,50.0,0.1428571428571428,7.0,495.9275757895933,0.6171289225422675,617128922.5422674,5.243235089446036e-06,6.624522513360431e-10,6.624522513360436,1.0000000000000029,5.6345580187058904e-15,5.6345580187058904e-15,0.7500996353661805,0.7500996353661805,5.682597716039384e-09,1.1365195432078768e-08,3.204483368837981e-13,9.613450106513944e-13,3.948506875296586e-06,1.1845520625889758e-05,0.062472003314237,0.2498880132569482,4.251468391037508e-17,2.976027873726255e-16,7.064144078369498e-08,4.944900854858649e-07,7.575790532500762e-09,4.272076958514491e-13,5.2639765294233486e-06,5.667871560772115e-17,9.417607668774501e-08,9.417607674442373e-08
pynucastro,50.0,0.1428571428571428,7.0,501.34970212948514,0.6132924328407814,613292432.8407813,5.162307919600289e-06,6.645444557697205e-10,6.645444557697204,1.0000000000000029,5.493487398978935e-15,5.493487398978935e-15,0.7500996353872779,0.7500996353872779,5.638874037350461e-09,1.1277748074700922e-08,3.156841235185752e-13,9.470523705557254e-13,3.948472652405887e-06,1.184541795721766e-05,0.0624720033335341,0.2498880133341364,4.2114695349406057e-17,2.9480286744584244e-16,7.06545614874159e-08,4.945819304119113e-07,7.517500037763782e-09,4.2085625512347684e-13,5.263930904815443e-06,5.614546836522879e-17,9.419356863296809e-08,9.419356868911356e-08
pynucastro,50.0,0.1428571428571428,7.0,506.8311102183278,0.6094716119164793,609471611.9164792,5.082710566076737e-06,6.666807052139792e-10,6.666807052139792,1.0000000000000029,5.357062228119739e-15,5.357062228119739e-15,0.7500996354076963,0.7500996354076963,5.596178650468228e-09,1.1192357300936456e-08,3.110598024239651e-13,9.331794072718951e-13,3.948439509900277e-06,1.1845318529700831e-05,0.0624720033523788,0.2498880134095154,4.172912807453068e-17,2.9210389652171475e-16,7.0667280729067e-08,4.94670965103469e-07,7.46058041666235e-09,4.146913126479484e-13,5.263886720534412e-06,5.563144695017741e-17,9.42105253666171e-08,9.421052542224856e-08
pynucastro,50.0,0.1428571428571428,7.0,512.3724482014316,0.6056664086680363,605666408.6680363,5.004420825922182e-06,6.688616746183403e-10,6.688616746183407,1.0000000000000029,5.2250928697607165e-15,5.2250928697607165e-15,0.7500996354274543,0.7500996354274543,5.554484298954276e-09,1.1108968597908552e-08,3.0657038219810013e-13,9.197111465943005e-13,3.948407418658692e-06,1.1845222255976074e-05,0.0624720033707831,0.2498880134831325,4.1357538168731886e-17,2.895027671811232e-16,7.067960944639779e-08,4.947572661247846e-07,7.404995332105421e-09,4.0870621410633923e-13,5.263843937757201e-06,5.5136059551827056e-17,9.422696147041862e-08,9.422696152555469e-08
pynucastro,50.0,0.1428571428571428,7.0,517.9743713104749,0.6018767727310798,601876772.7310797,4.927416862745394e-06,6.710880515686218e-10,6.710880515686218,1.0000000000000029,5.097398612541404e-15,5.097398612541404e-15,0.7500996354465694,0.7500996354465694,5.513764583770298e-09,1.1027529167540596e-08,3.0221108195580665e-13,9.0663324586742e-13,3.948376350272838e-06,1.1845129050818511e-05,0.0624720033887582,0.2498880135550331,4.0999500792747886e-17,2.869965055492352e-16,7.069155831557384e-08,4.948409082090169e-07,7.350709590050255e-09,4.028945858317692e-13,5.263802518610991e-06,5.4658739793066244e-17,9.424289117736718e-08,9.424289123202593e-08
pynucastro,50.0,0.1428571428571428,7.0,523.6375419409845,0.5981026544677237,598102654.4677237,4.851677200923772e-06,6.733605366034643e-10,6.733605366034648,1.0000000000000029,4.973807199863172e-15,4.973807199863172e-15,0.7500996354650588,0.7500996354650588,5.473993931665835e-09,1.0947987863331672e-08,2.979773211953517e-13,8.939319635860556e-13,3.948346277030495e-06,1.1845038831091486e-05,0.0624720034063153,0.2498880136252614,4.065460930657376e-17,2.8458226514601635e-16,7.070313775660032e-08,4.949219642962023e-07,7.297689097358353e-09,3.972503212997925e-13,5.263762426150942e-06,5.419894555923637e-17,9.42583283789555e-08,9.425832843315445e-08
pynucastro,50.0,0.1428571428571428,7.0,529.3626297306555,0.5943440049561742,594344004.9561743,4.777180719893488e-06,6.756798435386501e-10,6.756798435386505,1.0000000000000029,4.8541543868510505e-15,4.8541543868510505e-15,0.7500996354829397,0.7500996354829397,5.435147564878976e-09,1.0870295129757952e-08,2.938647102088911e-13,8.815941306266734e-13,3.948317171899219e-06,1.1844951515697658e-05,0.062472003423465,0.24988801369386,4.0322474437879104e-17,2.822573210651537e-16,7.07143579386465e-08,4.950005055705255e-07,7.245900821401737e-09,3.9176756834402564e-13,5.263723624338463e-06,5.37561578895024e-17,9.427328663227276e-08,9.427328668602893e-08
pynucastro,50.0,0.1428571428571428,7.0,535.1503116385371,0.5906007759803886,590600775.9803886,4.70390664852197e-06,6.78046699799433e-10,6.780466997994332,1.000000000000003,4.7382835229246745e-15,4.7382835229246745e-15,0.7500996355002283,0.7500996355002283,5.397201472083402e-09,1.0794402944166804e-08,2.898690410033265e-13,8.696071230099799e-13,3.94828900851045e-06,1.184486702553135e-05,0.0624720034402175,0.24988801376087,4.0002723493717056e-17,2.800190644560194e-16,7.072522878527539e-08,4.950766014969277e-07,7.195312751330832e-09,3.8644071705223257e-13,5.263686078020029e-06,5.3329879925938033e-17,9.42877791669769e-08,9.42877792203068e-08
pynucastro,50.0,0.1428571428571428,7.0,541.001272025075,0.5868729200198003,586872920.0198003,4.631834559561874e-06,6.804618467611153e-10,6.804618467611155,1.0000000000000029,4.626045158313133e-15,4.626045158313133e-15,0.7500996355169404,0.7500996355169404,5.360132380526297e-09,1.0720264761052594e-08,2.8598627870198165e-13,8.579588361059449e-13,3.9482617611439885e-06,1.1844785283431964e-05,0.0624720034565828,0.2498880138263314,3.969499961352796e-17,2.7786499729469573e-16,7.073575997957983e-08,4.951503198570587e-07,7.145893860929949e-09,3.812643883034161e-13,5.263649752906486e-06,5.291963591766268e-17,9.430181889214144e-08,9.430181894506108e-08
pynucastro,50.0,0.1428571428571428,7.0,546.9162027330352,0.5831603902391019,583160390.2391019,4.5609443641855165e-06,6.8292604009811e-10,6.8292604009811,1.0000000000000029,4.517296673067736e-15,4.517296673067736e-15,0.750099635533092,0.750099635533092,5.323917729306154e-09,1.0647835458612309e-08,2.822125533998328e-13,8.466376601994984e-13,3.94823540471285e-06,1.184470621413855e-05,0.0624720034725707,0.2498880138902829,3.939896106100525e-17,2.7579272742703677e-16,7.07459609692255e-08,4.952217267845784e-07,7.097614072992413e-09,3.762334229095656e-13,5.263614615552852e-06,5.2524970276788106e-17,9.431541840297881e-08,9.43154184555038e-08
pynucastro,50.0,0.1428571428571428,7.0,552.8958031693099,0.5794631404780891,579463140.4780891,4.491216306598835e-06,6.8544005014173e-10,6.854400501417303,1.0000000000000029,4.4119019271599605e-15,4.4119019271599605e-15,0.7500996355486981,0.7500996355486981,5.288535643737956e-09,1.0577071287475912e-08,2.78544152445782e-13,8.356324573373458e-13,3.948209914748485e-06,1.1844629744245454e-05,0.0624720034881904,0.2498880139527618,3.9114280552573474e-17,2.737999638680143e-16,7.075584097140269e-08,4.952908867998188e-07,7.050444225145358e-09,3.713428713267229e-13,5.263580633338621e-06,5.214544668317479e-17,9.432858998744184e-08,9.43285900395873e-08
pynucastro,50.0,0.1428571428571428,7.0,558.9407803876203,0.5757811252415628,575781125.2415627,4.4226309587339e-06,6.88004662246963e-10,6.880046622469632,1.0000000000000024,4.309730930324818e-15,4.309730930324818e-15,0.7500996355637738,0.7500996355637738,5.253964910756848e-09,1.0507929821513697e-08,2.7497751312735175e-13,8.249325393820557e-13,3.948185267386349e-06,1.1844555802159048e-05,0.062472003503451,0.2498880140138043,3.8840644620622333e-17,2.7188451234435633e-16,7.076540897768862e-08,4.953578628438203e-07,7.004356037058964e-09,3.665879839025373e-13,5.263547774448522e-06,5.1780647235523264e-17,9.434134563270577e-08,9.434134568448644e-08
pynucastro,50.0,0.1428571428571428,7.0,565.0518491721175,0.5721142996892934,572114299.6892934,4.355169215019124e-06,6.906206771684858e-10,6.906206771684857,1.0000000000000029,4.2106595305292095e-15,4.2106595305292095e-15,0.7500996355783336,0.7500996355783336,5.2201849553146354e-09,1.0440369910629272e-08,2.7150921573500813e-13,8.145276472050245e-13,3.948161439351806e-06,1.1844484318055418e-05,0.0624720035183614,0.2498880140734456,3.857775300900278e-17,2.700442710630194e-16,7.077467375882123e-08,4.954227163117485e-07,6.9593220789793154e-09,3.6196420162992346e-13,5.263516007853727e-06,5.14301716454761e-17,9.435369703153277e-08,9.435369708296293e-08
pynucastro,50.0,0.1428571428571428,7.0,571.2297321219065,0.5684626196260393,568462619.6260393,4.288812287226038e-06,6.932889114461953e-10,6.9328891144619575,1.0000000000000029,4.114569119815175e-15,4.114569119815175e-15,0.7500996355923916,0.7500996355923916,5.187175817724485e-09,1.0374351635448973e-08,2.681359769842988e-13,8.044079309528968e-13,3.948138407946376e-06,1.1844415223839128e-05,0.0624720035329299,0.2498880141317198,3.8325318099702307e-17,2.6827722669791616e-16,7.07836438693862e-08,4.954855070857033e-07,6.915315741525338e-09,3.5746714737774573e-13,5.2634853032935175e-06,5.109363647328647e-17,9.436565558852028e-08,9.436565563961393e-08
pynucastro,50.0,0.1428571428571428,7.0,577.4751597364855,0.5648260414916275,564826041.4916276,4.223541699391943e-06,6.960101978005341e-10,6.960101978005345,1.0000000000000029,4.0213463565317206e-15,4.0213463565317206e-15,0.7500996356059613,0.7500996356059613,5.154918131912342e-09,1.0309836263824684e-08,2.648546437756867e-13,7.945639313270601e-13,3.948116151034298e-06,1.1844348453102896e-05,0.0624720035471648,0.2498880141886595,3.8083064368418426e-17,2.6658145057892897e-16,7.079232765241872e-08,4.955462935669311e-07,6.872311206694545e-09,3.5309261757169935e-13,5.26345563125737e-06,5.0770674402012427e-17,9.437723242623601e-08,9.437723247700666e-08
pynucastro,50.0,0.1428571428571428,7.0,583.7888705021254,0.5612045223510903,561204522.3510903,4.159339282817296e-06,6.987853855378871e-10,6.987853855378869,1.0000000000000024,3.930882902938921e-15,3.930882902938921e-15,0.7500996356190565,0.7500996356190565,5.123393104535026e-09,1.0246786209070052e-08,2.61662187273014e-13,7.849865618190418e-13,3.9480946470294176e-06,1.1844283941088253e-05,0.0624720035610742,0.2498880142442969,3.785072786761821e-17,2.6495509507332745e-16,7.080073324392079e-08,4.956051327074455e-07,6.830283420024188e-09,3.488365742999787e-13,5.263426962967472e-06,5.04609335483546e-17,9.438843839123988e-08,9.438843844170081e-08
pynucastro,50.0,0.1428571428571428,7.0,590.1716109791911,0.557598019884859,557598019.884859,4.09618717113704e-06,7.016153409663567e-10,7.016153409663567,1.0000000000000029,3.8430751772644e-15,3.8430751772644e-15,0.7500996356316901,0.7500996356316901,5.0925824949271575e-09,1.0185164989854312e-08,2.5855569728277005e-13,7.756670918483106e-13,3.94807387488236e-06,1.184422162464708e-05,0.0624720035746657,0.2498880142986629,3.7628055735542215e-17,2.6339639014879555e-16,7.08088685772961e-08,4.956620800410727e-07,6.789208063857384e-09,3.446951378199638e-13,5.263399270361628e-06,5.016407680808173e-17,9.439928405999693e-08,9.4399284110161e-08
pynucastro,50.0,0.1428571428571428,7.0,596.6241358904173,0.554006492379016,554006492.379016,4.0340677954649154e-06,7.045009478222206e-10,7.045009478222206,1.0000000000000024,3.757824119344023e-15,3.757824119344023e-15,0.750099635643875,0.750099635643875,5.062468595841658e-09,1.0124937191683316e-08,2.555323769175584e-13,7.665971307526757e-13,3.948053814068033e-06,1.1844161442204098e-05,0.0624720035879469,0.2498880143517877,3.74148057297834e-17,2.619036401084838e-16,7.081674138770292e-08,4.957171897139204e-07,6.749061531667197e-09,3.406645794437868e-13,5.26337252607659e-06,4.987978123421837e-17,9.440977974467996e-08,9.440977979455972e-08
pynucastro,50.0,0.1428571428571428,7.0,603.1472082101521,0.5504298987156019,550429898.7156019,3.972963879609815e-06,7.07443107707381e-10,7.07443107707381,1.0000000000000024,3.675034969018344e-15,3.675034969018344e-15,0.7500996356556237,0.7500996356556237,5.033034214945456e-09,1.0066068429890912e-08,2.525895375272375e-13,7.577686125817129e-13,3.948034444573388e-06,1.1844103333720163e-05,0.0624720036009251,0.2498880144037004,3.721074578388949e-17,2.6047522048722645e-16,7.082435921632809e-08,4.957705145142966e-07,6.709820903387506e-09,3.367413147807517e-13,5.263346703431756e-06,4.960773744592675e-17,9.441993549886761e-08,9.441993554847536e-08
pynucastro,50.0,0.1428571428571428,7.0,609.7415992545735,0.5468681983629798,546868198.3629799,3.912858435363359e-06,7.10442740538135e-10,7.10442740538135,1.0000000000000024,3.5946170565731975e-15,3.5946170565731975e-15,0.7500996356669483,0.7500996356669483,5.004262657044375e-09,1.0008525314088752e-08,2.497245938842672e-13,7.491737816528016e-13,3.948015746885487e-06,1.184404724065646e-05,0.0624720036136073,0.2498880144544293,3.701565358598448e-17,2.5910957510189136e-16,7.083172941458073e-08,4.958221059020651e-07,6.671463921716018e-09,3.3292189731864825e-13,5.2633217764132406e-06,4.934764906674318e-17,9.442976112313528e-08,9.442976117248293e-08
pynucastro,50.0,0.1428571428571428,7.0,616.4080887728912,0.5433213513662584,543321351.3662584,3.853734757857754e-06,7.135007850055975e-10,7.135007850055975,1.0000000000000029,3.5164836044646455e-15,3.5164836044646455e-15,0.7500996356778608,0.7500996356778608,4.976137707000448e-09,9.952275414000896e-09,2.4693505960822266e-13,7.40805178824668e-13,3.947997701979834e-06,1.1843993105939505e-05,0.0624720036260004,0.2498880145040018,3.6829316178052384e-17,2.578052132463666e-16,7.083885914820937e-08,4.958720140374656e-07,6.6339689693403745e-09,3.292030123239146e-13,5.263297719658338e-06,4.909923219036088e-17,9.443926617054373e-08,9.443926621964296e-08
pynucastro,50.0,0.1428571428571428,7.0,623.1474650395497,0.5397893183377648,539789318.3377647,3.795576420992988e-06,7.16618199048134e-10,7.16618199048134,1.0000000000000024,3.440551539691035e-15,3.440551539691035e-15,0.7500996356883725,0.7500996356883725,4.948643613314386e-09,9.897287226628772e-09,2.4421854281689444e-13,7.326556284506833e-13,3.947980291308981e-06,1.184394087392694e-05,0.0624720036381112,0.2498880145524448,3.665152957479282e-17,2.565607070235497e-16,7.084575540134194e-08,4.959202878093935e-07,6.597315047051017e-09,3.2558147104387443e-13,5.263274508440319e-06,4.886221487250479e-17,9.44484599520252e-08,9.444846000088745e-08
pynucastro,50.0,0.1428571428571428,7.0,629.960524947437,0.5362720604475788,536272060.4475788,3.7383672729325976e-06,7.197959603361443e-10,7.197959603361447,1.0000000000000024,3.3667413161677426e-15,3.3667413161677426e-15,0.7500996356984947,0.7500996356984947,4.921765072341977e-09,9.843530144683954e-09,2.415727419911199e-13,7.247182259733597e-13,3.947963496791387e-06,1.184389049037416e-05,0.062472003649946,0.2498880145997842,3.64820984009379e-17,2.553746888065653e-16,7.085242498045209e-08,4.959669748631644e-07,6.561481752699182e-09,3.2205420519390965e-13,5.263252118653589e-06,4.863633664741842e-17,9.4457351541671e-08,9.445735159030737e-08
pynucastro,50.0,0.1428571428571428,7.0,636.8480741021112,0.532769539414119,532769539.414119,3.682091431667033e-06,7.230350667695821e-10,7.23035066769582,1.0000000000000029,3.2949767465602935e-15,3.2949767465602935e-15,0.7500996357082385,0.7500996357082385,4.89548721312336e-09,9.79097442624672e-09,2.389954420428671e-13,7.169863261286016e-13,3.947947300800545e-06,1.1843841902401637e-05,0.0624720036615112,0.249888014646045,3.6320835546156904e-17,2.542458488230983e-16,7.085887451824982e-08,4.960121216277486e-07,6.526449260971948e-09,3.1861826171560444e-13,5.2632305267991805e-06,4.8421348067797746e-17,9.446594978191849e-08,9.446594983033985e-08
pynucastro,50.0,0.1428571428571428,7.0,643.8109269170617,0.5292817174947831,529281717.4947832,3.626733280643772e-06,7.263365369885755e-10,7.263365369885754,1.0000000000000024,3.225184842982528e-15,3.225184842982528e-15,0.7500996357176146,0.7500996357176146,4.869795582792242e-09,9.739591165584484e-09,2.364845105743379e-13,7.094535317230138e-13,3.9479316861543445e-06,1.1843795058463034e-05,0.062472003672813,0.249888014691252,3.616756183642823e-17,2.531729328549976e-16,7.086511047750096e-08,4.960557733425067e-07,6.4921983039404434e-09,3.1527079778954297e-13,5.2632097099705806e-06,4.8217010266678774e-17,9.447426328864281e-08,9.44742633368598e-08
pynucastro,50.0,0.1428571428571428,7.0,650.8499067100067,0.5258085574766469,525808557.4766469,3.572277464463418e-06,7.297014108975601e-10,7.2970141089756035,1.0000000000000024,3.15729566608266e-15,3.15729566608266e-15,0.7500996357266335,0.7500996357266335,4.8446761325454814e-09,9.689352265090961e-09,2.3403789431875213e-13,7.021136829562562e-13,3.947916636104683e-06,1.1843749908314048e-05,0.0624720036838572,0.2498880147354288,3.6022105721108016e-17,2.521547400477561e-16,7.087113915477444e-08,4.96097974083421e-07,6.458710152355114e-09,3.120090760903195e-13,5.263189645839879e-06,4.8023094540251075e-17,9.448230045615264e-08,9.448230050417573e-08
pynucastro,50.0,0.1428571428571428,7.0,657.9658458002455,0.522350022667214,522350022.667214,3.518708884640774e-06,7.331307502033097e-10,7.331307502033099,1.0000000000000024,3.0912421820192442e-15,3.0912421820192442e-15,0.7500996357353054,0.7500996357353054,4.820115204147842e-09,9.640230408295685e-09,2.316536157528107e-13,6.949608472584321e-13,3.947902134327319e-06,1.1843706402981958e-05,0.0624720036946496,0.2498880147785986,3.588430297482122e-17,2.511901208237485e-16,7.087696668411917e-08,4.961387667888341e-07,6.425966597654451e-09,3.0883046027042283e-13,5.263170312644242e-06,4.783938195043205e-17,9.449006946209233e-08,9.449006950993173e-08
pynucastro,50.0,0.1428571428571428,7.0,665.1595856070763,0.5189060768852211,518906076.88522106,3.46601269543016e-06,7.36625638967302e-10,7.366256389673021,1.0000000000000022,3.0269601268776946e-15,3.0269601268776946e-15,0.75009963574364,0.75009963574364,4.796099516949131e-09,9.592199033898262e-09,2.293297698716556e-13,6.87989309614967e-13,3.947888164911947e-06,1.184366449473584e-05,0.062472003705196,0.249888014820784,3.575399641334747e-17,2.502779748934323e-16,7.088259904067194e-08,4.961781932847037e-07,6.393949934656791e-09,3.0573241066075293e-13,5.263151689172675e-06,4.766566294609832e-17,9.449757827225148e-08,9.449757831991717e-08
pynucastro,50.0,0.1428571428571428,7.0,672.4319767492898,0.5154766844514969,515476684.4514968,3.4141742997140787e-06,7.401871841728393e-10,7.401871841728397,1.0000000000000024,2.9643878781087817e-15,2.9643878781087817e-15,0.7500996357516473,0.7500996357516473,4.772616155393056e-09,9.545232310786113e-09,2.2706452111786855e-13,6.811935633536056e-13,3.947874712352495e-06,1.1843624137057483e-05,0.0624720037155017,0.249888014862007,3.563103562276206e-17,2.4941724935933443e-16,7.088804204419761e-08,4.962162943093833e-07,6.362642944907703e-09,3.0271248017649773e-13,5.2631337547530935e-06,4.7501737001988416e-17,9.450483464528457e-08,9.450483469278633e-08
pynucastro,50.0,0.1428571428571428,7.0,679.7838791457486,0.5120618101798762,512061810.17987615,3.363179344954459e-06,7.438165163073802e-10,7.438165163073801,1.0000000000000024,2.9034663325920254e-15,2.9034663325920254e-15,0.7500996357593366,0.7500996357593366,4.749652556998061e-09,9.499305113996122e-09,2.2485610045650922e-13,6.745683013695276e-13,3.947861761537662e-06,1.1843585284612986e-05,0.0624720037255722,0.2498880149022888,3.5515276701148876e-17,2.486069369080421e-16,7.089330136256127e-08,4.962531095379289e-07,6.332028880656527e-09,2.997683104177009e-13,5.2631164892397066e-06,4.734741227436573e-17,9.451184613734012e-08,9.451184618468753e-08
pynucastro,50.0,0.1428571428571428,7.0,687.2161621170707,0.5086614193681643,508661419.3681644,3.3130137192055387e-06,7.47514789960533e-10,7.47514789960533,1.0000000000000024,2.844138790942764e-15,2.844138790942764e-15,0.7500996357667171,0.7500996357667171,4.727196500788271e-09,9.454393001576544e-09,2.2270280258816266e-13,6.681084077644879e-13,3.947849297741645e-06,1.1843547893224937e-05,0.0624720037354125,0.2498880149416502,3.540658201211496e-17,2.4784607408480474e-16,7.089838251513587e-08,4.96288677605951e-07,6.302091449433047e-09,2.9689762795382e-13,5.263099873000653e-06,4.72025052724149e-17,9.451862010660333e-08,9.451862015380584e-08
pynucastro,50.0,0.1428571428571428,7.0,694.7297044884167,0.5052754777891597,505275477.7891597,3.2636635471877184e-06,7.51283184438198e-10,7.51283184438198,1.0000000000000022,2.786350847726801e-15,2.786350847726801e-15,0.7500996357737976,0.7500996357737976,4.705236096159389e-09,9.410472192318776e-09,2.206029832933647e-13,6.618089498800941e-13,3.947837306615091e-06,1.1843511919845273e-05,0.0624720037450279,0.2498880149801116,3.530481994958282e-17,2.471337396470797e-16,7.090329087614388e-08,4.963230361330072e-07,6.272814799203975e-09,2.94098240783429e-13,5.263083886905943e-06,4.706684054467325e-17,9.452516371775137e-08,9.452516376481821e-08
pynucastro,50.0,0.1428571428571428,7.0,702.3253946934117,0.5019039516817253,501903951.6817253,3.215115186421461e-06,7.55122904393345e-10,7.551229043933451,1.0000000000000022,2.730050287239785e-15,2.730050287239785e-15,0.7500996357805872,0.7500996357805872,4.6837597721590125e-09,9.367519544318023e-09,2.185550569011508e-13,6.556651707034529e-13,3.947825774176243e-06,1.184347732252873e-05,0.0624720037544231,0.2498880150176926,3.5209864713168704e-17,2.4646905299218093e-16,7.09080316779361e-08,4.963562217455525e-07,6.244183504081938e-09,2.913680349593993e-13,5.263068512315646e-06,4.69402503795749e-17,9.453148394632402e-08,9.453148399326428e-08
pynucastro,50.0,0.1428571428571428,7.0,710.0041308791924,0.4985468077419164,498546807.7419165,3.1673552234204776e-06,7.59035180473932e-10,7.590351804739323,1.0000000000000022,2.675186984549374e-15,2.675186984549374e-15,0.7500996357870943,0.7500996357870943,4.6627562671657325e-09,9.325512534331463e-09,2.1655749387552741e-13,6.496724816265825e-13,3.947814686802301e-06,1.1843444060406905e-05,0.062472003763603,0.2498880150544123,3.5121596093596203e-17,2.458511726551734e-16,7.0912610014207e-08,4.96388270099449e-07,6.216182550566114e-09,2.8870497137128923e-13,5.263053731068382e-06,4.6822574519373577e-17,9.45375875830109e-08,9.453758762983348e-08
pynucastro,50.0,0.1428571428571428,7.0,717.766821012611,0.4952040131141597,495204013.1141597,3.1203704699434115e-06,7.630212699884971e-10,7.630212699884975,1.0000000000000024,2.621712811506993e-15,2.621712811506993e-15,0.7500996357933271,0.7500996357933271,4.642214618950481e-09,9.284429237900962e-09,2.146088185137711e-13,6.438264555413133e-13,3.947804031220961e-06,1.1843412093662884e-05,0.0624720037725724,0.2498880150902897,3.503989926759961e-17,2.4527929487319726e-16,7.091703084314929e-08,4.964192159020449e-07,6.1887973242924474e-09,2.861070826768161e-13,5.2630395254700384e-06,4.671365988671679e-17,9.454348123785633e-08,9.454348128456998e-08
pynucastro,50.0,0.1428571428571428,7.0,725.6143829875953,0.4918755353824856,491875535.3824856,3.074147959303213e-06,7.670824575899574e-10,7.670824575899574,1.000000000000002,2.569581547458418e-15,2.569581547458418e-15,0.7500996357992936,0.7500996357992936,4.622124155105055e-09,9.24424831021011e-09,2.1270760675089615e-13,6.381228202526884e-13,3.947793794502149e-06,1.1843381383506446e-05,0.0624720037813357,0.2498880151253428,3.4964664601791647e-17,2.4475265221254155e-16,7.092129899054681e-08,4.964490929338277e-07,6.162013597273376e-09,2.8357247037487043e-13,5.263025878282751e-06,4.661336032317078e-17,9.454917134438317e-08,9.454917139099653e-08
pynucastro,50.0,0.1428571428571428,7.0,733.5477447336875,0.4885613425618133,488561342.56181335,3.0286749427334457e-06,7.712200559781823e-10,7.712200559781827,1.0000000000000022,2.5187487943941225e-15,2.5187487943941225e-15,0.750099635805002,0.750099635805002,4.602474483822636e-09,9.204948967645273e-09,2.108524840648349e-13,6.325574521945047e-13,3.9477839640499576e-06,1.1843351892149873e-05,0.0624720037898974,0.2498880151595896,3.4895787464998264e-17,2.4427051225498787e-16,7.092541915280868e-08,4.964779340696608e-07,6.135817515606831e-09,2.8109930201279133e-13,5.263012772714149e-06,4.652153633903359e-17,9.455466416363738e-08,9.455466421015893e-08
pynucastro,50.0,0.1428571428571428,7.0,741.5678443257616,0.4852614030892896,485261403.08928967,2.9839388858107383e-06,7.754354066219159e-10,7.754354066219158,1.0000000000000024,2.469171896296453e-15,2.469171896296453e-15,0.75009963581046,0.75009963581046,4.5832554850163e-09,9.1665109700326e-09,2.0904212347725097e-13,6.271263704317529e-13,3.947774527594737e-06,1.184332358278421e-05,0.0624720037982618,0.2498880151930473,3.483316804860028e-17,2.4383217634020197e-16,7.092939589994408e-08,4.965057712996085e-07,6.110195587635809e-09,2.786858085211404e-13,5.26300019240682e-06,4.643805487382232e-17,9.455996578815428e-08,9.455996583459232e-08
pynucastro,50.0,0.1428571428571428,7.0,749.6756300949512,0.4819756858156785,481975685.81567854,2.9399274649326274e-06,7.797298805006451e-10,7.797298805006455,1.0000000000000022,2.420809862457857e-15,2.420809862457857e-15,0.7500996358156748,0.7500996358156748,4.564457301762092e-09,9.128914603524184e-09,2.0727524364518506e-13,6.218257309355551e-13,3.947765473185385e-06,1.1843296419556155e-05,0.0624720038064332,0.2498880152257329,3.477671119442468e-17,2.434369783609727e-16,7.093323367847973e-08,4.96532635749358e-07,6.0851346725406695e-09,2.7633028166956697e-13,5.262988121428026e-06,4.6362789066825386e-17,9.456508214584768e-08,9.456508219221048e-08
pynucastro,50.0,0.1428571428571428,7.0,757.8720607407788,0.4787041599968049,478704159.99680495,2.8966285638500178e-06,7.84104878867037e-10,7.841048788670372,1.000000000000002,2.3736232945549968e-15,2.3736232945549968e-15,0.750099635820654,0.750099635820654,4.546070332053776e-09,9.092140664107553e-09,2.0555060703897866e-13,6.16651821116936e-13,3.947756789181795e-06,1.1843270367545384e-05,0.0624720038144157,0.249888015257663,3.472632622976595e-17,2.430842836083616e-16,7.093693681432047e-08,4.965585577002432e-07,6.0606219693469165e-09,2.740310716376951e-13,5.262976544259633e-06,4.629561803716018e-17,9.457001900382369e-08,9.45700190501193e-08
pynucastro,50.0,0.1428571428571428,7.0,766.1581054445203,0.4754467952850498,475446795.2850498,2.8540302702535327e-06,7.88561834030576e-10,7.885618340305764,1.0000000000000024,2.32757431727692e-15,2.32757431727692e-15,0.7500996358254046,0.7500996358254046,4.5280852208568446e-09,9.056170441713688e-09,2.0386701820216722e-13,6.116010546065014e-13,3.947748464247492e-06,1.1843245392742476e-05,0.0624720038222134,0.2498880152888537,3.4681926809127725e-17,2.427734876638941e-16,7.094050951555398e-08,4.965835666088778e-07,6.0366450063319525e-09,2.717865846952895e-13,5.2629654457883e-06,4.623642667278989e-17,9.457478197211965e-08,9.457478201835605e-08
pynucastro,50.0,0.1428571428571428,7.0,774.5347439838034,0.4722035617208988,472203561.7208988,2.8121208724130044e-06,7.931022101630684e-10,7.931022101630688,1.0000000000000024,2.282626512318233e-15,2.282626512318233e-15,0.7500996358299336,0.7500996358299336,4.510492852450118e-09,9.020985704900237e-09,2.0222332208929122e-13,6.066699662678734e-13,3.947740487342417e-06,1.184322146202725e-05,0.0624720038298301,0.2498880153193207,3.4643430762297924e-17,2.4250401533608547e-16,7.094395587520059e-08,4.966076911264041e-07,6.0131916308152444e-09,2.6959528098629855e-13,5.262954811295854e-06,4.618510542798405e-17,9.457937650737022e-08,9.457937655355533e-08
pynucastro,50.0,0.1428571428571428,7.0,783.0029668484609,0.468974429724542,468974429.7245421,2.770888855869353e-06,7.977275041266908e-10,7.977275041266909,1.0000000000000024,2.238744855555299e-15,2.238744855555299e-15,0.7500996358342477,0.7500996358342477,4.493284343043306e-09,8.986568686086613e-09,2.0061840247772569e-13,6.018552074331769e-13,3.947732847715887e-06,1.1843198543147665e-05,0.0624720038372698,0.2498880153490794,3.461075994839108e-17,2.4227531963873757e-16,7.094727987390917e-08,4.966309591173641e-07,5.990249999316364e-09,2.674556724115744e-13,5.262944626449909e-06,4.6141550128734033e-17,9.458380791640146e-08,9.458380796254301e-08
pynucastro,50.0,0.1428571428571428,7.0,791.563775357652,0.465759370087527,465759370.08752704,2.7303229001781526e-06,8.024392463252873e-10,8.024392463252877,1.0000000000000029,2.1958956572403256e-15,2.1958956572403256e-15,0.7500996358383535,0.7500996358383535,4.476451033660255e-09,8.95290206732051e-09,1.9905118044996685e-13,5.971535413499004e-13,3.9477255348997e-06,1.18431766046991e-05,0.0624720038445362,0.2498880153781449,3.458384011550605e-17,2.420868808085423e-16,7.095048538259996e-08,4.966533976781997e-07,5.967808568067257e-09,2.6536632060552334e-13,5.262934877294668e-06,4.610566178565493e-17,9.458808135975393e-08,9.458808140585957e-08
pynucastro,50.0,0.1428571428571428,7.0,800.218181778262,0.4625583539644628,462558353.9644628,2.690411875704141e-06,8.072390015796511e-10,8.072390015796515,1.0000000000000024,2.1540465050512908e-15,2.1540465050512908e-15,0.7500996358422574,0.7500996358422574,4.459984483277082e-09,8.919968966554164e-09,1.9752061294286005e-13,5.925618388285802e-13,3.947718538701405e-06,1.1843155616104214e-05,0.0624720038516329,0.2498880154065319,3.4562600765660785e-17,2.419382053596255e-16,7.095357616505498e-08,4.966750331553849e-07,5.945856083864301e-09,2.63325835002002e-13,5.262925550241958e-06,4.6077346413922466e-17,9.459220185513625e-08,9.459220190121357e-08
pynucastro,50.0,0.1428571428571428,7.0,808.9672094445942,0.4593713528647792,459371352.8647792,2.65114484046602e-06,8.121283700275311e-10,8.121283700275315,1.0000000000000029,2.113166209849836e-15,2.113166209849836e-15,0.7500996358459657,0.7500996358459657,4.443876462205615e-09,8.88775292441123e-09,1.9602569136055666e-13,5.8807707408167e-13,3.9477118491977225e-06,1.1843135547593167e-05,0.0624720038585636,0.2498880154342547,3.454697502468207e-17,2.418288251727745e-16,7.095655588045727e-08,4.966958911632008e-07,5.9243815752473885e-09,2.6133287098516985e-13,5.262916632062453e-06,4.60565148598157e-17,9.459617428081025e-08,9.459617432686676e-08
pynucastro,50.0,0.1428571428571428,7.0,817.8118928793773,0.4561983386445351,456198338.6445351,2.612511037030729e-06,8.171089880491511e-10,8.171089880491515,1.0000000000000024,2.0732247540026524e-15,2.0732247540026524e-15,0.7500996358494845,0.7500996358494845,4.428118945712156e-09,8.856237891424312e-09,1.9456544024803282e-13,5.836963207440981e-13,3.947705456728116e-06,1.1843116370184347e-05,0.0624720038653318,0.2498880154613273,3.453689951673992e-17,2.4175829661717947e-16,7.095942808587949e-08,4.967159966011565e-07,5.9033743439927565e-09,2.593861281210839e-13,5.2629081098771066e-06,4.604308263345181e-17,9.46000033789088e-08,9.460000342495189e-08
pynucastro,50.0,0.1428571428571428,7.0,826.7532779160896,0.4530392834982806,453039283.49828064,2.5744998894566287e-06,8.22182529219052e-10,8.221825292190521,1.0000000000000029,2.034193242136727e-15,2.034193242136727e-15,0.7500996358528199,0.7500996358528199,4.412704107863257e-09,8.825408215726514e-09,1.9313891602236042e-13,5.794167480670815e-13,3.947699351888499e-06,1.1843098055665496e-05,0.0624720038719408,0.2498880154877635,3.453231424324269e-17,2.417261997026988e-16,7.096219623872318e-08,4.967353736710622e-07,5.882823956908428e-09,2.574843484662845e-13,5.262899971148757e-06,4.6036969747334226e-17,9.460369375868749e-08,9.460369380472446e-08
pynucastro,50.0,0.1428571428571428,7.0,835.7924218226229,0.4498941599509717,449894159.9509718,2.537101000284794e-06,8.27350705285068e-10,8.273507052850682,1.0000000000000029,1.996043854199183e-15,1.996043854199183e-15,0.7500996358559774,0.7500996358559774,4.3976243155891344e-09,8.795248631178269e-09,1.917452057588584e-13,5.75235617276575e-13,3.9476935255250914e-06,1.1843080576575272e-05,0.0624720038783941,0.2498880155135767,3.4533162465799343e-17,2.417321372605954e-16,7.096486369910872e-08,4.96754045893761e-07,5.8627202379198315e-09,2.55626314949544e-13,5.262892203673949e-06,4.6038100560323256e-17,9.460724989971106e-08,9.460724994574917e-08
pynucastro,50.0,0.1428571428571428,7.0,844.9303934263006,0.4467629408499362,446762940.8499362,2.500304147577804e-06,8.326152671753271e-10,8.326152671753276,1.0000000000000029,1.9587498007037e-15,1.9587498007037e-15,0.7500996358589629,0.7500996358589629,4.382872122956613e-09,8.765744245913226e-09,1.903834260295301e-13,5.711502780885903e-13,3.947687968728409e-06,1.1843063906185228e-05,0.0624720038846949,0.2498880155387799,3.4539390592985665e-17,2.417757341508997e-16,7.096743373221772e-08,4.96772036125524e-07,5.843053260434725e-09,2.538108498233252e-13,5.262884795574906e-06,4.604640362667757e-17,9.461067615497593e-08,9.461067620102233e-08
pynucastro,50.0,0.1428571428571428,7.0,854.1682732402588,0.4436455993568929,443645599.35689294,2.464099282005335e-06,8.379780060341386e-10,8.379780060341385,1.0000000000000029,1.9222852800524103e-15,1.9222852800524103e-15,0.7500996358617817,0.7500996358617817,4.368440265643749e-09,8.736880531287499e-09,1.8905272179131985e-13,5.671581653739595e-13,3.947682672827402e-06,1.1843048018482208e-05,0.0624720038908465,0.2498880155633861,3.455094807065094e-17,2.4185663649455656e-16,7.09699095105879e-08,4.967893665741152e-07,5.823813339977019e-09,2.520368131816503e-13,5.262877735291726e-06,4.606181154981593e-17,9.461397675396988e-08,9.461397680003169e-08
pynucastro,50.0,0.1428571428571428,7.0,863.5071535912093,0.4405421089400244,440542108.9400244,2.428476523975892e-06,8.434407542877031e-10,8.434407542877034,1.0000000000000029,1.8866254378255945e-15,1.8866254378255945e-15,0.7500996358644393,0.7500996358644393,4.354321655608301e-09,8.708643311216601e-09,1.8775226532179698e-13,5.63256795965391e-13,3.947677629383706e-06,1.184303288815112e-05,0.0624720038968519,0.2498880155874078,3.456778727552141e-17,2.419745109286498e-16,7.097229411636184e-08,4.968060588145328e-07,5.804991027079007e-09,2.503031015412041e-13,5.262871011574714e-06,4.6084260840474027e-17,9.461715580566981e-08,9.461715585175404e-08
pynucastro,50.0,0.1428571428571428,7.0,872.9481387486032,0.4374524433660992,437452443.3660992,2.3934261608139896e-06,8.490053867406007e-10,8.490053867406006,1.0000000000000029,1.851746327939185e-15,1.851746327939185e-15,0.7500996358669406,0.7500996358669406,4.340509375942604e-09,8.681018751885208e-09,1.8648125520002505e-13,5.594437656000755e-13,3.9476728301860426e-06,1.1843018490558128e-05,0.0624720039027143,0.2498880156108573,3.458986341185686e-17,2.4212904388299803e-16,7.097459054348984e-08,4.968221338044289e-07,5.786577100422113e-09,2.486086464826717e-13,5.262864613476917e-06,4.611369177893152e-17,9.462021730147856e-08,9.462021734759225e-08
pynucastro,50.0,0.1428571428571428,7.0,882.4923450552043,0.4343765766926492,434376576.6926492,2.358938643982191e-06,8.546738217040254e-10,8.546738217040259,1.0000000000000029,1.817624875576759e-15,1.817624875576759e-15,0.7500996358692913,0.7500996358692913,4.326996675908201e-09,8.653993351816402e-09,1.852389153305389e-13,5.55716745991617e-13,3.947668267244736e-06,1.1843004801734207e-05,0.0624720039084366,0.2498880156337467,3.461713441093836e-17,2.423199408765685e-16,7.097680169988819e-08,4.968376118992173e-07,5.76856256021727e-09,2.469524133495483e-13,5.262858530346811e-06,4.615004828101339e-17,9.462316511810208e-08,9.46231651642521e-08
pynucastro,50.0,0.1428571428571428,7.0,892.1409010590883,0.431314483260199,431314483.2601991,2.325004586347308e-06,8.604480221568042e-10,8.604480221568046,1.0000000000000029,1.7842388418047688e-15,1.7842388418047688e-15,0.7500996358714959,0.7500996358714959,4.313776966142992e-09,8.627553932285984e-09,1.8402449400835579e-13,5.520734820250673e-13,3.94766393278636e-06,1.1842991798359078e-05,0.0624720039140219,0.2498880156560877,3.4649560833158556e-17,2.425469258321099e-16,7.097893040955295e-08,4.968525128668705e-07,5.750938621815318e-09,2.453334000016527e-13,5.26285275182117e-06,4.619327776756125e-17,9.462600302036778e-08,9.462600306656105e-08
pynucastro,50.0,0.1428571428571428,7.0,901.8949476470916,0.4282661376845466,428266137.68454665,2.2916147594901344e-06,8.663299969402422e-10,8.663299969402427,1.0000000000000029,1.7515667897874698e-15,1.7515667897874698e-15,0.7500996358735591,0.7500996358735591,4.3008438140347244e-09,8.601687628069447e-09,1.828372630231457e-13,5.485117890694376e-13,3.947659819248491e-06,1.1842979457745472e-05,0.0624720039194729,0.2498880156778918,3.4687105772510204e-17,2.4280974040757144e-16,7.098097941463097e-08,4.968668559024168e-07,5.7336967095391274e-09,2.437506356208467e-13,5.262847267818072e-06,4.6243331037101385e-17,9.462873466398524e-08,9.462873471022857e-08
pynucastro,50.0,0.1428571428571428,7.0,911.7556381797089,0.4252315148490994,425231514.8490994,2.258760091058131e-06,8.72321801987885e-10,8.72321801987885,1.0000000000000029,1.7195880525211558e-15,1.7195880525211558e-15,0.7500996358754862,0.7500996358754862,4.2881909392544595e-09,8.576381878508919e-09,1.8167651680073437e-13,5.450295504022028e-13,3.947655919274613e-06,1.184296775782384e-05,0.0624720039247925,0.2498880156991703,3.4729734763266815e-17,2.431081433428677e-16,7.098295137744777e-08,4.968806596421343e-07,5.716828450729022e-09,2.4220317956652346e-13,5.262842068530093e-06,4.630016214143561e-17,9.46313635982496e-08,9.463136364454976e-08
pynucastro,50.0,0.1428571428571428,7.0,921.7241386274768,0.42221058989726,422210589.89726,2.2264316621603538e-06,8.784255415913383e-10,8.784255415913382,1.0000000000000029,1.6882827020122733e-15,1.6882827020122733e-15,0.7500996358772811,0.7500996358772811,4.275812209444143e-09,8.551624418888286e-09,1.8054157158022154e-13,5.416247147406642e-13,3.947652225709105e-06,1.1842956677127314e-05,0.0624720039299836,0.2498880157199345,3.4777415688662164e-17,2.4344190982063514e-16,7.098484888249365e-08,4.968939421774554e-07,5.700325669993633e-09,2.406901202785794e-13,5.262837144417644e-06,4.636372826389676e-17,9.463389326868972e-08,9.463389331505345e-08
pynucastro,50.0,0.1428571428571428,7.0,931.8016277088392,0.4192033382248683,419203338.2248683,2.1946207048041e-06,8.846433697032963e-10,8.846433697032968,1.000000000000003,1.6576315198275558e-15,1.6576315198275558e-15,0.7500996358789487,0.7500996358789487,4.263701636052408e-09,8.527403272104817e-09,1.7943176462507037e-13,5.382952938752111e-13,3.947648731592361e-06,1.1842946194777082e-05,0.0624720039350487,0.249888015740195,3.4830118691378865e-17,2.438108308396521e-16,7.098667443836891e-08,4.969067210685823e-07,5.684180383658373e-09,2.3921057422567163e-13,5.262832486202451e-06,4.643398960001597e-17,9.463632701966113e-08,9.46363270660951e-08
pynucastro,50.0,0.1428571428571428,7.0,941.989297029526,0.4162097354726939,416209735.472694,2.163318599372596e-06,8.90977491279002e-10,8.90977491279002,1.0000000000000029,1.6276159689486117e-15,1.6276159689486117e-15,0.7500996358804929,0.7500996358804929,4.251853370313187e-09,8.503706740626374e-09,1.7834645346661877e-13,5.350393603998562e-13,3.9476454301560175e-06,1.1842936290468052e-05,0.0624720039399906,0.2498880157599625,3.4887816085667575e-17,2.4421471259967304e-16,7.098843047968823e-08,4.969190133578176e-07,5.6683847944042995e-09,2.377636848966998e-13,5.262828084861199e-06,4.651090924036385e-17,9.463866809688497e-08,9.463866814339589e-08
pynucastro,50.0,0.1428571428571428,7.0,952.2883512234524,0.4132297575189835,413229757.5189835,2.132516872143168e-06,8.974301636573774e-10,8.974301636573777,1.0000000000000029,1.5982181668667986e-15,1.5982181668667986e-15,0.7500996358819182,0.7500996358819182,4.240261699361795e-09,8.480523398723591e-09,1.7728501517853517e-13,5.318550455356054e-13,3.94764231481829e-06,1.184292694445487e-05,0.0624720039448118,0.2498880157792475,3.495048227092351e-17,2.446533758964646e-16,7.099011936894546e-08,4.969308355826182e-07,5.652931286090243e-09,2.363486218335448e-13,5.26282393161931e-06,4.6594453055334457e-17,9.46409196499341e-08,9.464091969652856e-08
pynucastro,50.0,0.1428571428571428,7.0,962.7000080951638,0.4102633804720592,410263380.4720593,2.102207192845272e-06,9.040036979831352e-10,9.04003697983135,1.0000000000000029,1.569420859857639e-15,1.569420859857639e-15,0.7500996358832287,0.7500996358832287,4.228921042483393e-09,8.457842084966786e-09,1.762468456808153e-13,5.28740537042446e-13,3.947639379179417e-06,1.184291813753825e-05,0.062472003949515,0.24988801579806,3.5018093646554295e-17,2.451266555258801e-16,7.099174339833925e-08,4.969422037883746e-07,5.6378124187514304e-09,2.349645797031855e-13,5.262820017944874e-06,4.668458958165088e-17,9.464308473466693e-08,9.464308478135153e-08
pynucastro,50.0,0.1428571428571428,7.0,973.2254987638274,0.4073105806629741,407310580.6629742,2.0723813722578364e-06,9.107004606711867e-10,9.107004606711866,1.0000000000000029,1.5412073983773377e-15,1.5412073983773377e-15,0.7500996358844284,0.7500996358844284,4.2178259474889395e-09,8.435651894977877e-09,1.752313590719852e-13,5.256940772159559e-13,3.947636617017209e-06,1.1842909851051628e-05,0.0624720039541025,0.2498880158164103,3.509062852797867e-17,2.456343996958507e-16,7.099330479156037e-08,4.969531335409225e-07,5.623020923768052e-09,2.336107774074215e-13,5.26281633554271e-06,4.6781289910378333e-17,9.464516631561017e-08,9.464516636239148e-08
pynucastro,50.0,0.1428571428571428,7.0,983.8660678088136,0.4043713346382174,404371334.6382174,2.043031359845285e-06,9.175228749147671e-10,9.175228749147673,1.0000000000000029,1.5135617135270241e-15,1.5135617135270241e-15,0.7500996358855213,0.7500996358855213,4.206971087213909e-09,8.413942174427819e-09,1.7423798698824434e-13,5.22713960964733e-13,3.947634022282696e-06,1.1842902066848088e-05,0.062472003958577,0.249888015834308,3.516806706360442e-17,2.461764694452309e-16,7.099480570554107e-08,4.969636399387875e-07,5.608549699197519e-09,2.322864572285116e-13,5.2628128763485705e-06,4.6884527576242816e-17,9.464716726829097e-08,9.464716731517549e-08
pynucastro,50.0,0.1428571428571428,7.0,994.622973416852,0.401445619152476,401445619.1524761,2.0141492414317324e-06,9.244734222386827e-10,9.244734222386828,1.0000000000000029,1.4864682945330458e-15,1.4864682945330458e-15,0.750099635886511,0.750099635886511,4.196351256135269e-09,8.392702512270538e-09,1.732661779883432e-13,5.197985339650296e-13,3.94763158909588e-06,1.184289476728764e-05,0.0624720039629407,0.2498880158517628,3.5250391152638445e-17,2.467527380684692e-16,7.09962482321676e-08,4.969737376251732e-07,5.594391805264349e-09,2.3099088400911865e-13,5.262809632523474e-06,4.6994278448059113e-17,9.464909038151997e-08,9.464909042851424e-08
pynucastro,50.0,0.1428571428571428,7.0,1000.0,0.4,400000000.0,2e-06,9.279679428749263e-10,9.279679428749263,1.0000000000000029,1.473234979810094e-15,1.473234979810094e-15,0.7500996358869646,0.7500996358869646,4.1911713085062234e-09,8.382342617012445e-09,1.72792165733385e-13,5.18376497200155e-13,3.947630440809236e-06,1.184289132242771e-05,0.0624720039650639,0.2498880158602559,3.529301569291189e-17,2.4705110985038325e-16,7.0996942442859e-08,4.96978597100013e-07,5.587486125826898e-09,2.303589516198935e-13,5.262808101674802e-06,4.70511036192935e-17,9.465001587276841e-08,9.465001591981953e-08
